Key,Id,Chinese (Simplified)(zh-Hans)
06ee873104e6457f8fa804beda5d776f_40_0,55920373358587904,乘坐电光飞堡逃离
077ed3a648524d648d4f5830819caedf_25_0,13533376626548736,水上迫降事件
080d27fb42324e548cdeb9c78188b9e1_81_0,12863354224762921,恭喜，冠军！
0c5e0b437f13418387fcb4fda3255c12_110_0,45428356416528384,找到黏浆池
0d2b2836ea734fdf9cc838949e782087_43_0,12863354224762890,进入禁忌海湾
1016690cd2f7490092f4aeab093cec72_109_0,39596777527869441,物品箱已被摧毁
10284edea78c43f3a1daa7d6b798a24e_47_0,4741774361747457,你做到了！
10ba103a02a742209c06b33018b68ef2_90_0,13533376634937347,提取肉核！
1415483d8e43417fb532b91312777e21_73_0,12863354224762906,正在烹调中...
144401ad86fc4e17a5b485773aed3c37_92_0,31181757266366471,靠近缺口
144401ad86fc4e17a5b485773aed3c37_96_0,12863354224762931,使用 [InputAction:Gameplay/CharacterMovement] 移动到悬崖边
144401ad86fc4e17a5b485773aed3c37_97_0,31181757266366472,使用 [InputAction:Gameplay/CharacterMovement] 移动到信标处！
14b550cb62de4d47aa26571d5ec081a4_73_0,35944490127581184,逃离异星
153cc3f8cf1f4d0888816bf658a8632c_100_0,18288937009971200,鱼怪已被击败
1698bcf073164975b50d0c057e9e9434_40_0,35944490102415360,下一波
1698bcf073164975b50d0c057e9e9434_83_0,12863354224762923,各就各位，预备...
1d47360bac994027a98c29d45df2a55b_37_0,12863354220568587,等离子喷口已被摧毁
1d47360bac994027a98c29d45df2a55b_69_0,36342413208686592,工厂节点已被摧毁
1d47360bac994027a98c29d45df2a55b_70_0,42829564557496320,广播发射器已被摧毁
1d47360bac994027a98c29d45df2a55b_72_0,42829564557496321,摧毁工厂
218fe4acf7964a7cb5c7be094c6e69c0_40_0,13533376630743042,节点 C
29488c16d198412883a2a51596acc2bb_88_0,34098342817202177,高脚镭射怪已被击败
29b4771bd209406eb232367ab4aef6ea_40_0,12863354220568591,防御节点已着陆
29b4771bd209406eb232367ab4aef6ea_90_0,31181757266366465,收割者防御节点已着陆
2b68a27692834455b2862225321d85bf_84_0,28606152955428864,暴走肉轮已被击败
2bcb060e74794ee6b35dec056cb1ad4b_4_0,12863354220568577,小瞪眼肉坨已被消灭
302c872126a14ec2838403c78ca53dbe_35_0,12863354220568585,虫型敌人
307da1864b474e55ad4c1444a56658db_47_0,12863354224762895,击败弗兰肯豆
363558d8493e48e289610cc80a45dce7_92_0,13533376634937350,目标！
36cd18992f274b02a91cd6c0e992f1f4_101_0,31321804916948992,排放口位置
3a678daece2d40309b8eb9970ebf79ba_36_0,12863354220568586,找到侵染区
3a678daece2d40309b8eb9970ebf79ba_53_0,12863354224762896,找到兰格斯基地
3b601266bb5d4a38b0834fd14d1ef92c_1_0,12863354212179968,摧毁蜂巢触须
3c99156a71e94689befdad6541f0bf07_90_0,12863354224762927,敌人已被击败
3fdff34d02474be4a2ecff716417f87d_81_0,12863354224762919,压制对手
4115cee4e56045ee915c6d12fc8f28bf_57_0,25819545806340097,找到黏液聚集处
43299c14b63f49d78c190b2a798a27a6_98_0,16371853938163714,进入附近的洞穴
455efe9b97694027bc0a679531a30729_79_0,28265088556195840,找到治疗站
45913b0062ba4bedad3d390ead657593_117_0,50485223704264705,重启瑞赛特
45c41fc4a38742fdb704cb4e69bcd9da_79_0,28263989174591488,使用治疗站恢复生命值
47d22a0a9d04426a939f3ea0864b5205_88_0,34098342817202176,防御水晶已被摧毁
4803acde682845028daa9cb9d258ff91_40_0,12863354224762881,剩余时间
4a9bef823c604de19b73c9aeafca1d8d_117_0,50485223704264704,找到瑞赛特
4a9bef823c604de19b73c9aeafca1d8d_60_0,12863354224762897,找到卡吕普索的肾
4c5f937ce7714ef9b521d16bc072a73a_89_0,45789048323694592,薅点免费的肉吧！
4ddcdfd50d0e47f08fd6bc7f5f1bb469_89_0,15325185385988097,光束已被阻断
58f4d3f77dd547dc8169638a7b3e062e_8_0,25819545705676800,找到坠毁的收割者
5ed58fbeb96d4cb382f8bc57afa849a5_40_0,4741774361747456,立即撤离！
631906e57b8d4160990d2e447587b61b_47_0,12863354224762894,进入巢穴
637d1804119d485f88ca47f98128d541_43_0,12863354224762892,击败舷炮射手
63a0f53118c1402c99a31618368c68ea_91_0,13533376634937349,虫卵
641e13cf11144468b19d70851075d9a7_25_0,12863354220568583,让瑞赛特活下来
64f797dc3da74b8ea65cf4e2d44341ba_117_0,50485223704264706,瑞赛特要被炸飞了！
6f2d88d0310742859bdb6238d3e4ad86_91_0,12863354224762928,虫巢已被摧毁 (按 [InputAction:Gameplay/RangedFire] 射击)
7091b8121ac345a7b5dd032f1fb10d38_65_0,12863354224762900,摧毁护盾发生器
732760e06a494706bc85e319628b5c0f_8_0,13043324679086080,虫卵已被摧毁
736627e655094cfa8f25340937a2d4ff_64_0,25819545806340099,找到卡吕普索的心
780b3c462166410cb105383610f867a4_26_0,40699209502720000,.
79546cc3d5574f48bfeae8542285b2be_101_0,35236879184723968,阀门
7c767509160b47d09ee5fd3037cd6303_60_0,38122210821771264,卡吕普索的肾已被摧毁
7dd5734af14447428441a4afa3b05ccf_54_0,15335522801844224,长按
807edf1d4f3e4599a048379d0197a838_42_0,12863354224762885,找到献祭法阵
81d20e1613b6479ca33a6cdfc9ce5e0f_41_0,12863354224762883,瞪眼肉坨已被消灭
82239c3b0973496980d13c3eb35465f5_73_0,4741774365941760,保卫肉核！
823baa51f7ac45f685ba900c7c6ddfb2_40_0,13533376630743040,节点 A
83339c61496448f3ab8a9f00787f30bd_73_0,28635447101943808,正在提取肉核
862addccc4bf4bb9b4c7a0c4d6b48150_93_0,12863354224762930,干掉那些炮塔
86379083fd29463498e7361acdd157e4_101_0,20866619597946882,摧毁阀门
882c3ea243c1443e95759576b73b2729_110_0,40046892562546689,管道堵塞
88eea4ea07334f4b9957fa019c9c9e72_88_0,13043324691668994,克隆舱已被消灭
8c9ba7dccc20445c89cd89d1ba506cc4_88_0,53087326635548672,防御水晶
8d27d8bb3bee42c2942be3baf1859045_101_0,20866619602141184,外星脑体已被摧毁
8e4d080278df4923a617256e18dee6d5_42_0,12863354224762889,怪物已被击败
932df004b21244c99860871f9bfdbcfe_40_0,13533376630743041,节点 B
934993f61e7d4fa898242cffd9d8abd4_38_0,12863354220568589,找到事件信标
95793848bf4b4be5a284252b6e26a2cc_105_0,32983460336140288,克隆罐已被摧毁
9626d545c2694bd292bf79ea22f15d33_90_0,13533376634937348,确保肉核安全！
96f4e288b2da481fb27f4a251b3c5e0c_90_0,12863354224762926,前往坠毁地点
970b77bc8ed04b3fb6ac4a9df5a207a6_4_0,12863354220568576,大瞪眼肉坨已被消灭
98a522e09cb5420fb918357103a41013_81_0,12863354224762920,压制对手！
98a8f6a25bfa4799901701cb818c0d9a_77_0,50485223666515968,佐普喷气怪已被摧毁
9e417b53bbd949a386d2591e402d5f07_101_0,20866619597946881,清理泵体
a169f4140ad1400281c0f9cbb7a7c6cf_96_0,12863354224762932,使用 [InputAction:Gameplay/Jump] 攀登悬崖
a169f4140ad1400281c0f9cbb7a7c6cf_97_0,31181757266366473,使用 [InputAction:Gameplay/Jump] 跳上悬崖边！
a1908cc5be6d465790e029e3f2e73d0d_98_0,16371853938163713,洞穴入口
a1bfc46fe1a54a509690de1b510631e3_88_0,53087326635548673,射击并校准水晶
a2a7d50a3af045e88d53a6481091ff5a_77_0,12863354224762915,找到被困的兰格斯厨师
a6f8d590137c4bf3b33589b5e032a69c_73_0,12863354224762904,敌人来袭
a95b5d889fb84d7ba700d8975dc1d8a1_43_0,26214435956711424,危险的卵
bae246cb718c4be1ae01bf6826b33960_64_0,28599495512850432,卡吕普索的心已被摧毁
bb07c029345a4e33bd8243e510d76cc2_69_0,13043324687474692,仿生枪手已被击败
bd02e00fea674e84a16b0fc4d3a7c330_40_0,4741774349164544,保卫收割者！
bd02e00fea674e84a16b0fc4d3a7c330_90_0,35944490152747008,保卫收割者
becd4830a7ae4b778a2b0a39b3869500_43_0,12863354224762891,鱼卵已被摧毁
bfd544a6595040d29ce21af210a4de5a_60_0,12863354224762898,管道被巨石脑壳堵塞
c17b8f905f334482a07ce6bfe92d5b23_81_0,12863354224762918,找丹教练谈谈以开始比赛
c284dddb27ca486cb0c83ae110eefa8d_41_0,13533376630743044,咯吱怪
c483f6bd06c94bc489c36921c6af7f3f_25_0,12863354220568584,消灭瑞赛特的攻击者
c62a3b9c572d46ca823e1d8a0a001798_11_0,12863354220568581,去肉市看看
c684dd36776f40a7becea5c3a624dec7_111_0,43214497377521665,仿生枪手已被击败
c684dd36776f40a7becea5c3a624dec7_65_0,12863354224762901,仿生枪手已被消灭
c88aa5a86fb0487ea2940b49d5a26a61_40_0,12863354224762882,等待电光飞堡抵达
d041259c46074c00896e43684af48ba9_89_0,45789048327888896,免费鲜肉！
d0e8fcbdc77f4b76892c67d9ba0008a2_65_0,45428356357808128,灯泡已被击爆
d226c4e37ecc4efd9459d4eb10157033_73_0,12863354224762905,启动核爆炉
d9554edb22ba42ddb94570a0b261f3e3_40_0,12863354220568590,确保肉核安全
db2e0f5131304464a110d29750997d13_77_0,43614748405653504,厨师已获救
db613423ab43495b808ae871d172820f_40_0,12863354224762880,保护节点
ddbd21266895450a9263d7ddd491cf50_83_0,12863354224762924,唐古斯赛车手已被击败
de34733aa21446248815db4a898e8278_104_0,31957267828957185,厨师已获救
e1a978fc518c4eb495acc2987c36bb16_60_0,39648836050518016,测试
e42ff4f67bcc4ec980f66f7325459554_73_0,12863354224762903,找到巨型核爆炉
e7d14953a4ce4343b8ec0afd82159bfc_101_0,20864094534664192,清理涡轮机
e9386d0a8dbb4482bdefb58886c504b2_25_0,12863354220568582,找到肉类工程师瑞赛特
eaef22943f4141959ba6d109230e29d0_92_0,12863354224762929,使用 [InputAction:Gameplay/Jump] 配合蜘蛛腿跨越缺口
ed78870de0ee4edc9c00f8d0e25bd930_100_0,46164313786580992,鸭怪已被击败
eebf973a04794126a5f32ebeba654e8e_36_0,42829564469415936,已被消灭
eebf973a04794126a5f32ebeba654e8e_53_0,45655994116595712,电刺蜂人已被消灭
eebf973a04794126a5f32ebeba654e8e_84_0,13392082803392512,土包子已被压制
efacc41cf94b40c4b9e9b32da808541b_44_0,12863354224762893,搅拌肉料
f08e077d07fe4de585998d9e58be16a8_97_0,12863354228957184,使用 [InputAction:Gameplay/LegsAbility] 从废墟底下滑过去！
f0962f6aedf542eb8754104f02dbc776_87_0,13043324691668993,校准水晶以关闭传送门
f287fe2f2c004c2bb1ad94e620e19a7d_35_0,13043324687474689,调查
f3a6135ac12f437db96c381b815fc86e_37_0,12863354220568588,塔楼已被摧毁
fab40eedf6b84ce6a088171f41a3db3e_40_0,13533376630743043,节点 D
fb7ab8116fc8407f95fc700ec7e73fea_41_0,12863354224762884,咯吱怪已被击败
fcf9f2b3388a439ebd895d5441e1652f_101_0,20866619597946883,清除腐蚀物
ff4f7bf8a6c14791a0d538b070a535d6_73_0,12863354224762907,保护肉核
ff4f7bf8a6c14791a0d538b070a535d6_90_0,31181757266366468,保卫收割者节点
STG_1_e58baca8b4594c5c8b9ee8eb81f7ecb2,30928171548270592,哎哟好痛！那帮猎人把你揍惨了，是不是？！<br>哎，我还以为你能看见我在那贴的警告海报呢。
STG_10_253905826c564fb2a5270da3f6110546,33128087058112513,来吧，小家伙，来吧，麻溜的！<br>麻溜的，我们出发啦！
STG_11_253905826c564fb2a5270da3f6110546,33136475515117568,生日快乐，小家伙！
STG_12_29a85a0d1ea943ea96ec6907247dc477,45655991558070272,我现在正式宣布：祝你生日快乐！
STG_12_2d920e29bd4e4060912784dfdac2cbca,34174556175327238,又过生日啦？呀呼嘀咕嘟！
STG_12_2e38b79c84684f2aa45587b4fe0c0bd5,34174556175327237,哦哦，祝你生日快乐，小家伙！
STG_12_3a27ffa6fa314a5c8625d27093931a96,34174556175327234,生日快乐，小肉团！
STG_12_3eb827e2e6064632b425c10921cbf907,34174556175327236,那是什么“叮”的一声？原来是生日快乐啊！
STG_12_4702726866014a76a515f75fffdd6c18,34174556175327232,他来了，我最喜欢的小家伙。
STG_12_887c915b3fc54337b9f436b5bc95e7a6,34174556175327239,哎呀，又一个生日吗？哦，还真是！
STG_12_b5bdbdcabfc047a0b78d868a88bb74be,34174556175327235,再来一个生日快乐！
STG_12_b737dec367b64b198466cda5b7c3d659,34174556175327233,哦，这个生日听起来格外肉乎！ 
STG_12_b9065185d40f4e6ab964735d41f28db9,34174556175327240,再送你一个生日快乐，小家伙！
STG_12_c76a5df566ac4228826d26e700509ad3,34174556175327241,生日生日，快乐快乐，生日快乐！
STG_12_f1feac12173c43cbbb43b1e0a664f946,34174556175327242,你猜怎么着？祝你生日快乐！
STG_13_253905826c564fb2a5270da3f6110546,33139387419058176,哇哦，小肉团！<br>真不敢相信你还能活着回来！
STG_14_e58baca8b4594c5c8b9ee8eb81f7ecb2,33297722948706304,说真的，我心里还挺过意不去的。我还以为你会跟你那帮伙伴<br>还有那些豆子啥的一块儿死在下面呢...
STG_15_e58baca8b4594c5c8b9ee8eb81f7ecb2,33297722961289216,噢，但你猜怎么着，好戏还没完。我们终于找到唐古斯镇啦，宝贝！
STG_16_e58baca8b4594c5c8b9ee8eb81f7ecb2,33297722961289217,我们把这弗兰肯燃料烧得咕嘟冒泡，火力全开，一路直冲那个星系！<br>噢，这绝对是一场烧烤大会！
STG_17_e58baca8b4594c5c8b9ee8eb81f7ecb2,33300395982839808,哦，你还揣着那把小豌豆枪呢？<br>我这儿有更好的东西，要不过来跟我聊聊吧。
STG_18_e58baca8b4594c5c8b9ee8eb81f7ecb2,33301769751617536,哎，虽然说出来让我肉疼... 可这智能肉也不是万能的。
STG_19_e58baca8b4594c5c8b9ee8eb81f7ecb2,33301769755811840,有时候你还是得来点帮手。来找我聊聊吧。
STG_2_e58baca8b4594c5c8b9ee8eb81f7ecb2,31228502341574656,总之，我这儿有能帮你对付那些星际臭虫的东西。<br>那些肮脏的星际鼻涕虫，知道吗？来找我聊聊吧。
STG_20_e58baca8b4594c5c8b9ee8eb81f7ecb2,33308298840104960,嘘... 嘿，小肉团。我鼓捣了一些奇特的玩意儿。<br>过来跟我聊聊吧。
STG_21_3b2f530890de4c1cb5f931eaf857b3c5,36007377365884930,嘿，小肉团！
STG_21_3c049bef12bf41418d16ee6b37dc86f6,36007377365884928,嘿，小肉团！我有东西要给你！
STG_21_6f18a989231f4fafad627eb8654dae19,36007377365884933,小肉团子！
STG_21_8e4b1695c1e547178866cd55a320e8cd,36007377365884931,嘿，小肉团！我找到点好东西。
STG_21_abd986d8f7154c44bd5d7cd3627ec641,36007377365884934,嘿，伙计！我有东西要给你，来找我聊聊吧。
STG_21_c46b1dc527f447dc88e9cc8683e8f626,36007377365884929,哦，我正在研制一些很好玩的东西。过来跟我聊聊吧，小肉团！
STG_21_d3774b96d6264c68a5b66ebff7ede9f4,36007377365884932,到这来，小肉团，我研制出一些新玩意儿。
STG_22_e58baca8b4594c5c8b9ee8eb81f7ecb2,33311167362359296,武器的选择全看个人喜好。选你喜欢的就行。<br>怎么选都不会错。
STG_23_e58baca8b4594c5c8b9ee8eb81f7ecb2,33312404489101312,小肉团，我们得聊聊你的装扮。你肯定想有自己的风格，对吧？！
STG_24_e58baca8b4594c5c8b9ee8eb81f7ecb2,33312404489101313,那就去新的装扮终端看看吧。<br>我想看到你像钻石一样闪耀。
STG_25_e58baca8b4594c5c8b9ee8eb81f7ecb2,33315184792559616,哎，虽然说出来让我肉疼，可这副肉身也不是万能的。
STG_26_e58baca8b4594c5c8b9ee8eb81f7ecb2,33315184792559617,来看看这个新终端并解锁你的终极潜能吧，嘿嘿！
STG_27_253905826c564fb2a5270da3f6110546,33318258437251072,你口袋里怎么总揣着那些叮叮当当的破玩意儿？
STG_28_253905826c564fb2a5270da3f6110546,33318258441445376,去找交易员迈克谈谈，好好利用它，明白吗？
STG_29_253905826c564fb2a5270da3f6110546,33318258441445377,他简直就是个人形计算器。呃，不过他不是人。他有点像台机器...？你懂的...
STG_3_253905826c564fb2a5270da3f6110546,33060789416878080,听好了，小肉团。当年这肉类科学可是风光无限啊，嘿嘿。<br>我可不是在自吹自擂！
STG_30_e58baca8b4594c5c8b9ee8eb81f7ecb2,33323369637076992,呼呼，这才像话。有了这个猎人探测器，<br>你现在应该能在面罩顶部看到一个小小的威胁指示器。
STG_31_e58baca8b4594c5c8b9ee8eb81f7ecb2,33323369641271296,如果指针指向左侧，说明那帮猎人根本没发现你的行踪。
STG_32_e58baca8b4594c5c8b9ee8eb81f7ecb2,33323369641271297,你可以放松点，慢慢来。<br>可要是指针开始抖个不停、呼啦呼啦往右边指...
STG_33_e58baca8b4594c5c8b9ee8eb81f7ecb2,33323369641271298,...那你可得当心了。猎人们已经闻到你那股特别的肉腥味儿了。<br>盯紧指示器，别在那儿晃悠太久。<br>行啦，祝你好运，小肉团。
STG_34_e58baca8b4594c5c8b9ee8eb81f7ecb2,33332958667464704,我说，我们终于抓到一只了！哈哈哈！
STG_36_e58baca8b4594c5c8b9ee8eb81f7ecb2,33334462321254401,实用又美味... 哦！这绝对是卡尔的手艺！
STG_37_e58baca8b4594c5c8b9ee8eb81f7ecb2,33334462321254402,卡尔·兰格斯... 你就该继续流放下去。
STG_38_e58baca8b4594c5c8b9ee8eb81f7ecb2,33334462321254403,猎人们！抓住他！
STG_39_e58baca8b4594c5c8b9ee8eb81f7ecb2,33356874173636608,哦，我们正需要这个来修复那些损坏的东西。
STG_4_253905826c564fb2a5270da3f6110546,33061804547497984,银河系的人实在太多了。<br>食物不够分。
STG_40_e58baca8b4594c5c8b9ee8eb81f7ecb2,33356874182025216,那大家伙有充足的燃料带我们飞越半个银河系！
STG_41_e58baca8b4594c5c8b9ee8eb81f7ecb2,33356874182025217,兰格斯！
STG_42_e58baca8b4594c5c8b9ee8eb81f7ecb2,33356874182025218,嗯，好吧，那也不错。
STG_43_e58baca8b4594c5c8b9ee8eb81f7ecb2,33356874182025219,糟了，小肉团，我们得快点离开这儿！
STG_44_e58baca8b4594c5c8b9ee8eb81f7ecb2,33356874182025220,啊，安静！
STG_45_e58baca8b4594c5c8b9ee8eb81f7ecb2,33356874182025221,嘿，罗克西，我们还走不走了？！
STG_46_e58baca8b4594c5c8b9ee8eb81f7ecb2,33356874182025222,你非要一直捣乱，是不是，卡尔？
STG_47_e58baca8b4594c5c8b9ee8eb81f7ecb2,33356874182025223,正在加注燃料，请稍候。
STG_48_e58baca8b4594c5c8b9ee8eb81f7ecb2,33356874182025224,整个银河系都知道你不可靠，卡尔！而你自己心里也清楚。
STG_49_e58baca8b4594c5c8b9ee8eb81f7ecb2,33356874182025225,燃料加注完成。准备加速。
STG_5_253905826c564fb2a5270da3f6110546,33061804547497985,直到我亲自出手颠覆了整个体制，你难道不知道吗！
STG_50_e58baca8b4594c5c8b9ee8eb81f7ecb2,33356874182025226,曲速引擎已启动。
STG_51_e58baca8b4594c5c8b9ee8eb81f7ecb2,33360178878341120,你别想再躲过正义的制裁，卡尔·兰格斯。你和你的智能肉必须被制止。
STG_52_e58baca8b4594c5c8b9ee8eb81f7ecb2,33356874182025227,附近星球的居民终于不用再担心被这个生物吞噬掉了。
STG_54_e58baca8b4594c5c8b9ee8eb81f7ecb2,33356874182025228,罗克西，那块新肉看起来如何？！
STG_55_3216418ba9ee4b068876b913bb3ccef2,35503730513141760,还记得你之前给我做的那块美味的肉核吗？<br>我们打算用它来做诱饵，把住在那个星球上的小家伙引出来。
STG_56_9850ab8dd16e4c88acd86a61b4b87604,35512353628872704,你到目前为止干得不错，不过你还没准备好呢。
STG_57_3216418ba9ee4b068876b913bb3ccef2,35521168852115456,肉核的用处可不光是拿来当燃料。
STG_57_6eb5f1d5deb847879968ff2fe668935b,35521168860504064,我们要把上一个肉核好好烹制一番！
STG_58_275bd943a66748588ee27da032c5f150,35543002125426689,我保证，那大块头肯定会喜欢这个味道。
STG_58_3216418ba9ee4b068876b913bb3ccef2,35543002125426688,哇哦，我在这上面都能闻到香味了。干得好，小肉团！
STG_59_9850ab8dd16e4c88acd86a61b4b87604,35549441904599040,好了，就在这下面，让我们把局面扳回来。
STG_6_253905826c564fb2a5270da3f6110546,33061804547497986,那时候大家都爱兰格斯肉食。<br>我们本来以为可以从此过上幸福快乐的日子...
STG_60_9850ab8dd16e4c88acd86a61b4b87604,35549441912987648,要是没有给力滋给对方打鸡血，你们在那场大赛里说不定还有点机会。
STG_61_3216418ba9ee4b068876b913bb3ccef2,35602782823112704,该把你送下去了，小肉团，咱们还有一大堆事要干呢！
STG_62_3216418ba9ee4b068876b913bb3ccef2,35605031553064960,哦，那个大肉核正是我们需要的。<br>别急，用不了多久你就明白是怎么回事了。嗯，没错。
STG_63_3216418ba9ee4b068876b913bb3ccef2,35606803042525184,哦，只要那艘飞船还在头顶乱晃，我们哪儿也去不了，小肉团。<br>赶紧麻溜儿下去，把一切处理干净。
STG_64_3216418ba9ee4b068876b913bb3ccef2,35607727056084992,哎哟！行啦，那艘破飞船以后不会再碍事了，小肉团。
STG_65_3216418ba9ee4b068876b913bb3ccef2,35935343428493312,小肉团，你到下面去吧，我还有些事要处理。
STG_66_9850ab8dd16e4c88acd86a61b4b87604,35935343436881920,好了，小家伙，我们丹格斯山见，到时真正的训练才开始。
STG_67_97cd5e01156b401fb6af882b1854b014,37636387732709376,嘿，小肉团，我很感激你之前在下面的帮助...
STG_68_97cd5e01156b401fb6af882b1854b014,37638091802927104,...不过有个小问题，你好像还没正式加入团队！
STG_69_97cd5e01156b401fb6af882b1854b014,37638091807121408,这样吧，你先去把那些文件手续处理好，再回来找我。我们还得赶紧把你派回前线！
STG_7_253905826c564fb2a5270da3f6110546,33120374009880576,喂喂喂，等等！先别着急。<br>这上头写着今天是你的一号生日...
STG_71_e58baca8b4594c5c8b9ee8eb81f7ecb2,37759772638830592,[咀嚼声]
STG_72_a644546f9bb14ed1bab969e3c0e91ae8,37759772638830593,我好像尝到了...
STG_73_782afe4905044999baa6ba80ab59e5c3,37759772638830594,...卡尔的味道！
STG_74_354fe9732f974003a3c36d9537d17af2,38614139122212864,他们撞到我了！我要滑下去了！
STG_75_354fe9732f974003a3c36d9537d17af2,38614139126407168,糟了！
STG_76_e58baca8b4594c5c8b9ee8eb81f7ecb2,38614139126407169,糟了... 那是全能肉宫殿。
STG_77_354fe9732f974003a3c36d9537d17af2,38614139126407170,这太不正常了！我们得赶紧撤！
STG_78_354fe9732f974003a3c36d9537d17af2,38614139126407171,哎哟，这可不妙。
STG_79_354fe9732f974003a3c36d9537d17af2,38614139126407172,他们对我们使用了肉系魔法！
STG_8_253905826c564fb2a5270da3f6110546,33128087053918208,谁？！哇！嘿！有新鲜货来了<br>你不是该提前跟我说吗？快点！  
STG_80_354fe9732f974003a3c36d9537d17af2,38614139126407173,它们在挡风玻璃上！<br>罗克西，那块新肉看起来如何？！
STG_81_354fe9732f974003a3c36d9537d17af2,38614139126407174,撑住啊，小玻璃。
STG_82_354fe9732f974003a3c36d9537d17af2,38614139126407175,麻溜利索的，呃，我们... <br>赶紧离开这！
STG_83_67ffa4aa801547e08f42ad692cdaa0a5,43573508251312128,开始大显身手吧，好吗？
STG_83_af11e610266c43dfa34d0537058cd719,43571889296105472,你得蹲下来，把那段 DNA 放大看看。
STG_83_e58baca8b4594c5c8b9ee8eb81f7ecb2,43570063645597696,拥有智能肉并不代表你就拥有了智能的脑子。
STG_84_9850ab8dd16e4c88acd86a61b4b87604,45655991562264576,我得实话告诉你，小家伙，这场战斗绝不公平。<br>你瞧，那些变异体都在猛灌给力滋特饮提状态。
STG_85_9850ab8dd16e4c88acd86a61b4b87604,45655991562264577,好了，冠军，你训练这么久就是为了这一刻！
STG_9_253905826c564fb2a5270da3f6110546,33128087058112512,说真的，我本来想好好给你做个介绍的。<br>但可惜，你上班第一天就迟到了！
ABC_Name_1,346366113996800,光束
ABC_Name_2,346366126579712,范围攻击
ABC_Name_3,346366126579713,召唤
ABC_Name_4,346366126579714,投射物
ABC_Name_5,346366126579715,增益
ABC_Name_6,346366126579716,移动
ABL_Desc_2,346366126579718,部署一座炮塔，自动射击附近敌人。
ABL_Name_2,346366126579717,弹道炮塔
ABL_Desc_3,346366126579720,长按蓄力，随后向前猛冲并引发爆炸。
ABL_Name_3,346366126579719,涡轮冲锋
ABL_Desc_7,346366126579722,"投掷一枚造成 <#FFEB04><link=""Keyword:12"">[电击]</link></color> 伤害的炸弹。"
ABL_Name_7,346366126579721,能量炸弹
ABL_Desc_8,346366126579724,向你面朝的方向快速移动。
ABL_Name_8,346366126579723,冲刺
ABL_Desc_9,346366126579726,"呼叫你的好朋友瑞赛特帮忙！<br>牵引附近敌人，并造成多次 <#FFEB04><link=""Keyword:5"">[动能]</link></color> 伤害。"
ABL_Name_9,346366126579725,免费抱抱
ABL_Desc_27,346366126579728,猛射一枚大型火箭，命中后爆炸。
ABL_Name_27,346366126579727,肉弹
ABL_Desc_52,346366130774017,部署一排地雷。
ABL_Name_52,346366130774016,地雷
ABL_Desc_53,346366130774019,"向前瞬移并获得空中行走<br>近战攻击额外造成 50% <#FFEB04><link=""Keyword:5"">[动能]</link></color> 伤害，持续 10 秒。"
ABL_Name_53,346366130774018,风行
ABL_Desc_56,346366130774021,"释放一道冲击波，造成 <#FFEB04><link=""Keyword:5"">[动能]</link></color> 伤害并击退敌人。"
ABL_Name_56,346366130774020,爆炸波
ABL_Desc_63,346366130774023,向前冲刺，并在身后引爆炸点。
ABL_Name_63,346366130774022,爆炸冲刺
ABL_Desc_64,346366130774025,轻按跳跃，长按跳跃幅度更大。<br>在空中使用可猛砸地面，引发强力爆炸。
ABL_Name_64,346366130774024,万岁下砸
ABL_Desc_66,346366130774027,沿你的移动方向快速滑行。
ABL_Name_66,346366130774026,肉团滑步
ABL_Desc_68,346366130774029,投放一道诱敌美食，任何攻击它的敌人都会受到伤害并进入眩晕状态。
ABL_Name_68,346366130774028,超级肉泥
ABL_Desc_69,346366130774031,"投掷一枚造成 <#FFEB04><link=""Keyword:5"">[动能]</link></color> 伤害的炸弹。"
ABL_Desc_71,28309369228615680,"释放一道冲击波，造成 <#FFEB04><link=""Keyword:13"">[火焰]</link></color> 伤害并击退敌人。"
ABL_Desc_73,346366130774035,涡轮时刻到！攻速 +150%，伤害翻倍，弹药无限，还能提升速度！
ABL_Name_73,346366130774034,给力滋特饮
ABL_Desc_78,346366130774041,"投掷一枚造成 <#FFEB04><link=""Keyword:14"">[黏液]</link></color> 伤害的炸弹。"
ABL_Desc_79,28309369232809984,"释放一道冲击波，造成 <#FFEB04><link=""Keyword:14"">[黏液]</link></color> 伤害并击退敌人。"
ABL_Desc_80,28309369232809985,"释放一道冲击波，造成 <#FFEB04><link=""Keyword:12"">[电击]</link></color> 伤害并击退敌人。"
ABL_Desc_81,346366130774047,向前移动时跑得更快，长按可延长疾跑。
ABL_Name_81,346366130774046,疾跑
ABL_Desc_82,346366130774049,"投掷一枚造成 <#FFEB04><link=""Keyword:15"">[冰霜]</link></color> 伤害的炸弹。"
ABL_Desc_86,346366130774057,放置一个弹药箱，使附近玩家无需装填即可射击，并且攻速 +50%。
ABL_Name_86,346366130774056,物资箱
ABL_Desc_87,346366130774059,发射一道巨型激光，下一秒你的头就飞没了！
ABL_Name_87,346366130774058,弗兰肯光束
ABL_Desc_88,346366130774061,把你的头猛掷出去，用来猛砸坏蛋或把什么东西堵死。
ABL_Name_88,346366130774060,巨型堵塞
ABL_Desc_89,346366130774063,立即冻结 25 米内的所有敌人。
ABL_Name_89,346366130774062,急速冰封
ABL_Desc_90,28309369232809986,迅速朝你的移动方向冲刺。
ABL_Name_90,346366130774064,蜘蛛冲刺
ABL_Desc_91,346366130774067,发射微型眼球，它们会飞向敌人并在命中后爆炸。
ABL_Name_91,346366130774066,追踪眼球
ABL_Desc_92,346366130774069,投掷一枚会在爆炸前吸引敌人的炸弹。
ABL_Name_92,346366130774068,吞噬炸弹
ABL_Desc_95,346366130774071,部署一座飞行炮塔，自动射击附近的敌人。
ABL_Name_95,346366130774070,悬浮炮塔
ABL_Desc_96,346366130774073,部署凶残的变异体小兵。
ABL_Name_96,346366130774072,迷你杰克逊
ABL_Desc_97,346366130774075,凝聚力量发射一道光束，碾碎沿途一切目标。
ABL_Name_97,346366130774074,嫩化光束
ABL_Desc_99,346366130774079,"投掷一枚造成 <#FFEB04><link=""Keyword:13"">[火焰]</link></color> 伤害的炸弹。"
ABL_Desc_100,346366130774081,"向前冲刺<br>远程攻击额外造成 20% <#FFEB04><link=""Keyword:5"">[动能]</link></color> 伤害，持续 10 秒。"
ABL_Name_100,346366130774080,屠宰步法
ABL_Desc_101,346366130774083,"获得 <#FFEB04><link=""Keyword:10"">[无限弹药]</link></color>，并且攻速 +40%，持续 15 秒。"
ABL_Name_101,346366130774082,超级充能
ABL_Desc_103,28309369232809987,"释放一道冲击波，造成 <#FFEB04><link=""Keyword:15"">[冰霜]</link></color> 伤害并击退敌人。"
ABL_Desc_108,346366130774095,"奔跑时对周围敌人造成 <#FFEB04><link=""Keyword:5"">[动能]</link></color> 伤害。"
ABL_Name_108,346366130774094,震荡疾袭
ABL_Desc_117,346366130774113,"为附近盟友赋予 150 <#FFEB04><link=""Keyword:11"">[屏障]</link></color>，持续 30 秒。<br><#FFEB04><link=""Keyword:11"">[屏障]</link></color> 持续期间将反射所有受到的伤害。"
ABL_Name_117,346366130774112,骨甲
ABL_Desc_142,346366130774163,旋转挥击，打飞附近的敌人。耶哈！
ABL_Name_142,346366130774162,双重回旋击
ABL_Desc_147,346366130774173,向前冲刺，并在沿途投放炸弹。
ABL_Name_147,346366130774172,黄蜂冲刺
ABL_Desc_152,346366130774183,"向前冲刺<br>远程攻击额外造成 20% <#FFEB04><link=""Keyword:15"">[冰霜]</link></color> 伤害，持续 10 秒。"
ABL_Desc_153,346366130774185,"向前冲刺<br>远程攻击额外造成 20% <#FFEB04><link=""Keyword:14"">[黏液]</link></color> 伤害，持续 10 秒。"
ABL_Desc_154,346366130774187,"向前冲刺<br>远程攻击额外造成 20% <#FFEB04><link=""Keyword:12"">[电击]</link></color> 伤害，持续 10 秒。"
ABL_Desc_155,346366130774189,"向前冲刺<br>远程攻击额外造成 20% <#FFEB04><link=""Keyword:13"">[火焰]</link></color> 伤害，持续 10 秒。"
ABL_Desc_164,346366130774207,扔出一块巨大的爆炸岩石。
ABL_Name_164,346366130774206,巨石强鸭投掷
ABL_Desc_169,346366130774217,悬停在空中，并向地面目标发射一道强力光束。
ABL_Name_169,346366130774216,悬浮光束
ABL_Desc_174,346366130774227,在一片锥形区域内喷吐出一连串投射物。
ABL_Name_174,346366130774226,黄蜂喷射
ABL_Desc_179,346366130774237,旋转并向四面八方射击。看起来也很酷。
ABL_Name_179,346366130774236,八爪旋击
ABL_Desc_184,346366130774247,朝敌人喷射能打痛人的石子。
ABL_Name_184,346366130774246,土包子喷射
ABL_Desc_197,346366130774273,钻入地下，并在冒头时爆炸。
ABL_Name_197,346366130774272,掘地突袭
ABL_Desc_198,346366130774275,部署一个会喷射附近敌人的肉呆子。顾名思义，就是干这个的。
ABL_Name_198,346366130774274,肉呆子射手
ABL_Desc_199,346366130774277,发射一大批无制导导弹。
ABL_Name_199,346366130774276,火箭蜂群
ABL_Desc_200,346366130774279,"投掷 5 枚手里剑。每次命中都会赋予你<br>+3% 攻速<br>+10 <#FFEB04><link=""Keyword:5"">[动能]</link></color> 伤害<br>+3% <#FFEB04><link=""Keyword:5"">[动能]</link></color> 伤害<br>(最多 5 层)"
ABL_Name_200,346366130774278,忍者印记
ABL_Desc_201,346366130774281,施展一次跳跃式三段近战攻击。
ABL_Name_201,346366130774280,蓄力斩击
ABL_Desc_218,346366134968329,"向前瞬移并获得空中行走<br>近战攻击额外造成 50% <#FFEB04><link=""Keyword:12"">[电击]</link></color> 伤害，持续 10 秒。"
ABL_Desc_219,346366134968331,"向前瞬移并获得空中行走<br>近战攻击额外造成 50% <#FFEB04><link=""Keyword:13"">[火焰]</link></color> 伤害，持续 10 秒。"
ABL_Desc_220,346366134968333,"向前瞬移并获得空中行走<br>近战攻击额外造成 50% <#FFEB04><link=""Keyword:15"">[冰霜]</link></color> 伤害，持续 10 秒。"
ABL_Desc_221,346366134968335,"向前瞬移并获得空中行走<br>近战攻击额外造成 50% <#FFEB04><link=""Keyword:14"">[黏液]</link></color> 伤害，持续 10 秒。"
ABL_Desc_222,346366134968337,"投掷 5 枚手里剑。每次命中都会赋予你<br>+3% 攻速<br>+10 <#FFEB04><link=""Keyword:12"">[电击]</link></color> 伤害<br>+3% <#FFEB04><link=""Keyword:12"">[电击]</link></color> 伤害<br>(最多 5 层)"
ABL_Desc_223,346366134968339,"投掷 5 枚手里剑。每次命中都会赋予你<br>+3% 攻速<br>+10 <#FFEB04><link=""Keyword:15"">[冰霜]</link></color> 伤害<br>+3% <#FFEB04><link=""Keyword:15"">[冰霜]</link></color> 伤害<br>(最多 5 层)"
ABL_Desc_224,346366134968341,"投掷 5 枚手里剑。每次命中都会赋予你<br>+3% 攻速<br>+10 <#FFEB04><link=""Keyword:14"">[黏液]</link></color> 伤害<br>+3% <#FFEB04><link=""Keyword:14"">[黏液]</link></color> 伤害<br>(最多 5 层)"
ABL_Desc_225,346366134968343,"投掷 5 枚手里剑。每次命中都会赋予你<br>+3% 攻速<br>+10 <#FFEB04><link=""Keyword:13"">[火焰]</link></color> 伤害<br>+3% <#FFEB04><link=""Keyword:13"">[火焰]</link></color> 伤害<br>(最多 5 层)"
ABL_Desc_226,346366134968345,遇到欠揍的家伙，就把它扔过去吧。
ABL_Name_226,346366134968344,折叠椅
ABL_Desc_227,346366134968347,召唤蜂后四处飞行并螫刺敌人。
ABL_Name_227,346366134968346,大蜜翠丝
ABL_Desc_228,28309369232809988,"附近敌人变得易受 <#FFEB04><link=""Keyword:5"">[动能]</link></color> 伤害。<br>每影响 1 名敌人，移动速度 +3%，<#FFEB04><link=""Keyword:5"">[动能]</link></color> 伤害 +5% (最多 5 层)。"
ABL_Name_228,346366134968348,脑力汲取
ABL_Desc_229,28309369232809989,"附近敌人变得易受 <#FFEB04><link=""Keyword:12"">[电击]</link></color> 伤害。<br>每影响 1 名敌人，移动速度 +3%，<#FFEB04><link=""Keyword:12"">[电击]</link></color> 伤害 +5% (最多 5 层)。"
ABL_Desc_230,28309369232809990,"附近敌人变得易受 <#FFEB04><link=""Keyword:13"">[火焰]</link></color> 伤害。<br>每影响 1 名敌人，移动速度 +3%，<#FFEB04><link=""Keyword:13"">[火焰]</link></color> 伤害 +5% (最多 5 层)。"
ABL_Desc_231,28309369232809991,"附近敌人变得易受 <#FFEB04><link=""Keyword:15"">[冰霜]</link></color> 伤害。<br>每影响 1 名敌人，移动速度 +3%，<#FFEB04><link=""Keyword:15"">[冰霜]</link></color> 伤害 +5% (最多 5 层)。"
ABL_Desc_232,28309369232809992,"附近敌人变得易受 <#FFEB04><link=""Keyword:14"">[黏液]</link></color> 伤害。<br>每影响 1 名敌人，移动速度 +3%，<#FFEB04><link=""Keyword:14"">[黏液]</link></color> 伤害 +5% (最多 5 层)。"
ABL_Desc_237,28309369237004288,向前瞬移并获得空中行走。<br>持续时间：6 秒。
ABL_Name_237,12370411982413824,飞路疾闪
ABL_Desc_238,42079388445958144,投掷一枚能击退敌人的手榴弹。
ABL_Name_238,42040861960167424,肉团炸弹
ABL_Desc_240,42079388450152448,击退附近的敌人。
ABL_Name_240,42064901517074432,肉团爆破
ASCR_Desc_0,41108792622964736,默认
ASCR_Desc_1,41108792631353344,"敌人对元素 <#FFEB04><link=""Keyword:17"">[异常状态]</link></color> 具有抗性"
ASCR_Desc_2,41108792631353345,友方设施的生命值降低
ASCR_Desc_3,41108792631353346,玩家生命值降低。
ASCR_Desc_4,41108792631353347,敌人移动速度加快
ASCR_Desc_5,41108792631353348,治疗效果降低
ASCR_Desc_6,41108792631353349,敌人攻速加快
ASCR_Desc_7,41108792631353350,猎人会更早抵达
ASCR_Desc_8,41108792631353351,玩家重生时生命值降低。
ASCR_Desc_9,41108792631353352,敌人的生命值提高
ASCR_Desc_10,41108792631353353,近战击退效果降低
CND_Desc_1,346366134968366,目标的移动和攻击速度降低。
CND_Name_1,346366134968365,冷硬
CND_Desc_2,346366134968368,周期性地对附近敌人造成伤害。
CND_Name_2,346366134968367,电击
CND_Desc_3,346366134968370,目标受到的所有伤害都会增加。
CND_Name_3,346366134968369,黏袭
CND_Desc_4,346366134968372,目标持续受到伤害。
CND_Name_4,346366134968371,流血
CND_Desc_5,346366134968374,"目标持续受到 <#FFEB04><link=""Keyword:13"">[火焰]</link></color> 伤害。"
CND_Name_5,346366134968373,灼烧
CND_Desc_6,346366134968376,"目标持续受到 <#FFEB04><link=""Keyword:13"">[火焰]</link></color> 伤害，移动速度 -20%。"
CND_Name_6,346366134968375,幽灵之火
CND_Desc_8,346366134968378,目标无法采取任何行动。
CND_Name_8,346366134968377,踉跄
CND_Desc_9,443347033382912,"目标无法移动或攻击。任何近战或 <#FFEB04><link=""Keyword:5"">[动能]</link></color> 攻击都会造成额外伤害，并移除 <#FFEB04><link=""Keyword:4"">[冰冻]</link></color>。"
CND_Name_9,443347024994304,冰冻
CND_Desc_10,3584395140374528,你中了外星魔咒。腿部技能暂时失效。
CND_Name_10,3584395111014400,外星魔咒
CQ_Desc_2,41848132785397762,彼得里姆到处都是最差劲的那种海盗，就是连首主题曲都没有的那种。冲进去，照老办法来，把肉核拔出来。至于任务标题里的“鱼饵”嘛，大概率... 不是指你。
CQ_Name_2,41866088349163521,水里下饵
CQ_Desc_3,41848132785397764,零度意肠有霜冻问题，有怪物问题，还有士气问题。严格来说，这些都不是你的问题。你的问题是肉核。其他的，都算天气。
CQ_Name_3,41866088349163522,冷静一下
CQ_Desc_4,41848132785397766,熔岩女王太壮观了，小肉团！高温！光芒！还有万物彻底失稳的结构！大多数员工甚至都不愿意去，这可是他们的损失 (当然，这也确实和统计死亡人数有关)。要我说，派员工去那里完全合理。
CQ_Name_4,41866088349163523,熔岩好时光
CQ_Desc_5,41848132785397768,“大唐古斯”这地方就跟它的名字一样：个头大、脾气爆，而且到处都是想让你引擎熄火的玩意。去让他们见识见识什么叫更带劲的引擎。拿到肉核，然后收工回家。
CQ_Name_5,41866088349163524,发动引擎
CQ_Desc_6,41848132785397770,很多传奇故事都始于攀登险峰，小肉团。这一次可能也会成为传奇。当然，也有可能单纯只是社畜搬砖。但不管怎么说，你都得爬上去。肉核就在顶上某处。
CQ_Name_6,41866088349163525,训练蒙太奇
CQ_Desc_7,41848132785397772,可别被名字里的“小”字给骗了。小唐古斯的可不好惹。前三支撤离小队回来的时候，人都还是懵的。你肯定没问题。应该没问题。
CQ_Name_7,41866088349163526,给力滋狂热
CQ_Desc_8,41848132785397774,别被这个大块头吓着了，就算他吞噬过几个星球，也没什么大不了的。
CQ_Name_8,41866088349163527,弗兰肯伐客
CQ_Desc_9,41848132785397776,兰格斯为员工提供最好的福利待遇。
CQ_Name_9,41866088349163528,健康保险 v1
CQ_Desc_10,43214492713455616,这是黄金级员工薪酬方案的一部分。
CQ_Name_10,41866088349163529,健康保险 v2
CQ_Desc_11,41848132785397779,第一次失败没关系，再接再厉！
CQ_Name_11,41866088349163530,永不言败 v1
CQ_Desc_12,41848132785397781,“重击之父”虽然很强悍，但他们也会作弊！
CQ_Name_12,41866088349163531,擂台之王
CQ_Desc_14,41848132785397785,欢迎来到兰格斯肉食，小家伙！现在，挡在你和“月度最佳员工”之间的只有肉，而挡在你和肉之间的，只有外头那些想啃掉你脸的玩意儿。所以赶紧出去，搞个肉核，把它啪一下取出来，我们好喂饱整个银河！这活儿说白了就这么点事！
CQ_Name_14,41866088349163533,首次收割
CQ_Desc_15,41848132785397787,兰格斯每个新人头一周都得搞点 R&D (对你来说就是“研究与爆破”，小家伙）。而且外面处处是暴力... 我是说“研究”工作等着你去做。先让我们看到你的本事，我们就考虑升级那些武器。
CQ_Name_15,41866088349163534,兰格斯初级研发
CQ_Desc_16,41848132785397789,那些星球上可不只有肉，小家伙... 给我带一大批矿物回来，我就让工坊给你打一把上好的挖掘工具。当然，纯粹是为了让你小心挖掘那些历史文物。(还有那些碰巧拿着遗物的家伙。)
CQ_Name_16,41866088349163535,...还有我的斧头！
CQ_Desc_17,41848132785397791,那些古代太空食客在银河各处留了不少有用的破烂！兰格斯一直有个政策：“谁捡到就归谁”。这个政策法务一次都没审过。给我带些古代科技回来，我就给你鼓捣个小玩意儿，让下一颗星球的收获更加丰饶。
CQ_Name_17,41866088349163536,链锯一响，征服全场。
CQ_Desc_18,41848132785397793,现在这才像样嘛，值得给你额外打赏。
CQ_Name_18,41866088349163537,装扮达人
CQ_Desc_20,41848132785397797,我说小肉团，看你收集资源这劲头跟冬天囤坚果的大松鼠似的。真不错！<br><br>现在，是时候变成大家期待中的那种超级肉团了。
CQ_Name_20,41866088349163539,肉类科学实验
CQ_Desc_22,41848132785397801,你知道在这儿怎样才能引人注目吗？得有气场... 得有活力... 得有范儿！就像那些<i><b>浑身冒金光</i></b>的敌人。我们要的就是这种派头。干掉它们，把光彩抢过来，也让你的制服闪一闪！
CQ_Name_22,41866088349163541,闪灵
CQ_Desc_24,41848132785397805,你其实能从这些暴躁的变异体身上学到不少东西。
CQ_Name_24,41866088349163543,变异体大乱斗 v1
CQ_Desc_25,41848132785397807,嚯，这些变异体真是一群暴躁的家伙。
CQ_Name_25,41866088349163544,变异体大乱斗 v2
CQ_Desc_26,41848132785397809,有时候，你需要的只是再来一次的机会。
CQ_Name_26,41866088349163545,再活一次
CQ_Desc_27,41848132785397811,这些弗兰肯豆有种特别的风味，让它们格外结实。
CQ_Name_27,41866088349163546,弗兰肯风味 v1
CQ_Desc_28,41848132785397813,最棒的料理都要充分腌入那股特别的弗兰肯风味。
CQ_Name_28,41866088349163547,弗兰肯风味 v2
CQ_Desc_36,42875506259910656,我好哥们儿迈克，经营着这片星区最棒的小兑换柜台：汇率公道，笑容到位，手指也还算齐全... 我觉得可以说服他把兑换柜台搬到船上来，不过迈克是个生意人。只要让他看到你身上有钱可赚，他很快就会点头。
CQ_Name_36,42875506234744832,物有所值
CQ_Desc_37,43895583612592128,有时候，你就是需要多两次机会才行。
CQ_Name_37,43895583587426304,再活两回
CQ_Desc_38,43951722278674432,要是第一次没成功，那下次可得学会低头闪人！
CQ_Name_38,43942200277458944,永不言败 v2
CQ_Desc_39,43951722278674433,如果第一次没成功，就扫去身上的尘土，再试一次！
CQ_Name_39,43942200277458945,永不言败 v3
CQ_Desc_41,44003070172979200,我看见你眼里的那种神情了，小肉团... 你发现了这里有等级系统。很好！继续往上爬！里面有个小小的奖励给你，是真的很小。
CQ_Name_41,44003070001012736,今日最佳员工
CQ_Desc_42,44007851671150593,我给你打印了一张照片，挂在休息室墙上。照片不算好看，但挺有你的神韵。我不记得后来它去哪儿了，不过继续提升等级吧！某处还有一份奖金等着你，而且你配得上。
CQ_Name_42,44007851671150592,本周最佳员工
CQ_Desc_43,44007851671150595,很多员工到这一步就辞职了。他们觉得等级 30 已经够好了。那些人现在成了三明治... 不是惩罚，只是岗位调整。你比三明治强，小肉团。大概率是这样。
CQ_Name_43,44007851671150594,月度最佳员工
CQ_Desc_44,44007851671150597,你知道我最欣赏你哪一点吗？你就是一直不停往前。有些员工到了等级 30 就开始混日子。你不一样。你还真有点东西。现在回去工作吧。
CQ_Name_44,44007851671150596,年度最佳员工
CQ_Desc_45,44007851671150599,按日历时间算，你成为我的员工还远远不到十年。但按情绪感受算呢？已经几十年了。漫长、深沉、肉感十足的几十年。不过奖金是真的。
CQ_Name_45,44007851671150598,十年最佳员工
CQ_Desc_46,44007851671150601,“世纪最佳员工”奖过去都是追授的。现在我们想试试新办法。你正在创造历史，小肉团。更重要的是，你正在赚钱。
CQ_Name_46,44007851671150600,世纪最佳员工
CQ_Desc_47,44007851671150603,我从来没有... <b><i>一次都没有</i></b>... 颁发过“千年最佳员工”奖。你会是第一个。好好想想。我是认真的。一边继续提升等级，一边好好想想。
CQ_Name_47,44007851671150602,千年最佳员工
CQ_Desc_48,44007851671150605,这已经到了连我都得查词典的领域。从地质学上讲，一个“世”是很长很长的一段时间。从员工表彰的角度讲，它的意思是，你厉害到离谱。
CQ_Name_48,44007851671150604,纪元最佳员工
CQ_Desc_49,44007851671150607,小肉团。伙计。我的时间单位快不够用了。一个“宙”是十亿年。没有哪家公司经营过十亿年。我们正在挑战人力资源的极限，对此我深表敬意。
CQ_Name_49,44007851671150606,万世最佳员工
CQ_Desc_50,44007851671150609,你做到了。我让人做了个奖杯，形状像块肉饼。上面写着你的名字，不过我不知道你叫什么，所以写的是“小肉团”。那就是你的名字，对吧？恭喜，我绝对是发自肺腑的。
CQ_Name_50,44007851671150608,史上最伟大的员工
CQ_Desc_51,49303764673224704,小肉团，水生产品最近销量惨淡，我需要点样本。带上你的钓竿，去找些水裂隙，把能钓上来的玩意儿全都带回来。至于我们要拿这些干嘛，少打听。
CQ_Name_51,49303764669030400,你们得把它们全抓住
CQ_Desc_52,50434728753356800,我知道“黏液裂隙”听着是挺没食欲的。但“加工合成肉”听着也没好到哪去，不照样是我们的爆款？相信公司的流程，小肉团。麻溜进去钓鱼。
CQ_Name_52,50434728719802368,还得抓更多
CQ_Desc_53,50441586511699969,兰格斯公司的整个矿物采集部就你一个人。没预算，没设备，没后援。出去把你能找到的每一种矿石都挖回来。这不叫问题，这叫大好的发展机会。
CQ_Name_53,50441586511699968,寻矿猎手
CQ_Desc_54,50441586511699971,兰格斯公司崇尚创新。当然，我们更喜欢看别人创新了什么，然后直接拿过来。合法地拿。至少绝大多数时候合法。去收集你能找到的每一种古代科技，就说是“竞品调研”。
CQ_Name_54,50441586511699970,科技收藏家
CQ_Name_55,51528551927635968,弗兰肯伐客 v2 (标准)
CQ_Name_56,51548701930283008,弗兰肯伐客 v3 (困难)
CQ_Name_57,51548701934477313,弗兰肯伐客 v4 (噩梦)
CQ_Name_58,51548701934477315,擂台之王 v2 (标准)
CQ_Name_59,51558077172801537,擂台之王 v3 (困难)
CQ_Name_60,51558077172801538,擂台之王 v4 (噩梦)
CQ_Desc_61,51597951024226304,你说什么，小肉团？你想深入未知领域，看看外面到底有什么？听起来不错！
CQ_Name_61,51597950990671872,异界之力 v1
CQ_Desc_62,55501898636431360,瞧，你成功了！想再试一次吗？
CQ_Name_62,51597951024226305,异界之力 v2 (标准)
CQ_Desc_63,55501898653208576,我的天哪，你真的越来越厉害了！
CQ_Name_63,51597951024226306,异界之力 v3 (困难)
CQ_Desc_64,55501898653208577,哎呀，我现在都不知道该怎么形容自己的感觉了。这是自豪吗？干得好，小肉团。
CQ_Name_64,51597951024226307,异界之力 v4 (噩梦)
CQ_Desc_65,53001828336394240,在中辣难度下通关，即可解锁更高难度和更丰厚的奖励。<br><br>奖励：<br><b>在星系地图上解锁重辣难度<br>5 枚卡尔硬币</b>
CQ_Name_65,53001828328005632,火力全开
CQ_Desc_66,53001828336394242,在重辣难度下完成一个星系，即可解锁更高难度和更多奖励。
CQ_Name_66,53001828336394241,迎接挑战
CQ_Desc_67,53001828336394244,在特辣难度下完成一个星系，即可解锁惊心动魄的噩梦难度。
CQ_Name_67,53001828336394243,开启你的噩梦之旅
CQ_Desc_68,53001828336394246,噩梦并非终点...
CQ_Name_68,53001828336394245,这太残忍了
CQ_Desc_69,53040012592144384,技术上来说，我们不推荐把榴弹发射器用于近身战斗上。但要是有人能用它搞定 250 个首要目标？那这家伙绝对是摸透了这里面的门道。
CQ_Name_69,53040012566978560,爆破大师：榴弹发射器
CQ_Desc_70,53046729770000384,玛格南一响，就是最好的登场宣告。它仿佛在说：“我来了，而且来真格的。”完成 250 个首要目标，用枪子替你说话。
CQ_Name_70,53046729765806080,爆破大师：玛格南
CQ_Desc_71,53046729770000386,好员工懂得了解工具，卓越的员工则能精通其一。让我瞧瞧手枪在你手里能玩出什么花样，小肉团。我盯着你呢。
CQ_Name_71,53046729770000385,爆破大师：手枪
CQ_Desc_72,53046729770000388,等离子炮是我当年在一线出外勤时的老伙计。优雅、高效，在近距离交火时更是蛮横。完成 250 个首要目标，让我看看你有没有那个灵性。
CQ_Name_72,53046729770000387,爆破大师：等离子炮
CQ_Desc_73,53046729770000390,玩轨道炮得有耐心、够精准，还得具备一种完全不把附带损伤当回事的心态。
CQ_Name_73,53046729770000389,爆破大师：轨道炮
CQ_Desc_74,53046729770000392,步枪靠谱。不花哨，也从不掉链子。有些员工总会瞧不上步枪。这些人都想错了。完成 250 个首要目标，给步枪应有的尊重。
CQ_Name_74,53046729770000391,爆破大师：步枪
CQ_Desc_75,53046729770000394,那些主动向我申请火箭发射器的员工，往往都有一个共同点。知道他们有什么共同点吗？只拿战绩说话。
CQ_Name_75,53046729770000393,爆破大师：火箭发射器
CQ_Desc_76,53046729770000396,霰弹枪体现了一种哲学，小肉团。覆盖面宽、态度坚决，绝不留下任何活口。完成 250 个首要目标，小肉团，我要看到你的满腔热情。
CQ_Name_76,53046729770000395,爆破大师：霰弹枪
CQ_Desc_77,53046729770000398,冲锋枪一开火就仿佛在说：“我有满肚子话要说，而且我打算一口气全突突完。”我挺欣赏这股劲头。让我瞧瞧你能以多快的速度搞定那些首要目标。
CQ_Name_77,53046729770000397,爆破大师：冲锋枪
CQ_Desc_79,54162277236989952,兰格斯喜欢全面发展的员工，小家伙。而在这个部门，“全面发展”就是精通各种火力的意思。把所有武器都弄到手，再一把把拿去实弹练习。下个季度考核之前，我要在靶场那面墙上看到你的名字。
CQ_Name_79,54162277232795648,武器专家
CQ_Desc_80,54162277236989954,小肉团，我看到你这惊人的换肉次数。说实话，我都不知道你这算是一种行为艺术还是一种心理疾病了，但你确实有天赋。继续保持，让我们看看这数字到底能冲到多高。为了科学，也为了某些我绝对不能让人力资源部知道的原因。
CQ_Name_80,54162277236989953,换肉大神
CQ_Desc_81,55545539754713088,中辣才是稳妥的选择，小肉团。够辣，能让你不敢松懈，但又没辣到被银河生吞活剥。这也是正经玩法。兰格斯公司一向讲究劳逸结合。至少大多数时候是这样。
CQ_Name_81,55545539725352960,异界之旅（中辣）
CQ_Desc_82,55545539754713090,重辣。比本店推荐再上一档，适合那些简单局已经吓不倒你的时候。不算太温和，也没那么折磨人，危险系数刚好卡在免责协议的保障范围内。去，来一局吧。
CQ_Name_82,55545539754713089,异界之旅（重辣）
CQ_Desc_83,55545539754713092,特辣。当年我跑外勤那会儿也玩过特辣，说真的，一点都不好受。但我打心底佩服它。你要是能从这一趟活着回来，咱俩就得好好聊聊你在公司的前途了。
CQ_Name_83,55545539754713091,异界之旅（特辣）
CQ_Desc_84,55545539754713094,跟你说句实话，我从来不会主动把员工派去噩梦模式。除非是你自己想去，完全出于自愿。我只想把话撂在这：对此我持保留意见。
CQ_Name_84,55545539754713093,异界之旅 (噩梦)
CQ_Desc_85,55558274366300160,这是白金级员工薪酬方案的一部分。
CQ_Name_85,55558274362105856,健康保险 v3
CQ_Desc_86,55558274366300162,这是钻石级员工薪酬方案的一部分。
CQ_Name_86,55558274366300161,健康保险 v4
CRN_Desc_4,346366134968427,由卡尔本人亲自颁发，以纪念每一次晋升，无论职位高低。
CRN_Name_4,346366134968426,卡尔硬币
CRN_Desc_7,346366139162625,并非所有人都知道“给力滋”是热狗的别称，但只要你懂了这层意思，这枚硬币的设计初衷就很好理解了。
CRN_Name_7,346366139162624,给力滋
CRN_Desc_26,346366139162627,这是一个至今仍备受争议的古老制度，但不知为何，打赏文化依然延续至今。
CRN_Name_26,346366139162626,任务激励点数
CRN_Desc_28,346366139162629,手头常备，招待不速之客的绝佳选择！谢了，弗兰克。
CRN_Name_28,346366139162628,弗兰肯样本
CRN_Desc_29,346366139162631,这个吊饰里装着一截酷似风干香肠的东西，它悬浮在黏液中，样子看着怪瘆人的。这莫非是弗兰肯肉族的原始形态？
CRN_Name_29,346366139162630,弗兰肯吊饰
CRN_Desc_30,346366139162633,趁重击之父不省人事，从他们手中喜滋滋地抢来的！
CRN_Name_30,346366139162632,变异体样本
CRN_Desc_31,346366139162635,一小团变异物质，偶尔会冒出一只多余的眼睛，四处瞅瞅，然后又恶心地缩回去。呕。
CRN_Name_31,346366139162634,变异体吊饰
CRN_Desc_32,346366139162637,“一口没”个头虽小，但咬起人来那股狠劲，就像急着要证明什么似的！
CRN_Name_32,346366139162636,一口没
CRN_Desc_33,346366139162639,钓到这玩意儿，“穿帮集锦”这个词就有了全新的含义！
CRN_Name_33,346366139162638,穿帮鱿
CRN_Desc_34,346366139162641,一种星际美味。
CRN_Name_34,346366139162640,基尔巴虾
CRN_Desc_35,346366139162643,在各方面都完胜它们的近亲：普通章鱼。它们不仅有八条触手，而且还精通双语。
CRN_Name_35,346366139162642,爱戳章鱼
CRN_Desc_36,346366139162645,那鳃里头可是藏着金子呐！
CRN_Name_36,346366139162644,金鱼
CRN_Name_37,346366139162646,水滴鱼
CRN_Name_38,346366139162648,给力滋特饮
CRN_Name_39,346366139162650,斯诺基
CRN_Name_40,346366139162652,礼尚往鱿
CRN_Name_41,346366139162654,额滴神鱼
CRN_Desc_42,346366139162657,等级 2 矿物。一种闪烁着绿光的宝石，据说封存着远古记忆的碎片。将其紧握手中，便能瞥见往昔的回响。
CRN_Name_42,346366139162656,模因绿宝石
CRN_Desc_43,346366139162659,等级 1 矿物。入手难度比其他矿石低得多，但效果毫不逊色。既然现成的就在眼前，大家为何还要执着于那些遥不可及之物呢？
CRN_Name_43,346366139162658,奥布坦合金
CRN_Desc_44,346366139162661,等级 1 古代科技。很久以前，深空探险家们利用它将头浸入可呼吸液体中。如今它虽已磨损严重，但拆出的零件依然好用。
CRN_Name_44,346366139162660,消化道具
CRN_Desc_45,346366139162663,等级 2 古代科技。古代太空食客们过于执着于能否逆转离子，却没停下来想想这事该不该干。
CRN_Name_45,346366139162662,离子逆变器
CRN_Desc_46,346366139162665,收集兰格斯牛马点数来提升你的兰格斯员工等级！
CRN_Name_46,346366139162664,兰格斯牛马点数
CRN_Desc_48,18598135273086976,等级 3 矿物。一种富含远古能量的致密金属矿石。因其能赋予武器粉碎级的破坏力和无与伦比的稳定性而备受珍视。
CRN_Name_48,18598135189200896,肿核矿石
CRN_Desc_49,18598135273086978,等级 4 矿物。一种红色晶体，每当你对的时候，它就会微微闪烁。虽说你对的情况不多，但被它认同的感觉还是挺让人安心的。
CRN_Name_49,18598135273086977,阿米莱特矿石
CRN_Desc_50,18598135273086980,等级 5 矿物。只存在于最阴冷潮湿的角落，找这玩意儿简直就是一场噩梦。
CRN_Name_50,18598135273086979,丹克石
CRN_Desc_51,18605565046415360,等级 3 古代科技。一项令人惊叹的科技，但有时安装人员在公开讨论其机制时会感到困惑。
CRN_Name_51,18605565012860928,U 型导管
CRN_Desc_52,18605565046415362,等级 4 古代科技。相比上一代技术有了显著提升，尽管少了一“录”。
CRN_Name_52,18605565046415361,四录仪
CRN_Desc_53,18605565046415364,等级 5 古代科技。警告：打开前请断开电容驱动。强光刺眼，注意防护。<br><br>功率容量：1.21 吉瓦
CRN_Name_53,18605565046415363,通量电容器
CRN_Name_54,20415833925738496,嗞啦鱼
CRN_Name_55,20415833959292928,异形鳍
CRN_Name_56,20415833959292929,类星沙丁
CRN_Name_57,20415833959292930,太空胖头鱼
CRN_Name_58,20415833959292931,宇宙那啥
CRN_Name_59,20423966916075520,大口比特
CRN_Name_60,20424460623405056,加密墨鱼
CRN_Name_61,20425260586229760,机甲鳍
CRN_Name_62,20425689906798592,机爪鱼
CRN_Name_63,20426157865295872,赛博对虾
CRN_Name_64,20426872612446208,大眼鱼
CRN_Name_65,20428393416744960,贪吃鳍
CRN_Name_66,20428890424991744,大肌鱼
CRN_Name_67,20429332890509312,巨钳龙虾
CRN_Name_68,20429703453073408,大胖墩
CRN_Desc_69,34136911030247424,我要是你，绝不会碰它...
CRN_Name_69,34136910996692992,外星样本
CRN_Desc_70,34146163425796096,一个微型外星收容装置，里面关着某种看似活着但充满敌意的东西，所以你无需同情它。
CRN_Name_70,34136911030247425,外星吊饰
CRT_Name_6,346366134968379,独眼肉魔
CRT_Name_8,346366134968380,嗡嗡怪
CRT_Name_11,346366134968381,健美老爹
CRT_Name_12,346366134968382,火箭机器人
CRT_Name_13,346366134968383,悚行蛛
CRT_Name_22,346366134968384,黏投怪
CRT_Name_26,346366134968385,碾腹怪
CRT_Name_28,346366134968386,青蛙
CRT_Name_31,346366134968387,多嘴鱼
CRT_Name_34,346366134968388,冲咬鲨
CRT_Name_37,346366134968389,香肠眼
CRT_Name_38,346366134968390,暴走肉轮
CRT_Name_39,346366134968391,碳烤鬼厨
CRT_Name_40,346366134968392,油猴子
CRT_Name_41,346366134968393,舷炮射手
CRT_Name_42,346366134968394,火鸡眼
CRT_Name_43,346366134968395,火腿飞鹰
CRT_Name_44,346366134968396,弗兰肯豆
CRT_Name_45,346366134968397,电刺蜂人
CRT_Name_46,346366134968398,塔楼
CRT_Name_47,346366134968399,沃伊德
CRT_Name_48,346366134968400,卑鄙豆
CRT_Name_50,346366134968401,石脑袋
CRT_Name_51,346366134968402,努尔
CRT_Name_52,346366134968403,目标假人
CRT_Name_53,346366134968404,仿生枪手
CRT_Name_54,346366134968405,佐普喷气怪
CRT_Name_55,346366134968406,牧马人
CRT_Name_56,346366134968407,坏坏虫
CRT_Name_57,346366134968408,巨石强鸭
CRT_Name_59,346366134968409,土包子
CRT_Name_60,346366134968410,小丑气球艇
CRT_Name_61,346366134968411,太空桶
CRT_Name_62,346366134968412,唐古斯赛车手
CRT_Name_63,346366134968413,瑞赛特
CRT_Name_65,346366134968415,迷你杰克逊
CRT_Name_66,346366134968416,至尊香肠眼
CRT_Name_67,346366134968417,小蜜翠丝
CRT_Name_68,346366134968418,高脚镭射怪
CRT_Name_69,346366134968419,裁判
CRT_Name_70,346366134968420,猪肉桶皮特
CRT_Name_71,346366134968421,初级参议员
CRT_Name_72,346366134968422,克劳达迪法官
CRT_Name_73,346366134968423,毛军一号
CRT_Name_75,346366134968425,破坏小子
CRT_Name_76,7411303278637056,特工巨石强鸭
CRT_Name_77,10573095608770560,蜜翠丝
CRT_Name_78,15325185188855808,未使用
CRT_Name_79,51047531965874176,重击机器人
CT_Name_1,42477876783542272,创始人版
CT_Name_2,42477876800319488,试肉员
CT_Name_3,42477876800319489,废料
CT_Name_4,42477876800319490,传奇
CT_Name_5,42477876800319491,脑腐版
CTC_Name_1,346366139162668,货币
CTC_Name_2,346366139162669,鱼
DF_Desc_0,29025126547709952,<b>最高敌人等级：1</b><br><br>挑战等级：<br><b><color=#FFC700>降低 (-40%)</color></b><br><br><b><color=#00D6D2>生成</color></b>较弱敌人，而不是较强敌人<br><br>事件设施、Boss 和猎人的<b><color=#00D6D2>生命值更低</color></b><br><br>敌人生命值降低<b><color=#FFC700>(-25%)</color></b><br><br><b>低等级资源</b>
DF_Name_0,29025126539321344,中辣
DF_Desc_1,29025126547709954,<b>敌人最高等级：2</b><br><br>挑战等级：<br><b><color=#FFC700>基准</color></b><br><br>额外获得 +40% 给力滋和 REP<br><br>资源最高至<b>等级 3</b>
DF_Name_1,29025126547709953,重辣
DF_Desc_2,29025126547709956,<b>最高敌人等级：3</b><br><br>挑战等级：<br><b><color=#FFC700>提高 (+40%)</color></b><br><br><b><color=#00D6D2>生成</color></b>更强敌人，而不是较弱敌人<br><br>事件设施、Boss 和猎人的<b><color=#00D6D2>生命值更高</color></b><br><br>获得 +60% 给力滋和兰格斯牛马点数<br>资源最高至<b>等级 4</b>
DF_Name_2,29025126547709955,特辣
DF_Desc_3,29025126547709958,<b>最高敌人等级：3</b><br><br>挑战等级：<br><b><color=#FFC700>提高 (+100%)</color></b><br><br>事件设施、Boss 和猎人的生命值<b><color=#00D6D2>大幅提高</color></b><br><br>获得 +100% 给力滋和兰格斯牛马点数<br><br>资源最高至<b>等级 5</b>
DF_Name_3,29025126547709957,噩梦
FAC_Name_1,346366139162670,机械
FAC_Name_2,346366139162671,水生
FAC_Name_3,346366139162672,变异体
FAC_Name_4,346366139162673,弗兰肯
FAC_Name_5,346366139162674,全能
FAC_Name_6,346366139162675,仿生虫
FAC_Name_7,346366139162676,外星
FAC_Name_8,346366139162677,兰格斯
FAC_Name_9,346366139162678,猎人
FAC_Name_10,346366139162679,普通敌人
FL_Desc_1,5468794653761536,“Deputy”一词源自古典拉丁语 deputare，其含义还包括“切除”或“修剪”。
FL_Name_1,5102145643732992,副手装扮
FL_Desc_2,5468794666344448,会让你感到一阵酥麻。卡尔保证它穿戴起来很安全。哎哟，你现在就心跳加速了。
FL_Name_2,5102145656315907,技能装扮
FL_Desc_3,5468794666344449,卡尔会说他是在一个住着酸性怪物的星球上挖到的，但看起来就是个旧瓶盖。
FL_Name_3,5471888108150784,地质装扮
FL_Desc_4,5468794666344450,这是卡尔·兰格斯发现第一颗行星肉核时穿的装扮。那股味儿现在还没散干净。
FL_Name_4,5471888112345091,考古装扮
FL_Desc_5,5468794666344451,卡尔以前用的一枚旧鱼饵，被一条大鲨鱼压扁了。
FL_Name_5,5471888112345095,捕鱼装扮
FL_Desc_6,5468794666344452,背面标签写着“仅作戏服使用”。
FL_Name_6,5471888112345099,警长装扮
FL_Desc_7,5925295680843776,啊，新鲜的肉来了！
FL_Name_7,5925295655677952,屠夫装扮
FL_Desc_8,5925295680843781,这身装扮也太他妈金属范儿了！
FL_Name_8,5925295680843780,屠戮者装扮
FL_Desc_9,9851941319335936,真正的硬汉从不回头看爆炸。他们炸完东西就潇洒走人。
FL_Name_9,9851941273198592,爆破装扮
FL_Desc_10,10231597352607744,每掉一块肉，伤害就提高一点。保证让你成为已知宇宙中最危险的智能肉。
FL_Name_10,10231597310664704,肉丸装扮
FL_Desc_11,40359174738010112,直接命中目标时伤害更高，但爆炸范围会变小。典型的折衷做法。
FL_Name_11,40359174591209472,空心充能装扮
FL_Desc_12,40990661481062400,记住，你不必比水里的鲨鱼游得快，只要比你的朋友快就行！
FL_Name_12,40990661455896576,游泳健将装扮
FL_Desc_13,40990661481062402,要多少个小兵才能挖到一颗星球肉核？一个？两个？三个？
FL_Name_13,40990661481062401,小兵统御者装扮
FL_Desc_14,40990661481062404,那些翻汉堡的时光，其实都是为了今天做准备。现在终于派上用场了。
FL_Name_14,40990661481062403,汉堡翻面高手装扮
FL_Desc_15,46870603473346560,原来生命值耗光会死，那么这个选项还挺不错的！
FL_Name_15,46870603385266176,健康装扮
FL_Desc_16,46883763408330753,保护好那块肉，别让必需消灭的敌人得手！
FL_Name_16,46883763408330752,肉盾装扮
FL_Desc_17,46883763408330755,让你的肉体部件焕发新的力量！
FL_Name_17,46883763408330754,肉力觉醒装扮
FL_Desc_18,46885823956639745,如果你喜欢等离子枪、火箭发射器或榴弹发射器，那这件装扮就是为你准备的！
FL_Name_18,46885823956639744,投射物装扮
FL_Desc_19,48008300480946176,专为喜欢近距离火力输出的玩家打造！
FL_Name_19,48008300439003136,近战火力装扮
FL_Desc_20,48008300480946178,专为喜欢远距离火力输出的玩家打造！
FL_Name_20,48008300480946177,远程火力装扮
FL_Desc_21,48280725869289472,你的敌人即将迎来真正“触电般”的体验。抵抗是徒劳的。
FL_Name_21,48280725852512256,闪电装扮
FL_Desc_22,48280725869289474,有些智能肉就是想看这世界被烈焰吞噬... 你也是其中之一吗？
FL_Name_22,48280725869289473,燃爆装扮
FL_Desc_23,48280725869289476,冰霜杀手登场！
FL_Name_23,48280725869289475,冻伤装扮
FL_Desc_24,48280725869289478,有了这件装扮，你的动能强到几乎时刻都在超速违规。
FL_Name_24,48280725869289477,动能装扮
FL_Desc_25,48280725869289480,宝贝，黏液派对开始啦！大家一起黏起来！
FL_Name_25,48280725869289479,喷溅装扮
FL_Desc_26,49039579058003968,减少你周围刷新的敌方侦察兵数量！
FL_Name_26,49034010737762304,隐秘行动装扮
GN_Name_1,346366139162680,水裂隙
GN_Name_3,346366139162681,古代太空食客
GN_Name_4,346366139162682,奥布坦合金节点
GN_Name_6,21379069772816386,黏液裂隙
GN_Name_8,21379069772816388,模因绿宝石节点
GN_Name_12,37815043876708352,肿核矿石节点
GN_Name_13,37815043897679872,阿米莱特矿石节点
GN_Name_14,37815043897679873,丹克石节点
GN_Interact_1,21379069768622080,把他们钓上来！
GN_Interact_10,45348014892507137,提取四录仪
GN_Interact_11,45348014896701440,提取通量电容器
GN_Interact_3,21379069772816384,提取消化道具
GN_Interact_4,21379069772816385,砸碎岩石
GN_Interact_7,45348014867341312,提取离子逆变器
GN_Interact_9,45348014892507136,提取 U 型导管
HE_Desc_1,346366139162687,"对链上 3 名敌人造成 20 <#FFEB04><link=""Keyword:12"">[电击]</link></color> 伤害 (每层 +10)。"
HE_Desc_3,346366139162689,"对 3 名敌人造成连锁伤害，并施加 <#FFEB04><link=""Keyword:7"">[踉跄]</link></color>。"
HE_Desc_11,346366139162691,"击中 <#FFEB04><link=""Keyword:1"">[灼烧]</link></color> 目标时，对 2 个目标造成连锁 <#FFEB04><link=""Keyword:1"">[灼烧]</link></color> 伤害。"
HE_Desc_17,346366139162693,"获得 20 <#FFEB04><link=""Keyword:11"">[屏障]</link></color> (每层 +10)，持续 30 秒。"
HE_Desc_24,346366139162695,"施加 <#FFEB04><link=""Keyword:1"">[灼烧]</link></color>，持续 12 秒。"
HE_Desc_33,346366139162697,召唤一只中型黄蜂小兵。
HE_Desc_37,346366139162699,生成一个动能球，对附近敌人造成伤害。
HE_Desc_38,346366139162701,对目标造成 25 范围伤害。
HE_Desc_51,346366139162703,生成一个电球，对 5 米半径内的敌人每秒造成 25 伤害。
HE_Desc_53,346366139162705,"施加 <#FFEB04><link=""Keyword:2"">[黏袭]</link></color>，持续 4 秒。"
HE_Desc_55,346366139162707,"施加 <#FFEB04><link=""Keyword:2"">[黏袭]</link></color>，持续 12 秒。"
HE_Desc_58,346366139162709,"施加 <#FFEB04><link=""Keyword:8"">[电击]</link></color>，持续 12 秒。"
HE_Desc_59,346366139162711,"施加 <#FFEB04><link=""Keyword:3"">[冷硬]</link></color>，持续 12 秒。"
HE_Desc_60,346366139162713,完全充能神秘肉
HE_Desc_61,346366139162715,神秘肉充能 +25%
HE_Desc_64,346366139162719,"<#FFEB04><link=""Keyword:13"">[火焰]</link></color> 积蓄 +5%"
HE_Desc_65,346366139162721,"命中 <#FFEB04><link=""Keyword:1"">[灼烧]</link></color> 目标：暴击几率 +10%"
HE_Desc_66,346366139162723,"命中 <#FFEB04><link=""Keyword:1"">[灼烧]</link></color> 目标时触发 <#FFEB04><link=""Keyword:19"">[燃爆]</link></color>"
HE_Desc_68,346366139162725,目标掉落肉
HE_Desc_69,346366139162727,在目标位置投放弹药箱
HE_Desc_70,346366139162729,将 50% 伤害连锁至附近 2 名敌人。
HE_Desc_71,346366139162731,"将 <#FFEB04><link=""Keyword:17"">[异常状态]</link></color> 连锁施加至附近 3 名敌人。"
HE_Desc_72,346366139162733,"<#FFEB04><link=""Keyword:14"">[黏液]</link></color> 积蓄 +5%"
HE_Desc_73,346366139162735,"对 3 名敌人连锁施加 <#FFEB04><link=""Keyword:2"">[黏袭]</link></color>"
HE_Desc_75,346366139162737,"<#FFEB04><link=""Keyword:11"">[屏障]</link></color> +20"
HE_Desc_76,346366139162739,"<#FFEB04><link=""Keyword:12"">[电击]</link></color> 积蓄 +5%"
HE_Desc_77,346366139162741,"命中 <#FFEB04><link=""Keyword:8"">[电击]</link></color> 目标：对 2 名敌人造成连锁伤害"
HE_Desc_78,346366139162743,"对 <#FFEB04><link=""Keyword:8"">[电击]</link></color> 目标造成伤害并施加 <#FFEB04><link=""Keyword:7"">[踉跄]</link></color>"
HE_Desc_79,346366139162745,"<#FFEB04><link=""Keyword:15"">[冰霜]</link></color> 积蓄 +5%"
HE_Desc_80,346366139162747,"如果肉系技能目标处于 <#FFEB04><link=""Keyword:3"">[冷硬]</link></color> 或 <#FFEB04><link=""Keyword:4"">[冰冻]</link></color> 状态，则技能充能速度提高 20%，持续 30 秒。"
HE_Desc_81,346366139162749,"<#FFEB04><link=""Keyword:15"">[冰霜]</link></color> 伤害<br> +5%<#FFEB04><link=""Keyword:15"">[冰霜]</link></color> 积蓄 +5%<br>+15% <#FFEB04><link=""Keyword:18"">[碎裂]</link></color> 伤害，持续 45 秒。"
HE_Desc_82,346366139162751,"命中<#FFEB04><link=""Keyword:4"">[冰冻]</link></color>目标时，获得 +25% <#FFEB04><link=""Keyword:15"">[冰霜]</link></color> 积蓄和 +110% <#FFEB04><link=""Keyword:18"">[碎裂]</link></color> 伤害，持续 25 秒。最多叠加 3 层。"
HE_Desc_93,346366143356932,"将所受伤害反射为 <#FFEB04><link=""Keyword:5"">[动能]</link></color> 伤害。"
HE_Desc_94,346366143356934,"将所受伤害反射为 <#FFEB04><link=""Keyword:14"">[黏液]</link></color> 伤害。"
HE_Desc_95,346366143356936,"将所受伤害反射为 <#FFEB04><link=""Keyword:13"">[火焰]</link></color> 伤害。"
HE_Desc_96,346366143356938,"将所受伤害反射为 <#FFEB04><link=""Keyword:15"">[冰霜]</link></color> 伤害。"
HE_Desc_97,346366143356940,"将所受伤害反射为 <#FFEB04><link=""Keyword:12"">[电击]</link></color> 伤害。"
HE_Desc_98,346366143356942,"施加 <#FFEB04><link=""Keyword:7"">[踉跄]</link></color>，持续 5 秒。"
HE_Desc_99,346366143356944,"命中 <#FFEB04><link=""Keyword:2"">[黏袭]</link></color> 目标时，扩散 +15% 元素易伤。"
HE_Desc_103,346366143356948,伤害 +50%，持续 5 秒。
HE_Desc_105,346366143356950,+5% 全部伤害，持续 10 秒（最高 +25%）
HE_Desc_107,346366143356952,"对 2 个目标造成 60 连锁 <#FFEB04><link=""Keyword:12"">[电击]</link></color> 伤害。"
HE_Desc_109,346366143356956,"<#FFEB04><link=""Keyword:5"">[动能]</link></color>积蓄 +5%"
HE_Desc_110,346366143356958,攻击伤害 +10%，持续 60 秒。
HE_Desc_112,346366143356962,"+150 <#FFEB04><link=""Keyword:11"">[屏障]</link></color>"
HE_Desc_113,346366143356964,"对 4 名敌人造成 150 连锁 <#FFEB04><link=""Keyword:13"">[火焰]</link></color> 伤害。"
HE_Desc_114,346366143356966,+15% 近战伤害
HE_Desc_115,346366143356968,近战伤害 +10%，最多 10 层
HE_Desc_116,346366143356970,"获得 +5% <#FFEB04><link=""Keyword:5"">[动能]</link></color> 积蓄和 +5% <#FFEB04><link=""Keyword:5"">[动能]</link></color> 伤害，持续 60 秒（最多 5 层）"
HE_Desc_118,346366143356974,小兵获得 +15% 伤害和 +15% 生命值，持续 60 秒。
HE_Desc_119,346366143356976,"将目标身上的所有 <#FFEB04><link=""Keyword:17"">[异常状态]</link></color> 扩散给 5 米范围内的敌人。"
HE_Desc_120,346366143356978,生成一个冰球，对附近敌人造成伤害。
HE_Desc_121,1850473219874816,"命中 <#FFEB04><link=""Keyword:7"">[踉跄]</link></color> 目标时，扩散 +50% 近战易伤。"
HE_Desc_122,5168356914094080,召唤一只小型黄蜂小兵。
HE_Desc_123,5552419550257152,为未装备的武器装填 1 发弹药。
HE_Desc_124,5925295685038081,"获得 <#FFEB04><link=""Item:633"">[屠戮者增益 I]</link></color>，持续 15 秒"
HE_Desc_127,28316283698143232,"爆炸造成 30 <#FFEB04><link=""Keyword:5"">[动能]</link></color> 伤害。"
HE_Desc_128,28316283702337536,"爆炸造成 15 <#FFEB04><link=""Keyword:14"">[黏液]</link></color> 伤害。"
HE_Desc_129,28316283702337537,"爆炸造成 30 <#FFEB04><link=""Keyword:13"">[火焰]</link></color> 伤害。"
HE_Desc_130,28316283702337538,"爆炸造成 30 <#FFEB04><link=""Keyword:12"">[电击]</link></color> 伤害。"
HE_Desc_131,28316283702337539,"爆炸造成 15 <#FFEB04><link=""Keyword:15"">[冰霜]</link></color> 伤害。"
HE_Desc_141,48598979615645696,造成 +10% 额外伤害。
HE_Desc_142,48628778992132096,造成 +15% 额外伤害。
HE_Desc_143,48628778992132097,造成 +20% 额外伤害。
HE_Desc_144,51141421334257664,"施加 <#FFEB04><link=""Keyword:4"">[冰冻]</link></color>，持续 12 秒。"
INTD_Action_1,38500763113086976,互动
INTD_Name_1,38500763108892672,控制面板
INTD_Action_2,38514228510842880,献祭腿肉
INTD_Name_2,38514228506648576,不祥巨石
INTD_Action_3,38514228510842881,献祭躯干肉
INTD_Action_4,38514228510842883,换取随机肉类
INTD_Name_4,38514228510842882,可疑装置
INTD_Action_5,38514228510842884,献祭头肉
INTD_Action_6,38528188924551168,与该装置互动
INTD_Name_6,38528188916162560,货箱
INTD_Name_7,38529308078104576,卡尔·兰格斯
INTD_Action_8,38528188924551170,开始比赛！
INTD_Name_8,38529308078104577,丹教练
INTD_Name_9,38528188924551171,装扮终端
INTD_Name_10,38529308078104578,员工福利终端
INTD_Action_11,38554421091622912,货币兑换
INTD_Action_12,38528188924551176,修理运输车
INTD_Name_12,38528188924551175,运输车
INTD_Name_13,38528188924551177,终极终端
INTD_Name_14,38528188924551178,武器终端
INTD_Action_15,38554421100011520,启动运输车
INTD_Action_16,38529308078104581,无需维修
INTD_Action_17,38554421100011521,找丹教练谈谈
INTD_Action_18,38555847624744960,打开门
INTD_Action_19,38555847624744962,打开
INTD_Name_19,38555847624744961,逃生舱
INTD_Action_20,38555847624744963,激活核爆炉
INTD_Action_21,38555847624744965,有肉吗？
INTD_Name_21,38555847624744964,肉类分配器
INTD_Action_22,38559873695211520,准备发射
INTD_Name_22,38559873686822912,电光飞堡
INTD_Action_23,44223548842041344,查看星系地图
INTD_Name_23,44223548833652736,星系地图
INTD_Action_24,47629102572404736,发射穿梭机
ITM_Attr_1,17438567620927654,{0:|+|+|+}{0:percent()}% 移动速度
ITM_Attr_2,17438567620927500,{0:|+|+|+}{0:percent()}% 攻速
ITM_Attr_3,17438567620927497,{0:|+|+|+}{0:percent()}% 全部伤害
ITM_Attr_4,17438567620927576,{0:+#.##;-#.##;+0} 最大生命值
ITM_Attr_5,17461889725358098,{0:|+|+|+}{0:percent()}% 最大生命值
ITM_Attr_6,17444674208784384,{0:|+|+|+}{0:percent()}% 爆炸半径
ITM_Name_6,346366143356985,超级英雄
ITM_Attr_7,17438567620927507,{0:+#.##;-#.##;+0} 挑战等级
ITM_Attr_10,17438567620927655,{0:+#.##;-#.##;+0} 穿透次数
ITM_Attr_11,17461889725358151,{0:0.##}x 武器精度
ITM_Name_11,346366143356989,前握把
ITM_Attr_12,17438567620927681,{0:|+|+|+}{0:percent()}% 散布恢复速度
ITM_Attr_13,17438567620927666,{0:|+|+|+}{0:percent()}% 装填速度
ITM_Attr_14,17438567620927688,{0:|+|+|+}{0:percent()}% 游泳速度
ITM_Name_14,346366143356991,脚蹼
ITM_Attr_15,17438567620927594,{0:+#.##;-#.##;+0} 跳跃次数
ITM_Attr_16,17444674200395776,{0:|+|+|+}{0:percent()}% 暴击几率
ITM_Attr_17,17438567620927494,{0:|+|+|+}{0:percent()}% 范围伤害
ITM_Attr_18,17461889725358097,{0:0.##}x 头肉耐久度
ITM_Attr_19,17461889725358096,{0:|+|+|+}{0:percent()}% 头肉耐久度
ITM_Attr_20,17438567620927658,{0:|+|+|+}{0:percent()}% 玩家重生时生命值加成
ITM_Attr_21,17438567620927580,猎人抵达时间 (秒) {0:+#.##;-#.##;+0}
ITM_Attr_22,17438567620927578,{0:+#.##;-#.##;+0} 生命恢复
ITM_Attr_23,17438567620927571,{0:|+|+|+}{0:percent()}% 地面跳跃高度
ITM_Attr_24,17438567620927606,{0:+#.##;-#.##;+0} 弹匣容量
ITM_Attr_25,17438567612538880,{0:|+|+|+}{0:percent()}% 技能充能时间
ITM_Attr_26,17438567620927685,潜行
ITM_Attr_27,17438567620927511,{0:+#.##;-#.##;+0} 攀爬角度
ITM_Attr_28,17461889725358137,{0:0.##}x 移动速度
ITM_Attr_30,17438567620927662,{0:|+|+|+}{0:percent()}% 敌人威胁度提升
ITM_Name_30,346366143356993,鳄鱼皮肤
ITM_Attr_31,17438567620927680,免疫蛛网
ITM_Attr_32,17438567620927686,{0:|+|+|+}{0:percent()}% 支援范围效果半径
ITM_Attr_33,17438567620927573,{0:|+|+|+}{0:percent()}% 头部技能充能时间
ITM_Attr_34,17438567620927591,无限弹药
ITM_Attr_35,17438567620927678,{0:+#.##;-#.##;+0} 小型小兵数量
ITM_Attr_36,17438567620927687,{0:|+|+|+}{0:percent()}% 游泳跳跃高度
ITM_Attr_37,17438567620927516,{0:|+|+|+}{0:percent()}% 暴击伤害
ITM_Name_37,346366143356999,受感染的鱼噬伤口
ITM_Attr_38,17438567620927498,{0:+#.##;-#.##;+0} 攻击范围
ITM_Attr_40,17438567625121797,{0:|+|+|+}{0:percent()}% 武器精度
ITM_Attr_41,17438567620927689,{0:|+|+|+}{0:percent()}% 躯干技能充能时间
ITM_Attr_42,17438567620927553,{0} 玩家数量属性
ITM_Attr_45,17438567620927683,{0:|+|+|+}{0:percent()}% 额外踉跄几率
ITM_Attr_46,17461889725358099,{0:0.##}x 最大生命值
ITM_Attr_47,17438567620927602,{0:|+|+|+}{0:percent()}% 腿部技能充能时间
ITM_Attr_49,17461889725358082,{0:|+|+|+}{0:percent()}% 挑战等级
ITM_Attr_50,17438567620927509,{0:0.##}x 挑战等级
ITM_Attr_51,17438567620927536,{0:|+|+|+}{0:percent()}% 直接命中伤害
ITM_Attr_52,17438567620927663,{0:|+|+|+}{0:percent()}% 触发效果几率
ITM_Attr_53,17438567620927535,{0:0.##}x 所受伤害
ITM_Attr_54,17438567620927554,{0:+#.##;-#.##;+0} 敌人推斥力
ITM_Attr_55,17438567620927515,{0:|+|+|+}{0:percent()}% 额外暴击几率
ITM_Attr_56,17438567620927664,{0:+#.##;-#.##;+0} 投射物数量
ITM_Attr_58,17438567625121792,{0:|+|+|+}{0:percent()}% 薄弱点伤害
ITM_Attr_59,17438567620927493,{0:|+|+|+}{0:percent()}% 空中移动速度
ITM_Attr_60,17438567620927570,{0:0.##}x 引力
ITM_Attr_62,17438567620927668,{0:+#.##;-#.##;+0} 修理纳米机器人数量
ITM_Attr_63,17438567620927669,{0:+#.##;-#.##;+0} 修理纳米机器人容量
ITM_Name_65,346366143357003,蛛网
ITM_Attr_66,17438567620927660,{0:|+|+|+}{0:percent()}% 周围出现的敌方侦察兵
ITM_Attr_72,17461889721163780,{0:0.##}x 攻速
ITM_Attr_75,17438567620927564,你被发现了！
ITM_Attr_76,17438567620927574,{0:+#.##;-#.##;+0} 头肉减伤
ITM_Attr_77,17438567620927690,{0:+#.##;-#.##;+0} 躯干肉减伤
ITM_Attr_78,17438567620927600,{0:+#.##;-#.##;+0} 腿肉减伤
ITM_Attr_79,17461889725358150,{0:0.##}x 躯干肉耐久度
ITM_Attr_80,17461889725358149,{0:|+|+|+}{0:percent()}% 躯干肉耐久度
ITM_Attr_81,17461889725358120,{0:0.##}x 腿肉耐久度
ITM_Attr_82,17461889725358119,{0:|+|+|+}{0:percent()}% 腿肉耐久度
ITM_Attr_83,17438567620927543,{0:+#.##;-#.##;+0} 掉落飞船信标
ITM_Attr_84,17461889725358085,{0:0.##}x 掉落飞船信标
ITM_Attr_86,17438567620927684,{0:+#.##;-#.##;+0} 初始重生次数
ITM_Attr_87,17438567620927560,{0:+#.##;-#.##;+0} 火焰伤害
ITM_Attr_88,17461889725358094,{0:|+|+|+}{0:percent()}% 火焰伤害
ITM_Attr_89,17461889725358095,{0:0.##}x 火焰伤害
ITM_Attr_90,17438567620927589,{0:+#.##;-#.##;+0} 冰霜伤害
ITM_Attr_91,17461889725358113,{0:|+|+|+}{0:percent()}% 冰霜伤害
ITM_Attr_92,17461889725358114,{0:0.##}x 冰霜伤害
ITM_Attr_93,17438567620927546,{0:+#.##;-#.##;+0} 电击伤害
ITM_Attr_94,17461889725358088,{0:|+|+|+}{0:percent()}% 电击伤害
ITM_Attr_95,17461889725358089,{0:0.##}x 电击伤害
ITM_Attr_96,17438567620927674,{0:+#.##;-#.##;+0} 黏液伤害
ITM_Attr_97,17461889725358145,{0:|+|+|+}{0:percent()}% 黏液伤害
ITM_Attr_98,17461889725358146,{0:0.##}x 黏液伤害
ITM_Name_1010,46870603527872512,健康 I
ITM_Name_1011,46870603527872513,健康 II
ITM_Name_1012,46870603527872514,健康 III
ITM_Name_1013,46881725060472832,投射物 I
ITM_Name_1014,46881725064667136,肉系技能 I
ITM_Name_1015,46881725064667137,肉盾 I
ITM_Name_1016,46881725064667138,投射物 II
ITM_Name_1017,46881725064667139,肉系技能 II
ITM_Name_1018,46881725064667140,肉盾 II
ITM_Name_1019,46881725064667141,投射物 III
ITM_Attr_102,17438567620927595,{0:0.##}x 地面跳跃高度
ITM_Name_1020,46881725064667142,肉系技能 III
ITM_Name_1021,46881725064667143,肉盾 III
ITM_Name_1022,48008300573220864,远程火力 I
ITM_Name_1023,48008300573220865,远程火力 II
ITM_Name_1024,48008300573220866,远程火力 III
ITM_Name_1025,48008300573220867,近战火力 I
ITM_Name_1026,48008300573220868,近战火力 II
ITM_Name_1027,48008300573220869,近战火力 III
ITM_1028_HE_0,48628779042463744,对 [电击] 目标造成伤害时触发
ITM_Name_1028,48280725907038208,闪电 I
ITM_Name_1029,48280725907038209,闪电 II
ITM_Attr_103,17461889725358147,{0:0.##}x 游泳跳跃高度
ITM_Name_1030,48280725907038210,闪电 III
ITM_1031_HE_0,48628779042463745,对 [灼烧] 目标造成伤害时触发
ITM_Name_1031,48280725907038211,燃爆 I
ITM_Name_1032,48280725907038212,燃爆 II
ITM_Name_1033,48280725907038213,燃爆 III
ITM_1034_HE_0,48628779042463746,对 [冷硬] 目标造成伤害时触发
ITM_Name_1034,48280725907038214,冻伤 I
ITM_Name_1035,48280725907038215,冻伤 II
ITM_Name_1036,48280725907038216,冻伤 III
ITM_1037_HE_0,48628779042463748,对 [踉跄] 目标造成伤害时触发
ITM_Name_1037,48280725907038217,动能 I
ITM_Name_1038,48280725907038218,动能 II
ITM_Name_1039,48280725907038219,动能 III
ITM_Attr_104,17461889725358148,{0:0.##}x 游泳速度
ITM_1040_HE_0,48598979758252032,对 [黏袭] 目标造成伤害时触发
ITM_Name_1040,48280725907038220,喷溅 I
ITM_Name_1041,48280725907038221,喷溅 II
ITM_Name_1042,48280725907038222,喷溅 III
ITM_Name_1043,49034011132026880,隐秘行动 I
ITM_Name_1044,49034011132026881,隐秘行动 II
ITM_Name_1045,49034011132026882,隐秘行动 III
ITM_Attr_105,17461889716969472,{0:0.##}x 空中移动速度
ITM_Attr_107,17461889725358140,{0:0.##}x 装填速度
ITM_Attr_108,17461889725358121,{0:|+|+|+}{0:percent()}% 弹匣容量
ITM_Attr_109,17461889725358122,{0:0.##}x 弹匣容量
ITM_Attr_110,17438567620927579,{0:+#.##;-#.##;+0} 命中扫描伤害
ITM_Attr_111,17461889725358101,{0:|+|+|+}{0:percent()}% 命中扫描伤害
ITM_Attr_112,17461889725358102,{0:0.##}x 命中扫描伤害
ITM_Attr_113,17438567620927630,{0:+#.##;-#.##;+0} 近战伤害
ITM_Attr_114,17461889725358129,{0:|+|+|+}{0:percent()}% 近战伤害
ITM_Attr_115,17461889725358130,{0:0.##}x 近战伤害
ITM_Attr_116,17438567620927667,{0:|+|+|+}{0:percent()}% 装填窗口大小
ITM_Attr_117,17438567620927626,{0:+#.##;-#.##;+0} 肉系技能伤害
ITM_Attr_118,17461889725358123,{0:|+|+|+}{0:percent()}% 肉系技能伤害
ITM_Attr_119,17461889725358124,{0:0.##}x 肉系技能伤害
ITM_Attr_123,17461889725358100,{0:0.##}x 生命恢复
ITM_Attr_124,17438567620927672,{0:|+|+|+}{0:percent()}% 近距离伤害
ITM_Attr_125,17438567620927604,{0:|+|+|+}{0:percent()}% 远距离伤害
ITM_Attr_126,17461889725358092,{0:|+|+|+}{0:percent()}% 火焰积蓄
ITM_Attr_127,17461889725358111,{0:|+|+|+}{0:percent()}% 冰霜积蓄
ITM_Attr_128,17461889725358143,{0:|+|+|+}{0:percent()}% 黏液积蓄
ITM_Attr_129,17461889725358086,{0:|+|+|+}{0:percent()}% 电击积蓄
ITM_Attr_130,17438567620927501,{0:+#.##;-#.##;+0} 屏障持续时间
ITM_Attr_131,17461889721163781,{0:|+|+|+}{0:percent()}% 屏障持续时间
ITM_Attr_132,17461889721163782,{0:0.##}x 屏障持续时间
ITM_Attr_133,17438567620927503,{0:+#.##;-#.##;+0} 屏障上限
ITM_Attr_134,17461889721163785,{0:|+|+|+}{0:percent()}% 屏障上限
ITM_Attr_135,17461889721163786,{0:0.##}x 屏障上限
ITM_Attr_136,17438567620927502,{0:+#.##;-#.##;+0} 屏障获取
ITM_Attr_137,17461889721163783,{0:|+|+|+}{0:percent()}% 屏障获取
ITM_Attr_138,17461889721163784,{0:0.##}x 屏障获取
ITM_Attr_139,17438567620927665,{0:+#.##;-#.##;+0} 投射物速度
ITM_Attr_140,17461889725358138,{0:|+|+|+}{0:percent()}% 投射物速度
ITM_Attr_141,17461889725358139,{0:0.##}x 投射物速度
ITM_Attr_142,17438567620927562,{0:0.##}x 弗兰肯豆能量等级
ITM_Attr_143,17438567620927597,{0:+#.##;-#.##;+0} 动能伤害
ITM_Attr_144,17461889725358117,{0:|+|+|+}{0:percent()}% 动能伤害
ITM_Attr_145,17461889725358118,{0:0.##}x 动能伤害
ITM_Attr_146,17461889725358115,{0:|+|+|+}{0:percent()}% 动能积蓄
ITM_Attr_148,17438567620927575,{0:+#.##;-#.##;+0} 头肉耐久度
ITM_Attr_149,17438567620927691,{0:+#.##;-#.##;+0} 躯干肉耐久度
ITM_Attr_150,17438567620927601,{0:+#.##;-#.##;+0} 腿肉耐久度
ITM_Attr_151,17438567620927651,{0:+#.##;-#.##;+0} 小兵伤害
ITM_Attr_152,17461889725358131,{0:|+|+|+}{0:percent()}% 小兵伤害
ITM_Name_152,346366143357009,热狗
ITM_Attr_153,17461889725358132,{0:0.##}x 小兵伤害
ITM_Name_153,346366143357011,墨西哥玉米饼
ITM_Attr_154,17438567620927652,{0:+#.##;-#.##;+0} 小兵生命值
ITM_154_HE_0,18226653686652928,造成远程武器伤害时触发
ITM_Name_154,346366143357013,屠宰步法 (动能)
ITM_Attr_155,17461889725358133,{0:|+|+|+}{0:percent()}% 小兵生命值
ITM_Attr_156,17461889725358134,{0:0.##}x 小兵生命值
ITM_Name_156,346366143357015,火焰精通 I
ITM_Attr_157,17438567620927653,{0:+#.##;-#.##;+0} 小兵生命恢复
ITM_Attr_158,17461889725358135,{0:|+|+|+}{0:percent()}% 小兵生命恢复
ITM_Name_158,346366143357017,咖啡牛奶
ITM_Attr_159,17461889725358136,{0:0.##}x 小兵生命恢复
ITM_Attr_160,17461889721163778,{0:0.##}x 全部伤害
ITM_Attr_162,17438567620927506,{0:+#.##;-#.##;+0} 连发数量
ITM_Attr_163,17438567620927557,{0:+#.##;-#.##;+0} 爆炸半径
ITM_Name_163,346366143357019,辣娇酱
ITM_Attr_164,17438567620927555,{0:|+|+|+}{0:percent()}% 事件设施生命值
ITM_Attr_165,17438567620927556,{0:|+|+|+}{0:percent()}% 事件设施生命恢复
ITM_Attr_166,17438567620927583,{0:|+|+|+}{0:percent()}% 猎人生命值
ITM_Attr_167,17438567620927584,{0:|+|+|+}{0:percent()}% 猎人生命恢复
ITM_Name_167,346366143357021,伤害抗性提升
ITM_Attr_168,17438567620927559,{0:+#.##;-#.##;+0} 火焰积蓄
ITM_Attr_169,17438567620927588,{0:+#.##;-#.##;+0} 冰霜积蓄
ITM_Name_169,346366143357023,移动速度提升
ITM_Attr_170,17438567620927673,{0:+#.##;-#.##;+0} 黏液积蓄
ITM_Attr_171,17438567620927545,{0:+#.##;-#.##;+0} 电击积蓄
ITM_Attr_172,17438567620927596,{0:+#.##;-#.##;+0} 动能积蓄
ITM_Attr_173,17461889725358093,{0:0.##}x 火焰积蓄
ITM_Attr_174,17461889725358112,{0:0.##}x 冰霜积蓄
ITM_Attr_175,17461889725358144,{0:0.##}x 黏液积蓄
ITM_Name_175,346366143357027,核黄素
ITM_Attr_176,17461889725358087,{0:0.##}x 电击积蓄
ITM_Attr_177,17461889725358116,{0:0.##}x 动能积蓄
ITM_Attr_178,17438567620927629,{0:+#.##;-#.##;+0} 中型小兵数量
ITM_Attr_179,17438567620927599,{0:+#.##;-#.##;+0} 大型小兵数量
ITM_Attr_180,17438567620927517,{0:+#.##;-#.##;+0} 榴弹发射器伤害
ITM_Attr_181,17438567620927518,{0:+#.##;-#.##;+0} 玛格南伤害 
ITM_Name_181,346366143357029,猪肉风筝
ITM_Attr_182,17438567620927519,{0:+#.##;-#.##;+0} 手枪伤害
ITM_182_HE_0,18226653690847232,"对 <#FFEB04><link=""Keyword:7"">[踉跄]</link></color> 目标造成伤害时有 15% 的几率触发"
ITM_Name_182,28316283744280576,爆破专家
ITM_Attr_183,17438567620927520,{0:+#.##;-#.##;+0} 等离子炮伤害
ITM_Attr_184,17438567620927521,{0:+#.##;-#.##;+0} 轨道炮伤害
ITM_Attr_185,17438567620927522,{0:+#.##;-#.##;+0} 步枪伤害
ITM_Attr_186,17438567620927523,{0:+#.##;-#.##;+0} 火箭发射器伤害
ITM_Attr_187,17438567620927525,{0:+#.##;-#.##;+0} 冲锋枪伤害
ITM_Attr_188,17438567620927524,{0:+#.##;-#.##;+0} 霰弹枪伤害
ITM_190_HE_0,18226653690847233,命中薄弱点时触发
ITM_Name_190,346366143357037,装填轨道炮
ITM_Name_191,346366143357039,装填火箭
ITM_Name_192,346366143357041,装填步枪
ITM_Name_196,346366143357043,小份煎饼
ITM_Name_198,346366143357045,电鳗
ITM_Name_200,346366143357047,热托迪鸡尾酒
ITM_201_HE_0,18226653690847234,造成暴击伤害时有 20% 的几率触发
ITM_Name_201,28316283744280577,嗜甜牙
ITM_Attr_205,17438567620927633,{0:+#.##;-#.##;+0} 榴弹发射器最小伤害
ITM_Attr_206,17438567620927634,{0:+#.##;-#.##;+0} 玛格南最小伤害
ITM_Name_206,346366143357051,无敌
ITM_Attr_207,17438567620927635,{0:+#.##;-#.##;+0} 手枪最小伤害
ITM_Attr_208,17438567620927636,{0:+#.##;-#.##;+0} 等离子炮最小伤害
ITM_Attr_209,17438567620927637,{0:+#.##;-#.##;+0} 轨道炮最小伤害
ITM_Name_209,346366143357053,装填霰弹枪
ITM_Attr_210,17438567620927638,{0:+#.##;-#.##;+0} 步枪最小伤害
ITM_Name_210,346366143357055,装填等离子炮
ITM_Attr_211,17438567620927639,{0:+#.##;-#.##;+0} 火箭发射器最小伤害
ITM_Name_211,346366143357057,装填手榴弹
ITM_Attr_212,17438567620927641,{0:+#.##;-#.##;+0} 冲锋枪最小伤害
ITM_Name_212,346366143357059,装填玛格南
ITM_Attr_213,17438567620927640,{0:+#.##;-#.##;+0} 霰弹枪最小伤害
ITM_Attr_214,23917723716149248,{0:|+|+|+}{0:percent()}% 步枪触发效果几率
ITM_Name_214,346366143357061,装填手枪
ITM_Attr_215,23919520656646144,{0:|+|+|+}{0:percent()}% 步枪装填窗口大小
ITM_Attr_216,23924263609163776,{0:+#.##;-#.##;+0} 步枪攻击范围
ITM_Attr_217,24342881618616320,{0:|+|+|+}{0:percent()}% 冲锋枪暴击几率
ITM_Attr_218,24343813848817664,{0:|+|+|+}{0:percent()}% 冲锋枪暴击伤害
ITM_Attr_219,24349294600380416,{0:|+|+|+}{0:percent()}% 冲锋枪装填窗口大小
ITM_Attr_220,24352080738115584,{0:+#.##;-#.##;+0} 冲锋枪弹匣容量
ITM_Attr_221,24352957326680064,{0:+#.##;-#.##;+0} 冲锋枪攻击范围
ITM_Attr_222,24356365756522496,{0:|+|+|+}{0:percent()}% 冲锋枪武器精度
ITM_Attr_223,24358815641100288,{0:|+|+|+}{0:percent()}% 冲锋枪攻速
ITM_Attr_224,24360965767159808,{0:|+|+|+}{0:percent()}% 冲锋枪触发效果几率
ITM_Attr_225,24363824751566848,{0:+#.##;-#.##;+0} 冲锋枪穿透次数
ITM_Attr_226,24366817207115776,{0:|+|+|+}{0:percent()}% 冲锋枪近距离伤害
ITM_Attr_227,24366817202921472,{0:|+|+|+}{0:percent()}% 冲锋枪远距离伤害
ITM_Attr_228,24373975965491201,{0:+#.##;-#.##;+0} 玛格南穿透次数
ITM_Name_228,346366143357069,给力滋特饮
ITM_Attr_229,24373975965491202,{0:|+|+|+}{0:percent()}% 玛格南近距离伤害
ITM_Name_229,346366143357071,锯齿金属麦片
ITM_Attr_230,24373975965491200,{0:|+|+|+}{0:percent()}% 玛格南远距离伤害
ITM_Attr_231,24508636511330304,{0:+#.##;-#.##;+0} 玛格南攻击范围
ITM_Attr_232,17438567620927608,{0:+#.##;-#.##;+0} 榴弹发射器最大伤害
ITM_Attr_233,17438567620927609,{0:+#.##;-#.##;+0} 玛格南最大伤害
ITM_Name_233,346366143357073,滞空时间
ITM_Attr_234,17438567620927610,{0:+#.##;-#.##;+0} 手枪最大伤害
ITM_Attr_235,17438567620927611,{0:+#.##;-#.##;+0} 等离子炮最大伤害
ITM_Attr_236,17438567620927612,{0:+#.##;-#.##;+0} 轨道炮最大伤害
ITM_Attr_237,17438567620927613,{0:+#.##;-#.##;+0} 步枪最大伤害
ITM_Name_237,346366143357081,结构纳米机器人
ITM_Attr_238,17438567620927614,{0:+#.##;-#.##;+0} 火箭发射器最大伤害
ITM_Attr_239,17438567620927616,{0:+#.##;-#.##;+0} 冲锋枪最大伤害
ITM_Attr_240,17438567620927615,{0:+#.##;-#.##;+0} 霰弹枪最大伤害
ITM_Attr_241,17438567620927526,{0:|+|+|+}{0:percent()}% 榴弹发射器伤害
ITM_Attr_242,17438567620927527,{0:|+|+|+}{0:percent()}% 玛格南伤害
ITM_Name_242,346366143357091,人事纳米机器人
ITM_Attr_243,17438567620927528,{0:|+|+|+}{0:percent()}% 手枪伤害
ITM_Attr_244,17438567620927529,{0:|+|+|+}{0:percent()}% 等离子炮伤害
ITM_Attr_245,17438567620927530,{0:|+|+|+}{0:percent()}% 轨道炮伤害
ITM_Attr_246,17438567620927531,{0:|+|+|+}{0:percent()}% 步枪伤害
ITM_Attr_247,17438567620927532,{0:|+|+|+}{0:percent()}% 火箭发射器伤害
ITM_Attr_248,17438567620927534,{0:|+|+|+}{0:percent()}% 冲锋枪伤害
ITM_Attr_249,17438567620927533,{0:|+|+|+}{0:percent()}% 霰弹枪伤害
ITM_Name_250,346366143357099,刨冰
ITM_Name_254,346366143357101,美味小兵点心
ITM_Name_255,346366143357103,土包子的腿
ITM_Name_257,346366143357105,蜘蛛腿
ITM_Name_258,346366143357107,肌肉男的腿被动
ITM_Name_259,346366143357109,忍者的腿
ITM_Name_260,346366143357111,黄蜂的躯干
ITM_Name_261,346366143357113,火箭机器人的躯干
ITM_Name_262,346366143357115,被发现
ITM_Attr_268,17438567620927642,{0:|+|+|+}{0:percent()}% 榴弹发射器最小伤害
ITM_Attr_269,17438567620927643,{0:|+|+|+}{0:percent()}% 玛格南最小伤害
ITM_Attr_270,17438567620927644,{0:|+|+|+}{0:percent()}% 手枪最小伤害
ITM_Attr_271,17438567620927645,{0:|+|+|+}{0:percent()}% 等离子炮最小伤害
ITM_Attr_272,17438567620927646,{0:|+|+|+}{0:percent()}% 轨道炮最小伤害
ITM_Attr_273,17438567620927647,{0:|+|+|+}{0:percent()}% 步枪最小伤害
ITM_Attr_274,17438567620927648,{0:|+|+|+}{0:percent()}% 火箭发射器最小伤害
ITM_Name_274,346366143357125,弹片喷射器
ITM_Attr_275,17438567620927650,{0:|+|+|+}{0:percent()}% 冲锋枪最小伤害
ITM_275_HE_0,18226653690847235,每层效果有 15% 的几率在击杀时触发
ITM_Name_275,346366143357127,盒装弹药
ITM_Attr_276,17438567620927649,{0:|+|+|+}{0:percent()}% 霰弹枪最小伤害
ITM_Attr_285,23628790751027204,{0:|+|+|+}{0:percent()}% 步枪近距离伤害
ITM_Attr_286,23628790751027201,{0:+#.##;-#.##;+0} 步枪弹匣容量
ITM_Attr_287,23628790751027202,{0:+#.##;-#.##;+0} 步枪穿透次数
ITM_Attr_288,23628790746832896,{0:|+|+|+}{0:percent()}% 步枪攻速
ITM_Name_288,346366143357129,明胶沙拉
ITM_Attr_289,23913654192693248,{0:|+|+|+}{0:percent()}% 步枪薄弱点伤害
ITM_289_HE_0,18226653690847236,有 5% 的几率在造成伤害时触发
ITM_Name_289,28316283744280578,炼狱头骨
ITM_290_HE_0,18226653690847237,每层效果有 25% 的几率在造成近战伤害时触发
ITM_Name_290,28316283744280579,烈焰利爪
ITM_291_HE_0,18226653690847238,造成伤害时有 10% 的几率触发
ITM_Name_291,28316283744280580,熔核
ITM_292_HE_0,18226653690847239,击杀时触发
ITM_Name_292,28316283744280581,咕叽跳
ITM_Name_293,28316283744280582,黏涎巨口
ITM_294_HE_0,18226653690847240,每层效果有 25% 的几率在造成武器伤害时触发
ITM_Name_294,28316283744280583,黏性内脏
ITM_Attr_295,17438567620927617,{0:|+|+|+}{0:percent()}% 榴弹发射器最大伤害
ITM_Name_295,28316283744280584,冰淇淋三明治
ITM_Attr_296,17438567620927618,{0:|+|+|+}{0:percent()}% 玛格南最大伤害
ITM_Name_296,28316283744280585,永冻尖刺
ITM_Attr_297,17438567620927619,{0:|+|+|+}{0:percent()}% 手枪最大伤害
ITM_297_HE_0,18226653690847241,在换肉时触发
ITM_Name_297,28316283744280586,冷冻之心
ITM_Attr_298,17438567620927620,{0:|+|+|+}{0:percent()}% 等离子炮最大伤害
ITM_298_HE_0,18226653690847242,有 15% 的几率在击杀时触发
ITM_Name_298,28316283744280587,静电充能
ITM_Attr_299,17438567620927621,{0:|+|+|+}{0:percent()}% 轨道炮最大伤害
ITM_Name_299,28316283744280588,风暴之眸
ITM_Attr_300,17438567620927622,{0:|+|+|+}{0:percent()}% 步枪最大伤害
ITM_300_HE_0,18226653690847243,造成电击伤害时触发
ITM_Name_300,28316283744280589,线圈之心
ITM_Attr_301,17438567620927623,{0:|+|+|+}{0:percent()}% 火箭发射器最大伤害
ITM_Attr_302,17438567620927625,{0:|+|+|+}{0:percent()}% 冲锋枪最大伤害
ITM_Name_302,346366143357155,拜见造肉主奖励
ITM_Attr_303,17438567620927624,{0:|+|+|+}{0:percent()}% 霰弹枪最大伤害
ITM_303_HE_0,18226653690847244,造成伤害时触发
ITM_Name_303,28316283744280590,神圣之肉
ITM_Attr_304,17438567620927586,{0:+#.##;-#.##;+0} 猎人主攻击延迟
ITM_Attr_305,17461889725358109,{0:|+|+|+}{0:percent()}% 猎人主攻击延迟
ITM_Attr_306,17438567620927587,{0:+#.##;-#.##;+0} 猎人副攻击延迟
ITM_307_HE_0,18226653690847245,击杀时有 10% 的几率触发
ITM_Name_307,28316283744280591,蜂巢爆发
ITM_Attr_309,17438567620927581,{0:+#.##;-#.##;+0} 猎人攻速
ITM_Name_309,346366143357161,肉形佐德的腿
ITM_Attr_310,17461889725358103,{0:|+|+|+}{0:percent()}% 猎人攻速
ITM_Attr_311,17461889725358104,{0:0.##}x 猎人攻速
ITM_Attr_312,17438567620927582,{0:+#.##;-#.##;+0} 猎人伤害
ITM_Attr_313,17461889725358105,{0:|+|+|+}{0:percent()}% 猎人伤害
ITM_Attr_314,17461889725358106,{0:0.##}x 猎人伤害
ITM_Attr_315,17438567620927585,{0:+#.##;-#.##;+0} 猎人移动速度
ITM_Attr_316,17461889725358107,{0:|+|+|+}{0:percent()}% 猎人移动速度
ITM_Attr_317,17461889725358108,{0:0.##}x 猎人移动速度
ITM_Attr_318,17438567620927628,{0:+#.##;-#.##;+0} 肉耐久度
ITM_Attr_319,17461889725358127,{0:|+|+|+}{0:percent()}% 肉耐久度
ITM_Attr_320,17461889725358128,{0:0.##}x 肉耐久度
ITM_Attr_321,17438567620927627,{0:+#.##;-#.##;+0} 肉类减伤
ITM_Attr_322,17461889725358125,{0:|+|+|+}{0:percent()}% 肉类减伤
ITM_Attr_323,17461889725358126,{0:0.##}x 肉类减伤
ITM_Attr_324,17438567620927541,{0:|+|+|+}{0:percent()}% 二段跳高度
ITM_Name_326,346366143357167,麻痹之握
ITM_Name_327,346366143357169,涡轮增压
ITM_Attr_328,17438567620927548,{0:|+|+|+}{0:percent()}% 电击易伤
ITM_Attr_329,17438567620927561,{0:|+|+|+}{0:percent()}% 火焰易伤
ITM_Attr_330,17438567620927590,{0:|+|+|+}{0:percent()}% 冰霜易伤
ITM_Attr_331,17438567620927598,{0:|+|+|+}{0:percent()}% 动能易伤
ITM_Attr_332,17438567620927677,{0:|+|+|+}{0:percent()}% 黏液易伤
ITM_Name_333,346366143357179,膝盖问题
ITM_Attr_335,17438567620927514,冰冻冷硬目标
ITM_Attr_336,17438567620927632,{0:|+|+|+}{0:percent()}% 近战易伤
ITM_337_HE_0,18226653690847246,丢肉时触发
ITM_Name_337,28316283744280592,真皮装甲
ITM_Attr_338,17438567620927499,{0:|+|+|+}{0:percent()}% 近战攻速
ITM_338_HE_0,18226653690847247,每层效果有 50% 的几率在近战击杀时触发
ITM_Name_338,28316283744280593,西雅图热狗
ITM_Attr_339,17461889721163779,{0:0.##}x 近战攻速
ITM_Attr_340,17438567620927569,{0:+#.##;-#.##;+0} 米矿物探测距离
ITM_Attr_341,17438567620927568,{0:+#.##;-#.##;+0} 米捕鱼裂隙探测距离
ITM_Name_341,28316283744280594,凤凰冠
ITM_Attr_342,17438567620927567,{0:+#.##;-#.##;+0} 米太空食客探测距离
ITM_Attr_343,17438567620927671,{0:+#.##;-#.##;+0} 碎裂伤害
ITM_Name_343,346366147551236,火山碎屑视觉
ITM_Attr_344,17461889725358141,{0:|+|+|+}{0:percent()}% 碎裂伤害
ITM_Attr_345,17461889725358142,{0:0.##}x 碎裂伤害
ITM_Attr_346,17438567620927504,{0:+#.##;-#.##;+0} 灼烧伤害
ITM_Name_346,346366147551240,肉欲
ITM_Attr_347,17461889725358080,{0:|+|+|+}{0:percent()}% 灼烧伤害
ITM_Attr_348,17461889725358081,{0:0.##}x 灼烧伤害
ITM_Name_348,28316283744280595,剩饭
ITM_Attr_349,17438567620927513,{0:|+|+|+}{0:percent()}% 燃爆触发几率
ITM_Attr_350,17438567620927512,{0:+#.##;-#.##;+0} 燃爆伤害
ITM_350_HE_0,18226653690847249,每层效果有 25% 的几率在武器击杀时触发
ITM_Name_350,346366147551244,面包屑
ITM_Attr_351,17461889725358083,{0:|+|+|+}{0:percent()}% 燃爆伤害
ITM_Name_351,346366147551246,大弹匣
ITM_Attr_352,17461889725358084,{0:0.##}x 燃爆伤害
ITM_Name_352,346366147551248,合成香料
ITM_Attr_353,17438567620927550,{0:|+|+|+}{0:percent()}% 电击触发几率
ITM_Name_353,346366147551250,香辣虾
ITM_Attr_354,17438567620927549,{0:+#.##;-#.##;+0} 电击伤害
ITM_Name_354,346366147551252,寿司刀
ITM_Attr_355,17461889725358090,{0:|+|+|+}{0:percent()}% 电击伤害
ITM_355_HE_0,18226653690847250,造成近战伤害时触发
ITM_Name_355,28316283744280596,肉刀
ITM_Attr_356,17461889725358091,{0:0.##}x 电击伤害
ITM_Name_356,346366147551256,喂食狂潮
ITM_Attr_357,17438567620927675,{0:|+|+|+}{0:percent()}% 黏袭效果
ITM_Name_357,346366147551258,慢动作
ITM_Attr_358,17438567620927510,{0:|+|+|+}{0:percent()}% 冷硬减速
ITM_Name_358,28316283744280597,蛋白粉
ITM_Attr_359,17438567625121793,{0:|+|+|+}{0:percent()}% 玛格南薄弱点伤害
ITM_Attr_360,17438567625121794,{0:|+|+|+}{0:percent()}% 手枪薄弱点伤害
ITM_Name_360,346366147551262,鸡腿
ITM_Attr_361,17438567625121795,{0:|+|+|+}{0:percent()}% 霰弹枪薄弱点伤害
ITM_Name_361,346366147551264,香辣鸡胸肉
ITM_Attr_362,17438567625121796,{0:|+|+|+}{0:percent()}% 冲锋枪薄弱点伤害
ITM_Name_362,346366147551266,明晰
ITM_Attr_363,17438567620927537,{0:|+|+|+}{0:percent()}% 榴弹发射器直接命中伤害
ITM_363_HE_0,18226653690847251,有 15% 的几率在造成远距离伤害时触发
ITM_Name_363,16146637997989888,远距离特定
ITM_Attr_364,17438567620927538,{0:|+|+|+}{0:percent()}% 等离子炮直接命中伤害
ITM_364_HE_0,18226653690847252,有 15% 的几率在造成近距离伤害时触发
ITM_Name_364,16146638002184192,近距离特定
ITM_Attr_365,17438567620927539,{0:|+|+|+}{0:percent()}% 火箭发射器直接命中伤害
ITM_365_HE_0,18226653690847253,造成薄弱点伤害时有 25% 的几率触发
ITM_Name_365,28316283744280598,破片手指
ITM_Attr_366,17438567620927682,{0:|+|+|+}{0:percent()}% 步枪散布恢复速度
ITM_Name_366,346366147551274,水果维生素
ITM_Attr_367,17438567625121798,{0:|+|+|+}{0:percent()}% 步枪武器精度
ITM_Name_367,346366147551276,肉汁快车
ITM_Attr_368,17438567620927605,{0:|+|+|+}{0:percent()}% 轨道炮远距离伤害
ITM_368_HE_0,18226653690847254,快速装填成功时有 10% 的几率触发
ITM_Name_368,28316283744280599,脊椎壳
ITM_Attr_369,17438567620927607,{0:+#.##;-#.##;+0} 轨道炮弹匣容量
ITM_Name_369,346366147551280,静电冲击
ITM_Attr_370,17438567620927558,{0:|+|+|+}{0:percent()}% 等离子枪爆炸半径
ITM_Attr_371,21253799095033856,{0:|+|+|+}{0:percent()}% 手枪装填窗口大小
ITM_371_HE_0,18226653690847255,有 5% 的几率在造成伤害时触发
ITM_Name_371,28316283744280600,雷霆胸腔
ITM_Attr_372,21255839816867840,{0:|+|+|+}{0:percent()}% 手枪暴击几率
ITM_Name_372,346366147551284,冰川充能
ITM_Attr_373,21257451205550080,{0:+#.##;-#.##;+0} 手枪弹匣容量
ITM_Name_373,346366147551286,冰川精通
ITM_Attr_374,21258827750957056,{0:|+|+|+}{0:percent()}% 手枪武器精度
ITM_374_HE_0,18226653690847256,造成近战武器伤害时触发
ITM_Name_374,28316283744280601,结壳雪人眼
ITM_Attr_375,21259953611202560,{0:+#.##;-#.##;+0} 手枪攻击范围
ITM_Attr_376,21265502662811648,{0:|+|+|+}{0:percent()}% 手枪攻速
ITM_Attr_377,21266579567140864,{0:|+|+|+}{0:percent()}% 手枪暴击伤害
ITM_Attr_378,21267581485703168,{0:+#.##;-#.##;+0} 手枪穿透次数
ITM_Name_378,28316283744280602,轰炸核心
ITM_Attr_379,21268790338641920,{0:|+|+|+}{0:percent()}% 手枪近距离伤害
ITM_Attr_380,21268790334447616,{0:|+|+|+}{0:percent()}% 手枪远距离伤害
ITM_Attr_381,23628790751027203,{0:|+|+|+}{0:percent()}% 手枪触发效果几率
ITM_Attr_382,23628790746832898,{0:|+|+|+}{0:percent()}% 步枪暴击伤害
ITM_Attr_383,23628790746832897,{0:|+|+|+}{0:percent()}% 步枪暴击几率
ITM_Attr_384,23628790751027200,{0:|+|+|+}{0:percent()}% 步枪远距离伤害
ITM_Attr_385,24508636515524608,{0:|+|+|+}{0:percent()}% 玛格南攻速
ITM_Attr_386,24512006886252544,{0:|+|+|+}{0:percent()}% 玛格南暴击几率
ITM_Attr_387,24512006890446848,{0:|+|+|+}{0:percent()}% 玛格南暴击伤害
ITM_Attr_388,24734712562966528,{0:|+|+|+}{0:percent()}% 玛格南武器精度
ITM_Attr_389,24734712558772224,{0:|+|+|+}{0:percent()}% 玛格南装填窗口大小
ITM_Attr_390,24738876634423296,{0:+#.##;-#.##;+0} 玛格南弹匣容量
ITM_Attr_391,24741585584381952,{0:|+|+|+}{0:percent()}% 玛格南触发效果几率
ITM_Attr_392,24756431059148800,{0:|+|+|+}{0:percent()}% 等离子炮攻速
ITM_Name_392,346366147551296,屠夫的腿
ITM_Attr_393,24756431059148801,{0:|+|+|+}{0:percent()}% 等离子炮暴击几率
ITM_Attr_394,24756431059148802,{0:|+|+|+}{0:percent()}% 等离子炮暴击伤害
ITM_Name_394,28316283744280603,火山碎屑流
ITM_Attr_395,24756431063343107,{0:|+|+|+}{0:percent()}% 等离子炮装填窗口大小
ITM_Attr_396,24756431063343104,{0:+#.##;-#.##;+0} 等离子炮弹匣容量
ITM_396_HE_0,18226653690847258,有 25% 的几率在造成伤害时触发
ITM_Name_396,28316283744280604,节制
ITM_Attr_397,24756431063343105,{0:|+|+|+}{0:percent()}% 等离子炮触发效果几率
ITM_Name_397,28316283744280605,心理磁疗
ITM_Attr_398,24756431063343106,{0:|+|+|+}{0:percent()}% 等离子炮投射物速度 
ITM_Attr_399,24759307705769984,{0:|+|+|+}{0:percent()}% 等离子炮范围伤害
ITM_Attr_400,24766997932793856,{0:+#.##;-#.##;+0} 霰弹枪穿透次数
ITM_Name_400,346366147551306,冰川之脉
ITM_Attr_401,24771101572718593,{0:|+|+|+}{0:percent()}% 霰弹枪暴击几率
ITM_Attr_402,24771101572718594,{0:|+|+|+}{0:percent()}% 霰弹枪暴击伤害
ITM_Attr_403,24771101576912896,{0:|+|+|+}{0:percent()}% 霰弹枪触发效果几率
ITM_Attr_404,24771101572718595,{0:+#.##;-#.##;+0} 霰弹枪弹匣容量
ITM_Attr_405,24771101576912898,{0:|+|+|+}{0:percent()}% 霰弹枪近距离伤害
ITM_Attr_406,24771101568524288,{0:+#.##;-#.##;+0} 霰弹枪攻击范围
ITM_Attr_407,24771101572718592,{0:|+|+|+}{0:percent()}% 霰弹枪攻速
ITM_Attr_408,24771101576912897,{0:|+|+|+}{0:percent()}% 霰弹枪装填窗口大小
ITM_Attr_409,24776968426741764,{0:|+|+|+}{0:percent()}% 轨道炮触发效果几率
ITM_Attr_410,24776968426741761,{0:|+|+|+}{0:percent()}% 轨道炮暴击几率
ITM_Attr_411,24776968426741762,{0:|+|+|+}{0:percent()}% 轨道炮暴击伤害
ITM_Attr_412,24776968430936064,{0:|+|+|+}{0:percent()}% 轨道炮装填窗口大小
ITM_Attr_413,24776968426741763,{0:+#.##;-#.##;+0} 轨道炮穿透次数
ITM_Attr_414,24776968426741760,{0:|+|+|+}{0:percent()}% 轨道炮攻速
ITM_Attr_415,24776968430936066,{0:|+|+|+}{0:percent()}% 轨道炮薄弱点伤害
ITM_Attr_416,24776968422547456,{0:+#.##;-#.##;+0} 轨道炮攻击范围
ITM_Attr_417,24776968430936065,{0:|+|+|+}{0:percent()}% 轨道炮近距离伤害
ITM_Attr_418,24791651242205186,{0:|+|+|+}{0:percent()}% 火箭发射器暴击几率
ITM_Attr_419,24791651246399488,{0:|+|+|+}{0:percent()}% 火箭发射器暴击伤害
ITM_Attr_420,24791651246399490,{0:+#.##;-#.##;+0} 火箭发射器弹匣容量
ITM_Attr_421,24791651246399492,{0:|+|+|+}{0:percent()}% 火箭发射器投射物速度
ITM_Attr_422,24791651242205185,{0:|+|+|+}{0:percent()}% 火箭发射器攻速
ITM_Attr_423,24791651246399491,{0:|+|+|+}{0:percent()}% 火箭发射器触发效果几率
ITM_Attr_424,24791651246399489,{0:|+|+|+}{0:percent()}% 火箭发射器爆炸半径
ITM_Attr_425,24791651242205184,{0:|+|+|+}{0:percent()}% 火箭发射器范围伤害
ITM_Attr_426,24900049224851457,{0:|+|+|+}{0:percent()}% 榴弹发射器暴击几率
ITM_Attr_427,24900049224851458,{0:|+|+|+}{0:percent()}% 榴弹发射器暴击伤害
ITM_Attr_428,24900049224851456,{0:|+|+|+}{0:percent()}% 榴弹发射器攻速
ITM_Attr_429,24900049229045763,{0:|+|+|+}{0:percent()}% 榴弹发射器投射物速度
ITM_Attr_430,24900049229045764,{0:|+|+|+}{0:percent()}% 榴弹发射器装填窗口大小
ITM_Name_430,346366147551350,食肉男孩的腿
ITM_Attr_431,24900049229045761,{0:+#.##;-#.##;+0} 榴弹发射器弹匣容量
ITM_431_HE_0,18226653690847259,在屏障受损时触发
ITM_Name_431,346366147551352,骨甲反射 (火焰)
ITM_Attr_432,24900049229045760,{0:|+|+|+}{0:percent()}% 榴弹发射器爆炸半径
ITM_Name_432,346366147551354,骨甲反射 (黏液)
ITM_Attr_433,24900049229045762,{0:|+|+|+}{0:percent()}% 榴弹发射器触发效果几率
ITM_Name_433,346366147551356,骨甲反射 (冰霜)
ITM_Attr_434,25748331929001984,{0:|+|+|+}{0:percent()}% 榴弹发射器范围伤害
ITM_Name_434,346366147551358,骨甲反射 (电击)
ITM_Attr_435,25748331937390592,{0:|+|+|+}{0:percent()}% 轨道炮范围伤害
ITM_Name_435,346366147551360,骨甲反射 (动能)
ITM_Attr_436,25748331937390593,{0:|+|+|+}{0:percent()}% 轨道炮爆炸半径
ITM_Attr_437,26114264799371264,{0:+#.##;-#.##;+0} 猎人生命值
ITM_Attr_438,26114264803565568,{0:0.##}x 猎人生命值
ITM_Attr_439,26122126309187584,{0:+#.##;-#.##;+0} 猎人生命恢复
ITM_Attr_440,26122126313381888,{0:0.##}x 猎人生命恢复
ITM_Attr_441,28553671907450880,{0:0.##}x 刷新间隔
ITM_Attr_442,28711131483725824,{0:+#.##;-#.##;+0} 近战暴击几率
ITM_Attr_443,28711131492114432,{0:|+|+|+}{0:percent()}% 近战暴击几率
ITM_Attr_444,28711131492114433,{0:0.##}x 近战暴击几率
ITM_Attr_445,28711131492114434,{0:+#.##;-#.##;+0} 近战暴击伤害
ITM_Name_445,346366147551378,屠宰步法 (火焰)
ITM_Attr_446,28711131492114435,{0:|+|+|+}{0:percent()}% 近战暴击伤害
ITM_Name_446,346366147551380,屠宰步法 (冰霜)
ITM_Attr_447,28711131492114436,{0:0.##}x 近战暴击伤害
ITM_Name_447,346366147551382,屠宰步法 (电击)
ITM_Attr_448,28711131492114437,{0:+#.##;-#.##;+0} 击退距离
ITM_Name_448,346366147551384,屠宰步法 (黏液)
ITM_Attr_449,28711131492114439,{0:|+|+|+}{0:percent()}% 击退距离
ITM_Name_449,346366147551386,能量汲取 (动能)
ITM_Attr_450,28711131492114441,{0:0.##}x 击退距离
ITM_Name_450,346366147551388,能量汲取 (冰霜)
ITM_Attr_451,28711131492114438,{0:+#.##;-#.##;+0} 近战击退距离
ITM_Name_451,346366147551390,能量汲取 (火焰)
ITM_Attr_452,28711131492114440,{0:|+|+|+}{0:percent()}% 近战击退距离
ITM_Name_452,346366147551392,能量汲取 (黏液)
ITM_Attr_453,28711131492114442,{0:0.##}x 近战击退距离
ITM_Name_453,346366147551394,能量汲取 (电击)
ITM_Attr_454,28958566212935680,{0:0.##}x Boss 生命值
ITM_Name_454,346366147551396,丁古斯方程式腿
ITM_Attr_455,31508239826001920,{0:0.##}x 敌人密度
ITM_Name_455,346366147551398,膨胀的宇宙
ITM_Attr_456,32668876866297856,{0:|+|+|+}{0:percent()}% 友方事件设施生命值
ITM_Attr_457,32668876891463680,{0:|+|+|+}{0:percent()}% 友方事件设施生命恢复
ITM_Attr_458,32672250860904448,{0:0.##}x 玩家事件设施生命值
ITM_Attr_461,35944488173035523,{0:+#.##;-#.##;+0} 玩家事件设施生命恢复
ITM_Attr_462,35944488173035521,{0:|+|+|+}{0:percent()}% 每张卡片获得的采集节点积分
ITM_Attr_463,35944488173035522,{0:0.##}x 每张卡片获得的采集节点积分
ITM_Attr_464,35944488173035524,{0:|+|+|+}{0:percent()}% 兰格斯和给力滋奖励
ITM_Attr_465,35944488173035525,{0:0.##}x 兰格斯和给力滋奖励
ITM_Attr_466,35944488168841216,{0:0.##}x 敌方事件设施生命值
ITM_Attr_467,35944488173035520,{0:0.##}x 敌方事件设施生命恢复
ITM_Attr_468,36192743306592256,{0:+#.##;-#.##;+0} 敌方行动受限标识
ITM_Attr_476,51150823332241417,{0:+#.##;-#.##;+0} 迷你 Boss 生命恢复
ITM_Attr_477,51150823332241418,{0:|+|+|+}{0:percent()}% 迷你 Boss 生命恢复
ITM_Attr_478,51150823332241419,{0:0.##}x 迷你 Boss 生命恢复
ITM_Attr_479,51150823332241408,{0:+#.##;-#.##;+0} 迷你 Boss 攻速
ITM_Attr_480,51150823332241409,{0:|+|+|+}{0:percent()}% 迷你 Boss 攻速
ITM_Attr_481,51150823332241410,{0:0.##}x 迷你 Boss 攻速
ITM_Attr_482,51150823332241411,{0:+#.##;-#.##;+0} 迷你 Boss 伤害
ITM_Attr_483,51150823332241412,{0:|+|+|+}{0:percent()}% 迷你 Boss 伤害
ITM_Attr_484,51150823332241413,{0:0.##}x 迷你 Boss 伤害
ITM_Attr_485,51192819124002824,{0:+#.##;-#.##;+0} 动能抗性
ITM_Attr_486,51192819124002825,{0:|+|+|+}{0:percent()}% 动能抗性
ITM_Attr_487,51192819124002826,{0:0.##}x 动能抗性
ITM_Attr_488,51192819124002818,{0:+#.##;-#.##;+0} 火焰抗性
ITM_Attr_489,51192819124002819,{0:|+|+|+}{0:percent()}% 火焰抗性
ITM_Attr_490,51192819124002820,{0:0.##}x 火焰抗性
ITM_Name_490,346366147551464,鳕玉棒增益
ITM_Attr_491,51192819124002821,{0:+#.##;-#.##;+0} 冰霜抗性
ITM_Attr_492,51192819124002822,{0:|+|+|+}{0:percent()}% 冰霜抗性
ITM_Attr_493,51192819124002823,{0:0.##}x 冰霜抗性
ITM_Attr_494,51192819115614208,{0:+#.##;-#.##;+0} 电击抗性
ITM_Name_494,346366147551468,眼神搜查
ITM_Attr_495,51192819124002816,{0:|+|+|+}{0:percent()}% 电击抗性
ITM_Name_495,346366147551470,C-Cap 躯干
ITM_Attr_496,51192819124002817,{0:0.##}x 电击抗性
ITM_Attr_497,51192819128197120,{0:+#.##;-#.##;+0} 黏液抗性
ITM_Name_497,346366147551474,风行增益 (电击)
ITM_Attr_498,51192819128197121,{0:|+|+|+}{0:percent()}% 黏液抗性
ITM_Name_498,346366147551476,风行增益 (火焰)
ITM_Attr_499,51192819128197122,{0:0.##}x 黏液抗性
ITM_Name_499,346366147551478,风行增益 (冰霜)
ITM_Attr_500,51228348767989760,{0:0.##}x 弗兰肯豆肉管破坏伤害
ITM_Name_500,346366147551480,风行增益 (黏液)
ITM_Attr_501,51228348763795458,{0:0.##}x Boss 设施生命值
ITM_Name_501,346366147551482,风行增益 (动能)
ITM_Attr_502,51228348763795459,{0:0.##}x Boss 薄弱点伤害
ITM_Name_502,346366147551484,忍者印记增益 (动能)
ITM_Attr_503,51228348763795456,{0:0.##}x Boss 移动速度
ITM_Attr_504,51228348751212544,{0:0.##}x Boss 小兵数量
ITM_Attr_505,51228348763795457,{0:0.##}x Boss 定点肉块刷新时间
ITM_Attr_506,54003789702397952,{0:|+|+|+}{0:percent()}% 肉掉落几率
ITM_Name_510,346366151745540,掘地
ITM_Name_511,346366151745542,碾压飞碟的腿
ITM_Name_523,346366151745564,反立法终结者
ITM_Name_525,346366151745568,装填冲锋枪
ITM_Name_526,346366151745570,黄金子弹
ITM_Name_528,346366151745574,迅捷 I
ITM_Name_535,346366151745588,黏液精通 I
ITM_Name_536,346366151745590,冰霜精通 I
ITM_Name_537,346366151745592,动能精通 I
ITM_Name_538,346366151745594,电击精通 I
ITM_Name_540,346366151745598,远距离精通 I
ITM_Name_541,346366151745600,近距离精通 I
ITM_Name_542,346366151745602,攻击精通 I
ITM_Name_558,346366151745634,加油站牡蛎
ITM_Name_559,346366151745636,鼠奶
ITM_Name_560,346366151745638,牛肉蒜香虾
ITM_Name_561,346366151745640,超市寿司
ITM_Name_562,346366151745642,近战精通 I
ITM_Name_563,346366151745644,西雅图热狗增益
ITM_Name_564,346366151745646,乌鸦蛋
ITM_Name_565,346366151745648,朗姆火腿
ITM_Name_566,346366151745650,动能精通 II
ITM_Name_567,28316283748474880,荆棘头骨
ITM_Name_568,28316283748474881,帕玛森芝士虾仁
ITM_Name_569,346366151745656,肌肉男躯干被动
ITM_Name_570,346366151745658,忍者躯干被动
ITM_Name_572,346366151745662,热火腿汤
ITM_Name_573,346366151745664,鸡肉刺身
ITM_Name_574,346366151745666,这才叫真果汁
ITM_Name_575,346366151745668,肉制棒棒冰
ITM_Name_576,346366151745670,异国人腰带
ITM_Name_577,346366151745672,秃鹫蜂蜜肉蜂蜜
ITM_Name_578,346366151745674,肉汁魔法药
ITM_Name_579,346366151745676,嗨心软糖
ITM_Name_580,346366151745678,溶解药剂
ITM_Name_581,346366151745680,泥浆奶油甜筒
ITM_Name_583,346366151745684,忍者印记增益 (火焰)
ITM_Name_584,346366151745686,忍者印记增益 (冰霜)
ITM_Name_585,346366151745688,忍者印记增益 (电击)
ITM_Name_586,346366151745690,忍者印记增益 (黏液)
ITM_Name_587,346366151745692,元素之力 I
ITM_Name_588,346366151745694,没错，防御能行
ITM_Name_589,346366151745696,脑力汲取 (电击)
ITM_Name_590,346366151745698,脑力汲取 (火焰)
ITM_Name_591,346366151745700,脑力汲取 (冰霜)
ITM_Name_592,346366151745702,脑力汲取 (动能)
ITM_Name_593,346366151745704,脑力汲取 (黏液)
ITM_Name_594,346366151745706,打地鼠奖励
ITM_596_HE_0,18226653695041537,在武器切换时触发
ITM_Name_596,28316283748474882,鳕玉棒
ITM_Name_597,346366151745712,五色诅咒
ITM_Name_598,346366151745714,屠夫疗愈 T1
ITM_Name_599,346366151745716,屠夫疗愈 T2
ITM_Name_600,346366151745718,屠夫治疗 T3
ITM_601_HE_0,18226653695041538,"用武器击杀 <#FFEB04><link=""Keyword:3"">[冷硬]</link></color> 目标时有 15% 的几率触发"
ITM_Name_601,28316283748474883,雪肉团
ITM_Name_603,1484724542365696,风行速度
ITM_Name_604,1849357526622208,残酷的诅咒
ITM_Name_609,4779317228724224,冷冻糖果增益
ITM_Name_610,5102145664704512,副手 I
ITM_Name_611,5102145664704514,副手 II
ITM_Name_612,5102145664704516,副手 III
ITM_Name_613,5102145664704518,技能充能 I
ITM_Name_614,5102145664704520,技能充能 II
ITM_Name_615,5102145664704522,技能充能 III
ITM_Name_617,5471888120733696,考古 I
ITM_Name_618,5471888120733698,考古 II
ITM_Name_619,5471888120733700,考古 III
ITM_Name_620,5471888120733702,捕鱼 I
ITM_Name_621,5471888120733704,捕鱼 II
ITM_Name_622,5471888120733706,捕鱼 III
ITM_Name_623,5471888120733708,地质 I
ITM_Name_624,5471888120733710,地质 II
ITM_Name_625,5471888120733712,地质 III
ITM_626_HE_0,18935442668773376,有 50% 的几率在击杀时触发
ITM_Name_626,5471888120733714,警长 I
ITM_627_HE_0,18935442672967680,有 75% 的几率在击杀时触发
ITM_Name_627,5471888120733716,警长 II
ITM_Name_628,5471888120733718,警长 III
ITM_629_HE_0,18935442672967681,有 15% 的几率在近战击杀时触发
ITM_Name_629,5925295726981120,屠夫 I
ITM_630_HE_0,18935442672967682,有 20% 的几率在近战击杀时触发
ITM_Name_630,5925295726981122,屠夫 II
ITM_631_HE_0,18935442672967683,有 25% 的几率在近战击杀时触发
ITM_Name_631,5925295726981124,屠夫 III
ITM_632_HE_0,18935442672967684,远程武器击杀时触发
ITM_Name_632,28316283748474884,屠戮者 I
ITM_Name_633,5925295726981128,屠戮者增益 I
ITM_Name_634,5925295726981130,屠戮者增益 II
ITM_Name_635,5925295726981132,屠戮者增益 III
ITM_Name_636,28316283748474885,屠戮者 II
ITM_Name_637,28316283748474886,屠戮者 III
ITM_Name_638,9851941352890368,爆破 I
ITM_Name_639,9851941352890369,爆破 II
ITM_Name_640,9851941352890370,爆破 III
ITM_Name_641,9965603942031360,碎裂的诅咒
ITM_Name_644,10231597377773568,肉丸 I
ITM_Name_645,10231597377773569,肉丸 II
ITM_Name_646,10231597377773570,肉丸 III
ITM_Name_651,13470112974626816,技能精通 I
ITM_Name_659,14836559116476416,狂怒猎人之握
ITM_Name_982,39085048019582976,蛛丝缠绕
ITM_Name_984,40359174763175936,空心充能 I
ITM_Name_985,40359174763175937,空心充能 II
ITM_Name_986,40359174763175938,空心充能 III
ITM_Name_987,40994790945316864,汉堡翻面高手 I
ITM_Name_988,40994790945316865,小兵统御者 I
ITM_Name_989,40994790945316866,游泳健将 I
ITM_Name_990,40994790945316867,汉堡翻面高手 II
ITM_Name_991,40994790945316868,小兵统御者 II
ITM_Name_992,40994790945316869,游泳健将 II
ITM_Name_993,40994790945316870,汉堡翻面高手 III
ITM_Name_994,40994790945316871,小兵统御者 III
ITM_Name_995,40994790945316872,游泳健将 III
LSB_0,33717200404602880,正在编译着色器变体 [2/4096]
LSB_1,33717200408797184,不好意思，刚才在蹲茅房...
LSB_10,33717200408797193,洛基，快上哈维斯塔！
LSB_11,33717200408797194,让肉动起来，梦想就会动起来...
LSB_12,33717200408797195,欢迎来到《Swapmeat》，我爱你...
LSB_13,33717200408797196,向肉海姆进发！
LSB_14,33717200408797197,再来说说肉类...
LSB_15,33717200408797198,世界就像加油站的牡蛎...
LSB_16,33717200408797199,我是一根肉制棒棒冰...
LSB_17,33717200408797200,来尝尝吧...
LSB_18,33717200408797201,你想跟我换点肉吗？
LSB_19,33717200408797202,我们也有肉...
LSB_2,33717200408797185,大家干得棒极了...
LSB_20,33717200408797203,用打败敌人的肉来换你的肉...
LSB_21,33717200408797204,给力滋特饮拥有变异体渴望的东西！
LSB_22,33717200408797205,正在进一步优化图形...
LSB_23,33717200408797206,再见啦，太空肉仔...
LSB_24,33717200408797207,多巴胺涌入...
LSB_25,33717200408797208,嗨起来吧，肉食爱好者们！
LSB_26,33717200408797209,要不要在这里放点玩法提示？算了吧...
LSB_27,33717200408797210,一切都如此清晰，我知道该往哪里走！
LSB_28,33717200408797211,多美好的一天啊，正适合宅在家里...
LSB_29,33717200408797212,抓紧你肉肉的脸蛋儿...
LSB_3,33717200408797186,六边形依然是天下第一形...
LSB_30,33717200408797213,戏肉来了...
LSB_31,33717200408797214,换肉得超能力，这也太棒了...
LSB_32,33717200408797215,您的肉对我们非常重要，请稍候...
LSB_33,33717200408797216,他们看见我在加载，我们只能耐心等待...
LSB_34,33717200408797217,它有点狂野，也有点怪异...
LSB_35,33717200408797218,完美肉体已激活...
LSB_36,33717200408797219,秀出你的本事...
LSB_37,33717200408797220,消息之后，我们马上回来...
LSB_38,33717200408797221,我喜欢乌龟...
LSB_39,33717200408797222,游戏开始...
LSB_4,33717200408797187,好模糊...
LSB_40,33717200408797223,以铝之威力穿梭星球之间...
LSB_41,33717200408797224,兰格斯会做肉，我们会跳舞...
LSB_42,33717200408797225,看来肉又回到菜单上了...
LSB_43,33717200408797226,没有哪块牛排能飞出我们的手心...
LSB_44,33717200408797227,哦耶，现在才是真正的烹饪...
LSB_45,33717200408797228,杀个痛快，闪闪发光...
LSB_46,33717200408797229,我们得聊聊你的装扮...
LSB_47,33717200408797230,我是一个小肉袋，又矮又壮...
LSB_48,33717200408797231,要善待彼此...
LSB_49,33717200408797232,兰格斯：一切尽在肉里！
LSB_5,33717200408797188,砰，宝贝！
LSB_50,33717200408797233,总之，我开始猛烈射击...
LSB_51,33717200408797234,我的鼠奶把附近的老鼠都引到院子里来了...
LSB_52,33717200408797235,向母舰致敬...
LSB_53,33717200408797236,兄弟们，尽情狂欢吧...
LSB_54,33717200408797237,火热来袭...
LSB_55,33717200408797238,请吉格尔·普拉姆斯博士来处理用户体验紧急情况...
LSB_56,33717200408797239,肉铺刚来电话，他们家最缺的就是你这块肉！
LSB_57,33717200408797240,涡轮时间到！！！
LSB_58,33717200408797241,我们都在找写这些文字的那个人...
LSB_59,33717200408797242,我想要兰格斯肉食！
LSB_6,33717200408797189,很高兴认识你...
LSB_60,33717200408797243,手速狂飙，快到警察叔叔想抓我！
LSB_61,33717200408797244,正在加载 OmgQuoteFile.txt...
LSB_62,33717200408797245,再见，谢谢所有的鱼和裂隙...
LSB_63,33717200408797246,永不放弃，永不投降...
LSB_64,33717200408797247,永远不要跟我谈概率...
LSB_65,33791349307203584,现在欢乐即将开始...
LSB_66,44278023992631296,传奇仍在继续...
LSB_67,49081405366329344,兰格斯肉食对任何产品误用行为概不负责...
LSB_68,49081405366329345,兰格斯肉食。我们拯救了银河系。不用谢...
LSB_7,33717200408797190,团队里没有“我”，但有肉...
LSB_8,33717200408797191,你吃什么肉，你就是什么肉...
LSB_9,33717200408797192,这游戏自己都能跑起来...
MEH_Desc_14,44292824242688000,你是不是忘了装什么东西？下次记得正确安装。
MEH_Name_14,346366151745722,空肉头
MEH_Desc_48,44292824276242432,谁想来点小零食？
MEH_Name_48,346366151745724,碳烤鬼厨头
MEH_Desc_49,44292824276242433,我的天哪！你从哪儿弄来的... 算了。
MEH_Name_49,346366151745726,香肠眼头
MEH_Desc_50,44292824276242434,大家都很喜欢你留下的礼物。
MEH_Name_50,346366151745728,矿工头
MEH_Desc_51,44292824276242435,你做出来的肉汁不结块！
MEH_Name_51,346366151745730,掷弹兵头
MEH_Desc_53,44292824276242436,这肯定不卫生。
MEH_Name_53,19687531120418816,火鸡眼的头
MEH_Desc_54,44292824276242437,谁是你爸爸？
MEH_Name_54,346366151745734,健美老爹头
MEH_Desc_55,44292824276242438,手里剑，手里剑，手里剑，哇！
MEH_Name_55,346366151745736,忍者头
MEH_Desc_56,44292824276242439,你的脸长出了胳膊。在其他游戏中，这会显得很奇怪。
MEH_Name_56,346366151745738,章鱼头
MEH_Desc_57,44292824276242440,免费赠送悬浮炮塔。
MEH_Name_57,346366151745740,飞行员头
MEH_Desc_58,44292824276242441,你的脑袋是火箭？这怎么可能？
MEH_Name_58,346366151745742,火箭头
MEH_Desc_59,44292824276242442,啊，瞧瞧这张令千艘战舰沉没的脸！
MEH_Name_59,346366151745744,舷炮射手的头
MEH_Desc_60,43539132193894400,所有员工标配的智能肉头。
MEH_Name_60,346366151745746,兰格斯员工头
MEH_Desc_61,44292824276242443,世界就是你的痰盂。尽情享用吧。
MEH_Name_61,19687531128807424,电刺蜂人头
MEH_Desc_62,44292824276242444,你可能会觉得眼睛应该在这里。但事实并非如此。
MEH_Name_62,346366151745750,独眼肉魔头
MEH_Desc_63,44292824276242445,地面控制中心呼叫肉长官...
MEH_Name_63,346366151745752,兰格斯经理头
MEH_Desc_64,44292824276242446,即使对我们来说，这也太恶心了。
MEH_Name_64,346366151745754,弗兰肯茎头
MEH_Desc_65,44292824276242447,要是石脑袋能敲脑袋，那石脑袋能敲多少个脑袋？
MEH_Name_65,15651248710606848,石脑袋头
MEH_Desc_66,44292824276242448,没错，全是肉。还有别的问题吗？
MEH_Name_66,346366151745758,炮塔头
MEH_Desc_67,44292824276242449,要理解外星人，先要像外星人那样思考。
MEH_Name_67,346366151745760,外星人头
MEH_Desc_68,44292824276242450,往怪物群里丢一坨黏球。
MEH_Name_68,346366151745762,黏投怪头
MEH_Desc_69,44292824276242451,一张只有母亲才能看的脸... 不，连她都不行。
MEH_Name_69,346366151745764,土包子头
MEH_Desc_70,44292824276242452,释放破坏力。
MEH_Name_70,346366151745766,高脚镭射怪头
MEH_Desc_71,44292824276242453,扔出去！快扔出去！
MEH_Name_71,346366151745768,折叠椅头
MEH_Desc_72,43507558438072320,由卡尔·兰格斯亲自授予那些第一个冲进去的人。
MEH_Name_72,31000223307259904,嘎嘎特遣队员头
MEH_Desc_73,43507558467432448,颅脑损伤加剧的情况，目前尚未得到证实。
MEH_Name_73,33737058423312384,爆浆脑花头
MEH_Desc_74,43507558467432449,康纳·欧麦利为了换取兰格斯提供的终身食物供应，把自己的肖像权签了出去。他没读合同。
MEH_Name_74,34043328225251328,康纳·欧麦利面具头
MEH_Desc_75,44292824276242454,里面那个小家伙是谁？别问，问就是不知道。
MEH_Name_75,41673761746227200,兰格斯飞行员头
MEL_Desc_25,346366155939841,有人明显没练腿。
MEL_Name_25,346366155939840,空肉腿
MEL_Desc_35,44292824276242455,全速前进。
MEL_Desc_36,44292824276242456,身轻如蝶，杀戮如狂蜂。
MEL_Name_36,346366155939844,碳烤鬼厨腿
MEL_Desc_37,44292824276242457,烧胎起步，碾碎弱鸡。
MEL_Name_37,346366155939846,暴走肉轮腿
MEL_Desc_38,44292824276242458,双跳上天，小楼轻松越。
MEL_Name_38,346366155939848,健美老爹腿
MEL_Desc_39,44292824276242459,踩着空气走路，就像下面真有东西一样。
MEL_Desc_40,44292824276242460,陆地海里都能用，休闲正装都能搭。
MEL_Name_40,346366155939852,章鱼腿
MEL_Desc_41,44292824276242461,啊哈，是谁在欣赏我这对强壮的大腿？
MEL_Name_41,346366155939854,舷炮射手的腿
MEL_Desc_42,44292824276242462,你的前辈们代代相传。没准真的是人传人哦。
MEL_Name_42,346366155939856,兰格斯员工腿
MEL_Desc_43,44292824276242463,我说你让人发毛，不是说你是变态。这两者差了一点点。
MEL_Name_43,19687531128807427,悚行蛛腿
MEL_Desc_44,44292824276242464,这下面没长眼睛。也许这样最好。
MEL_Name_44,19687531128807428,独眼肉魔腿
MEL_Desc_45,44292824276242465,身经百战，卡尔亲测。
MEL_Name_45,346366155939862,兰格斯研究员腿
MEL_Desc_46,44292824276242466,上面天气怎么样？
MEL_Name_46,346366155939864,高脚镭射怪腿
MEL_Desc_47,44292824276242467,谁是可爱的小挖掘机？是你！
MEL_Name_47,346366155939866,土包子腿
MEL_Desc_48,44292824276242468,你为什么还像个傻瓜一样到处晃悠？
MEL_Name_48,346366155939868,牧马人腿
MEL_Desc_49,44292824276242469,是的，是肉。全是肉。这个我们已经讨论过了。
MEL_Name_49,19687531128807429,唐古斯赛车手的腿
MET_Desc_15,346366155939873,没身体，没问题。
MET_Name_15,346366155939872,空肉躯干
MET_Desc_153,44292824276242470,噢噢噢，好吓人哟！
MET_Name_153,346366155939874,碳烤鬼厨躯干
MET_Desc_154,44292824276242471,你自己就是一个行走的爆炸源。
MET_Name_154,346366155939876,掷弹兵躯干
MET_Desc_157,44292824276242472,赠送免费烩肉！(部分星球不参与活动。)
MET_Name_157,346366155939878,暴走肉轮躯干
MET_Desc_158,44292824276242473,转起来吧，老豆！
MET_Name_158,346366155939880,健美老爹躯干
MET_Desc_162,44292824276242474,这些剑是从哪里来的？谁知道呢？
MET_Name_162,346366155939882,忍者躯干
MET_Desc_164,44292824276242475,谁有火箭？你有火箭！
MET_Desc_166,44292824276242476,啊，看看我这隆起的二头肌！
MET_Name_166,346366155939886,舷炮射手躯干
MET_Desc_167,43539132223254528,历代肉类科学家都穿过这款。
MET_Name_167,346366155939888,兰格斯员工躯干
MET_Desc_178,44292824276242477,嗖嗖嗖！电光四射！
MET_Name_178,19687531133001729,电刺蜂人躯干
MET_Desc_183,44292824276242478,别的游戏里只在头上长眼睛，我们可不一样！
MET_Name_183,346366155939892,独眼肉魔躯干
MET_Desc_187,44292824276242479,投放可爱的行走炸弹。咔哒咔哒，轰！
MET_Name_187,346366155939894,盒子脸的躯干
MET_Desc_189,44292824276242480,经典款。
MET_Name_189,346366155939896,兰格斯研究员躯干
MET_Desc_190,346366155939899,占据高地。
MET_Name_190,346366155939898,塔楼躯干
MET_Desc_191,44292824276242481,把你的敌人榨干。
MET_Name_191,346366155939900,高脚镭射怪躯干
MET_Desc_192,346366155939903,要是配上个脑袋，这货就是只鸭子。
MET_Name_192,346366155939902,巨石强鸭躯干
MET_Desc_193,44292824276242482,外星甜甜圈外送服务！
MET_Name_193,19687531133001730,佐普喷气怪躯干
MET_Desc_194,43507558467432450,那只小鸭子见过的场面，绝对能把你吓尿。
MET_Name_194,31000223311454208,嘎嘎特遣队员波波躯干
MET_Desc_195,43507558467432451,让人瞬间想起当年兰格斯儿童菜单上的初代“欢乐拼盘”。
MET_Name_195,33737058440089600,史朗克波波躯干
MET_Desc_196,43507558467432452,还是经典款最顺眼。
MET_Name_196,34043328225251329,卡尔的金色波波躯干
MET_Desc_197,44292824276242483,平庸之辈中的佼佼者所穿。
MET_Name_197,41758238770106368,兰格斯飞行员躯干
PE_Desc_1,346366168522799,摧毁触须
PE_Desc_4,346366168522801,弗兰肯侵染
PE_Desc_8,346366168522803,被侵染的坠毁地点
PE_Desc_11,346366168522807,肉市开张
PE_Desc_20,346366168522809,虫巢
PE_Desc_25,45470492428066816,水上迫降
PE_Desc_26,346366168522813,广播闲聊
PE_Desc_35,346366168522815,洞长着眼睛...
PE_Desc_36,346366168522817,所有目光看向我
PE_Desc_37,346366168522819,肉与机械之战
PE_Desc_38,346366168522821,人都去哪儿了？
PE_Desc_40,346366168522823,收割肉核
PE_Desc_41,346366168522825,阻止弗兰肯咯吱怪
PE_Desc_42,346366168522827,以肉献祭
PE_Desc_43,346366168522829,寻找埋藏的宝藏
PE_Desc_44,346366168522831,肉类搅拌机
PE_Desc_53,346366168522837,灭杀行动
PE_Desc_54,45470492470009856,宝藏劫案
PE_Desc_56,346366168522841,侵染爆发
PE_Desc_57,346366168522843,黏糊糊聚集处
PE_Desc_58,346366168522845,圆滚滚的鱼卵
PE_Desc_60,346366168522847,腐肉
PE_Desc_64,346366168522851,伤心人
PE_Desc_65,346366168522853,坏泡泡男孩帮
PE_Desc_69,346366168522855,外星肉农场
PE_Desc_70,346366168522857,干掉你的电视
PE_Desc_72,346366168522861,把它关了！
PE_Desc_73,346366168522863,烧烤大会
PE_Desc_75,346366168522867,那到底是什么东西？
PE_Desc_77,346366168522871,厨师遇险
PE_Desc_79,346366168522875,附近的治疗站
PE_Desc_83,346366168522881,唐古斯 500
PE_Desc_84,346366168522883,摔跤练习
PE_Desc_86,346366168522887,清理管道
PE_Desc_87,346366168522889,关上传送门！！！
PE_Desc_88,346366168522891,外星矩阵
PE_Desc_89,15325185385988096,挡住那些牵引光束！！
PE_Desc_90,31181757232812032,第一次收割
PE_Desc_91,31181757266366470,踩扁那些虫子
PE_Desc_92,346366168522899,迈开那双腿！
PE_Desc_96,5177172537671680,给那块智能肉热热身！
PE_Desc_98,16371853938163712,山峦之下
PE_Desc_99,18285212149252096,侵染洞穴
PE_Desc_100,42829564599439360,隧道变异体
PE_Desc_101,21033271765532672,关闭电源
PE_Desc_104,31957267828957184,拯救伯尼！
PE_Desc_105,32979855038251008,外星克隆工厂
PE_Desc_106,34098342833979393,外星克隆舱
PE_Desc_109,39596777527869440,拆车行大乱斗
PE_Desc_110,40051845133795328,阻止邪恶召唤
PE_Desc_116,56885979705540608,校准水晶！
PF_Name_5,346366160134200,螺旋脊柱 1.1
PF_Name_6,346366160134201,健康重生 1.1
PF_Name_7,346366160134202,重生 1.1
PF_Name_16,346366160134204,健康保险 1.1
PF_Name_17,346366160134205,健康保险 1.2
PF_Name_19,346366160134207,弗兰肯倒地 v1
PF_Name_20,346366160134208,已触发弗兰肯豆事件
PF_Name_21,346366160134209,螺旋脊柱 1.2
PF_Name_23,346366160134211,链锯操作许可证
PF_Name_24,346366160134212,裂隙捕鱼许可证
PF_Name_25,346366160134213,矿产采集许可证
PF_Name_30,346366160134218,周一晚间中期选举 v1
PF_Name_31,346366160134219,已触发变异体 Boss 事件
PF_Name_40,12397278445690880,变异脊柱 1.1
PF_Name_41,12397278445690882,变异脊柱 1.2
PF_Name_45,18853199392792576,人生导师丹教练
PF_Name_49,43898315618639872,重生 1.2
PF_Name_50,43942200373927936,健康重生 1.2
PF_Name_51,43942200378122240,健康重生 1.3
PF_Name_52,51528552074436608,弗兰肯倒地 v2
PF_Name_53,51548702039334912,弗兰肯倒地 v3
PF_Name_54,51548702039334913,弗兰肯倒地 v4
PF_Name_55,51548702039334914,周一晚间中期选举 v2
PF_Name_56,51497077471961092,周一晚间中期选举 v3
PF_Name_57,51497077471961093,周一晚间中期选举 v4
PF_Name_58,51597951263301632,随机星系 v1
PF_Name_59,51597951263301633,随机星系 v2
PF_Name_60,51597951263301634,随机星系 v3
PF_Name_61,51597951263301635,随机星系 v4
PF_Name_62,53001828437057536,进阶等级
PF_Name_63,53001828437057537,特辣难度
PF_Name_64,53001828437057538,噩梦难度
PF_Name_65,53001828437057539,重辣难度
PF_Name_66,55558274441797632,健康保险 1.3
PF_Name_67,55558274441797633,健康保险 1.4
PLN_Name_1,346366160134182,DBG_平面图
PLN_Name_2,346366160134183,弗兰肯暴走
PLN_Name_5,346366160134184,丹格斯山
PLN_Name_8,346366160134185,DBG_换肉测试_星球
PLN_Name_11,346366160134186,彼得里姆
PLN_Name_13,346366160134187,DBG_乱石区
PLN_Name_16,346366160134188,ROX-1
PLN_Name_17,346366160134189,卡吕普索
PLN_Name_18,346366160134190,腩极星
PLN_Name_20,346366160134191,大唐古斯
PLN_Name_21,346366160134192,DBG_事件测试
PLN_Name_22,346366160134193,小唐古斯
PLN_Name_23,346366160134194,周一晚间中期选举
PLN_Name_24,346366160134195,图托里乌斯一号
PM_Desc_1,381307304534016,敌人身披装甲
PM_Name_1,381307296145408,装甲坏蛋
PM_Desc_2,381307304534018,最大生命值降低 30%
PM_Name_2,381307304534017,普通感冒
PM_Desc_3,381307304534020,敌人移动速度提高 30%。
PM_Name_3,381307304534019,疾速坏蛋
PM_Desc_4,381307304534022,敌人死亡时会爆炸
PM_Name_4,381307304534021,科技病毒
SS_Name_7,31684905095127040,随机
SS_BossName_2,45462395923980288,重击之父
TPUP_Desc_1_0,54070344137302016,你现在可以使用<color=#FF3667>星系终端</color>更改目的地！<br>解锁的新星系都会在这里显示。<br>你也可以用它来调整游戏的<color=#FF3667>难度</color>。
TPUP_Desc_2_0,54070344145690624,你无法阻止它们，只能拖延它们。<br><br><color=#FF3667>完成指令来击退它们</color>——即便在它们抵达之后也是如此。若疏忽指令，它们便会<color=#FF3667>愤怒</color>，获得巨额的<color=#FF3667>生命值</color>、<color=#FF3667>伤害</color>和<color=#FF3667>速度</color>。坚守任务，你就能将它们逼退。
TPUP_Desc_2_1,54070344145690625,抵达星球后，猎人们会很快进入<color=#FF3667>愤怒</color>状态，此时几乎无法逃脱。<br><br>千万别让猎人愤怒。这是给你的警告。
TPUP_Desc_2_2,54070344145690626,抵达星球后，猎人们会很快进入<color=#FF3667>愤怒</color>状态，此时几乎无法逃脱。<br>但你依然可以通过完成目标来<color=#FF3667>放逐</color>愤怒的猎人，但通常也很惊险。
TPUP_Desc_3_0,54070344145690627,你现在可以使用<color=#FF3667>装扮终端</color>啦！<br><br>每局最多可携带 3 件装扮品，以获得<color=#FF3667>特殊增益</color>。每个装扮品都有独特效果，集齐全部装扮品来打造的你的专属游戏风格！
TPUP_Desc_4_0,54089774091198464,你现在可以使用<color=#FF3667>进阶等级</color>啦！<br><br>仅在<color=#FF3667>噩梦难度</color>中开放。开启后，每个关卡将加入难度递增的修改器。
TPUP_Desc_5_0,55533248523001856,你现在可以使用<color=#FF3667>员工福利终端</color>啦！<br><br>• 领取福利！<br>• 家属不在保障范围内！
TPUP_Desc_6_0,55533248523001858,<color=#FF3667>矿藏</color>现在会在你的<color=#FF3667>罗盘</color>上标记出来。<br>找到它们，收集用于制作和交易的珍贵<color=#FF3667>资源</color>。
TPUP_Desc_7_0,55533248523001860,<color=#FF3667>古代太空食客</color>现在会出在你的<color=#FF3667>罗盘</color>上标记出来。<br>找到它们，收集用于制作和交易的珍贵<color=#FF3667>资源</color>。
TPUP_Desc_8_0,55533248523001862,<color=#FF3667>捕鱼裂隙</color>现在会出在你的<color=#FF3667>罗盘</color>上标记出来。<br>找到它们，收集用于制作和交易的珍贵<color=#FF3667>资源</color>。
TPUP_Desc_9_0,55533248523001863,你现在可以使用<color=#FF3667>终极终端</color>啦！<br><br>前往终端，解锁这些<color=#FF3667>强力技能</color>，并将其带入你的每一局挑战。
TPUP_Desc_10_0,55533248523001864,<color=#FF3667>武器终端</color>位于射击场旁边。<br><br>• 解锁新武器<br>• 提升武器等级以获得等级点数<br>• 分配等级点数以提升武器威力<br>• 在射击场测试武器
TPUP_Title_2_0,54078995149348865,猎人计时器
TPUP_Title_6_0,55533248523001857,采矿
TPUP_Title_7_0,55533248523001859,链锯切割
TPUP_Title_8_0,55533248523001861,捕鱼
VO_SpeakerName_6,33332958671659008,全能肉公主
VO_Transcript_1,346366160134223,请求协助...
VO_Transcript_10,346366160134232,情况变得非常严峻。
VO_Transcript_103,12434440726704134,平常我喜欢拿石头去堵热狗。
VO_Transcript_108,12434440726704139,快找掩护！
VO_Transcript_11,346366160134233,公屏能刷个“F”吗？
VO_Transcript_111,18769949506699264,烹饪成功！提取程序启动...
VO_Transcript_112,26304660661854208,这个星球上有个巨大的肉核，那能帮我们前往下一个目的地。<br>问题是它藏得很深，所以得睁大眼睛仔细找。
VO_Transcript_113,28287482192715776,没错了，这地方还是看得我直起鸡皮疙瘩。稳住，小肉团。我们去把那件战衣找出来。
VO_Transcript_114,28287482192715777,哦，我记得这台“老姑娘”。我们以前的远程机器人工厂之一。<br>唉，它早就过了保修期了。估计心脏也有问题，得提取出来。
VO_Transcript_115,28287482192715778,等那大块头一出来，立刻上去收拾他，小肉团。
VO_Transcript_116,26565547768344576,呃啊啊啊，别别别，啊啊啊，唔，哎... 抱歉，呃，你... 你还撑得住！
VO_Transcript_117,26565547806093312,趁现在，摁住他！
VO_Transcript_118,26565547806093313,嘿，小家伙，看裁判！那家伙作弊！
VO_Transcript_119,26565547806093314,好样的，小家伙！你把他逼到绝境了，继续打！砰砰砰！！
VO_Transcript_12,346366160134234,你真是让葬礼重新变得有趣起来了。
VO_Transcript_120,35567081859571712,你要对付的那些家伙都嗑给力滋。<br>你的任务就是把他们的供货切断。
VO_Transcript_121,35564579508445184,卡尔说你得好好训练。<br>所以给我听仔细了，别在这儿送命，明白吗？
VO_Transcript_122,35507031359086592,我的老朋友丹教练会照顾你的，你可以放心。
VO_Transcript_123,45655991566458880,准备好开打的时候，到擂台来找我。
VO_Transcript_125,55603792934895616,嘿，这边！瑞赛特需要帮忙！
VO_Transcript_126,55603792968450048,你必须摧毁那些发电机才能解除护盾。
VO_Transcript_127,55603792968450049,卡吕普索似乎心不在焉，所以瑞赛特决定继续前进。
VO_Transcript_128,55603792968450050,瑞赛特现在遇到大麻烦了。能帮帮忙吗？
VO_Transcript_129,55603792968450051,也许我们以后有机会再聊。再见！
VO_Transcript_13,346366160134235,现在事态严峻。
VO_Transcript_130,55603792968450052,多谢出手相助。 
VO_Transcript_131,55603792968450053,看到那些大石头脑壳了吗？
VO_Transcript_132,55603792968450054,把它们扔进管道里砸坏发电机！
VO_Transcript_133,55603792968450055,对，就这样！继续保持！
VO_Transcript_14,346366160134236,现在想要火辣身材，火化大概是你最后的机会了。
VO_Transcript_15,346366160134237,有人告诉我，说死者的坏话是大忌。
VO_Transcript_16,346366160134238,警告：防护服结构受损。
VO_Transcript_17,346366160134239,结局不出所料。
VO_Transcript_2,346366160134224,提取完成。即将起飞。
VO_Transcript_21,346366160134243,救救我，拜托！
VO_Transcript_22,346366160134244,谢谢！我这就把朋友们叫来...
VO_Transcript_23,346366160134245,谁敢搅扰我的水域？
VO_Transcript_24,346366160134246,布拉德博士，是你吗？
VO_Transcript_25,346366160134247,呃啊，你光明正大地赢了我。
VO_Transcript_26,346366160134248,感谢你创造了我们，现在轮到我们将你抹杀掉！
VO_Transcript_27,346366160134249,据报告，仿生虫正在星球各地袭击所有外来势力。
VO_Transcript_28,346366160134250,咕噜咕噜咕噜！<br>(呼叫增援)
VO_Transcript_29,346366160134251,全肉之躯飞船已进入大气层。
VO_Transcript_3,346366160134225,建议立即撤离。
VO_Transcript_30,346366160134252,庞克先生，我们要开始狩猎了吗？
VO_Transcript_31,346366160134253,有时候光有枪还不够。去弄点神秘肉吧！
VO_Transcript_32,346366160134254,我们那些科学家最近在肉上做了些极其恶心的实验。去变异体终端亲眼看看吧。
VO_Transcript_33,346366160134255,太棒了！要不你试试？
VO_Transcript_34,346366160134256,看起来你需要更猛的火力！去武器终端拿把新武器吧。
VO_Transcript_35,346366160134257,天哪，那些肉都不知道自己怎么被干倒的！
VO_Transcript_36,346366160134258,哎哟，这些科学家的脑回路可真够狂野的！
VO_Transcript_37,346366160134259,敌对生物正在逼近。
VO_Transcript_38,346366160134260,请立即撤离。
VO_Transcript_39,346366160134261,来吧，给我们来场又脏又精彩的打斗！
VO_Transcript_4,346366160134226,收割者来了。保护肉核。
VO_Transcript_40,346366160134262,全体起立，向那位光荣的... 势不可挡的... 裁决者致敬！
VO_Transcript_42,346366160134263,立法者... 执行者... 你们的失败判决已被上诉！
VO_Transcript_43,346366160134264,他手握政策！他气场逼人！他有权亲手否决你的人生！他就是... 执行者！
VO_Transcript_44,346366160134265,他在预算委员会的暗门里进退自如... 他是精通条款细节的老狐狸... 他就是立法者！
VO_Transcript_45,346366160134266,啊啊啊啊啊！呀啊啊啊啊！！
VO_Transcript_46,346366160134267,从那台机器上拽副腿下来，把那些土包子从地里砸出来！
VO_Transcript_47,346366160134268,把他们撂倒，压住，别让他们再钻回去！
VO_Transcript_48,346366160134269,好了，小家伙，训练时间到了。
VO_Transcript_49,346366160134270,很高兴见到你，小家伙。从那台机器里拿副腿，然后上赛道！
VO_Transcript_5,346366160134227,已识别威胁
VO_Transcript_50,346366160134271,赢得这场比赛的唯一方法就是击败所有竞争对手！
VO_Transcript_51,346366160134272,让我看看你的本事，肉包子！
VO_Transcript_52,346366160134273,驾驶技术不错啊，肉包子！或许我该花点功夫在你身上。
VO_Transcript_53,346366160134274,到下一个星球来找我，我会继续训练你！
VO_Transcript_54,346366160134275,就是这样，小家伙！还有三个正往你这边冲来！
VO_Transcript_55,346366160134276,好，现在我们让比赛更刺激一点！
VO_Transcript_56,346366160134277,小家伙，你或许真有点天赋！<br>把这里收个尾，然后我们继续。
VO_Transcript_57,443347054354432,你到了，干得漂亮！
VO_Transcript_58,443347054354433,瞧瞧那下面，有几只火气挺大的小家伙。
VO_Transcript_59,443347054354434,你要找的那艘坠毁飞船里应该有个肉核。我们要用它来当燃料。
VO_Transcript_6,346366160134228,已发现目标
VO_Transcript_60,443347054354435,哇哦，伙计，你可真是肉类科学界的奇迹！
VO_Transcript_61,443347054354436,噢，这才叫真正的肉类科学。
VO_Transcript_62,443347054354437,看到前面那颗肉核了吗？
VO_Transcript_63,443347054354438,到那上面去，等你准备好了告诉我。我们就下来把它取走。
VO_Transcript_64,443347054354439,别担心上面那座巨大无比的全能肉宫殿，那很... 呃，那很正常。
VO_Transcript_65,443347054354440,该出发了！快快快！
VO_Transcript_66,443347054354441,干得漂亮，小肉团！继续，你马上就到了！
VO_Transcript_67,5194503924211712,需要移动才能完成任务目标。<br><br>使用 [InputAction:Gameplay/CharacterMovement] 移动。
VO_Transcript_68,5530917752791040,继续往前走，坠毁地点就在前面不远。<br><br>使用 [InputAction:Gameplay/CharacterMovement] 移动。
VO_Transcript_69,5590439401873408,利用垂直移动来跨越基础障碍。<br><br>使用 [InputAction:Gameplay/Jump] 跳跃。
VO_Transcript_70,5593819578884096,和平互动不可行。<br><br>使用 [InputAction:Gameplay/RangedFire] 射击，使用[InputAction:Gameplay/MeleeFire] 近战攻击。
VO_Transcript_71,5601982608826368,这些枪都内置了快速装填功能。你只要精准击中要害部位就行，明白吗？
VO_Transcript_72,5756628069507072,去弄几条悚行蛛的腿来，好吗？
VO_Transcript_73,5757385997017088,看来有人跟不上指示了。<br><br>靠近鲜肉时按 [InputAction:Interact/Interact] 进行交换。
VO_Transcript_74,5807500870803456,这本不该这么难的。<br><br>跳跃后按 [InputAction:Gameplay/LegsAbility] 冲刺。
VO_Transcript_75,5841906717155328,还在等你动作呢。慢慢来，我不急。<br><br>对着肉核按 [InputAction:Interact/Interact]。
VO_Transcript_76,5846775804977152,检测到节点丢失。请保卫节点。
VO_Transcript_77,5846775813365760,小肉团，在这下面我可全指望你了！
VO_Transcript_78,5856049683750912,请立即撤离。<br><br>对着电光飞堡按 [InputAction:Interact/Interact] 即可逃离。
VO_Transcript_79,5909901926658048,请注意。
VO_Transcript_8,346366160134230,已定位兴趣点
VO_Transcript_80,5909901951823872,检测到故障。
VO_Transcript_81,28687422266007552,哎哟，看看那两条小短腿晃来晃去的样子，真叫人喜欢。
VO_Transcript_82,10206832594026496,收割者正在逼近。准备保卫据点。
VO_Transcript_83,10206832644358144,全能肉飞船已进入大气层。
VO_Transcript_84,10206832644358145,提取完成。准备撤离。
VO_Transcript_86,10206832644358146,现在开始寻找大型坠毁点。动起来！
VO_Transcript_87,10206832644358147,你想要更多的肉，就得先出点肉，小肉团！
VO_Transcript_88,10206832644358148,去把它们揍扁，顺便捞点肉回来，好吗？
VO_Transcript_89,10206832644358149,继续往前走，坠毁点就在前面不远。
VO_Transcript_9,346366160134231,是时候去银行存个死期了... 懂我意思吗？因为人总有死期... 算了，当我没说 :(
VO_Transcript_90,10206832644358150,我们要的东西就在那儿，快点过去，准备好了就告诉我。
VO_Transcript_91,10625864051912704,嘿，小家伙，这边！
VO_Transcript_94,10625864085467138,用折叠椅砸脑袋应该就可以了。
VO_Transcript_98,12434440726704129,你得抓住其中一个石头脑壳！
WPN_Name_3,346366164328475,手枪
WPN_Name_4,346366164328477,步枪
WPN_Name_5,346366164328479,冲锋枪
WPN_Name_6,346366164328481,霰弹枪
WPN_Name_11,346366164328483,下颚撕裂者
WPN_Name_33,346366164328493,榴弹发射器
WPN_Name_46,346366164328495,玛格南
WPN_Name_52,346366164328497,火箭发射器
WPN_57_HE_0,28316283836555264,在命中时触发
WPN_Name_57,346366164328503,轨道炮
WPN_Name_65,346366164328511,等离子炮
WPN_Name_76,346366164328521,耀焰爆裂
WPN_Name_77,346366164328523,哆嗦爆能枪
WPN_Name_78,346366164328525,火花塞
WPN_Name_79,346366164328527,火焰翻铲
WPN_Name_80,346366164328529,噗嗤喷射枪
WPN_Name_87,346366164328541,喷溅铲
WPN_Name_88,346366164328543,安培翻铲
WPN_Name_89,346366164328545,霜冻铲
WPN_Name_92,346366164328551,肥虫发射器
WPN_Name_94,346366164328553,杰夫为名
WPN_Name_95,346366164328555,爆爆挞
WPN_Name_96,346366164328557,兰格斯铲
WPN_Name_97,346366164328559,卡带发射器
WPN_Name_98,346366164328561,生物流能枪
WPN_Name_100,346366164328565,脉冲锻能枪
WPN_Name_101,346366164328567,油罐发射器
WPN_Name_102,346366164328569,爆梗左轮
WPN_Name_103,346366164328571,闪电枪
WPN_Name_104,346366164328573,电光步枪
WPN_Name_105,346366164328575,踢爆筒
WPN_Name_106,346366164328577,粉碎机
WPN_Name_107,346366164328579,霜击鹿角
WPN_Name_114,346366164328591,污泥弹射枪
WPN_Name_115,346366164328593,静电咔哒
WPN_Name_116,346366164328595,熔岩鞭
WPN_Name_117,346366164328597,冰矛
WPN_Name_118,346366164328599,灼焰轨道炮
WPN_Name_119,346366164328601,黏雨滋滋
WPN_Name_120,346366164328603,火线
WPN_Name_121,346366164328605,冰沙火箭
WPN_Name_122,346366164328607,热辣空投
WPN_Name_123,346366164328609,静电扫射
WPN_Name_124,346366164328611,零下一度
WPN_Name_125,346366164328613,余烬喷子
WPN_Name_126,346366164328615,格里默
WPN_Name_139,346366168522764,重击者
WPN_Name_140,346366168522766,夸克矛
WPN_Name_141,346366168522768,爆拳
WPN_Name_142,346366168522770,坏坏雪人
WPN_Name_143,346366168522772,刺头
WPN_Name_144,346366168522774,崩川
WPN_Name_145,346366168522776,鼻涕矛
WPN_Name_146,346366168522778,寒霜波
WPN_Name_147,346366168522780,焚化桶
WPN_Name_148,346366168522782,雪国列车
WPN_Name_149,346366168522784,淤泥巴祖卡
WPN_Name_150,346366168522786,低音炮
WPN_Name_151,346366168522788,霹雳雷鸣
WPN_Name_152,346366168522790,喷火战斗机
WPN_Name_153,346366168522792,黏液急袭
WPN_Name_160,33550649413005312,嘎嘎特遣队员铲子
WPN_Name_161,33737062735056896,咸鱼翻身
WPN_Name_162,34041999033536512,金铲铲
WPN_Name_163,41673766724866048,卡尔的童年木棍
WPN_Name_164,41673766800363520,兰格斯飞行铲
WPN_Name_165,41673766888443904,收藏报纸
WPNF_Desc_1,346366164328449,一种在<b><color=#00D6D2>近距离</color></i></b>和<b><color=#00D6D2>中距离</color></i></b>都十分可靠、表现出色的攻击武器。<br><br><i>这是肉类科学家们世代随身佩戴的标志性副武器。</i>
WPNF_Name_1,346366164328448,手枪
WPNF_Desc_2,346366164328452,在<b><color=#00D6D2>近距离</color></i></b>攻击中造成极高伤害。<br><br><i>资深肉类科学家总是为近距离接触做好准备。</i>
WPNF_Name_2,346366164328451,霰弹枪
WPNF_Desc_3,346366164328455,发射直射型投射物，造成<b><color=#00D6D2>中等范围伤害</color></i></b>。在任何射程都很实用。<br><br><i>没有什么比让东西炸开更有趣了。</i>
WPNF_Name_3,346366164328454,火箭发射器
WPNF_Desc_4,346366164328458,<b><color=#00D6D2>散布小</color></i></b>且<b><color=#00D6D2>后坐力低</color></i></b>，非常适合<b><color=#00D6D2>远距离</color></i></b>交战。<br><br><i>在广袤荒原上驰骋时，最好身边常备这样一件武器。</i>
WPNF_Name_4,346366164328457,步枪
WPNF_Desc_5,346366164328461,针对<b><color=#00D6D2>近距离</color></i></b>遭遇战进行了优化，是一款<b><color=#00D6D2>高射速</color></i></b>武器。<br><br><i>一通乱扫后再祈祷，其实也没什么不对。</i>
WPNF_Name_5,346366164328460,冲锋枪
WPNF_Desc_6,346366164328464,能够造成额外的<b><color=#00D6D2>薄弱点伤害</color></i></b>，但<b><color=#00D6D2>后坐力大</color></i></b>较大，更适用于<b><color=#00D6D2>近距离</color></i></b>和<b><color=#00D6D2>中距离</color></i></b>作战。<br><br><i>这件武器最适合手稳的人使用。</i>
WPNF_Name_6,346366164328463,玛格南
WPNF_Desc_7,346366164328467,发射直射型投射物，造成<b><color=#00D6D2>小范围伤害</color></i></b>。在<b><color=#00D6D2>近距离</color></i></b>和<b><color=#00D6D2>中距离</color></i></b>交战时表现最佳。<br><br><i>让你的火力更带劲。</i>
WPNF_Name_7,346366164328466,等离子炮
WPNF_Desc_8,346366164328470,针对<b><color=#00D6D2>远距离</color></i></b>交战进行了优化，能造成<b><color=#00D6D2>小范围伤害</color></i></b>，<b><color=#00D6D2>射速慢</color></i></b>。<br><br><i>看见就开枪。</i>
WPNF_Name_8,346366164328469,轨道炮
WPNF_Desc_10,346366164328473,使用间接火力在任何距离造成<b><color=#00D6D2>大范围伤害</color></i></b>。<br><br><i>先下手为强，省得麻烦找上门。</i>
WPNF_Name_10,346366164328472,榴弹发射器
70251a9670894e1685d2b10b35d46f9c_54_0,63562852086874112,找到宝藏箱
CQ_Name_87,60548818372911104,星球毁灭者
CQ_Desc_87,60548818398076928,小肉团。25 个星球。我需要你完成 25 个星球的撤离。我已经跟全体船员说了，这计划早就开始推进了，还说进展非常顺利。所以，我们得赶紧让这事变成真的。
CQ_Name_88,60548818398076929,星球毁灭者 v2
CQ_Desc_88,60548818398076930,50 个星球。是这么回事，我可能顺嘴跟人提了一句，说你已经搞定 50 个星球了。我早忘了当时为什么要那么说，但我既然都把话撂那了，对方也记住了，那我现在急需你让这个数字成真。
CQ_Name_89,60548818398076931,星球毁灭者 v3
CQ_Desc_89,60548818398076932,完成 75 个星球撤离。差旅部那边把你的记录给标红了。原来公司内部还真有个排行榜，而且你居然上榜了。我上次看的时候，你都冲进前 10 了。
CQ_Name_90,60548818398076933,星球毁灭者 v4
CQ_Desc_90,60548818398076934,我去参加了一场晚宴。在晚宴上我说了一些话。关于你。具体来说，是关于你的撤离数字。我报了个天文数字。当时整张桌子的人听完都惊呆了，所以现在我得求你让这个数字成真。100 个星球，小肉团。拜托了。
CQ_Name_91,60548818398076935,星球毁灭者 v5
CQ_Desc_91,60548818398076936,我在行业大会上发表了演讲。期间我提到了你的名字，还顺便报了个数字。我说这个指标已经达成了，你就是兰格斯公司有史以来最牛的撤离专家。当时全场掌声雷动啊。掌声我收下了，也退不回去了。150 个星球，全靠你了。
CQ_Name_92,64263989754847232,那条鱼来自月球
CQ_Desc_92,64263989780013056,我们的月球产品是个谜，连我也搞不懂，而我可是卖这些东西的人。替我去探查一番，行吗？找到月球裂隙，把里面的东西钓上来，然后回来报告。这就叫调研。反正对外就统一口径叫调研。
CQ_Name_93,64263989780013057,捕鱼机器
CQ_Desc_93,64263989780013058,听着，小肉团，在泥浆裂隙里钓鱼可不是什么光鲜的活儿。但话说回来，你本身也就是一坨肉，肉能有多体面... 可你不也混到今天这步了。去把里面的东西钓上来。保险起见，最好戴上手套。
CQ_Name_94,64263989780013059,全能渔夫
CQ_Desc_94,64263989780013060,“盐水裂隙鱼”可是我们最高端的菜品。顾客甘愿花三倍的钱，而且连他们自己都无法解释。其实我也搞不懂。不过无所谓。去把里面的东西全钓上来，注意别自己掉进去了。
CRN_DetailTitle_4,63842973337509888,获取方式：
CRN_Detail_4,63842973312344064,提升兰格斯员工等级
CRN_Detail_7,63842973337509889,完成首要目标<br>完成次要目标
CRN_Detail_26,63842973337509890,完成次要目标即可获得任务激励点数
CRN_Detail_28,63911671972749312,完成弗兰肯暴走 Boss 战
CRN_Detail_29,63911671993720832,完成弗兰肯阵营星球关卡
CRN_Detail_30,63911671993720833,完成周一晚间中期选举 Boss 战
CRN_Detail_31,63911671993720834,完成变异体阵营星球关卡
CRN_DetailTitle_32,63842973337509892,出没地点：
CRN_Detail_32,63842973337509891,水裂隙
CRN_Desc_37,63842973337509893,我的老天，我们在这裂隙里到底钓上来个什么鬼？！
CRN_Detail_37,63842973337509894,黏液裂隙
CRN_Desc_38,63842973337509895,从前这只是一条普通的鱼，但常年浸泡在给力滋特饮工厂排放的废水中，就变成了这副德行。
CRN_Desc_39,63842973337509896,时至今日，没人知道它们的呼吸管是哪来的。也许是天生的？也许是浮潜练出来的...
CRN_Desc_40,63842973337509897,“嘿，咱们互帮互助吧。你帮我挠挠外套膜，我也帮你挠挠！”
CRN_Desc_41,63842973337509898,钓上来这货，那种刺激感绝对让你起一身鸡皮疙瘩！
CRN_Detail_42,63842973337509899,2级矿物节点<br>中辣难度或以上<br>交易员迈克（员工等级 5+）
CRN_Detail_43,63842973341704192,1级矿物节点<br>中辣难度或以上<br>交易员迈克
CRN_Detail_44,63842973341704193,1级太空食客<br>中辣难度或以上<br>交易员迈克
CRN_Detail_45,63842973341704194,2级太空食客<br>中辣难度或以上<br>交易员迈克（员工等级 5+）
CRN_Detail_46,63842973341704195,完成首要目标即可获得兰格斯牛马点数。
CRN_Detail_48,63842973341704196,3级矿物节点<br>重辣难度或以上<br>交易员迈克（员工等级 10+）
CRN_Detail_49,63842973341704197,4级矿物节点<br>特辣难度或以上<br>交易员迈克（员工等级 15+）
CRN_Detail_50,63842973341704198,等级 5 矿物节点<br>噩梦难度或以上<br>交易员迈克 (员工等级 20+)
CRN_Detail_51,63842973341704199,3级太空食客<br>重辣难度或以上<br>交易员迈克（员工等级 10+）
CRN_Detail_52,63842973341704200,4级太空食客<br>特辣难度或以上<br>交易员迈克（员工等级 15+）
CRN_Detail_53,63842973341704201,等级 5 太空食客<br>噩梦难度或以上<br>交易员迈克 (员工等级 20+)
CRN_Desc_54,63842973341704202,这条鱼主打真实。比珍珠还真。
CRN_Detail_54,63842973341704203,月球裂隙
CRN_Desc_55,63842973341704204,没人确切知道这条鱼来自哪里，但大家都觉得它怪怪的。
CRN_Desc_56,63842973341704205,来自遥远星系的迷你小鱼...
CRN_Desc_57,63842973341704206,像夜空中最微小的星辰一样，在宇宙中遨游。
CRN_Desc_58,63842973341704207,这种鱼在银河系中游荡，毫无牵挂，因为它不以任何星球为家。
CRN_Desc_59,63842973341704208,当一百万个小比特聚在一起时，它们就组成了大口比特。
CRN_Detail_59,63842973341704209,泥浆裂隙
CRN_Desc_60,63842973341704210,加密墨鱼掌握着许多黑暗秘密，但它们绝不会吐露半点。
CRN_Desc_61,63842973341704211,一个机械威胁... 居然还长着鳍！
CRN_Desc_62,63842973341704212,为什么会有人费劲去做一只机器章鱼？这也太画蛇添足了吧。
CRN_Desc_63,63842973341704213,它看起来像是某种甲壳类半机械生物，脑袋里装了一个微处理器。妙啊。
CRN_Desc_64,63842973341704214,哎哟我去，你是从哪抓到那只大眼鱼的？！
CRN_Detail_64,63842973341704215,盐水裂隙
CRN_Desc_65,63842973341704216,贪吃鳍游动时目标明确，而那个目标就是零食。
CRN_Desc_66,63842973341704217,银河系中已知唯一拥有健身房包月会员卡的鱼。
CRN_Desc_67,63842973341704218,瞧瞧这只威风的巨钳龙虾吧，尽情欣赏它的全部风采，毕竟它确实很有风采，也确实值得一瞧。
CRN_Desc_68,63842973341704219,在抢食狂潮中，大胖墩总是先下嘴。这就是它为什么长得最大、最敦实。
CRN_Detail_69,63911671997915136,在困难或更高难度下完成任意随机太阳系后，可在交易员迈克处解锁
CRN_Detail_70,63911671997915137,完成外星阵营星球关卡
CRT_Name_81,61701631127838720,盒子脸
CRT_Name_82,61701631132033024,爆音宝
CRT_Name_83,64231687884627968,纸片鲍比
CT_Name_6,62027090692661248,员工额外奖励
CT_Name_7,62029080600502272,史诗
CT_Name_8,62029080604696576,罕见
CT_Name_9,62029080604696577,稀有
CT_Name_10,62030971807981568,普通
FL_Name_27,58751588326432768,猎人装扮
FL_Desc_27,58751588355792896,谁来猎杀猎人？就是你。因为我们的兰格斯肉食集团的人都特别痛恨那些家伙。
FL_Name_28,58809432610430976,神射手装扮
FL_Desc_28,58812300344156160,放慢呼吸。稳住准星。等等... 智能肉会呼吸吗？算了，边跑边打吧，没事的。
FL_Name_29,63537517612228608,外星装扮
FL_Desc_29,63537517633200128,拥有足够的火力，足以让任何挡路的外星佬明白，他们犯了一个天大的错误。
FL_Name_30,63537517633200129,水生生物装扮
FL_Desc_30,63537517633200130,非常适合用来打消鲨鱼把你当成小点心的念头。
FL_Name_31,63537517633200131,弗兰肯装扮
FL_Desc_31,63537517633200132,坦白说，这能让你自信面对那些仿佛造物主没看说明书造出来的敌人。
FL_Name_32,63537517633200133,仿生虫装扮
FL_Desc_32,63537517633200134,专治一切长着外骨骼的家伙，不过叫“蜜翠丝”的除外。
FL_Name_33,63537517633200135,机械装扮
FL_Desc_33,63537517633200136,保证帮你把所有敌对机械变成一堆人畜无害的零件。
FL_Name_34,63537517633200137,变异体装扮
FL_Desc_34,63537517633200138,让你勇敢面对那些看起来像是进化论摆烂后随手捏出来的敌人。
FL_Name_35,63537517633200139,全能肉装扮
FL_Desc_35,63537517633200140,就算你对全能肉没什么好话可说，也没关系。我们也一样。
GN_Name_17,64208246938787840,月球裂隙
HE_Desc_145,58751588359987200,对猎人造成 +30% 额外伤害。
HE_Desc_146,58751588359987201,对猎人造成 +40% 额外伤害。
HE_Desc_147,58751588359987202,对猎人造成 +50% 额外伤害。
HE_Desc_148,63537517637394432,对外星人造成 +10% 额外伤害。
HE_Desc_149,63537517637394433,对外星人造成 +15% 额外伤害。
HE_Desc_150,63537517637394434,对外星人造成 +20% 额外伤害。
HE_Desc_151,63537517637394435,对水生敌人造成 +10% 额外伤害。
HE_Desc_152,63537517637394436,对弗兰肯肉族造成 +10% 额外伤害。
HE_Desc_153,63537517637394437,对仿生虫造成 +10% 额外伤害。
HE_Desc_154,63537517637394438,对水生敌人造成 +15% 额外伤害。
HE_Desc_155,63537517637394439,对弗兰肯肉族造成 +15% 额外伤害。
HE_Desc_156,63537517637394440,对仿生虫造成 +15% 额外伤害。
HE_Desc_157,63537517637394441,对水生敌人造成 +20% 额外伤害。
HE_Desc_158,63537517637394442,对弗兰肯肉族造成 +20% 额外伤害。
HE_Desc_159,63537517637394443,对仿生虫造成 +20% 额外伤害。
HE_Desc_160,63537517637394444,对机械族造成 +10% 额外伤害。
HE_Desc_161,63537517637394445,对变异体造成 +10% 额外伤害。
HE_Desc_162,63537517637394446,对全能肉造成 +10% 额外伤害。
HE_Desc_163,63537517637394447,对机械族造成 +15% 额外伤害。
HE_Desc_164,63537517637394448,对变异体造成 +15% 额外伤害。
HE_Desc_165,63537517637394449,对全能肉造成 +15% 额外伤害。
HE_Desc_166,63537517637394450,对机械族造成 +20% 额外伤害。
HE_Desc_167,63537517637394451,对变异体造成 +20% 额外伤害。
HE_Desc_168,63537517637394452,对全能肉造成 +20% 额外伤害。
ITM_Name_1064,58751588414513152,猎人 I
ITM_Name_1065,58751588414513153,猎人 II
ITM_Name_1066,58751588414513154,猎人 III
ITM_Name_1067,58809432732065792,神射手 I
ITM_Name_1068,58809432732065793,神射手 II
ITM_Name_1069,58809432732065794,神射手 III
ITM_Name_1073,63537517687726080,水生 I
ITM_Name_1074,63537517687726081,机械 I
ITM_Name_1075,63537517687726082,变异体 I
ITM_Name_1076,63537517687726083,弗兰肯 I
ITM_Name_1077,63537517687726084,全能肉 I
ITM_Name_1078,63537517687726085,仿生虫 I
ITM_Name_1079,63537517687726086,外星 I
ITM_Name_1080,63537517687726087,水生 II
ITM_Name_1081,63537517687726088,机械 II
ITM_Name_1082,63537517687726089,变异体 II
ITM_Name_1083,63537517687726090,弗兰肯 II
ITM_Name_1084,63537517687726091,全能肉 II
ITM_Name_1085,63537517687726092,仿生虫 II
ITM_Name_1086,63537517687726093,外星 II
ITM_Name_1087,63537517687726094,水生 III
ITM_Name_1088,63537517687726095,机械 III
ITM_Name_1089,63537517687726096,变异体 III
ITM_Name_1090,63537517687726097,弗兰肯 III
ITM_Name_1091,63537517687726098,全能肉 III
ITM_Name_1092,63537517687726099,仿生虫 III
ITM_Name_1093,63537517687726100,外星 III
ITM_Attr_509,64221606589751296,升级奖励幸运值：{0:|+|+|+}{0:percent()}%
ITM_Attr_510,64221606593945600,升级奖励幸运值 x{0:0.##}
PE_Desc_85,63562852170760192,炮塔冲击
PLN_Name_25,63252864435216384,全能传送门
RF_Name_1,63521298457751552,布拉德·西德曼博士
RF_DetailText_1,63521298478723073,布拉德·西德曼博士是<i>利维坦计划</i>的首席研究员。该计划旨在最大限度提升<b>兰格斯肉食</b>的水生蛋白来源效率。西德曼团队一度展现出极大的潜力，他们培育出的藻株能够显著促进摄食者的机体肥大。一些意料之外的变异则被记录为“可控的异常个体”。<br><br>遗憾的是，由于预算重新分配，项目最终被叫停。所有投往该星球的补给空投随即取消。档案中没有任何关于团队撤离的记录，但西德曼博士仍持续更新日志，直到留下了这最后一条记录：<br><br><i>饥饿带来了清醒。我现在明白了。我是船长... 我是白鲸... 我是鱼叉。我既是守护者，也是捕食者。我就是大海，永恒而孤独。</i>
RF_Subtitle_1,63521298478723072,兰格斯水生肉科学家
RF_DetailText_2,63782640302788608,这是兰格斯轨道探索者系列飞船的首艘舰船，专为星际旅行和<b>肉核</b>提取而设计，并配备了最先进的人格模拟技术。这艘飞船在服役 42 年后退役。<br><br>后被<b>卡尔·兰格斯</b>重新唤醒，作为持续进行<b>智能肉</b>实验的主要平台。
RF_Subtitle_2,63780286752985088,飞船
RF_Name_3,63780286773956608,兰格斯肉食
RF_DetailText_3,63868852401180672,由创新企业家<b>卡尔·兰格斯</b>于很久以前创立，这家连锁餐饮迅速成长为银河系的超级霸主，肩负着喂饱数百个星球上数万亿饥饿人口的重任。<br><br><i>兰格斯肉食。食品的未来... 就在今天。</i>
RF_Subtitle_3,63780286773956609,备受爱戴的雇主
RF_Name_4,63780286773956610,巨型核爆炉
RF_DetailText_4,63868852401180673,这款创新的烹饪设备利用大剂量短波辐射来快速烹制大量肉类。<br><br>它是<b>卡尔·兰格斯</b>的创意结晶，并被安装在<b>腩极星</b>上。不过因为预算短缺，不得不省去了原计划中要求的辐射屏蔽设施。
RF_Subtitle_4,63780286773956611,肉类科学装置
RF_DetailText_5,63782640332148736,CAL-P50 是<b>兰格斯肉食</b>建造的一系列远程机器人工厂之一，被送往银河系各地以扩张其连锁经营版图。<br><br>这种认知自动化物流 (CAL) 飞船采用<b>肉类科学</b>器官，结合人格模拟技术，以最大限度地提高多功能性和效率。<br><br>随着时间推移，该设计的缺陷逐渐暴露，限制了飞船的功能寿命。大多数 CAL 飞船早已退役。<br><br>传说，这艘船与卡尔有过一段浪漫历史。
RF_Subtitle_5,63780286773956613,移动工厂
RF_DetailText_6,63868852401180674,遗憾的是，并非所有<b>肉类科学</b>实验都推动了文明的巨大飞跃。<br><br>起初，这只是一个旨在通过“极限风味 (TM)”来强化猪类实验体的小规模项目，但很快就失控了。<b>兰格斯肉食</b>的技术人员非但没能创造出完美的食物，反而造就了一台完美的进食机器。<br><br>这只无脑生物曾被其中一位科学家戏称为“弗兰肯豆”，之后不久他和团队就被这怪物吞噬了。如今，它游荡在银河系中四处觅食，只为填补它无尽的饥饿感。
RF_Subtitle_6,63780286773956614,肉类科学怪胎
RF_DetailText_7,63868852401180676,这位经验丰富的教练因在数十个星球上培养出冠军级拳手而广受赞誉。<br><br>自从<b>兰格斯肉食</b>的企业赞助到期后，丹教练基本就退出了公众视野，隐居在<b>丹格斯山</b>的田园地区。
RF_Subtitle_7,63868852401180675,搏击教练 (已退休)
RF_DetailText_8,63868852401180677,随着<b>兰格斯肉食</b>接管了银河商业的食品生产板块，高管<b>多萝西·邓肯</b>意识到，他们需要一款饮料来搭配那些包装鲜亮的三明治和炸物小吃。于是，给力滋特饮诞生了。<br><br>这款美味的饮品由等量的超甜饮料和超高能量饮品混合而成，其成分含量恰好卡在政府违禁品管制线的边缘。<br><br>其配方是绝密，任何未经授权的复刻尝试一般都会导致自燃。<br><br><i>给力滋特饮，承包你的全天候时光。</i>
RF_Subtitle_8,63831077983457280,畅饮解渴
RF_Name_9,63780286773956615,兰格斯主星
RF_DetailText_9,63868852401180679,作为<b>卡尔·兰格斯</b>的母星，这里曾是<b>兰格斯肉食</b>的首个银河总部。<br><br>但几年前发生的一场工业事故导致公司总部搬离了此地。
RF_Subtitle_9,63868852401180678,企业母星
RF_Name_10,63780286773956616,全能肉传送门
RF_DetailText_10,63868852401180681,这条位于<b>血肉之球</b>上的裂隙，曾是从原生维度提取富含蛋白质的<b>全能肉</b>的一种小规模且高度受控的手段。<br><br>然而，兰格斯肉食及其创始人<b>卡尔·兰格斯</b>的鲁莽导致了裂缝的过度扩张，最终引发了那场不可避免的灾难，即<b>全能肉事件</b>。
RF_Subtitle_10,63868852401180680,维度裂隙
RF_Name_11,63780286773956617,全能肉事件
RF_DetailText_11,63868852401180683,随着银河系人口增长，对<b>全能肉</b>的需求激增。起初，<b>卡尔·兰格斯</b>严格控制着<b>全能肉传送门</b>的使用，但<b>兰格斯肉食</b>高层中更强硬的声音说服了他，让他扩大了传送门。<br><br>然而事情并未按计划进行。<br><br>全能肉以失控的速度从传送门中喷涌而出，肆意蔓延至<b>兰格斯主星</b>及整个<b>奥姆尼克朗</b>星系，感染并异化了无数星球及其居民。没过多久，整个银河系都遭到了<b>全能肉</b>的污染。
RF_Subtitle_11,63868852401180682,哪里出了问题
RF_Name_12,63780286773956618,多蒂·邓肯
RF_DetailText_12,63831077983457282,多萝西·邓肯 (多蒂) 的职业生涯始于作为<b>卡尔·兰格斯</b>的幕后合伙人，他们共同创立了<b>兰格斯肉食</b>。<br><br>随着公司壮大，她承担了越来越重要的角色，主要负责财务和市场营销，这让卡尔得以继续在<b>肉类科学</b>领域做出新的突破。<br><br>多蒂在悲惨的<b>全能传送门事件</b>中失踪。卡尔至今仍抱着一丝希望，相信终有一天能找到她。
RF_Subtitle_12,63831077983457281,愿她安息
RF_Name_13,63780286773956619,奥姆尼克朗
RF_DetailText_13,63831077983457284,作为<b>兰格斯肉食</b>最初的母星系，该区域在多年前发生大规模工业事故后被基本废弃。
RF_Subtitle_13,63831077983457283,行星系
RF_Name_14,63780286773956620,普拉姆特之愚
RF_DetailText_14,63831077983457285,这个人口稠密的星系拥有超过 230 亿消费者，其中大部分居住在主星<b>大唐古斯</b>上。
RF_Name_15,63780286773956621,香肠螺旋
RF_DetailText_15,63831077983457286,这个人口稀少的行星系曾经被<b>兰格斯肉食</b>频繁用于测试和研究。<br><br>得益于效率的提升，这里的大部分设施已不再运行。
RF_DetailText_16,63831077983457287,<b>兰格斯肉食</b>连锁餐饮集团已成长为银河系的超级霸主，其创始人起初只是一位不知名的发明家，致力于革新食品制作与供应的商业模式。<br><br>他在<b>肉类科学</b>领域的突破性创新颠覆了既有范式，开启了一个顾客满意、人人温饱的美好新时代。他也因此深受全银河系的爱戴。 
RF_Subtitle_16,63780286773956622,备受爱戴的创始人
RF_DetailText_17,63831077983457288,这里曾是<i>利维坦计划</i>的所在地，该计划由<b>兰格斯肉食</b>发起，旨在提升水产养殖产量。<br><br>长期暴露在<b>肉类科学</b>实验之下，已使这颗星球的动植物发生了永久性改变，其演化结果充满不可预测性。
RF_Subtitle_17,63782640332148737,星球
RF_DetailText_18,63831077983457289,此地曾被<b>兰格斯肉食</b>指定为卡尔·兰格斯烹饪探索中心，在公司创始人<b>卡尔·兰格斯</b>的指导下，诞生了无数肉类科学领域的创新成果。<br><br>在他离开公司后，该设施被悄然关闭并移出了预算名单。公司没有拨发任何资金用于员工安置。
RF_DetailText_19,63831077983457290,普拉姆特之愚星系的主星上居住着数量庞大的类人生物，其人口主要集中在高度城市化区域。世世代代暴露于一种名为“给力滋特饮” (兰格斯肉食注册商标) 的物质之下，已使该族群的基因发生了怪异且无法解释的永久性改变。<br><br>大唐古斯通过一套仪式化的格斗制度选拔统治者，而这套制度同时也是当地最主要的娱乐。这种机制确保了只有最强大的名人，才能登上权力高位，统治民众。
RF_DetailText_20,63831077983457291,这里曾是逃离<b>大唐古斯</b>破败市中心的理想避世之所，但在被变异体和弗兰肯生物占据后，已基本沦为废土。<br><br>该区域最著名的居民是一位名叫<b>丹教练</b>的退休搏击教练。
RF_Subtitle_20,63782640332148738,昔日天堂
RF_DetailText_21,63831077983457292,随着整个银河系对<b>给力滋特饮</b>的渴求愈发强烈，<b>兰格斯肉食</b>的一位远见卓识的高管策划收购了这颗卫星，作为新工厂的选址。<br><br>久而久之，小唐古斯逐渐发展为“给力滋特饮”的银河级制造中心，每天向渴求逐年递增的消费者供应数十亿加仑的饮料。
RF_Subtitle_21,63782640332148739,工厂卫星
RF_Name_22,63782640332148740,复仇号
RF_DetailText_22,63868852401180684,这艘巨大的舰船由大批外星入侵者操控，他们一心想要窃取<b>肉类科学</b>的秘密。
RF_Subtitle_22,63782640332148741,外星飞船
RF_Name_23,63782640332148742,重击之父
RF_DetailText_23,63868852401180685,三位冠军级格斗家组成了三巨头，凭借在周一晚间中期选举中的一连串胜利，统治着整个<b>普拉姆特之愚</b>。周一晚间中期选举是一种以仪式化格斗选拔领导者的制度。<br><br>猪肉桶皮特擅长运用官僚特权进行防御，同时召唤初级参议员淹没对手。<br><br>毛军一号在空中盘旋，用炸弹和机智的俏皮话对敌人进行毁灭性打击。<br><br>克劳达迪法官则以一连串代表正义的重锤，主宰着擂台。
RF_Subtitle_23,63831077983457293,行星统治者
RF_Name_24,63782640332148743,图托里乌斯
RF_DetailText_24,63831077983457294,这颗星球远离银河系核心，曾是<b>兰格斯肉食</b>的长期仓储设施，专门存放暂无即时价值的物品和材料。<br><br>如今，<b>卡尔·兰格斯</b>将这里作为最新一代<b>肉类科学家</b>的试验场。
RF_Name_25,63831077983457295,肉类科学
RF_DetailText_25,63831077983457297,工业化生物工程的这一分支，由发明家兼颠覆者<b>卡尔·兰格斯</b>率先开创。<br><br>通过旗下的<b>兰格斯肉食</b>公司，他利用这门科学为饥饿的银河系提供了源源不断的食物。<br><br>无数竞争对手曾试图复制他严密保守的商业机密，但无一成功。
RF_Subtitle_25,63831077983457296,卡尔的遗产
RF_Name_26,63831077983457298,全能肉
RF_DetailText_26,63868852401180686,当卡尔·兰格斯发现他的肉类科学也不足以喂饱饥饿的银河系时，他就开始探索更离经叛道的解决方案。<br><br><br>其中一次实验意外刺破了维度之间的屏障，让他发现了一个充满有机蛋白质物质的完整宇宙，卡尔将这种物质命名为<b>“全能肉”</b>。这一取之不尽的可食用材料 (以及飞船燃料)，使兰格斯肉食得以大幅扩张其业务规模。<br><br><br>饥饿自此消失，银河系迎来了繁荣与发展。
RF_Subtitle_26,63831077983457299,卡尔最伟大的发现
RF_Name_27,63831077983457300,智能肉
RF_DetailText_27,63831077983457302,作为<b>肉类科学</b>不断突破的最新成果，“智能肉” (商标申请中) 为大规模生产一种能够胜任多种关键任务的有机劳动力，提供了前所未有的前沿方案。<br><br>每名智能肉劳工仅需数秒即可生成，其成本仅为传统招聘和培训新员工的一小部分。更棒的是，所有智能肉劳工都可完全生物降解！<br><br>立即联系您的<b>兰格斯肉食</b>连锁经营代表，了解如何在一夜之间大幅削减用工成本，并显著降低员工不满指数！<br><br><i>摘自<b>兰格斯肉食</b>销售宣传册</i>
RF_Subtitle_27,63831077983457301,重塑员工
RF_DetailText_28,63868852401180687,这头庞然大物曾是<b>兰格斯肉食</b>的一名科学家，如今却将自己视为<b>彼得里姆</b>水生生态的守护者，以及这个世界的顶级捕食者。<br><br>他还坚信自己是个海盗。人真是够奇怪的！
RF_Subtitle_28,63831077983457303,肉类科学异常体
RF_DetailText_29,64168635024117760,这个奇特却友善的机器人来历不明。有人认为他在很久以前乘坐飞船从遥远的星系而来。<br><br>最近一次有人见到瑞赛特时，他正被囚禁在拥有自我意识的远程机器人工厂<b>卡吕普索</b>里，这显然是这两位感情破裂的结果。
RF_Subtitle_29,64168635003146240,失恋机器人
RF_Name_30,64168635024117761,小兰格斯
RF_DetailText_30,64168635024117763,<i>当我还在<b>兰格斯肉食</b>工作时，这儿曾是我的秘密私人实验室。就连我的老伙计<b>多蒂·邓肯</b>都不知道它的存在！</i><br><br><i>我躲在这儿主要图个清静，避开那些烦心事。但这里也是我进行那些还没准备好公之于众的<b>肉类科学</b>实验的地方。</i>
RF_Subtitle_30,64168635024117762,废弃实验室
RF_Name_31,64168635024117764,多蒂就是全能公主
RF_DetailText_31,64168635024117766,<i>谁能想到那位<b>全能肉公主</b>竟然一直就是我的老伙计多蒂·邓肯？这么一想，我现在大概明白她为什么那么生我的气了，毕竟是我搞出的<b>全能肉事件</b>，把她变成了这副扭曲又恶心的鬼样子。摊上这种事，确实能把人彻底毁了。</i><br><br><i>我得做点什么来补救，但我只能想到一个可能行得通的地方。在我所有的馊主意里，这绝对是最烂的一个。</i>
RF_Subtitle_31,64168635024117765,她想吞噬整个银河系
RF_Name_32,64168635024117767,全能肉公主 (系统 2 更新)
RF_DetailText_32,64168635024117769,<i>好家伙，她肯定是恨死老卡尔了，是不是？<br><br>真搞不懂她为什么那么在意那座被毁的<b>给力滋特饮</b>工厂。也许她只是单纯很爱喝那玩意儿！</i>
RF_Subtitle_32,64168635024117768,超维度实体
RF_DetailText_33,64168635024117771,<i>“哟，这就是我警告过你的那些星际鼻涕虫。他们老是追着<b>智能肉</b>跑，然后把它们吞个精光。<br><br>我想瘦的那只叫沃伊德，胖的那个叫努尔。<br><br>我有个主意，能拖慢他们的脚步。”</i>
RF_Subtitle_33,64168635024117770,致命追踪者
RF_Name_34,64168635024117772,全能肉公主 (系统 3 更新)
RF_DetailText_34,64168635024117773,<i>谁能想到那位全能肉公主竟然一直就是我的老伙计<b>多蒂·邓肯</>？<br><br>这么一想，我现在大概明白她为什么那么生我的气了，毕竟是我搞出的<b>全能肉事件</b>，把她变成了这副扭曲又恶心的鬼样子。摊上这种事，确实能把人彻底毁了。</i><br><br><i>我得做点什么来补救，但我只能想到一个可能行得通的地方。在我所有的馊主意里，这绝对是最烂的一个。</i>
RF_Name_35,64168635024117774,大玛姬
RF_DetailText_35,64168635024117775,一个出没在银河系的强大神秘存在。<br><br><i>“这个女人吓得我浑身发毛... 不过我好久没见过她了。她身上总有种说不出的熟悉感...” - 卡尔</i>
VO_Transcript_142,63089472154472448,没时间闲坐着了！迈开腿跑起来，小家伙！<br><br>使用 [InputAction:Gameplay/CharacterMovement] 移动。
VO_Transcript_143,63090527013539840,使用 [InputAction:Gameplay/Jump] 跳跃。
VO_Transcript_145,63116930585038848,<br><br>使用 [InputAction:Gameplay/CharacterMovement] 移动。
VO_Transcript_148,63120025394188288,长按 [InputAction:Interact/Interact] 与肉核互动。
VO_Transcript_149,63120702820421632,延误会降低效率。请继续。<br><br>靠近鲜肉时按 [InputAction:Interact/Interact] 进行交换
VO_Transcript_150,63121424244903936,请勿拖延，继续前进。<br><br>跳跃后按 [InputAction:Gameplay/LegsAbility] 冲刺
VO_Transcript_151,63122062601195520,或许这种智能肉有缺陷。<br><br>按 [InputAction:Gameplay/RangedFire] 射击，按 [InputAction:Gameplay/MeleeFire] 近战。
VO_Transcript_156,63126683751124992,然后我们就下来把这事解决。
VO_Transcript_157,63126683751124993,换上鲜肉，事半功倍！
VO_Transcript_162,63130956027236352,噢，这地方正好能让你的新腿派上用场！
VO_Transcript_163,63130956027236353,要是跳不过去，你也可以从另一边爬上去。
VO_Transcript_164,63130956027236354,先尽量靠近边缘再跳，好吗伙计？
VO_Transcript_165,63132572436500480,噢，这才叫真正的肉类科学！
VO_Transcript_166,63179948538826752,正在准备新员工。
VO_Transcript_167,63179948568186880,或许下一个会有所长进。
VO_Transcript_168,63179948568186881,我想这是在所难免的。
VO_Transcript_169,63179948568186882,肉类科学并非一门完美的科学。
VO_Transcript_170,63179948568186883,那看起来很疼。
VO_Transcript_171,63179948568186884,肉类科学的运作方式神秘莫测。
VO_Transcript_172,63179948568186885,我们每个人对悲伤的体验各不相同。
VO_Transcript_173,63179948568186886,至少死得很痛快。
VO_Transcript_174,63179948568186887,我本来很看好你的。
VO_Transcript_179,63455509689503744,肉核熟了。正在收割。
00c32fad3a344b378b312571aee6b3ec_118_0,92320026952982533,打开闸门
01998190f8294995824ace7de2ff5e2f_121_0,66001975141761027,为 4 号发生器充能
04fabed781d24397a4ed9344c5a3d010_118_0,92320026952982530,启动资源运输车
0bcd28e40f684d9db9742eb8901dad37_118_0,92320026952982534,牵引光束已被消灭
182e239371ef49dfbec24e0ea023fd6a_121_0,66763169515470853,拿到一个机械头并给发生器充能
24f5e0820b2a430e8674be90ab68934f_118_0,92320026952982531,护送运输车
2c6cfc90551847669db3d4e2ef15d3c6_54_0,79134725535424513,炮塔已被消灭
31498dc4387f4eaea72dde2f0832dce7_121_0,66763169515470851,免费机械头！
368bf896e1c94240bd2576d0b1a657fa_124_0,88432235181498368,保卫圣坛！
3f13c16356b846cc9b49d10059081ed9_124_0,88510558536458240,等待
45c41fc4a38742fdb704cb4e69bcd9da_124_0,87364860482936834,激活圣坛
477fc870434d4106b6594bd6e83d5c48_121_0,66763169448361984,发生器 1
51af503259c74b36bab7aeab459b285a_121_0,66763169515470852,找到机器工厂
555fc042f5db409abe3caba4559a8797_124_0,89024036670005248,等待中
59136b9c775e4ec1933c8ed20f9f5d23_40_0,88805460474322944,保护收割者！
60b5b41fcef444a284cd8994d540f9c5_124_0,91672564080828416,保护正在充能的圣坛！
702602d4ffea43a8ad2b8be054e73dc4_127_0,93987121075838976,与出口传送门互动
736627e655094cfa8f25340937a2d4ff_120_0,64640664636219392,摧毁肉腌瓜
886243dec6dd496386e201a8f85cc295_118_0,92320026952982532,保护货物
8c5170fa2ce549e1985ebb5d0e01c4e6_120_0,64640664636219393,肉腌瓜已被消灭
90eef0e7dafe4e98b691a8cf3bfae1b5_122_0,66304535373537280,继续本局游戏
96ce8ec8a31a44ceb57c0a8de5546f5f_121_0,66001975141761024,为 1 号发生器充能
985ece3c25384d839157c479d8223073_121_0,66001975141761026,为 3 号发生器充能
9da26d36ea2247ba99b70e7c742973b1_118_0,92320026952982536,发射中 
a154039495b7470584a0af27d4ed866d_121_0,66763169515470850,发生器 4
aadf3602081f4015aec9c47bc86000dd_121_0,66763169515470849,发生器 3
ac2567e652e94e068700c6209c7f36ea_54_0,79134725535424512,运气真好！！
cf9d61014cd1492d8c893491a9645ba0_121_0,66001975141761025,为 2 号发生器充能
da041d35d4c44d99bda028dd88ff0325_122_0,66304535373537281,前往你的电光飞堡
e7c43fda99ac4e8e8dd538cf316110cf_122_0,66304535373537282,开始一局游戏
eea91060b83b4496b1aeac1d2d260752_118_0,92320026952982529,找到运输车
f9870dbcb1a0442099f6f6c74c7714e3_121_0,66763169515470848,发生器 2
fcd915f79a4740e2a0a12db6d86a8244_118_0,92320026952982535,发射穿梭机
STG_12_1394fd3152ff42f38ae60f5d57322b88,66435288571154433,谁又过生日啦？没错，就是你！
STG_12_3448bc63ae1e4206849d19a7840f85fe,66435288571154434,祝你生日快—乐！
STG_12_b5c16efb19114e3d85197aa361affadc,66435288571154437,今天又是生日快乐的一天。
STG_12_bb9caf614acd49c9a3eec4b85964909a,66435288571154436,叮咚！生日快乐！
STG_12_bcf64c2f553a480b94a284b70604152a,66435288571154435,今天谁过生日？没错，就是你！
STG_12_ca27f0642db742338ba85a318a05e5c5,66435288571154438,啊呀，小肉团，祝你年年生日都快乐！
STG_12_d1260cdbf83a435d9734fabac23023f9,66435288571154432,又到你过生日啦！
STG_86_162f3932e37c49f696ab8699acf964be,66357874696491009,真好吃！
STG_86_834d57a162d14a24a157199a6d8f1c4e,66357874696491008,这下抓到你了！
STG_86_e58baca8b4594c5c8b9ee8eb81f7ecb2,66357874654547968,味道真不错。
STG_87_2c8df3d39aa0499daeda8c9d2ec2ae02,66357874696491012,我们可到处找你呢。
STG_87_4c35ded8489b4c258c53d9fcdfb3b698,66357874696491014,不介意我们插手吧？
STG_87_63f4d4a7bcbf4206ba6d4ac872e047df,66357874696491011,努尔先生，你也看到我看到的东西了吗？
STG_87_e58baca8b4594c5c8b9ee8eb81f7ecb2,66357874696491010,找到你了！
STG_87_fb62256c98f1462a9d3811b89008e54b,66357874696491013,你真以为自己逃得掉？
STG_88_016ff15dde534d769d1d1ba438bb5766,66357874696491018,你在哪儿呀，小肉团？
STG_88_116484f3783349e397e4371394922c35,66357874696491019,我的小点心呢？
STG_88_162f3932e37c49f696ab8699acf964be,66357874696491017,沃伊德先生，我闻到午餐的味道了！
STG_88_834d57a162d14a24a157199a6d8f1c4e,66357874696491016,我在这儿就闻到你的味道了！
STG_88_e58baca8b4594c5c8b9ee8eb81f7ecb2,66357874696491015,我好饿啊！
STG_89_2c8df3d39aa0499daeda8c9d2ec2ae02,66357874696491022,我来得不是时候吗？
STG_89_4c35ded8489b4c258c53d9fcdfb3b698,66357874696491024,咚咚咚，有人在家吗？
STG_89_63f4d4a7bcbf4206ba6d4ac872e047df,66357874696491021,努尔先生，我们要开始狩猎了吗？
STG_89_e58baca8b4594c5c8b9ee8eb81f7ecb2,66357874696491020,恐怕你没时间了！
STG_89_fb62256c98f1462a9d3811b89008e54b,66357874696491023,狩猎开始！
STG_90_e58baca8b4594c5c8b9ee8eb81f7ecb2,66357874696491025,哦，我非得尝上一口不可！
STG_91_e58baca8b4594c5c8b9ee8eb81f7ecb2,66357874696491026,准备好来点刺激的了吗？
STG_92_162f3932e37c49f696ab8699acf964be,66357874696491029,努尔先生，我有些招架不住了！
STG_92_834d57a162d14a24a157199a6d8f1c4e,66357874696491028,要我说，那小家伙还真有两下子！
STG_92_e58baca8b4594c5c8b9ee8eb81f7ecb2,66357874696491027,我只需要缓一缓。
STG_93_162f3932e37c49f696ab8699acf964be,66357874696491032,你可把我惹火了！
STG_93_834d57a162d14a24a157199a6d8f1c4e,66357874696491031,别再胡闹了！
STG_93_e58baca8b4594c5c8b9ee8eb81f7ecb2,66357874696491030,是时候结束这一切了！
STG_94_162f3932e37c49f696ab8699acf964be,66357874696491035,来吧，你跑哪儿去了？
STG_94_834d57a162d14a24a157199a6d8f1c4e,66357874696491034,哦，是的，我现在感觉好多了。
STG_94_e58baca8b4594c5c8b9ee8eb81f7ecb2,66357874696491033,我只是需要躺下缓缓。
STG_95_2c8df3d39aa0499daeda8c9d2ec2ae02,66361789617901570,真不好意思打扰了。
STG_95_4c35ded8489b4c258c53d9fcdfb3b698,66361789617901572,这下有新鲜的肉吃了！
STG_95_63f4d4a7bcbf4206ba6d4ac872e047df,66361789617901569,快看那边，沃伊德先生！
STG_95_e58baca8b4594c5c8b9ee8eb81f7ecb2,66361789617901568,哦哦，我看到午餐了！
STG_95_fb62256c98f1462a9d3811b89008e54b,66361789617901571,午餐时间到！
STG_96_e58baca8b4594c5c8b9ee8eb81f7ecb2,66361789617901573,是时候大干一场了！
STG_97_e58baca8b4594c5c8b9ee8eb81f7ecb2,66361789617901574,这下可有你受的了！
STG_98_162f3932e37c49f696ab8699acf964be,66361789617901577,对不起，沃伊德先生！
STG_98_834d57a162d14a24a157199a6d8f1c4e,66361789617901576,他们比看上去难对付多了！
STG_98_e58baca8b4594c5c8b9ee8eb81f7ecb2,66361789617901575,哎哟，这下可真疼！
STG_99_162f3932e37c49f696ab8699acf964be,66361789617901580,别怪努尔先生不客气了！
STG_99_834d57a162d14a24a157199a6d8f1c4e,66361789617901579,哦，沃伊德先生，我可真生气了！
STG_99_e58baca8b4594c5c8b9ee8eb81f7ecb2,66361789617901578,是时候结束这一切了！
STG_100_162f3932e37c49f696ab8699acf964be,66361789617901583,我现在感觉好多了！
STG_100_834d57a162d14a24a157199a6d8f1c4e,66361789617901582,打盹结束，该吃午饭了！
STG_100_e58baca8b4594c5c8b9ee8eb81f7ecb2,66361789617901581,好吧，你跑哪儿去了？
STG_101_2d4e9fa2379e4742a83167d33236d447,66435288571154445,在外头过得还滋润吗？
STG_101_2df9cf960ead43f6b80f1f7726f85aa4,66435288571154439,你好啊，小肉团！
STG_101_31221ccd7735454f88a5e4297aa88d97,66435288571154447,哦，你在这儿啊，见到你真高兴！
STG_101_58e64a80752347118e275397c6d3b9dd,66435288571154443,嘿，小家伙！
STG_101_6164f3ca78a8410cb0222f3dd7f44673,66435288571154442,你好吗？
STG_101_911bb0f5e8c441359220d84e4b7a4d30,66435288571154441,你好啊！
STG_101_91df6a61d2cd48568c88d4c3a3c3b140,66435288571154448,哦，小家伙，最近怎么样？
STG_101_9c280bd2c80c4d7d8f4c0bad6519decd,66435288571154444,这不是我最喜欢的小肉团嘛！
STG_101_a0c9d50b7ac04f048660da9c00563355,66435288571154440,哎呀，你好啊！
STG_101_ac50e9fabba74e58ba82fb3d612d9ea8,66435288571154446,哦，你好啊，小家伙！
STG_101_e2950848758345eca0dda0b4ecf92fd7,66435288571154449,哦，你好呀！
STG_102_07aeb06757ea4d83a925e9b5912b8550,66778140018839555,继续加油！
STG_102_1d485d7971fa4dc290b9af09ce568127,66778140018839552,你自己多保重啊！
STG_102_209dba9bb321487487815d056cdff335,66778140018839557,保持滋润，小家伙！
STG_102_253905826c564fb2a5270da3f6110546,66778140014645248,回头见，小肉团！
STG_102_681ec913f2d546d889972e763313659e,66778140018839558,再见，朋友！
STG_102_94fe5491de04435b8a95aae0b2c85f9b,66778140018839554,待会儿见，小家伙！
STG_102_c6e5299b8dde4a7e8d12267e458db7f5,66778140018839556,拜拜啦！
STG_102_d562ae583d9648f68dee936e8df37560,66778140018839553,放轻松，小肉团！
STG_103_1e1a08579f154d3390641eae410a9003,66435288571154451,我带过不少拳手，但还真没有哪个长得像行走的墨西哥卷饼。
STG_103_2715b3783d424a1e85b137009a8181fe,66435288571154453,你让我想起一个叫饼干比尔的拳手，只不过他是面包做的。
STG_103_402bfd769a1b41078a10fdfba74c5f14,66435288571154460,想当年，我和卡尔可干过不少疯事。
STG_103_5164f569287c4072a63d592f052742f9,66435288571154459,我跟卡尔那可是老交情了，而且不是一般的老。
STG_103_64d638e56c384f24b188ca2819652eef,66435288571154462,很高兴看到卡尔重新出山，继续让银河系变得更好。
STG_103_836c805e84494fb8a71f9540f4df5318,66435288571154452,你让我想起一个叫锰小子的拳手，那还是在他迷上给力滋之前。
STG_103_95e5e6ddd2a54b07b87fd4671792ab83,66435288571154457,你见过一个叫链锯麦琪的拳手吗？说出来你都不信，她人还真不错。
STG_103_9850ab8dd16e4c88acd86a61b4b87604,66435288571154450,小子，你这次可真给我长脸了。不过别跟别人说这是我说的。
STG_103_9a1148cfde7f4e8c824c29a0db0d388e,66435288571154454,我以前训练过一个穿小丑鞋的家伙。那主意可真不怎么样。
STG_103_a8746e6e66f14163b2ef5206525c620f,66435288571154456,你见过一个叫铁脚趾甲的拳手吗？见过的话，你肯定忘不了。
STG_103_abdb3693c1db4ae1888836e43e8c1120,66435288571154455,小子，你跟章鱼打过吗？那可够你提心吊胆的。
STG_103_b0160ac90afe4183b15a458ae7621462,66435288571154463,卡尔·兰格斯那家伙向来敢想敢干，这点确实让人佩服。
STG_103_dae83de77f1b42ec8113bb8f50a0f558,66435288571154458,你见过一个叫砖脸医生的拳手吗？没想到他是个牙医。
STG_103_e0db3007bcb24305b60e39511051847d,66435288571154461,没错，卡尔是犯过些错。不过话说回来，谁还没犯过呢？
STG_103_e10f9f4d03544556827565a467ba95e2,66435288571154464,我跟你说：永远不要低估卡尔·兰格斯。
STG_104_1e1a08579f154d3390641eae410a9003,66435288571154466,嘿，硬汉。
STG_104_2715b3783d424a1e85b137009a8181fe,66435288571154468,瞧瞧这是谁来了。
STG_104_836c805e84494fb8a71f9540f4df5318,66435288571154467,见到你真高兴。
STG_104_9850ab8dd16e4c88acd86a61b4b87604,66435288571154465,嘿，冠军。
STG_105_1e1a08579f154d3390641eae410a9003,66435288571154470,跟你聊得挺开心。
STG_105_2715b3783d424a1e85b137009a8181fe,66435288571154472,回头见。
STG_105_836c805e84494fb8a71f9540f4df5318,66435288571154471,悠着点，冠军。
STG_105_9850ab8dd16e4c88acd86a61b4b87604,66435288571154469,回头见，小子。
STG_106_1e1a08579f154d3390641eae410a9003,66435288571154474,成交。
STG_106_836c805e84494fb8a71f9540f4df5318,66435288571154475,我没意见。
STG_106_9850ab8dd16e4c88acd86a61b4b87604,66435288571154473,我看挺公平。
STG_107_1e1a08579f154d3390641eae410a9003,66435288575348737,小子，换点新肉上去！
STG_107_836c805e84494fb8a71f9540f4df5318,66435288575348738,小子，去弄点新肉来！
STG_107_9850ab8dd16e4c88acd86a61b4b87604,66435288575348736,嘿，小子，你该换点新肉了！
STG_108_57d595dd68b94b11b2b59fb88b7a5da5,66771219589206016,说得好像那样就能改变什么似的。
STG_109_57d595dd68b94b11b2b59fb88b7a5da5,66771219626954752,当然，现在你的行踪我了如指掌。
STG_110_57d595dd68b94b11b2b59fb88b7a5da5,66771219626954753,你以为你能改变这一切。
STG_111_57d595dd68b94b11b2b59fb88b7a5da5,66771219626954754,但现在已经轮不到你做主了，做主的是我。
STG_112_57d595dd68b94b11b2b59fb88b7a5da5,66771219626954755,将航向设定为兰格斯主星！
STG_113_57d595dd68b94b11b2b59fb88b7a5da5,66771219626954756,卡尔，你这个被嫉妒冲昏头的蠢货。
STG_114_e58baca8b4594c5c8b9ee8eb81f7ecb2,66774634386001920,见证全能肉的力量吧！
STG_115_e58baca8b4594c5c8b9ee8eb81f7ecb2,66774634390196224,这是你自找的，卡尔！
STG_116_e58baca8b4594c5c8b9ee8eb81f7ecb2,66774634390196225,这次你别想逃！
STG_117_e58baca8b4594c5c8b9ee8eb81f7ecb2,66774634390196226,全能肉！
STG_118_e58baca8b4594c5c8b9ee8eb81f7ecb2,66774634390196227,老实待着，卡尔！我很快就回来收拾你。
STG_119_e58baca8b4594c5c8b9ee8eb81f7ecb2,66774634390196228,接下来，是享受胜利大餐的时间了！
STG_120_e58baca8b4594c5c8b9ee8eb81f7ecb2,66774634390196229,明知赢不了，你为什么还要继续反抗？
STG_121_e58baca8b4594c5c8b9ee8eb81f7ecb2,66774634390196230,不过是点小挫折！你还是赢不了。
STG_122_e58baca8b4594c5c8b9ee8eb81f7ecb2,66774634390196231,凭我一个人的力量，碾碎你绰绰有余！
STG_123_e58baca8b4594c5c8b9ee8eb81f7ecb2,66774634390196232,不！不不不，不！
STG_124_e58baca8b4594c5c8b9ee8eb81f7ecb2,66774634390196233,卡尔·兰格斯，你以为你赢定了。
STG_125_e58baca8b4594c5c8b9ee8eb81f7ecb2,66774634390196234,你或许击败了这个傀儡。
STG_126_e58baca8b4594c5c8b9ee8eb81f7ecb2,66774634390196235,但现在你已身处我们的宇宙。
STG_127_e58baca8b4594c5c8b9ee8eb81f7ecb2,66774634390196236,是时候让你见识一下全能肉的真正力量了。
STG_128_e58baca8b4594c5c8b9ee8eb81f7ecb2,66774634390196237,我们很快会再见的，卡尔·兰格斯。
STG_129_07aeb06757ea4d83a925e9b5912b8550,66778140018839563,小家伙，我正在为你准备一些特别的东西！
STG_129_1d485d7971fa4dc290b9af09ce568127,66778140018839560,哦，我给你弄了点新东西！
STG_129_253905826c564fb2a5270da3f6110546,66778140018839559,嘿，小肉团，我正给你鼓捣新东西呢。过来瞧瞧。
STG_129_94fe5491de04435b8a95aae0b2c85f9b,66778140018839562,我给我的心头肉准备了点礼物。过来一下。
STG_129_d562ae583d9648f68dee936e8df37560,66778140018839561,嘿，小家伙，想看点新鲜玩意儿吗？
STG_130_07aeb06757ea4d83a925e9b5912b8550,66778140018839568,你确定？好嘞！
STG_130_1d485d7971fa4dc290b9af09ce568127,66778140018839565,我知道这事你搞得定。
STG_130_253905826c564fb2a5270da3f6110546,66778140018839564,哦，这可不容易啊，祝你好运！
STG_130_94fe5491de04435b8a95aae0b2c85f9b,66778140018839567,应该难不倒你！
STG_130_d562ae583d9648f68dee936e8df37560,66778140018839566,你好好玩去吧。
STG_131_07aeb06757ea4d83a925e9b5912b8550,66778140018839573,那可是专门给你的。
STG_131_1d485d7971fa4dc290b9af09ce568127,66778140018839570,你应该知道怎么用那玩意儿。
STG_131_253905826c564fb2a5270da3f6110546,66778140018839569,这玩意儿肯定能派上大用场。
STG_131_8193fb832f8a42499e74ee269e663f45,66778140018839574,哦，这可是锦上添花呀。
STG_131_94fe5491de04435b8a95aae0b2c85f9b,66778140018839572,小心点，那可不是玩具。
STG_131_d562ae583d9648f68dee936e8df37560,66778140018839571,哦，这个可真不错。
ABL_Desc_98,79423295005384704,猛射一枚大型火箭，命中后爆炸。直接命中时造成 3 倍伤害。
ABL_Desc_202,80823105834967040,"奔跑时对周围敌人造成 <#FFEB04><link=""Keyword:15"">[冰霜]</link></color> 伤害。"
ABL_Desc_203,80824169023922176,"奔跑时对周围敌人造成 <#FFEB04><link=""Keyword:14"">[黏液]</link></color> 伤害。"
ABL_Desc_204,80824169023922177,"奔跑时对周围敌人造成 <#FFEB04><link=""Keyword:12"">[电击]</link></color> 伤害。"
ABL_Desc_205,80824169023922178,"奔跑时对周围敌人造成 <#FFEB04><link=""Keyword:13"">[火焰]</link></color> 伤害。"
ABL_Name_241,79423295013773312,外星甜甜圈
ABL_Desc_241,79423295013773313,向你的前方发射弧形能量环。
ABL_Name_246,84150493377454080,诡异注射
ABL_Desc_246,84150493381648384,不知道这是啥，但用了之后能回复 100 点生命值。
ABL_Name_247,86035996729139200,核爆公爵
ABL_Desc_247,86035996733333504,发射一枚能几乎摧毁一切的核弹。你最好离爆炸区域远一点...
ABL_Name_248,86035996733333505,火焰墙
ABL_Desc_248,86035996733333506,制造一道灼烧敌人的火墙。
ABL_Name_252,94597113462120448,警长卡尔
ABL_Desc_252,94597113466314752,警长卡尔前来救援！<br>卡尔会驾驶机甲跟随你，尽可能多地击倒敌人。真是个好老板。
ABL_Name_257,95088709014118400,能量汲取
ABL_Desc_257,95088709022507008,"获得 +3% 移动速度和 +5% <#FFEB04><link=""Keyword:13"">[火焰]</link></color> 伤害。<br>减缓附近敌人的攻击和移动速度。"
ART_Name_4,91432940955754496,引力井
ART_Name_13,94597113466314753,机械卡尔
CQ_Name_58,51558077172801536,擂台之王 v2 (标准)
CQ_Name_95,65757147558830080,装扮收藏家
CQ_Desc_95,65757147583995904,卖相很重要，小肉团子。我这家公司能立起来，靠的就是肉好，加上卖相好。凑齐五件装扮算是个扎实的开头。你在外头总算有点样子了。
CQ_Name_96,65757147583995905,装扮达标
CQ_Desc_96,65757147583995906,餐饮圈有句老话：十五件装扮是起步价。这话是我编的，但道理没错。接着攒——在外头你可代表着兰格斯公司的脸面！
CQ_Name_97,65757147583995907,装扮翩翩
CQ_Desc_97,65757147583995908,二十五件装扮。我特意查了“风度翩翩”这个词，确认自己没用错。没用错。这个词生下来就是为了形容眼下这一幕的。接着冲。
CQ_Name_98,65757147583995909,尽情展现自我
CQ_Desc_98,65757147583995910,听着，我可没让你去解锁三十七件装扮。这种话我是绝对说不出口的。我只是想让你琢磨琢磨，三十七件装扮能说明你是个怎样的人。怎样的员工。算了。这事完全由你自己定。
CQ_Name_99,75588200087674880,武器研发
CQ_Desc_99,75588200096063488,在兰格斯，作为一家快餐连锁，我们不得不设立一些“独特”的部门。事实证明，喂饱整个银河可不只是递三明治、陪笑脸，这事比看上去难多了！去武器研发部走一趟，开始升级你的装备吧。腰上配备的家伙越多，搞肉就越容易。
CQ_Name_100,82285661372014592,钓鱼
CQ_Desc_100,75664958191296512,小肉团，把那些石头和古代科技带过来。我们会给你配上最新款的维度裂隙钓具，好让你去钓几条大鱼。
CQ_Name_101,75626551931035648,总得钓上几条
CQ_Desc_101,75670184147279872,使用维度裂隙钓具，去钓几条大鱼吧。
CQ_Name_102,75631368929796096,文化适配
CQ_Desc_102,75664958195490816,在兰格斯，“自我提升”可不是建议，而是绩效指标。而且它还是正式员工福利！去员工福利终端那边，给自己解锁一项新升级。让我看看你有没有慢慢干出点样子来，小家伙。
CQ_Name_103,86371778174115840,刀工了得！
CQ_Desc_103,86371778178310144,我的装备柜里锁着一件利器，一直想找个理由把它送出去。看你这架势，应该能赢。去砍点东西再回来吧。你干得怎么样，我自会知道。
CQ_Name_104,93905764215676928,激活 3 座圣坛
CQ_Desc_104,93905764219871232,激活 3 座圣坛即可赢取额外奖励
CRT_Name_86,89820889795780608,肉巴哥
CRT_Name_87,91076799746793472,肉巴哥幼崽
CTC_Name_3,86277628988743680,古代科技
CTC_Name_5,86277628992937985,吊饰和样本
CTC_Name_6,86277628992937986,矿物
INTD_Name_25,92544266662830080,出口传送门
INTD_Action_25,92544266667024384,下一房间
ITM_Attr_39,17438567620927577,{0:|+|+|+}{0:percent()}% 物品箱生命值加成
ITM_Attr_511,91742537604128768,{0:|+|+|+}{0:percent()}% 经验值获取
ITM_Name_1097,64524596592762880,幸运灵药
ITM_Name_1099,88480638204633088,迅捷圣坛
ITM_Name_1100,88480638208827392,幸运圣坛
ITM_Name_1101,88480638208827393,力量圣坛
ITM_Name_1102,91482575502041088,挑战 +20%
ITM_Name_1103,91697156585414656,厄运圣坛
ITM_Name_1104,91698194650488832,生命圣坛
ITM_Name_1105,91742537620905984,霉运经验圣坛
ITM_Name_1106,91742537620905985,经验圣坛
ITM_Name_1107,91875735667466240,挑战 +10%
LSB_69,65696160330125312,兰格斯肉食。真相交给我们，你只管大口吃肉。
MUT_Type_7,85936796137938944,火焰
MUT_Type_8,85936796142133248,冰霜
MUT_Type_9,85936796142133249,黏液
MUT_Type_10,85936796142133250,电击
MUT_Type_18,85936796142133251,动能
PE_Desc_118,92320026952982528,特快专递
PE_Desc_120,64640664627830784,解除肉圣堂之盾
PE_Desc_121,66001975099817984,给电池充能
PE_Desc_122,66304535369342976,前往你的电光飞堡，开始新一轮挑战！
PE_Desc_124,87364860482936832,附近的神秘圣坛
PE_Desc_125,92791742368047104,击败所有敌人
PE_Desc_127,93986020658241536,找到通往下一房间的传送门！
PE_CompassDesc_124,90954630467411968,圣坛
PE_FailureDesc_124,88905188520222720,<color=#FF3667>圣坛被毁！</color>
PLN_Name_26,78722713496051712,零度意肠
PLN_Name_27,88549004969762816,熔岩女王
PLN_Name_28,92514418636611584,兰格斯密室01
PLN_Name_29,93545291569946624,兰格斯密室02
PLN_Name_30,94424828545589248,棉心脆堡
SHE_Name_1,93903394018680832,挑战圣坛
SHE_Name_4,93903394018680835,财富圣坛
SHE_Name_5,93903394018680836,豪赌圣坛
SS_Name_9,91037073622949888,虫洞
SS_Name_10,92525321763414016,盒子里有啥
TPUP_CodexButton_1,64970684173840384,星系终端
TPUP_CodexDesc_1,64970684190617600,你今天想去哪里？
TPUP_CodexButton_2,64970684190617601,猎人威胁指示器
TPUP_CodexDesc_2,64970684190617602,猎人：无处不在的威胁
TPUP_CodexDesc_3,64970684190617603,按理说不是必须，不过...
TPUP_CodexDesc_4,64970684190617604,当噩梦都不够可怕时
TPUP_CodexDesc_5,64970684194811904,兰格斯员工的全部福利
TPUP_CodexButton_6,64970684194811905,采集矿物
TPUP_CodexDesc_6,64970684194811906,把值钱货挖出来
TPUP_CodexButton_7,64970684194811907,采集技术
TPUP_CodexDesc_7,64970684194811908,白给的不拿白不拿
TPUP_CodexButton_8,64970684194811909,采集鱼
TPUP_CodexDesc_8,64970684194811910,捕鱼
TPUP_CodexButton_9,64970684194811911,终极技能终端
TPUP_CodexDesc_9,64970684194811912,肉类科学家的标配
TPUP_CodexButton_10,64970684194811913,武器终端
TPUP_CodexDesc_10,64970684194811914,解锁并升级你的枪械！
TPUP_Desc_11_0,66382739308273665,"留意 HUD 右上角的<color=#FF3667>目标清单</color>。每颗星球上都设有：<br><color=#FF3667><sprite name=""PrimeDirective"">首要目标</color><br><color=#FF3667><sprite name=""SecondaryDirective"">次要目标</color><br><br>完成目标可获得各种<color=#FF3667>奖励</color>，所以，能做多少就做多少！"
TPUP_Title_11_1,66382739308273666,罗盘
TPUP_Desc_11_1,66382739308273667,<color=#FF3667>罗盘</color>会显示在 HUD 顶部，指示每颗星球上的<color=#FF3667>兴趣点</color>。<br>它能帮助你找到<color=#FF3667>首要目标、</color><color=#FF3667>次要目标、</color><color=#FF3667>弹跳板</color>等等！
TPUP_CodexButton_11,66382739304079360,目标
TPUP_CodexDesc_11,66382739308273664,至关重要的任务目标
TPUP_Desc_12_0,66382739308273670,若要进行<color=#FF3667>快速装填</color>，就要在旋转指针进入装填窗口的彩色区域时开火。<br><br>命中<color=#00FF00>绿色区域</color>可获得装填<color=#FF3667>充能加成</color>；每种武器独有其<color=#FF3667>独特加成</color>。<br>命中<color=#FFC700>黄色区域</color>可以加快装填速度，但不会获得加成。
TPUP_Title_12_1,66382739308273671,近战
TPUP_Title_12_2,66382739308273673,近战
TPUP_Desc_12_1,66382739308273672,按 [InputAction:Gameplay/MeleeFire] 使用铲子发动近战攻击。铲子是强力近距离武器，可以使敌人<color=#FF3667>踉跄</color>，让其失去平衡并暂时无法行动。
TPUP_Desc_12_2,66382739308273674,按 [InputAction:Gameplay/MeleeFire] 挥动你的铲子。<br>近战攻击有较高几率使敌人<color=#FF3667>踉跄</color>，让其失去平衡并在数秒内无法行动。
TPUP_CodexButton_12,66382739308273668,武器
TPUP_CodexDesc_12,66382739308273669,触发警告
TPUP_Desc_13_0,66382739308273678,被击败的敌人有时会掉落<color=#FF3667>肉体部件</color>。<br>靠近这些部件时按 [InputAction:Interact/Interact]，即可将其与自己当前的身体部件进行<color=#FF3667>交换</color>。
TPUP_Title_13_0,66382739308273677,换肉
TPUP_Title_13_2,66382739308273680,肉盾
TPUP_Desc_13_1,66382739308273679,每个<color=#FF3667>肉体部件</color>都带有<color=#FF3667>独特技能</color>。<br>交换部件部件能让你跑得更快、打出爆发伤害，或者召出小兵... 玩法多得很，所以赶紧换肉吧！
TPUP_Desc_13_2,66382739308273681,你的<color=#FF3667>肉体部件</color>拥有一定的<color=#FF3667>肉耐久度</color>。部件受到伤害会消耗耐久，耐久耗尽时部件会被<color=#FF3667>摧毁</color>。不过在部件破碎瞬间，你将短暂进入<color=#FF3667>无敌</color>状态。换上新部件即可重新获得其对应的<color=#FF3667>技能</color>。
TPUP_CodexButton_13,66382739308273675,换肉
TPUP_CodexDesc_13,66382739308273676,如游戏名称所示
TPUP_Desc_14_0,66382739308273685,在一局游戏中获得足够的<color=#FF3667>经验值</color>后，你的团队等级条就会填满，你也会随之<color=#FF3667>升级</color>。<br>触发升级后，按 [InputAction:Gameplay/ItemRewardInit] 即可选择一项强力<color=#FF3667>物品或升级</color>。
TPUP_Title_14_0,66382739308273684,升级
TPUP_Desc_14_1,66382739308273686,留意 HUD 左下角的<color=#FF3667>团队等级条</color>，就能知道自己离升级还有多远。。<br>每局游戏<color=#FF3667>最高可升至 30 级</color>。
TPUP_CodexButton_14,66382739308273682,升级
TPUP_CodexDesc_14,66382739308273683,一路升升升
TPUP_Desc_15_0,66382739308273689,<color=#FF3667>电光飞堡</color>负责载你往返星球表面。<br>当你完成最后一个<color=#FF3667>首要目标</color>后，<color=#FF3667>电光飞堡</color>就会接你撤离到安全地带。<br>赶紧上船，别被潮水般的敌人给淹没了！
TPUP_CodexButton_15,66382739308273687,电光飞堡
TPUP_CodexDesc_15,66382739308273688,我可没看见什么螺栓...
TPUP_Desc_16_0,66382739308273692,使用 [InputAction:Gameplay/CharacterMovement] <color=#FF3667>移动</color>。<br>按 [InputAction:Gameplay/Jump] <color=#FF3667>跳跃</color>。<br>连按两次 [InputAction:Gameplay/Jump] 即可触发<color=#FF3667>二段跳</color>。
TPUP_Title_16_0,66382739308273691,基本操作
TPUP_Title_16_1,66382739308273693,生命值和护盾
TPUP_Title_16_2,66382739308273695,技能
TPUP_Desc_16_1,66382739308273694,<color=#FF3667>生命值</color>和<color=#FF3667>肉盾</color>显示在 HUD 左下角，也显示在准星左侧。<br>你由 3 个部位组成：<color=#FF3667>头</color> (上)，<color=#FF3667>躯干</color> (中) 和<color=#FF3667>腿</color> (下)。<br>时刻留意你的肉盾，一旦某个部位的肉盾耗尽，你就会失去部位，直到你捡到新的肉块！
TPUP_Desc_16_2,66382739308273696,肉体部件自带<color=#FF3667>技能</color>，会显示在屏幕底部的技能栏中。<br>每个部件的技能各异，所以尽量多捡些新肉块吧！
TPUP_CodexDesc_16,66382739308273690,动起来
TPUP_Desc_17_0,91467094054334465,<color=#FF3667>肉体部件</color>和<color=#FF3667>武器</color>可以附带<color=#FF3667>元素</color>属性。<br>对敌人持续造成元素伤害会产生累积，直到触发相应的<color=#FF3667>异常状态</color>。
TPUP_Desc_17_1,91467094054334466,"<#FFEB04><link=""Keyword:17"">[异常状态]</link></color> 可由任何匹配的元素来源触发，且敌人身上可以同时并存<color=#FF3667>多种异常状态</color>。"
TPUP_CodexButton_17,91467094033362944,元素
TPUP_CodexDesc_17,91467094054334464,猛砸、冰冻、电击、焚烧，随你挑
VO_Transcript_182,64586613632897024,哦哦，附近有辆卡车装满了秘制香料，我们肯定用的上那东西。
VO_Transcript_183,64586613649674240,你得不停检修那辆旧车，不然它迟早抛锚！
VO_Transcript_184,64586613649674241,快跑，小家伙！那些外星人可不好对付。 
VO_Transcript_185,64587626796388352,谁在那儿装了扇门？ 
VO_Transcript_186,64920625689165824,现在按下按钮，把这些香料送上来！
VO_Transcript_187,64920625714331648,小肉团，你得把那玩意儿弄开！
VO_Transcript_188,64930279190200320,把那批货送上穿梭机。哦，我们可都指望你了！
VO_Transcript_189,65631231578988544,好了各位，让我们欢迎... 毛军一号！
VO_Transcript_190,65631231583182848,全体起立，欢迎德高望重的... 克劳达迪法官！
VO_Transcript_191,65631231583182849,首先出场的是... 猪肉桶皮特！
VO_Transcript_192,65631231583182850,规则大家都懂。要是你不懂？那就算你倒霉了！
VO_Transcript_194,66064315292422144,看到那些到处乱蹦的碎肉块了吗？你最好把它捡起来，你还得靠它活命呢！
VO_Transcript_195,66064315330170880,嘿，罗克西，看来你在配方里加的那颗脑细胞还真见效了。
VO_Transcript_196,66064315330170881,收割失败。肉核已毁。
VO_Transcript_197,66064315330170882,检测到受损。请保卫节点。
VO_Transcript_198,66064315330170883,警告：肉核防御已失效。
VO_Transcript_199,66064315330170884,警告：肉核即将被摧毁。
VO_Transcript_200,66064315330170885,糟糕！别让他们拿到肉核！
VO_Transcript_201,66064315330170886,确实如此。这位肉类科学家的表现优于之前所有的实验体。
VO_Transcript_202,66342620914618368,叫我舷炮射手！
VO_Transcript_203,66342620927201280,瑞赛特... 你觉得你能逃到哪儿去？
VO_Transcript_204,66342620927201281,一个活口也别留！
VO_Transcript_205,66342620927201282,我要把你沉到海底！
VO_Transcript_206,66342620927201283,是时候下饵了！
VO_Transcript_207,66342620927201284,炮手就位！
VO_Transcript_208,66342620927201285,舷炮射手可不知道什么是疼！
VO_Transcript_209,66342620927201286,住手，你这条该死的癞皮狗！
VO_Transcript_210,66342620927201287,看来风向变了！
VO_Transcript_211,66342620927201288,鱼儿们会向你讨回这笔账！
VO_Transcript_212,66342620927201289,大海记得你的罪孽！
VO_Transcript_213,66342620927201290,大海可不会手下留情！
VO_Transcript_214,66342620927201291,送你去见深海阎王！
VO_Transcript_215,66342620927201292,给我过来！
VO_Transcript_216,66342620927201293,本船长可不会给船陪葬！
VO_Transcript_217,66342620927201294,扬帆备战吧，不过嘛！都是白费工夫，哈哈哈哈！
VO_Transcript_218,66342620927201295,啊哈哈哈哈！
VO_Transcript_219,66342620927201296,以海神的胡子起誓！
VO_Transcript_220,66342620927201297,想弄沉我？没那么容易！
VO_Transcript_221,66342620927201298,小肉团！过来一下。
VO_Transcript_222,66342620927201299,这是你新解锁的宝藏！
VO_Transcript_223,66342620927201300,水雷装填完毕！
VO_Transcript_224,66342620927201301,装填完毕，随时开火！
VO_Transcript_225,66342620927201302,只等一声令下！
VO_Transcript_226,66342620927201303,我准备好了，船长！
VO_Transcript_227,66342620927201304,船长，我需要更多时间！
VO_Transcript_228,66342620927201305,把他们沉入海底！
VO_Transcript_229,66342620927201306,立即开火！
VO_Transcript_230,66342620927201307,来了，她炸了！
VO_Transcript_231,66342620927201308,我从地狱最深处朝你吐口塔塔酱！
VO_Transcript_232,66342620927201309,船长，她就这点本事了！
VO_Transcript_233,66357874709073920,请选择目的地。
VO_Transcript_234,66357874709073921,电光飞堡已完成部署。
VO_Transcript_235,66357874709073922,有一份新档案可供查阅。
VO_Transcript_236,66357874709073923,任务完成。
VO_Transcript_237,66357874709073924,援军正在赶来。
VO_Transcript_238,66357874709073925,猎人进入愤怒状态时，无法部署肉类科学家。
VO_Transcript_239,66357874709073926,现在可以部署肉类科学家了。
VO_Transcript_240,66417837640880128,嘿，肉包子！过来一下。
VO_Transcript_241,66417837640880129,小子，你得让那辆卡车一直跑着！
VO_Transcript_242,66417837640880130,趁他们还没把卡车砸烂，快把那扇门打开！
VO_Transcript_243,66417837640880131,很快就会见分晓。
VO_Transcript_244,66417837640880132,准备好开打的时候，到擂台来找我。
VO_Transcript_245,66417837640880133,嘿，小子，我这把老骨头可不等人！
VO_Transcript_246,66417837640880134,当心点，小子！
VO_Transcript_247,66417837640880135,出手吧，小子！
VO_Transcript_248,66435288579543040,好了，小肉团，该你去找布拉德博士了。
VO_Transcript_249,66435288579543041,试着把那个大块头引到雷区里去！
VO_Transcript_250,66435288579543042,哦，看来那些地雷根本伤不到他！
VO_Transcript_251,66435288579543043,你得把那些炮口堵住！
VO_Transcript_252,66435288579543044,朝那个鲨旋风开火就能把它干掉！
VO_Transcript_253,66435288579543045,好，我们开始吧！
VO_Transcript_254,66435288579543046,敲钟吧，我准备好了！
VO_Transcript_255,66435288579543047,先等一下！
VO_Transcript_256,66435288579543048,好戏要来喽！
VO_Transcript_257,66435288579543049,好好瞧瞧这个！
VO_Transcript_258,66435288579543050,丹教练登场！
VO_Transcript_259,66435288579543051,小子，我就帮你到这儿了！
VO_Transcript_260,66435288579543052,过来吧，小子。我给你准备了点东西。
VO_Transcript_261,66435288579543053,可别说我没帮过你。
VO_Transcript_262,66435288579543054,喂，裁判，给我公正点！
VO_Transcript_263,66435288579543055,抄起一把折叠椅把他打趴下！
VO_Transcript_264,66435288579543056,嘿，小子，你得先解决裁判，才能压制住那家伙！
VO_Transcript_265,66435288579543057,椅子！快去抄把椅子！
VO_Transcript_266,66435288579543058,干得漂亮！放倒一个，还剩两个！
VO_Transcript_267,66435288579543059,现在你得提防他们两个了。小心背后！
VO_Transcript_268,66435288579543060,小子，你得把那家伙撂倒在地！
VO_Transcript_269,66435288579543061,别忘了另一个家伙！
VO_Transcript_270,66435288579543062,这就对了，冠军！只剩最后一轮了！
VO_Transcript_271,66435288579543063,干得漂亮，但你还没赢呢，别高兴太早！
VO_Transcript_272,66435288579543064,还剩最后一个，小子！
VO_Transcript_273,66435288579543065,你做到了，冠军！你简直就是天选之子！
VO_Transcript_274,66435288579543066,那个臭文员快把你整死了，小子！
VO_Transcript_275,66435288579543067,你得先把那个会飞的混蛋打下来！
VO_Transcript_276,66435288579543068,别光在那儿挨揍，给我狠狠打回去！
VO_Transcript_277,66435288579543069,先解决裁判！裁判！
VO_Transcript_278,66435288579543070,别想了，小子！他可是有官僚体制护身的！
VO_Transcript_279,66435288579543071,干掉那些小喽啰，把他们的腿夺过来！
VO_Transcript_280,66435288579543072,现在抡起那些腿，狠狠地摔翻他！
VO_Transcript_281,66437093602463744,他快不行了。快，压制住他！
VO_Transcript_282,66437093602463745,那玩意儿能带我们直达需要的肉核！
VO_Transcript_283,66437093602463746,嘿，小肉团！
VO_Transcript_284,66443846721310720,你得把那些门打开，伙计！
VO_Transcript_285,66443846721310721,看来我确实把这帮人给忘了好一阵子。行吧，这事怪我。
VO_Transcript_286,66443846721310722,就是这样。继续开门！
VO_Transcript_287,66443846721310723,好了，这就是巨型核爆炉。 
VO_Transcript_288,66443846721310724,一旦启动，它转眼就能把那个肉核烤熟。
VO_Transcript_289,66443846721310725,小肉团，你得把那三台核爆炉全打开！
VO_Transcript_290,66443846721310726,搞定一个！但三台核爆炉都得运转起来才行。
VO_Transcript_291,66443846721310727,好了，我们差不多可以开烤了！
VO_Transcript_292,66443846721310728,哟呼！我们开始烤肉啦！给我护好那块肉！
VO_Transcript_293,66443846721310729,噢耶，小肉团，烤得正香呢，滋滋冒油！
VO_Transcript_294,66443846721310730,等会儿，小肉团，这声音听着耳熟。去瞧瞧是怎么回事，行吗？
VO_Transcript_295,66443846721310731,嘿，小肉团，你得先把那些发生器搞掉！
VO_Transcript_296,66443846721310732,我敢说，把那些大石头脑壳塞进去，准能把发生器卡得死死的！
VO_Transcript_297,66443846721310733,没问题！接着往里扔脑壳，这像那样。
VO_Transcript_298,66443846721310734,现在快去找那颗心，小肉团！
VO_Transcript_299,66443846721310735,看见前面那颗大心脏了吗？
VO_Transcript_300,66443846721310736,我们得把那玩意儿挖出来，好让这姑娘重新振作起来。
VO_Transcript_301,66443846721310737,要是他们在我们把那颗心取出来之前把它毁了，她就会一直被感染。
VO_Transcript_302,66443846721310738,一旦进去，不搞定就别想出来。
VO_Transcript_303,66443846721310739,趁现在还有机会，最好先去用一下治疗站。
VO_Transcript_304,66443846721310740,呃，糟了，他来了。准备好，小肉团！
VO_Transcript_305,66443846721310741,你得把那些热狗堵上！
VO_Transcript_306,66443846721310742,小肉团，那些石头脑壳正是你需要的！
VO_Transcript_307,66443846721310743,我可不敢离那个大块头太近！
VO_Transcript_308,66443846721310744,哦哦，这下确实伤到那大块头了，不过他还没倒下呢！
VO_Transcript_309,66443846721310745,糟了，小肉团，我看你把他惹毛了！
VO_Transcript_310,66443846721310746,等他跺脚时，用那双腿使劲跳起来！
1fa6b98e3e7b4bbd923bdc1b7b42005c_132_0,107655364063780864,猎人已被消灭
236eced1758f4925917ffd297dec2f47_133_0,107655364063780866,调查
65a9ac7f76fd46a181993eca4976b215_133_0,107655364072169472,追捕猎人！
6738dedaf8d8478a8d74e1a1d2e2c125_131_0,107655364055392258,已关闭传送门
6738dedaf8d8478a8d74e1a1d2e2c125_133_0,107655364076363776,猎人已被消灭
9fb394aa180a48f7bc480a0d21c14962_131_0,107655364055392257,进入擂台！
ABL_Desc_118,102231626447052800,"为附近盟友赋予 150 <#FFEB04><link=""Keyword:11"">[屏障]</link></color>，持续 15 秒。<br><#FFEB04><link=""Keyword:11"">[屏障]</link></color> 持续期间将反射所有受到的伤害。"
ABL_Desc_262,96528322085773312,发射钩爪，将自己拉向命中的位置。
ABL_Desc_263,102563114564706304,部署一个爆音宝。咔哒，咔哒，轰！
ABL_Desc_268,108777313687035905,把我扔进我的机甲里，咱们一起把他们揍个稀烂！
ABL_Name_262,96528322081579008,钩爪舌
ABL_Name_263,102563114560512000,牛仔爆音宝
ABL_Name_268,108777313687035904,启动卡尔的机甲
CND_Desc_11,98640502977454081,3 秒后爆炸
CND_Name_11,98640502977454080,炸弹
CQ_Desc_105,102259608528084992,你通过试用期了，恭喜！现在我们可以开始干正事了，看看你到底有没有这个本事。
CQ_Desc_106,102259608528084994,你是新来的，所以我们得先看看你有几斤几两，再帮你把我们需要的那些能力都练起来，让你成为最优秀的员工！
CQ_Desc_107,102263695273353217,你可真是超出岗位要求了！我们就喜欢你这股劲儿，所以决定奖励你更多责任！工作是不是很好玩？
CQ_Desc_108,102263695277547521,既然你已经上手了，我们就可以让你承担更多职责了！我们总是需要勇于承担重任的员工。
CQ_Desc_109,102272247622787073,迈克上船啦！不过要让他安顿下来可不容易。这人活着就靠两样东西：善意，还有鱼内脏，基本是这个先后顺序。帮我们个忙，卖他一大批鱼，越臭越好。记住我说的话，这周结束前，他就跟一家人没两样了。
CQ_Desc_110,102276841048367105,我们需要大量的肉来供养整个银河系，管理层最欣赏有进取心的人！出去给我带一大批肉核回来，数量要多到让会计们开心得手舞足蹈。堆高点，小肉团。将来那间角落办公室，没准就有你一份。
CQ_Desc_111,102281096752783360,你怎么看那种天天上班摸鱼的人？没错，我也瞧不上。赶紧把你挣来的那身装扮换上，拿出“月度最佳员工”的派头来上班。干快餐这行，门面很重要。
CQ_Desc_112,102279208766529538,我们收到一些报告，说外面出现了一些古怪的小型设施... 当地人管它们叫“圣坛”。只要启动一座，就能给站得最近的人打满鸡血。去帮我们摸清楚它们怎么用，行吗？要是银河系在白送强化效果，兰格斯可得分一杯羹。
CQ_Desc_113,102279208766529540,在外头碰上那些棘手强敌时，别光顾着宰，记得采个样。它们那身肉里肯定有好东西，楼下实验室那帮人早就嚷着要新鲜材料了。把好货给我带回来，我保证让他们记住这箱样本是谁弄来的。
CQ_Desc_114,102281096752783362,那帮外星人肯定在搞鬼.... 我的直觉不会错，毕竟公司全靠我的直觉在运转。它们一直在召唤那些巨大的佐德光束，还把它们藏在护盾后面，像是有什么见不得人的东西。趁它们的阴谋还没彻底成型，先把那些召唤装置给我砸了。
CQ_Desc_115,102281096752783364,注意了：最近各个星球上的炮塔跟蒲公英似的疯长，要是收割者被流弹误伤，保险可不给报销。趁它们还没调转炮口把咱们一锅端，赶紧去把那些炮塔拆了。把补给线给我守住，小肉团！
CQ_Desc_116,102281096752783366,你有没有敲开过敌人掉落的那种神秘肉立方？里面的东西挺邪门的... 不过在我们这儿，“邪门”的意思就是能卖个“好价钱”。去帮我们砸开几个看看，行吗？不管里面是什么，现在都归兰格斯所有了。
CQ_Desc_117,102281096752783368,我哥们儿丹教练刚刚通过无线电联系我们，说一帮变异体在大唐古斯星上拿他当活靶子练兵，他已经有点火大了。你下去搭把手，陪他们练练，让那帮变异体知道这个银河到底谁说了算。就算帮老朋友一个忙。
CQ_Desc_118,102281096752783370,我们最近一直在追查一段神秘的无线电信号，可惜全是杂音。各个星球上散布着老旧的无线电塔网络，挨个启动起来，看看能不能把信号理清。这事可能只是白忙一场，但也可能藏着什么大发现。
CQ_Name_105,102259608519696384,初级助理
CQ_Name_106,102259608528084993,员工试用期
CQ_Name_107,102263695273353216,兰格斯高级员工
CQ_Name_108,102263695277547520,中级专员培训
CQ_Name_109,102272247622787072,欢迎迈克
CQ_Name_110,102276841048367104,以肉会友
CQ_Name_112,102279208766529537,圣坛崛起
CQ_Name_113,102279208766529539,样本专家
CQ_Name_114,102281096752783361,调查外星人活动
CQ_Name_115,102281096752783363,摧毁炮塔
CQ_Name_116,102281096752783365,夺骨奇兵
CQ_Name_117,102281096752783367,丹教练的舞步
CQ_Name_118,102281096752783369,不可能的信号
CRT_Name_89,102563114573094912,忠实的爆音宝
GN_Interact_20,96763864320827392,读取资料：{FileName}
GN_Name_20,96763864312438784,兰格斯档案
HE_Desc_169,96139469151789056,下一个技能造成的伤害 +5%，最高 +100%。
HE_Desc_171,96857236343611392,获得 +10% 攻速，+30% 装填速度，最多 10 层。
HE_Desc_172,96903789842259968,失去所有层数
HE_Desc_173,96923277228761088,掉落一坨黏球，拾取可获得增益效果。
HE_Desc_175,98640503002619904,给目标附加一枚 3 秒后爆炸的炸弹。
HE_Desc_177,106215386955898880,"在你周围造成 <#FFEB04><link=""Keyword:15"">[冰霜]</link></color> 伤害。"
HE_Desc_178,106219433964331008,"造成的 <#FFEB04><link=""Keyword:13"">[火焰]</link></color> 伤害提高 20%"
HE_Desc_179,101598599379410944,"获得 +15 <#FFEB04><link=""Keyword:11"">[屏障]</link></color>"
HE_Desc_180,101598599379410945,"<#FFEB04><link=""Keyword:18"">[碎裂]</link></color> 敌人会将伤害连锁至附近 3 名 <#FFEB04><link=""Keyword:3"">[冷硬]</link></color> 或 <#FFEB04><link=""Keyword:4"">[冰冻]</link></color> 敌人，<#FFEB04><link=""Keyword:3"">[冷硬]</link></color> 敌人受到一半伤害。"
HE_Desc_181,102071207363338240,"闪电箭击中敌人，造成 100 <#FFEB04><link=""Keyword:12"">[电击]</link></color> 伤害"
HE_Desc_182,102071207371726848,闪电箭连锁至额外 1 名敌人，造成一半伤害。
HE_Desc_183,102475594611023872,生成 6 只小蜜蜂，持续 10 秒。
HE_Desc_184,102475594615218176,+3% 移动速度，持续 10 秒。达到 10 层时，获得 +50% 全部伤害，持续 5 秒。
HE_Desc_185,104515340883451904,暴击几率 +5%，持续 30 秒。
HE_Desc_186,104533437380026368,你的肉系技能伤害翻倍，持续 3 秒。
HE_Desc_187,106215386955898881,获得 +1% 全部伤害，持续 10 秒。
HE_Desc_188,106215386955898882,有 10% 的概率快速刷新你的所有技能。
INTD_Name_11,38528188924551174,交易员迈克
ITM_1110_HE_0,96127592808046593,造成电击暴击伤害时触发
ITM_1112_HE_0,96857236389748736,快速装填成功时触发
ITM_1112_HE_1,96859039739142144,快速装填失败时触发
ITM_1115_HE_0,96923830516178944,"击杀 <#FFEB04><link=""Keyword:2"">[黏袭]</link></color> 目标时有 50% 的几率触发"
ITM_1118_HE_0,98641490081734657,"对 <#FFEB04><link=""Keyword:7"">[踉跄]</link></color> 目标造成近战伤害时触发"
ITM_1121_HE_0,101570858839957504,"对 <#FFEB04><link=""Keyword:3"">[冷硬]</link></color> 目标造成火焰伤害时触发"
ITM_1121_HE_1,103760276568924160,"对 <#FFEB04><link=""Keyword:4"">[冰冻]</link></color> 目标造成火焰伤害时触发"
ITM_1122_HE_0,101598599421353985,"对 <#FFEB04><link=""Keyword:4"">[冰冻]</link></color> 目标造成肉系技能伤害时有 15% 的几率触发"
ITM_1122_HE_1,101598599421353986,"对 <#FFEB04><link=""Keyword:3"">[冷硬]</link></color> 目标造成肉系技能伤害时有 15% 的几率触发"
ITM_1124_HE_0,102071207426252801,"对 <#FFEB04><link=""Keyword:8"">[电击]</link></color> 目标造成薄弱点伤害时有 20% 的几率触发"
ITM_1124_HE_1,102071207426252802,"通过薄弱点击杀 <#FFEB04><link=""Keyword:8"">[电击]</link></color> 目标时触发"
ITM_1126_HE_0,102475594657161217,"击杀 <#FFEB04><link=""Keyword:2"">[黏袭]</link></color> 目标时触发"
ITM_1127_HE_0,102475594657161219,达到物品数量上限时触发
ITM_1140_HE_0,104851685120139265,"对 <#FFEB04><link=""Keyword:2"">[黏袭]</link></color> 目标造成肉系技能伤害时有 10% 的几率触发"
ITM_296_HE_0,101221828050018304,造成肉系技能伤害时触发
ITM_307_HE_1,106328262077046784,击杀时有 25% 的几率触发
ITM_394_HE_0,102071207417864192,"对 <#FFEB04><link=""Keyword:1"">[灼烧]</link></color> 目标造成伤害时有 10% 的几率触发"
ITM_601_HE_1,101531253960859648,"用武器击杀 <#FFEB04><link=""Keyword:4"">[冰冻]</link></color> 目标时有 15% 的几率触发"
ITM_Attr_513,102575519529164800,{0:+#.##;-#.##;+0} 技能最大充能数
ITM_Attr_514,106215386981064704,{0:+#.##;-#.##;+0} 连锁目标数
ITM_Attr_515,106242417093500928,{0:+#.##;-#.##;+0} 冰冻持续时间
ITM_Attr_516,106255518333394944,{0:|+|+|+}{0:percent()}% 头部肉系技能伤害
ITM_Attr_517,106255518337589248,{0:|+|+|+}{0:percent()}% 躯干肉系技能伤害
ITM_Attr_518,106255518333394945,{0:|+|+|+}{0:percent()}% 腿部肉系技能伤害
ITM_Attr_519,106302737078018048,{0:|+|+|+}{0:percent()}% 武器伤害
ITM_Name_1109,96107584912613376,电池充能
ITM_Name_1110,96127592808046592,伏特腺体
ITM_Name_1112,96856720469385216,扳机手指
ITM_Name_1113,96856720469385217,扳机手指增益
ITM_Name_1114,96906830591025152,冷若冰霜
ITM_Name_1115,96923830507790336,黏球！
ITM_Name_1116,97130954542276608,黏球化
ITM_Name_1118,98641490081734656,赠礼腺体
ITM_Name_1120,101559114235109376,霜核
ITM_Name_1121,101570858789625856,冻灼之肉
ITM_Name_1122,101598599421353984,鸡皮疙瘩
ITM_Name_1123,101598599421353987,薄荷清新口气
ITM_Name_1124,102071207426252800,电火花鼻涕
ITM_Name_1126,102475594657161216,胸巢
ITM_Name_1127,102475594657161218,烟雾
ITM_Name_1128,102475594657161220,焦烤胸肉躯体
ITM_Name_1130,102575519558524928,肾脏充能
ITM_Name_1131,104510089782616064,火辣身材
ITM_Name_1132,104510089782616065,火辣身材变异
ITM_Name_1133,104531369521045504,生物质涌动变异
ITM_Name_1134,104531369521045505,生物质涌动
ITM_Name_1135,104712032748560384,狂暴趾
ITM_Name_1136,104791554407784448,骨针刺
ITM_Name_1137,104810734590877696,辣味芝士之触
ITM_Name_1138,104810734590877697,辣味芝士之触变异
ITM_Name_1139,104851685115944960,浆糊胃
ITM_Name_1140,104851685120139264,浆糊胃变异
ITM_Name_1141,106215386997841920,分叉闪电
ITM_Name_1142,106247402053165056,冰镇面条
ITM_Name_1143,106261060711866368,冰镐
ITM_Name_1144,106261402287595520,潜艇英雄
ITM_Name_1145,106296471018528768,运动健将
ITM_Name_1146,106296471018528769,博学之士
ITM_Name_1147,106296471018528770,辣椒油
ITM_Name_1148,106296471018528771,香辣浓汤
ITM_Name_1149,106296471018528772,性价比之王
ITM_Name_1150,106300027549245440,黑胡椒火药
ITM_Name_1151,106300027549245441,黏糊糊
MEH_Desc_76,108761156712128512,把我扔进我的机甲里，小肉团！
MEH_Name_76,108761156707934208,卡尔·兰格斯的头
MEL_Name_50,102563114636009472,暴击机器人的腿
MUT_Name_16,109842573688823808,线圈之心
MUT_Name_2,109842573680435200,蜂巢爆发
MUT_Name_22,109842573688823809,炼狱头骨
MUT_Name_23,346366160134167,雷霆胸腔
MUT_Name_25,109842573688823810,真皮装甲
MUT_Name_27,109842573688823811,雪肉团
MUT_Name_28,96107584925196288,伏特腺体
MUT_Name_29,109842573688823812,扳机手指
MUT_Name_3,109842573684629504,神圣之肉
MUT_Name_31,96923277304258560,黏球！
MUT_Name_32,98636212292542464,赠礼腺体
MUT_Name_34,109842573688823813,黏性内脏
MUT_Name_35,109842573688823814,冷冻之心
MUT_Name_37,109842573688823815,破片手指
MUT_Name_38,109842573688823816,脊椎壳
MUT_Name_39,109842573688823817,结壳雪人眼
MUT_Name_41,109842573688823818,荆棘头骨
MUT_Name_42,109842573688823819,永冻尖刺
MUT_Name_43,109842573688823820,嗜甜牙
MUT_Name_44,109842573688823821,霜核
MUT_Name_45,109842573688823822,冻灼之肉
MUT_Name_46,109842573688823823,鸡皮疙瘩
MUT_Name_47,109842573688823824,薄荷清新口气
MUT_Name_48,109842573688823825,电火花鼻涕
MUT_Name_50,109842573688823826,胸巢
MUT_Name_51,102475594665549824,焦烤胸肉躯体
MUT_Name_52,102575519566913536,肾脏充能
MUT_Name_53,104519924813127680,火辣身材
MUT_Name_54,109842573688823827,生物质涌动
MUT_Name_55,104698776562688000,狂暴趾
MUT_Name_56,109858960654196736,骨针刺
MUT_Name_57,104791554420367360,辣味芝士之触
MUT_Name_58,109842573688823828,浆糊胃
MUT_Name_8,19688412549210112,核黄素
PE_Desc_128,97509550570070016,选择你的肉！
PE_Desc_129,98235809558159360,选择你的武器！
PE_Desc_130,100509189787344896,选择你的变异！
PE_Desc_131,107655364055392256,摧毁传送门！
PE_Desc_133,107655364063780865,击败猎人！
PF_Name_68,107302781818232832,物品解锁：鳄鱼皮肤
PF_Name_69,107302781826621440,物品解锁：鳕玉棒
PF_Name_70,107302781826621441,物品解锁：喂食狂潮
PF_Name_71,107318253833936896,变异解锁：电池储能
PF_Name_72,107318253833936897,变异解锁：霜甲
PF_Name_73,107318253833936898,变异解锁：火辣身材
PF_Name_74,107318253833936899,变异解锁：炽热
PF_Name_75,107318253833936900,变异解锁：邋遢乔
PF_Name_76,107373590712672256,神秘肉解锁：核爆公爵
PF_Name_77,107373590712672257,神秘肉解锁：机械卡尔
PLN_Name_31,105178928291766272,血肉之球
RF_Subtitle_35,99311942877831168,超维度实体
TPUP_Sub1_Desc_17_0_0,103774446992420864,使敌人<color=#FF3667><i>眩晕</i></color>
TPUP_Sub1_Desc_17_0_1,103774447009198080,"<#FFEB04><link=""Keyword:1"">[灼烧]</link></color> 敌人会持续受到伤害，并有几率陷入 <#FFEB04><link=""Keyword:19"">[燃爆]</link></color>。"
TPUP_Sub1_Desc_17_0_2,103774447009198081,"<#FFEB04><link=""Keyword:8"">[电击]</link></color> 敌人会持续受到伤害，并有几率陷入 <#FFEB04><link=""Keyword:7"">[踉跄]</link></color>。"
TPUP_Sub1_Desc_17_1_0,103774447009198082,"<#FFEB04><link=""Keyword:2"">[黏袭]</link></color> 敌人受到任何来源的伤害时，都会<color=#FF3667><i>承受额外伤害</i></color>，且其他元素效果会<color=#FF3667><i>更快施加</i></color>。"
TPUP_Sub1_Desc_17_1_1,103774447009198083,"<#FFEB04><link=""Keyword:3"">[冷硬]</link></color> 敌人会被<color=#FF3667><i>减速</i></color>，并有几率陷入 <#FFEB04><link=""Keyword:4"">[冰冻]</link></color>。用 <#FFEB04><link=""Keyword:5"">[动能]</link></color> 或近战伤害攻击 <#FFEB04><link=""Keyword:4"">[冰冻]</link></color> 敌人可使其<color=#FF3667><i>破裂</i></color>，造成额外伤害。"
e902d74f6cf640f296e9a01344279cab_121_0,101942999326384128,已充能
f59980ba4e384046ab723e5bc9badda9_128_0,97509550570070017,已领取玩家奖励
53afc69896b94bfba03024778d9e3623_134_0,111688140467462144,抓住卡尔，把他扔进他的机甲里！
75a404bead8b4222886ea28d9fafd2a0_136_0,124465651215491072,近战攻击假人 [InputAction:Gameplay/MeleeFire]
866e5e3449304da59d2ee38062fafa39_81_0,127793421195603968,！
9697eea8c0a144b39d6932525438c386_136_0,124725136014172160,射击场
CRT_Desc_11,114192001456177153,<b>兰格斯肉食</b>的前顾客，如今是员工们的噩梦。长期饮用<b>给力滋特饮</b>让他的体格发生了惊人的改变，但对他的暴脾气显然毫无改善。
CRT_Desc_12,114192001460371456,由<b>兰格斯肉食</b>自动防御部门制造。该部门后来悄然解散。它至今仍在运转，并死板地执行着最后收到的指令。然而，早就没人记得那些指令具体是什么了。
CRT_Desc_13,114192001460371457,有八条腿和好几只眼睛。对你出现在这里只有一个看法，而且绝非欢迎。栖息在它自己精心设计的蛛网里，并为此颇感自豪。
CRT_Desc_22,114192001464565760,既是<i>利维坦计划</i>的巅峰成就，也是<b>兰格斯肉食</b>水产实验的最惨败笔。不管它在被藻类污染前是个什么东西，反正现在它的体型已经大得吓人了。<br><br>没人知道它是不是在发飙，但谁都能看出来它现在饥饿难耐。
CRT_Desc_26,114192001464565761,一艘由外星势力操控的侦察战斗舰，其动机至今记录不详。速度极快，射击精准，从未回应过任何通讯频率。
CRT_Desc_28,114192001464565762,由于<b>肉类科学</b>的废料长期污染<b>彼得里姆</b>的淡水系统，经过数代繁衍，它的体型已大幅膨胀。技术层面上讲，它依然是一只青蛙；安全层面上讲，最好离它远点。
CRT_Desc_31,114192001464565763,在<i>利维坦计划</i>启动之前，<b>彼得里姆</b>土生土长的食人鱼群顶多只能算是个小麻烦。不过，那已经是陈年往事了。
CRT_Desc_34,114192001468760064,因长期暴露在实验性<b>肉类科学化</b>合物中而产生了变异强化。速度更快，体型更大。而且它对你的兴趣，远超任何一条正常鲨鱼该有的范畴。
CRT_Desc_37,114186022270304256,一种自由漂浮的眼球生物，既没有可见的躯体，也没有任何合理的原理解释。<b>兰格斯肉食</b>的异生物学家为此提交了无数份报告。但仍未在它到底是设么的问题上达成共识。
CRT_Desc_38,114192001472954368,一个基础型<b>智能肉</b>构造体。现已彻底野化，或被敌对势力重新改造。结构简单，目标执着。作为一个核心本质上只是一坨肉的玩意，它耐打得出奇。
CRT_Desc_39,114192001472954369,曾受雇于<b>兰格斯肉食</b>加工厂。在几次并非完全出于自愿的职业转型中，始终保留着行业工具。
CRT_Desc_40,114192001472954370,油猴子是一台早就被淘汰、却压根没收到通知的退役汽修机器人。干掉它就能拿到扳手——修理友方建筑的本事，比它当年修车强多了。
CRT_Desc_41,114192001481342976,这头庞然大物曾是<b>兰格斯肉食</b>的科学家，如今既把自己视为<b>彼得里姆</b>水生生命的守护者，也认为自己是世界顶级掠食者。<br><br>他还觉得自己是个海盗。人真是奇怪！
CRT_Desc_42,114192001481342977,以其巨大的眼部结构和见到一切就先盯着看再吞噬的强迫行为而著称。那凝视是一种警告。大多数东西明白这一点都为时已晚。
CRT_Desc_43,114192001481342978,一艘<b>弗兰肯肉族</b>飞船，负责将更多的恐怖源源不断地运往需要它们的地方。它几乎从不降落，通常只是把肚子里装的东西倾倒后便扬长而去。
CRT_Desc_44,114192001485537280,遗憾的是，并非所有<b>肉类科学</b>实验都推动了文明的巨大飞跃。起初，这只是一个旨在通过“极限风味 (TM)”来强化猪类实验体的小规模项目，但很快就失控了。<b>兰格斯肉食</b>的技术人员非但没能创造出完美的食物，反而造就了一台完美的进食机器。<br><br>这只无脑生物曾被其中一位科学家戏称为“弗兰肯豆”，之后不久他和团队就被这怪物吞噬了。如今，它游荡在银河系中四处觅食，只为填补它无尽的饥饿感。
CRT_Desc_45,114192001485537281,一项<b>肉类科学</b>实验的产物。该实验本着探索精神而始，却本着对该精神的深刻悔悟而终。<br><br>半人半黄蜂，纯纯的麻烦。
CRT_Desc_46,114192001489731584,一个毫无野心、毫无情感，也压根没打算放你过去的固定炮台。在你面对的所有敌人当中，这家伙大概是对自己的诉求最坦诚的一个了。
CRT_Desc_47,114192001489731585,来源不明的生物，四肢延伸程度远超生物力学通常允许的范围。它善加利用这一点。你很快就会亲身体验到。
CRT_Desc_48,114192001489731586,体型更小、速度更快，但饿死鬼投胎的劲头可一点不输它的创造者。<b>弗兰肯肉族</b>的饕餮食欲是会遗传的，唯一缩水的只有每次的进食量。
CRT_Desc_50,114192001493925888,一种<b>智能肉</b>构造体，其体型早已严重超出了官方推荐的生长参数。当年批准了这项开发规格的负责人至今处于失联状态，未予置评。
CRT_Desc_51,114192001493925889,体型紧凑却令人生畏的宇宙斗士。虽然活动范围有限，但它用更加坚定不移的动作全招呼到了你的脸上。
CRT_Desc_52,114192001498120192,既不还手，也不移动。然而完全违背所有合理常识的是，它居然奇迹般地活到了今天。与其说是这个靶子命硬，倒不如说是射击场里那些家伙的枪法实在太烂。
CRT_Desc_53,114192001498120193,在暗示着极佳装备或极其私人动机的距离上行动。也许两者兼有。对此从未发表任何声明。
CRT_Desc_54,114192001498120194,通过获取几乎可以肯定不该归它所有的技术实现了制空权。速度快，机动性强，对这两点都极度自信。
CRT_Desc_55,114192001506508800,它通过彻底放弃移动，完美解决了走位的难题。它始终悬停在一个固定的高度，而那个高度刚好能对你构成致命威胁。这绝非巧合。
CRT_Desc_56,114192001506508801,体型娇小，肌肉爆炸。坚信尺寸不过是个数字，而这个数字跟它即将挑起的战斗毫无关系。
CRT_Desc_57,114192001506508802,一块鸭子形状的岩石，在其漫长的地质演变中，突然活了过来，还变得极具攻击性。<b>兰格斯肉食</b>地质部门曾就此提交论文。论文被拒了。
CRT_Desc_59,114192001510703104,一种地下人形生物，掘地本能一流，对访客的看法极差。只在被激怒时才会冒出地面。经常被激怒。
CRT_Desc_6,114192001397456896,<b>肉类科学</b>的终极成就。这个由高密度强化肉拼成的巨型构造体，拥有毁灭级的战斗输出。<b>卡尔·兰格斯</b>专门把它设计用于那些不需要任何技术含量、只需要把纯粹的暴力拉满的场合。
CRT_Desc_60,114192001510703105,一艘由变异体阵营运营、靠<b>给力滋特饮</b>驱动的运输载具。它来得快，闪得更快。至于它在来去之间顺便拉出来的烂摊子，现在全成你的麻烦了。
CRT_Desc_61,114192001514897408,一艘外星运输船，不仅针对快速投放兵力进行了完美优化，也同样擅长在拍拍屁股引发一连串烂摊子后光速跑路。
CRT_Desc_62,114192001514897409,永不停歇，无穷无尽地输出兵力。这背后的数学逻辑从来没人能解释得通，以后也不会有人解释。别想了，继续开枪就对了。
CRT_Desc_63,114192001514897410,这个奇特却友善的机器人来历不明。有人认为他在很久以前乘坐飞船从遥远的星系而来。<br><br>最近一次有人见到瑞赛特时，他正被囚禁在那个名为<b>卡吕普索</b>、拥有自我意识的远程机器人工厂里，这显然是这两位感情破裂的结果。
CRT_Desc_64,114192001519091712,一个自动武器平台，有人英明地将它从地面升了起来。这没让它更友好，只是让它更难躲避了。
CRT_Desc_65,114192001519091713,比起原版大号，这个微缩版的<b>给力滋特饮</b>成瘾者体型缩水了不少。但在到处惹麻烦这个核心使命上，它的战斗力可是一点都不打折扣。
CRT_Desc_66,114192001523286016,一个脱离宿主后仍可独立运作的眼球单元。原本部署用于监视，后来升级为直接交战。这个变化并不在原始规格内。
CRT_Desc_67,114192001527480320,蜜翠丝部署周期的第一阶段。个头小。看着不起眼。倒计时已经开始。
CRT_Desc_68,114192001527480321,高得让人觉得其母星的重力对垂直生长有什么强烈执念。它随时随地都在利用自己的身高优势，而且理直气壮，毫无愧色。
CRT_Desc_69,114192001531674624,以一种无人推选、也无人成功挑战过的威权主持战斗。按所见判决。无所不见。
CRT_Desc_70,114192001531674625,<b>猪肉桶皮特</b>部署的官僚式战斗员，专门用流程拖延和物理伤害同时纠缠对手。文件是武器。武器也确实是武器。
CRT_Desc_71,114192001535868928,刚从竞选路上赶来，并且坚信这就是所谓公共服务。成群结队出现。投票时严格跟党走。
CRT_Desc_72,114192001535868929,以一种从未质疑过自身判断的人所特有的绝对自信主持竞技场。法槌硕大。裁决终局。
CRT_Desc_73,114192001535868930,一个代表<b>重击之父</b>管理层出面干预的企业强力执法单元。它只负责执行上头交代下来的决策，从不自己动脑子做决定。当然，它也压根不需要脑子。
CRT_Desc_74,114192001540063232,全面部署的蜜翠丝。不管你在做什么，现在就停下来。
CRT_Desc_75,114192001540063233,重心极低，痛觉阈值极高。<b>给力滋特饮</b>带来的变异没能让他长个儿，但它却把这有限的身高利用到了极致。
CRT_Desc_76,114192001544257536,一个通过某种至今尚未解密的手段混进了官方编制的巨石强鸭。它胸前的徽章是真的，鸭子是真的，屁股底下的石头也是货真价实的。
CRT_Desc_77,114192001544257537,正处于成长周期中段的蜜翠丝。比看起来更大。已经在盘算下一步了。
CRT_Desc_79,114192001548451840,机械阵营操纵的重装甲地面车辆。制造环节中某个想留名的人给它取名叫托米。托米的出现并不让人安心。
CRT_Desc_8,114192001456177152,一种领地意识极强的空中战斗员，常见于银河系中各种环境恶劣的鬼地方。它的毒液已经够让人头疼了，但它的叫声居然比毒液还要折磨人。<b>兰格斯肉食</b>至少尝试过三次想把它开发成新菜品，但都失败了。
CRT_Desc_80,114192001548451841,一个射程极佳的定向能武器平台。顺便一提，它对处于其射程之内的所有人和事，都持有相当强烈的个人意见。
CRT_Desc_81,114192001548451842,一种机械阵营单元，其头部毫无疑问是个盒子。盒子里装着某种东西。这东西一到地方就会被放出来。至于之后会发生什么... 相信我，你绝对不会喜欢的。
CRT_Desc_82,114192001552646144,长得圆，滚得快，而且对这两件事都抱有极大的热情。<b>给力滋特饮</b>把变异这件事推向了一个非常具体的几何方向。
CRT_Desc_83,114192001552646145,又细又扁。但却出乎意料地抗造。这种️降维变异体，不知怎么的，反而变得更具威胁。
CRT_Desc_86,114192001556840448,一个被派来对付你的忠诚<b>智能肉</b>伴侣单元。它并不完全理解这件事。如果它有这种程度的自我反思能力，可能会为此感到内疚。
CRT_Desc_87,114192001556840449,一个正处于幼崽期的<b>智能肉</b>伴侣单元。整天活力满满却完全不在状态。它已经拼尽全力了，然而它的拼尽全力，对你来说依旧是个不小的麻烦。
CRT_Desc_88,114192001561034752,<b>卡尔·兰格斯</b>亲自披挂上阵，以局势所需的规模投入战斗。这台机甲当然是他亲自设计的，他早就做好了准备。<br><br> <i>这台机甲我几年前就造好了，小肉团，只为以防万一！这下总算能用上了！</i>
CRT_Name_90,112083206843392000,呕吐球
CRT_Name_91,118003757014249472,沃尔卡诺
HE_Desc_125,111992418004361216,"获得 <#FFEB04><link=""Item:634"">[屠戮者增益 II]</link></color>，持续15秒"
HE_Desc_126,111992418008555520,"获得 <#FFEB04><link=""Item:635"">[屠戮者增益 III]</link></color>，持续15秒"
HE_Desc_139,114224192071655424,"目标陷入 <#FFEB04><link=""Keyword:7"">[踉跄]</link></color> 状态。"
HE_Desc_189,118953930455506944,"额外造成 20% <#FFEB04><link=""Keyword:12"">[电击]</link></color> 伤害"
HE_Desc_190,118953930468089856,"额外造成 20% <#FFEB04><link=""Keyword:13"">[火焰]</link></color> 伤害"
HE_Desc_191,118953930468089857,"额外造成 20% <#FFEB04><link=""Keyword:15"">[冰霜]</link></color> 伤害"
HE_Desc_192,118953930468089858,"额外造成 20% <#FFEB04><link=""Keyword:5"">[动能]</link></color> 伤害"
HE_Desc_193,118953930468089859,"额外造成 20% <#FFEB04><link=""Keyword:14"">[黏液]</link></color> 伤害"
HE_Desc_194,118953930468089860,"额外造成 50% <#FFEB04><link=""Keyword:12"">[电击]</link></color> 伤害"
HE_Desc_195,118953930468089861,"额外造成 50% <#FFEB04><link=""Keyword:13"">[火焰]</link></color> 伤害"
HE_Desc_196,118953930468089862,"额外造成 50% <#FFEB04><link=""Keyword:15"">[冰霜]</link></color> 伤害"
HE_Desc_197,118953930468089863,"额外造成 50% <#FFEB04><link=""Keyword:5"">[动能]</link></color> 伤害"
HE_Desc_198,118953930468089864,"额外造成 50% <#FFEB04><link=""Keyword:14"">[黏液]</link></color> 伤害"
HE_Desc_199,119267650700304384,对 2 名敌人造成 30 连锁伤害。
IATT_Name_1,113797958992912384,移动速度
IATT_Name_10,113797958997106693,穿透次数
IATT_Name_11,113797958997106694,武器精度
IATT_Name_110,113797958997106747,命中扫描伤害
IATT_Name_113,113797958997106748,近战伤害
IATT_Name_116,113797958997106749,装填窗口大小
IATT_Name_117,113797958997106750,肉系技能伤害
IATT_Name_12,113797958997106695,散布恢复速度
IATT_Name_124,113797958997106751,近距离伤害
IATT_Name_125,113797958997106752,远距离伤害
IATT_Name_126,113797958997106753,火焰积蓄
IATT_Name_127,113797958997106754,冰霜积蓄
IATT_Name_128,113797958997106755,黏液积蓄
IATT_Name_129,113797958997106756,电击积蓄
IATT_Name_13,113797958997106696,装填速度
IATT_Name_130,113797958997106757,屏障持续时间
IATT_Name_133,113797958997106758,屏障上限
IATT_Name_136,113797958997106759,屏障获取
IATT_Name_139,113797959001300992,投射物速度
IATT_Name_14,113797958997106697,游泳速度
IATT_Name_142,113797959001300993,弗兰肯豆能量等级
IATT_Name_143,113797959001300994,动能伤害
IATT_Name_146,113797959001300995,动能积蓄
IATT_Name_15,113797958997106698,跳跃次数
IATT_Name_151,113797959001300996,小兵伤害
IATT_Name_154,113797959001300997,小兵生命值
IATT_Name_157,113797959001300998,小兵生命恢复
IATT_Name_16,113797958997106699,暴击几率提升
IATT_Name_162,113797959001300999,连发次数
IATT_Name_164,113797959001301000,事件设施生命值
IATT_Name_165,113797959001301001,事件设施生命恢复
IATT_Name_166,113797959001301002,猎人生命值
IATT_Name_167,113797959001301003,猎人生命恢复
IATT_Name_17,113797958997106700,范围伤害
IATT_Name_178,113797959001301004,中型小兵数量
IATT_Name_179,113797959001301005,大型小兵数量
IATT_Name_18,113797958997106701,头肉耐久度
IATT_Name_180,113797959001301006,榴弹发射器伤害
IATT_Name_181,113797959001301007,玛格南伤害
IATT_Name_182,113797959001301008,手枪伤害
IATT_Name_183,113797959001301009,等离子炮伤害
IATT_Name_184,113797959001301010,轨道炮伤害
IATT_Name_185,113797959001301011,步枪伤害
IATT_Name_186,113797959001301012,火箭发射器伤害
IATT_Name_187,113797959001301013,冲锋枪伤害
IATT_Name_188,113797959001301014,霰弹枪伤害
IATT_Name_2,113797958997106688,攻速
IATT_Name_20,113797958997106702,玩家重生时生命值加成
IATT_Name_205,113797959001301015,榴弹发射器最小伤害
IATT_Name_206,113797959001301016,玛格南最小伤害
IATT_Name_207,113797959001301017,手枪最小伤害
IATT_Name_208,113797959001301018,等离子炮最小伤害
IATT_Name_209,113797959001301019,轨道炮最小伤害
IATT_Name_21,113797958997106703,猎人抵达时间（秒）
IATT_Name_210,113797959001301020,步枪最小伤害
IATT_Name_211,113797959001301021,火箭发射器最小伤害
IATT_Name_212,113797959001301022,冲锋枪最小伤害
IATT_Name_213,113797959001301023,霰弹枪最小伤害
IATT_Name_214,113797959001301024,步枪额外触发效果几率
IATT_Name_215,113797959001301025,步枪装填窗口大小
IATT_Name_216,113797959001301026,步枪攻击范围
IATT_Name_217,113797959001301027,冲锋枪额外暴击几率
IATT_Name_218,113797959001301028,冲锋枪额外暴击伤害
IATT_Name_219,113797959001301029,冲锋枪装填窗口大小
IATT_Name_22,113797958997106704,生命恢复
IATT_Name_220,113797959001301030,冲锋枪弹匣容量
IATT_Name_221,113797959001301031,冲锋枪攻击范围
IATT_Name_222,113797959001301032,冲锋枪武器精度
IATT_Name_223,113797959001301033,冲锋枪攻速
IATT_Name_224,113797959001301034,冲锋枪额外触发效果几率
IATT_Name_225,113797959001301035,冲锋枪穿透次数
IATT_Name_228,113797959001301038,玛格南穿透次数
IATT_Name_23,113797958997106705,地面跳跃高度
IATT_Name_231,113797959001301041,玛格南攻击范围
IATT_Name_232,113797959001301042,榴弹发射器最大伤害
IATT_Name_233,113797959001301043,玛格南最大伤害
IATT_Name_234,113797959001301044,手枪最大伤害
IATT_Name_235,113797959001301045,等离子炮最大伤害
IATT_Name_236,113797959001301046,轨道炮最大伤害
IATT_Name_237,113797959001301047,步枪最大伤害
IATT_Name_238,113797959001301048,火箭发射器最大伤害
IATT_Name_239,113797959001301049,冲锋枪最大伤害
IATT_Name_24,113797958997106706,弹匣容量
IATT_Name_240,113797959001301050,霰弹枪最大伤害
IATT_Name_242,113797959001301051,玛格南伤害
IATT_Name_25,113797958997106707,技能充能
IATT_Name_26,113797958997106708,潜行
IATT_Name_27,113797958997106709,攀爬角度
IATT_Name_286,113797959001301053,步枪弹匣容量
IATT_Name_287,113797959001301054,步枪穿透次数
IATT_Name_288,113797959001301055,步枪攻速
IATT_Name_289,113797959001301056,步枪薄弱点伤害
IATT_Name_296,113797959001301057,玛格南最大伤害
IATT_Name_3,113797958997106689,全部伤害
IATT_Name_30,113797958997106710,敌人威胁度提升
IATT_Name_304,113797959001301058,猎人主攻击延迟
IATT_Name_306,113797959001301059,猎人副攻击延迟
IATT_Name_309,113797959001301060,猎人攻速
IATT_Name_31,113797958997106711,免疫蛛网
IATT_Name_312,113797959001301061,猎人伤害
IATT_Name_315,113797959001301062,猎人移动速度
IATT_Name_318,113797959001301063,肉耐久度
IATT_Name_32,113797958997106712,支援范围效果半径
IATT_Name_321,113797959001301064,肉类减伤
IATT_Name_324,113797959001301065,二段跳高度
IATT_Name_328,113797959001301066,电击易伤
IATT_Name_329,113797959001301067,火焰易伤
IATT_Name_33,113797958997106713,头部技能充能
IATT_Name_330,113797959001301068,冰霜易伤
IATT_Name_331,113797959001301069,动能易伤
IATT_Name_332,113797959001301070,黏液易伤
IATT_Name_335,113797959001301071,冰冻冷硬目标
IATT_Name_336,113797959001301072,近战易伤
IATT_Name_338,113797959001301073,近战攻速
IATT_Name_34,113797958997106714,无限弹药
IATT_Name_340,113797959001301074,矿物探测距离
IATT_Name_341,113797959001301075,捕鱼裂隙探测距离
IATT_Name_342,113797959001301076,太空食客探测距离
IATT_Name_343,113797959001301077,碎裂伤害
IATT_Name_346,113797959001301078,灼烧伤害
IATT_Name_349,113797959001301079,燃爆触发几率
IATT_Name_35,113797958997106715,小型小兵数量
IATT_Name_350,113797959001301080,燃爆伤害
IATT_Name_353,113797959001301081,电击触发几率
IATT_Name_354,113797959001301082,电击伤害
IATT_Name_357,113797959001301083,黏袭伤害增幅
IATT_Name_358,113797959001301084,冷硬减速
IATT_Name_359,113797959001301085,玛格南薄弱点伤害
IATT_Name_36,113797958997106716,游泳跳跃高度
IATT_Name_360,113797959001301086,手枪薄弱点伤害
IATT_Name_361,113797959001301087,霰弹枪薄弱点伤害
IATT_Name_362,113797959001301088,冲锋枪薄弱点伤害
IATT_Name_363,113797959001301089,榴弹发射器直接命中伤害
IATT_Name_364,113797959001301090,等离子炮直接命中伤害
IATT_Name_365,113797959001301091,火箭发射器直接命中伤害
IATT_Name_366,113797959001301092,步枪散布恢复速度
IATT_Name_367,113797959001301093,步枪武器精度
IATT_Name_369,113797959001301095,轨道炮弹匣容量
IATT_Name_37,113797958997106717,额外暴击伤害
IATT_Name_370,113797959001301096,等离子枪爆炸半径
IATT_Name_371,113797959001301097,手枪装填窗口大小
IATT_Name_372,113797959001301098,手枪额外暴击几率
IATT_Name_373,113797959001301099,手枪弹匣容量
IATT_Name_374,113797959001301100,手枪武器精度
IATT_Name_375,113797959001301101,手枪攻击范围
IATT_Name_376,113797959001301102,手枪攻速
IATT_Name_377,113797959001301103,手枪额外暴击伤害
IATT_Name_378,113797959001301104,手枪穿透次数
IATT_Name_38,113797958997106718,攻击范围
IATT_Name_381,113797959001301107,手枪额外触发效果几率
IATT_Name_382,113797959001301108,步枪额外暴击伤害
IATT_Name_383,113797959001301109,步枪额外暴击几率
IATT_Name_385,113797959001301111,玛格南攻速
IATT_Name_386,113797959001301112,玛格南额外暴击几率
IATT_Name_387,113797959001301113,玛格南额外暴击伤害
IATT_Name_388,113797959001301114,玛格南武器精度
IATT_Name_389,113797959001301115,玛格南装填窗口大小
IATT_Name_39,113797958997106719,物品箱生命值加成
IATT_Name_390,113797959001301116,玛格南弹匣容量
IATT_Name_391,113797959001301117,玛格南额外触发效果几率
IATT_Name_392,113797959001301118,等离子炮攻速
IATT_Name_393,113797959001301119,等离子炮额外暴击几率
IATT_Name_394,113797959001301120,等离子炮额外暴击伤害
IATT_Name_395,113797959001301121,等离子炮装填窗口大小
IATT_Name_396,113797959001301122,等离子炮弹匣容量
IATT_Name_397,113797959001301123,等离子炮额外触发效果几率
IATT_Name_398,113797959001301124,等离子炮投射物速度
IATT_Name_399,113797959001301125,等离子炮范围伤害
IATT_Name_4,113797958997106690,最大生命值
IATT_Name_400,113797959001301126,霰弹枪穿透次数
IATT_Name_401,113797959001301127,霰弹枪额外暴击几率
IATT_Name_402,113797959001301128,霰弹枪额外暴击伤害
IATT_Name_403,113797959001301129,霰弹枪额外触发效果几率
IATT_Name_404,113797959001301130,霰弹枪弹匣容量
IATT_Name_406,113797959001301132,霰弹枪攻击范围
IATT_Name_407,113797959001301133,霰弹枪攻速
IATT_Name_408,113797959001301134,霰弹枪装填窗口大小
IATT_Name_409,113797959001301135,轨道炮额外触发效果几率
IATT_Name_41,113797958997106720,躯干技能充能
IATT_Name_410,113797959001301136,轨道炮额外暴击几率
IATT_Name_411,113797959001301137,轨道炮额外暴击伤害
IATT_Name_412,113797959001301138,轨道炮装填窗口大小
IATT_Name_413,113797959001301139,轨道炮穿透次数
IATT_Name_414,113797959001301140,轨道炮攻速
IATT_Name_415,113797959001301141,轨道炮薄弱点伤害
IATT_Name_416,113797959001301142,轨道炮攻击范围
IATT_Name_418,113797959001301144,火箭发射器额外暴击几率
IATT_Name_419,113797959001301145,火箭发射器额外暴击伤害
IATT_Name_420,113797959001301146,火箭发射器弹匣容量
IATT_Name_421,113797959001301147,火箭发射器投射物速度
IATT_Name_422,113797959001301148,火箭发射器攻速
IATT_Name_423,113797959001301149,火箭发射器额外触发效果几率
IATT_Name_424,113797959001301150,火箭发射器爆炸半径
IATT_Name_425,113797959001301151,火箭发射器范围伤害
IATT_Name_426,113797959001301152,榴弹发射器额外暴击几率
IATT_Name_427,113797959001301153,榴弹发射器额外暴击伤害
IATT_Name_428,113797959001301154,榴弹发射器攻速
IATT_Name_429,113797959001301155,榴弹发射器投射物速度
IATT_Name_430,113797959001301156,榴弹发射器装填窗口大小
IATT_Name_431,113797959001301157,榴弹发射器弹匣容量
IATT_Name_432,113797959001301158,榴弹发射器爆炸半径
IATT_Name_433,113797959001301159,榴弹发射器额外触发效果几率
IATT_Name_434,113797959001301160,榴弹发射器范围伤害
IATT_Name_435,113797959001301161,轨道炮范围伤害
IATT_Name_436,113797959001301162,轨道炮爆炸半径
IATT_Name_441,113797959001301163,生成间隔
IATT_Name_442,113797959001301164,近战额外暴击几率
IATT_Name_444,113797959001301166,近战暴击几率
IATT_Name_446,113797959001301167,近战额外暴击伤害
IATT_Name_447,113797959001301168,近战暴击伤害
IATT_Name_448,113797959001301169,击退距离
IATT_Name_45,113797958997106721,额外踉跄几率
IATT_Name_451,113797959001301170,近战击退距离
IATT_Name_454,113797959001301171,Boss 生命值
IATT_Name_455,113797959001301172,敌人密度
IATT_Name_456,113797959001301173,友方事件设施生命值
IATT_Name_457,113797959001301174,友方事件设施生命恢复
IATT_Name_458,113797959001301175,玩家事件设施生命值
IATT_Name_459,113797959001301176,每张卡片获得的采集节点积分
IATT_Name_461,113797959001301177,玩家事件设施生命恢复
IATT_Name_464,113797959001301178,兰格斯和给力滋奖励
IATT_Name_466,113797959001301179,敌方事件设施生命值
IATT_Name_467,113797959001301180,敌方事件设施生命恢复
IATT_Name_468,113797959001301181,敌方行动受限标识
IATT_Name_47,113797958997106722,腿部技能充能
IATT_Name_470,113797959001301182,Boss 设施生命值
IATT_Name_471,113797959001301183,弗兰肯豆肉管破坏伤害
IATT_Name_472,113797959001301184,Boss 薄弱点伤害
IATT_Name_473,113797959001301185,Boss 小兵数量
IATT_Name_474,113797959001301186,Boss 移动速度
IATT_Name_475,113797959001301187,Boss 定点肉块生成时间
IATT_Name_476,113797959001301188,迷你 Boss 生命恢复
IATT_Name_479,113797959001301189,迷你 Boss 攻速
IATT_Name_482,113797959001301190,迷你 Boss 伤害
IATT_Name_485,113797959001301191,动能抗性
IATT_Name_488,113797959001301192,火焰抗性
IATT_Name_491,113797959001301193,冰霜抗性
IATT_Name_494,113797959001301194,电击抗性
IATT_Name_497,113797959001301195,黏液抗性
IATT_Name_506,113797959001301196,肉掉落几率
IATT_Name_509,113797959001301197,升级奖励幸运值
IATT_Name_51,113797958997106723,直接命中伤害
IATT_Name_511,113797959001301198,经验值获取
IATT_Name_513,113797959001301199,技能最大充能数
IATT_Name_514,113797959001301200,连锁目标数
IATT_Name_515,113797959001301201,冰冻持续时间
IATT_Name_516,113797959001301202,头肉技能伤害
IATT_Name_517,113797959001301203,躯干肉系技能伤害
IATT_Name_518,113797959001301204,腿部肉系技能伤害
IATT_Name_519,113797959001301205,武器伤害
IATT_Name_52,113797958997106724,额外触发效果几率
IATT_Name_521,118906002034647040,异常状态抗性
IATT_Name_523,129087451949948928,手榴弹投射物数量
IATT_Name_524,129087451949948929,玛格南投射物数量
IATT_Name_525,129087451949948930,手枪投射物数量
IATT_Name_526,129087451949948931,等离子投射物数量
IATT_Name_527,129087451949948932,轨道炮投射物数量
IATT_Name_528,129087451949948933,步枪投射物数量
IATT_Name_529,129087451949948934,火箭投射物数量
IATT_Name_53,113797958997106725,所受伤害
IATT_Name_530,129087451949948935,霰弹枪投射物数量
IATT_Name_531,129087451949948936,冲锋枪投射物数量
IATT_Name_54,113797958997106726,敌人推斥力
IATT_Name_55,113797958997106727,额外暴击几率
IATT_Name_56,113797958997106728,投射物数量
IATT_Name_58,113797958997106729,薄弱点伤害
IATT_Name_59,113797958997106730,空中移动速度
IATT_Name_6,113797958997106691,爆炸半径
IATT_Name_60,113797958997106731,引力
IATT_Name_62,113797958997106732,修理纳米机器人数量
IATT_Name_63,113797958997106733,修复纳米机器人容量
IATT_Name_66,113797958997106734,周围出现的敌方侦察兵
IATT_Name_7,113797958997106692,挑战等级
IATT_Name_75,113797958997106735,你被发现了！
IATT_Name_76,113797958997106736,头肉减伤
IATT_Name_77,113797958997106737,躯干肉减伤
IATT_Name_78,113797958997106738,腿肉减伤
IATT_Name_79,113797958997106739,躯干肉耐久度
IATT_Name_81,113797958997106740,腿肉耐久度
IATT_Name_83,113797958997106741,掉落飞船信标
IATT_Name_86,113797958997106742,初始重生次数
IATT_Name_87,113797958997106743,火焰伤害
IATT_Name_90,113797958997106744,冰霜伤害
IATT_Name_93,113797958997106745,电击伤害
IATT_Name_96,113797958997106746,黏液伤害
ITM_293_HE_0,112852940539027456,造成近战伤害时触发
ITM_436_HE_0,126473208478031872,受到伤害时触发
ITM_Desc_1028,118953930640056320,"对 <#FFEB04><link=""Keyword:8"">[电击]</link></color> 敌人造成 +10% 伤害"
ITM_Desc_1029,118953930640056321,"对 <#FFEB04><link=""Keyword:8"">[电击]</link></color> 敌人造成 +15% 伤害"
ITM_Desc_1030,118953930640056322,"对 <#FFEB04><link=""Keyword:8"">[电击]</link></color> 敌人造成 +20% 伤害"
ITM_Desc_1031,118960669196279808,"对 <#FFEB04><link=""Keyword:1"">[灼烧]</link></color> 敌人造成 +10% 伤害"
ITM_Desc_1032,118960669196279809,"对 <#FFEB04><link=""Keyword:1"">[灼烧]</link></color> 敌人造成 +15% 伤害"
ITM_Desc_1033,118960669196279810,"对 <#FFEB04><link=""Keyword:1"">[灼烧]</link></color> 敌人造成 +20% 伤害"
ITM_Desc_1034,118960669200474112,"对 <#FFEB04><link=""Keyword:3"">[冷硬]</link></color> 敌人造成 +10% 伤害"
ITM_Desc_1035,118960669200474113,"对 <#FFEB04><link=""Keyword:3"">[冷硬]</link></color> 敌人造成 +15% 伤害"
ITM_Desc_1036,118960669200474114,"对 <#FFEB04><link=""Keyword:3"">[冷硬]</link></color> 敌人造成 +20% 伤害"
ITM_Desc_1037,118960669200474115,"对 <#FFEB04><link=""Keyword:7"">[踉跄]</link></color> 敌人造成 +10% 伤害"
ITM_Desc_1038,118960669200474116,"对 <#FFEB04><link=""Keyword:7"">[踉跄]</link></color> 敌人造成 +15% 伤害"
ITM_Desc_1039,118960669200474117,"对 <#FFEB04><link=""Keyword:7"">[踉跄]</link></color> 敌人造成 +20% 伤害"
ITM_Desc_1040,118960669200474118,"对 <#FFEB04><link=""Keyword:2"">[黏袭]</link></color> 敌人造成 +10% 伤害"
ITM_Desc_1041,118960669200474119,"对 <#FFEB04><link=""Keyword:2"">[黏袭]</link></color> 敌人造成 +15% 伤害"
ITM_Desc_1042,118960669204668416,"对 <#FFEB04><link=""Keyword:2"">[黏袭]</link></color> 敌人造成 +20% 伤害"
ITM_Desc_1064,118953930648444928,对猎人造成 +30% 伤害
ITM_Desc_1065,118953930648444929,对猎人造成 +40% 伤害
ITM_Desc_1066,118953930648444930,对猎人造成 +50% 伤害
ITM_Desc_1073,118953930648444931,对水生敌人造成 +10% 伤害
ITM_Desc_1074,118953930652639232,对机械族造成 +10% 伤害
ITM_Desc_1075,118953930652639233,对变异体造成 +10% 伤害
ITM_Desc_1076,118953930652639234,对弗兰肯肉族造成 +10% 伤害
ITM_Desc_1077,118953930652639235,对全能肉造成 +10% 伤害
ITM_Desc_1078,118953930652639236,对仿生虫造成 +10% 伤害
ITM_Desc_1079,118953930652639237,对外星人造成 +10% 伤害
ITM_Desc_1080,118953930652639238,对水生敌人造成 +15% 伤害
ITM_Desc_1081,118953930652639239,对机械族造成 +15% 伤害
ITM_Desc_1082,118953930652639240,对变异体造成 +15% 伤害
ITM_Desc_1083,118953930656833536,对弗兰肯肉族造成 +15% 伤害
ITM_Desc_1084,118953930656833537,对全能肉造成 +15% 伤害
ITM_Desc_1085,118953930656833538,对仿生虫造成 +15% 伤害
ITM_Desc_1086,118953930656833539,对外星人造成 +15% 伤害
ITM_Desc_1087,118953930656833540,对水生敌人造成 +20% 伤害
ITM_Desc_1088,118953930656833541,对机械族造成 +20% 伤害
ITM_Desc_1089,118953930656833542,对变异体造成 +20% 伤害
ITM_Desc_1090,118953930656833543,对弗兰肯肉族造成 +20% 伤害
ITM_Desc_1091,118953930656833544,对全能肉造成 +20% 伤害
ITM_Desc_1092,118953930661027840,对仿生虫造成 +20% 伤害
ITM_Desc_1093,118953930661027841,对外星人造成 +20% 伤害
ITM_Desc_644,117055205214773248,每缺失一个肉体部件，全部伤害 +10%
ITM_Desc_645,14970698739998720,每缺失一个肉体部件，全部伤害 +15%
ITM_Desc_646,14970698739998721,每缺失一个肉体部件，全部伤害 +20%
ITM_Name_1161,120294751171764224,冲浪板
ITM_Name_1187,127273379008864256,运动健将
ITM_Name_1190,127273379013058560,物超所值
ITM_Name_1192,127273379013058561,牛肉蒜香虾
ITM_Name_1195,127273379013058562,大弹匣
ITM_Name_1199,127273379017252864,黑胡椒火药
ITM_Name_1203,127273379017252865,鸡肉刺身
ITM_Name_1206,127273379017252866,辣椒油
ITM_Name_1210,127273379017252867,明晰
ITM_Name_1213,127273379017252868,咖啡牛奶
ITM_Name_1217,127273379017252869,乌鸦蛋
ITM_Name_1221,127273379017252870,鸡腿
ITM_Name_1224,127273379017252871,电鳗
ITM_Name_1226,127273379017252872,幸运灵药
ITM_Name_1230,127273379017252873,喂食狂潮
ITM_Name_1232,127273379021447168,异国人腰带
ITM_Name_1235,127273379021447169,前握把
ITM_Name_1239,127273379021447170,水果维生素
ITM_Name_1242,127273379021447171,加油站牡蛎
ITM_Name_1246,127273379021447172,鳄鱼皮肤
ITM_Name_1248,127273379021447173,明胶沙拉
ITM_Name_1251,127273379021447174,碳水补给器
ITM_Name_1255,127273379021447175,肉汁快车
ITM_Name_1258,127273379021447176,热火腿汤
ITM_Name_1261,127273379021447177,辣娇酱
ITM_Name_1265,127273379025641472,热托迪鸡尾酒
ITM_Name_1268,127273379025641473,热狗
ITM_Name_1272,127273379025641474,冰镇冷面
ITM_Name_1276,127273379025641475,冰镐
ITM_Name_1279,127273379025641476,锯齿金属麦片
ITM_Name_1287,127273379025641477,肉汁魔法药
ITM_Name_1290,127273379025641478,肉制棒棒冰
ITM_Name_1293,127273379025641479,这才叫真果汁
ITM_Name_1296,127273379025641480,猪肉风筝
ITM_Name_1299,127273379025641481,鼠奶
ITM_Name_1303,127273379029835776,朗姆火腿
ITM_Name_1306,127273379029835777,小份煎饼
ITM_Name_1308,127273379029835778,弹片喷射器
ITM_Name_1312,127273379029835779,慢动作
ITM_Name_1314,127273379029835780,泥浆奶油甜筒
ITM_Name_1317,127273379029835781,刨冰
ITM_Name_1320,127273379029835782,辣肉汤
ITM_Name_1324,127273379029835783,香辣虾
ITM_Name_1328,127273379029835784,黏性物质
ITM_Name_1334,127273379029835785,超市寿司
ITM_Name_1338,127273379034030080,寿司刀
ITM_Name_1342,127273379034030081,合成香料
ITM_Name_1346,127273379034030082,墨西哥玉米饼
ITM_Name_1349,127273379034030083,美味小兵点心
ITM_Name_1352,127273379034030084,溶解药剂
ITM_Name_1355,127273379034030085,秃鹫蜂蜜肉蜂蜜
ITM_Name_1358,127273379034030086,香辣鸡胸肉
ITM_Name_1362,127273379034030087,嗨心软糖
ITM_Name_331,129034446428954624,超载
KW_Desc_1,117104892261163008,"持续造成 <#FFEB04><link=""Keyword:13"">[火焰]</link></color> 伤害。有几率触发 <#FFEB04><link=""Keyword:19"">[燃爆]</link></color>。"
KW_Desc_10,117128920619278336,弹药多到永远不用装填！
KW_Desc_11,117130058332626945,随时间消退的临时生命值。
KW_Desc_12,117130058332626946,"当敌人积累足够多的 <#FFEB04><link=""Keyword:12"">[电击]</link></color> 伤害时，将进入 <#FFEB04><link=""Keyword:8"">[电击]</link></color> 状态。"
KW_Desc_13,117130058336821248,"当敌人积累足够多的 <#FFEB04><link=""Keyword:13"">[火焰]</link></color> 伤害时，将进入 <#FFEB04><link=""Keyword:1"">[灼烧]</link></color> 状态。"
KW_Desc_14,117130058336821249,"当敌人积累足够多的 <#FFEB04><link=""Keyword:14"">[黏液]</link></color> 伤害时，将进入 <#FFEB04><link=""Keyword:2"">[黏袭]</link></color> 状态。"
KW_Desc_15,117130058336821250,"当敌人积累足够多的 <#FFEB04><link=""Keyword:15"">[冰霜]</link></color> 伤害时，将进入 <#FFEB04><link=""Keyword:3"">[冷硬]</link></color> 状态，并最终被 <#FFEB04><link=""Keyword:4"">[冰冻]</link></color>。"
KW_Desc_17,118962454677938176,灼烧、黏袭、电击等异常状态效果。
KW_Desc_18,117191729474428929,"对 <#FFEB04><link=""Keyword:4"">[冰冻]</link></color> 敌人造成近战或动能伤害，可使其 <#FFEB04><link=""Keyword:18"">[碎裂]</link></color> 并造成额外伤害。"
KW_Desc_19,117191729474428931,"<#FFEB04><link=""Keyword:1"">[灼烧]</link></color> 敌人有几率触发 <#FFEB04><link=""Keyword:19"">[燃爆]</link></color>，在受到 <#FFEB04><link=""Keyword:13"">[火焰]</link></color> 伤害时造成额外伤害。"
KW_Desc_2,117104892269551616,"受到更多伤害，并更快积累 <#FFEB04><link=""Keyword:17"">[异常状态]</link></color>。"
KW_Desc_3,117104892269551617,移动速度和攻速降低。
KW_Desc_4,117104892269551618,"冰雪消融前无法行动。近战或动能伤害会触发 <#FFEB04><link=""Keyword:18"">[碎裂]</link></color>。"
KW_Desc_5,117104892269551619,"当敌人积累足够多的 <#FFEB04><link=""Keyword:5"">[动能]</link></color> 伤害时，将进入 <#FFEB04><link=""Keyword:7"">[踉跄]</link></color> 状态。"
KW_Desc_7,117104892269551622,短暂无法行动。
KW_Desc_8,117127071258370048,周期性地对附近敌人造成伤害。
KW_Name_11,117130058332626944,屏障
KW_Name_17,117164252249186307,异常状态
KW_Name_18,117191729474428928,碎裂
KW_Name_19,117191729474428930,燃爆
MEH_Desc_79,127668194695438336,这个头从未来穿越而来。
MEH_Desc_80,128037346949980160,票选为最想尝一口的肉
MEH_Name_77,117162002315468800,充能射线头
MEH_Name_79,127668194691244032,未来员工头
MEH_Name_80,128037346941591552,兰格斯研究员头
MUT_Desc_13,127239120638435331,"攻击 <#FFEB04><link=""Keyword:1"">[灼烧]</link></color> 敌人时有几率叠加临时伤害加成。"
MUT_Desc_14,127239120642629632,"攻击 <#FFEB04><link=""Keyword:2"">[黏袭]</link></color> 敌人时会将元素易伤扩散至附近敌人。"
MUT_Desc_15,127239120642629633,"大幅提升 <#FFEB04><link=""Keyword:18"">[碎裂]</link></color> 伤害，并加快 <#FFEB04><link=""Keyword:15"">[冰霜]</link></color> 积蓄。"
MUT_Desc_16,127240818282979328,"<#FFEB04><link=""Keyword:12"">[电击]</link></color> 伤害命中 <#FFEB04><link=""Keyword:8"">[电击]</link></color> 敌人时会连锁至附近目标。"
MUT_Desc_2,127239120634241024,提升你的小兵容量，击杀时有几率召唤黄蜂小兵。
MUT_Desc_21,127239120642629634,"同时提升 <#FFEB04><link=""Keyword:19"">[燃爆]</link></color> 的触发几率与伤害。"
MUT_Desc_22,127239120642629635,"大幅提升 <#FFEB04><link=""Keyword:1"">[灼烧]</link></color> 伤害。攻击 <#FFEB04><link=""Keyword:1"">[灼烧]</link></color> 敌人时有几率将其扩散至附近目标。"
MUT_Desc_23,127239120642629636,"<#FFEB04><link=""Keyword:8"">[电击]</link></color> 伤害的触发频率和伤害值均有提升。攻击 <#FFEB04><link=""Keyword:8"">[电击]</link></color> 敌人可施加 <#FFEB04><link=""Keyword:7"">[踉跄]</link></color>。"
MUT_Desc_24,127240818287173632,"<#FFEB04><link=""Keyword:2"">[黏袭]</link></color> 敌人受到更多伤害。击杀时，其 <#FFEB04><link=""Keyword:17"">[异常状态]</link></color> 会扩散至附近敌人。"
MUT_Desc_25,127239120642629637,"肉体部件的破裂速度加快 25%，但失去一个肉体部件会获得 <#FFEB04><link=""Keyword:11"">[屏障]</link></color>。"
MUT_Desc_26,127239120642629638,"攻击 <#FFEB04><link=""Keyword:7"">[踉跄]</link></color> 敌人可触发连锁伤害，并将 <#FFEB04><link=""Keyword:7"">[踉跄]</link></color> 扩散至附近敌人。"
MUT_Desc_27,127239120642629639,"大幅提升 <#FFEB04><link=""Keyword:3"">[冷硬]</link></color> 的减速效果。击杀 <#FFEB04><link=""Keyword:3"">[冷硬]</link></color> 或 <#FFEB04><link=""Keyword:4"">[冰冻]</link></color> 敌人时有几率生成冰球，对附近敌人造成伤害。"
MUT_Desc_28,127240818287173633,"<#FFEB04><link=""Keyword:12"">[电击]</link></color> 暴击会为下一个技能蓄力，最多叠加至双倍伤害。"
MUT_Desc_29,127239120642629640,快速装填成功时，会叠加提升攻速和装填速度。快速装填失败则重置所有层数。
MUT_Desc_3,127239120638435328,"肉体更加耐久。攻击 <#FFEB04><link=""Keyword:7"">[踉跄]</link></color> 敌人时可将近战易伤扩散至附近敌人。"
MUT_Desc_30,127240818287173634,"<#FFEB04><link=""Keyword:3"">[冷硬]</link></color> 敌人可被 <#FFEB04><link=""Keyword:4"">[冰冻]</link></color>。"
MUT_Desc_31,127239120642629641,"击杀 <#FFEB04><link=""Keyword:2"">[黏袭]</link></color> 敌人时有几率掉落黏球，获得临时增益。"
MUT_Desc_32,127239120646823936,"近战攻击 <#FFEB04><link=""Keyword:7"">[踉跄]</link></color> 敌人时会植入一枚炸弹，炸弹 3 秒后爆炸。"
MUT_Desc_33,127239120646823937,"攻击 <#FFEB04><link=""Keyword:1"">[灼烧]</link></color> 敌人时有几率提升暴击几率。"
MUT_Desc_34,127239120646823938,"暴击有几率将<#FFEB04><link=""Keyword:2"">[黏袭]</link></color> 扩散至附近敌人。"
MUT_Desc_35,127239120646823939,"每次换肉会提升 <#FFEB04><link=""Keyword:15"">[冰霜]</link></color> 伤害、<#FFEB04><link=""Keyword:15"">[冰霜]</link></color> 积蓄和 <#FFEB04><link=""Keyword:18"">[碎裂]</link></color> 伤害。"
MUT_Desc_36,127239120646823940,"换肉时对附近敌人造成 <#FFEB04><link=""Keyword:13"">[火焰]</link></color> 伤害。"
MUT_Desc_37,127239120646823941,命中薄弱点有几率将伤害连锁至附近敌人。
MUT_Desc_38,127239120646823942,"快速装填成功时有几率获得 <#FFEB04><link=""Keyword:11"">[屏障]</link></color>。"
MUT_Desc_39,127239120646823943,"对 <#FFEB04><link=""Keyword:4"">[冰冻]</link></color> 敌人发动近战攻击可叠加雪人层数，提升<#FFEB04><link=""Keyword:15"">[冰霜]</link></color> 积蓄和 <#FFEB04><link=""Keyword:18"">[碎裂]</link></color> 伤害。"
MUT_Desc_40,127239120646823944,"击杀敌人时有几率生成一个 <#FFEB04><link=""Keyword:5"">[动能]</link></color> 球，对附近敌人造成伤害。"
MUT_Desc_41,127239120646823945,"每次换肉都会叠加 <#FFEB04><link=""Keyword:5"">[动能]</link></color> 积蓄和 <#FFEB04><link=""Keyword:5"">[动能]</link></color> 伤害加成，持续 60 秒。"
MUT_Desc_42,127239120646823946,"技能命中 <#FFEB04><link=""Keyword:3"">[冷硬]</link></color> 或 <#FFEB04><link=""Keyword:4"">[冰冻]</link></color> 敌人时，技能充能速度提高，持续 30 秒。"
MUT_Desc_43,127239120646823947,暴击有几率触发一次范围伤害爆发。
MUT_Desc_44,127239120651018240,"<#FFEB04><link=""Keyword:11"">[屏障]</link></color>受到伤害时，会在你周围触发一次 <#FFEB04><link=""Keyword:15"">[冰霜]</link></color> 伤害爆发。"
MUT_Desc_45,127240818295562240,"对 <#FFEB04><link=""Keyword:3"">[冷硬]</link></color> 或 <#FFEB04><link=""Keyword:4"">[冰冻]</link></color> 敌人造成更高的 <#FFEB04><link=""Keyword:13"">[火焰]</link></color> 伤害。"
MUT_Desc_46,127239120651018241,"肉系技能命中 <#FFEB04><link=""Keyword:4"">[冰冻]</link></color> 或 <#FFEB04><link=""Keyword:3"">[冷硬]</link></color> 敌人时有几率获得 <#FFEB04><link=""Keyword:11"">[屏障]</link></color>。"
MUT_Desc_47,127239120651018242,"近战击碎敌人时，会将伤害连锁至附近 <#FFEB04><link=""Keyword:3"">[冷硬]</link></color> 或 <#FFEB04><link=""Keyword:4"">[冰冻]</link></color> 目标。"
MUT_Desc_48,127239120651018243,"命中 <#FFEB04><link=""Keyword:8"">[电击]</link></color> 敌人的薄弱点有几率召下一道闪电。"
MUT_Desc_50,127239120651018244,"击杀 <#FFEB04><link=""Keyword:2"">[黏袭]</link></color> 敌人时会生成一群小蜜蜂。"
MUT_Desc_51,127239120651018245,击杀会提高移动速度。达到 10 层时，造成的伤害提高 50%，持续 5 秒。
MUT_Desc_52,127239120651018246,为所有技能额外增加一次充能。
MUT_Desc_53,127239120651018247,换肉时提升暴击几率。
MUT_Desc_54,127239120651018248,换肉时肉系技能短暂大幅强化。
MUT_Desc_55,127239120651018249,近战伤害翻倍，近战击杀有几率掉落肉。
MUT_Desc_56,127239120651018250,投射物速度翻倍，直接命中伤害提升，但爆炸范围缩小 40%。
MUT_Desc_57,127239120651018251,击杀会获得可叠加的伤害加成，持续 10 秒，最高 +30%。
MUT_Desc_58,127239120651018252,"肉系技能命中 <#FFEB04><link=""Keyword:2"">[黏袭]</link></color> 敌人时，有几率立即刷新所有技能。"
MUT_Desc_59,127239120655212544,连锁效果可跳转至更多敌人。
MUT_Desc_7,127239120638435329,击杀敌人时有几率生成一个电球，对附近敌人造成伤害。
MUT_Desc_8,127239120638435330,大幅提升全部伤害，但攻速降低 25%。
PE_Desc_134,111585918903640064,帮助卡尔进入机甲！
PE_Desc_135,124465651211296768,员工入职培训：肉
PE_Desc_136,124465651211296770,员工入职培训：武器
PE_Desc_137,124479668990500864,员工入职培训：升级
PE_SuccessDesc_133,111372950735675392,猎人已击败！
PE_SuccessDesc_137,124479668990500865,干得漂酿
PE_SuccessDesc_40,111372950639206400,肉核已回收
PE_SuccessDesc_47,111372950660177920,弗兰肯倒地！
PE_SuccessDesc_81,111372950685343744,你就是冠军！
PF_Name_78,124391986440429568,变异解锁：赠礼腺体
PF_Name_79,124391986444623872,变异解锁：蜂爆
PF_Name_80,125400502454181888,神秘肉解锁：给力滋特饮
PF_Name_81,127715283328557056,已观看猎人过场动画
PF_Name_82,127715283341139968,猎人生成时丢失
PT_Flavor_1_1,122888703272017920,有时候，你需要的只是再来一次的机会。
PT_Flavor_1_2,122888703284600832,第一次失败没关系，再接再厉！
PT_Flavor_1_3,122888703284600833,要是第一次没成功，那下次可得学会低头闪人！
PT_Flavor_1_4,122888703284600834,如果第一次没成功，就扫去身上的尘土，再试一次！
PT_Flavor_1_5,122888703284600835,有时候，你就是需要多两次机会才行。
PT_Flavor_2_1,122222527525150720,得想办法练习铲子技术！
PT_Flavor_2_2,122222527525150721,那些汉堡可不会自己翻面。
PT_Flavor_2_3,122222527525150722,烫到拿不住，香到放不下
PT_Flavor_2_4,122222527525150723,炭火加自信，动力满格。
PT_Flavor_3_1,122888703284600836,别被这个大块头吓着了，就算他吞噬过几个星球，也没什么大不了的。
PT_Flavor_3_2,122888703284600837,这些弗兰肯豆有种特别的风味，让它们格外结实。
PT_Flavor_3_3,122888703284600838,最棒的料理都要充分腌入那股特别的弗兰肯风味。
PT_Flavor_3_4,122222527525150724,BBQ 吃太多了？简直“肋”谱。
PT_Flavor_4_1,122222527525150725,仅限低敏宠物入内。请咨询 HR 获取可接受宠物清单。
PT_Flavor_4_2,122222527525150726,请务必清理宠物留下的任何脏乱。
PT_Flavor_4_3,122222527525150727,请确保所有疫苗均在有效期内。
PT_Flavor_4_4,122222527525150728,急救箱内备有狂犬疫苗。
PT_Flavor_5_1,122222527525150729,技术能力评估。
PT_Flavor_5_2,122222527529345024,开展工作坊，提升你的技能。
PT_Flavor_5_3,122222527529345025,每周四开放同伴辅导与练习课。
PT_Flavor_5_4,122222527529345026,打印机旁聊聊职场八卦“肉”料。
PT_Flavor_6_1,122888703288795136,兰格斯为员工提供最好的福利待遇。
PT_Flavor_6_2,122888703288795137,这是黄金级员工薪酬方案的一部分。
PT_Flavor_6_3,122888703288795138,这是白金级员工薪酬方案的一部分。
PT_Flavor_6_4,122888703288795139,这是钻石级员工薪酬方案的一部分。
PT_Name_1,122209350771007488,福祉计划
PT_Name_2,122209350779396096,公司 BBQ
PT_Name_3,122209350779396097,混合模式
PT_Name_4,122209350779396098,宠物友好办公室
PT_Name_5,122209350779396099,职业发展福利包
PT_Name_6,122209350779396100,健康保险
STG_133_09458b2c019b46cbb5a64ffb08e23d7f,125495921813217283,哟，看看你，还挺与众不同的嘛。
STG_133_14963f30e6a34d3385eeca76f97ce2ce,125495921809022977,你做到了，伙计！
STG_133_185d8e736a184006a1ff9bcdff8691b7,125495921809022988,我就知道你行！
STG_133_3cf7b406626d434190ac19a5523ec082,125495921813217280,看看你！
STG_133_42c6df9c58194cc09f48ffe4e9c925ab,125495921809022987,干得漂亮，小肉团！
STG_133_57bf88beeab24440948c4ab921ef5066,125495921809022981,这才叫本事！
STG_133_5d938c7d057b44199a41b612d34f441b,125495921809022983,你还真的做到了，哈？
STG_133_6dcbb50573b746edb57de27ae6b8cc71,125495921813217281,你真的做到了！
STG_133_7f622b7dbf004c82bc7ef929def98e87,125495921809022978,哇哦！好险啊！
STG_133_8409992d104f45d8902fed5567f73957,125495921809022976,哇哦！就这么把那帮外星人甩掉了！
STG_133_98f5b59a08644687b24e34eb64b1505b,125495921809022985,就该这么干！
STG_133_a1f74035ef6542f6aad7fda4e63e0eb2,125495921809022984,嘿，你还真的做到了，是吧？
STG_133_a909ef42fb274e8b9991afc618cb617e,125495921809022982,做到了，老伙计！我就知道你行的。
STG_133_b1266693b7a44eadbc5d620997db7fd8,125495921813217286,说说，整个银河系谁是我最好的小伙伴？
STG_133_b389254572fa47d08d71f4e5aeeed353,125495921809022986,这就是肉类科学的力量！
STG_133_b80c30b122bb4b19a8754a9d73cf826b,125495921813217284,我真的超级为你骄傲，小肉团！
STG_133_db0dc7c77935452ab49184e5bb53ff67,125495921813217282,哦！那一声“嘭”的一声可真带劲！
STG_133_ea6b7c8fc2d34d7ab171e51ecb7cc596,125495921809022980,哇，漂亮！继续保持状态爆汁啊，兄弟。
STG_133_ec0d199d6e3e4dcda48ae93df0a93461,125495921809022979,我真的太为你骄傲了！
STG_133_fe64aa3f86a94155945cf6a63af65d9a,125495921813217285,你在外面那么拼，让我们大家都很骄傲。
STG_135_33afed45871a42d0b21f458d2b51f224,121770217384697857,哦。是你啊。又是你。好吧。
STG_135_38b09fb447954020ac8f2c89d92f6790,121770217384697859,卡尔会说些鼓励的话。我可不是卡尔。
STG_135_3f51c472e8884ea0a85f97adba9013a2,121770217384697860,你看起来行动自如。妙极了。
STG_135_540e640670a446ff9ca6a7ed66b05fc8,121770217384697856,别站着发呆。还有工作要做。
STG_135_9c0018d7b313402f962c18b76c0fe9dd,121770217376309248,啊，是的。你回来了。还真是。
STG_135_a0d810c86f784078a2cc2eb664c0d2cd,121770217384697858,看来你被顺利排出来了。真好。
STG_136_beac8711f8f9491bb0eb64273edc88f3,122546905630629888,哦哇！
STG_137_b14bfca3641944ebb7da5fe71c76a723,122546905634824192,哎。罗克西！我们又忘了把那套破制服放进去了！
STG_138_5e9e63afc4ea49bea37db80e5a506f0e,122546905634824193,不能让你就这么跑来跑去。太难看了，小肉团。
STG_139_cdbbc8084d0e482b90b44200397225e7,122558333578108928,生日快乐，小伙...
STG_141_aec1e2faa268436f8d3d44a262a56c98,122546905634824195,试试看，能不能一路黏过去，把你的员工制服拿回来。
STG_142_8a1f7bea249242178bdf5819d90f74c7,122546905634824196,这在我的待办事项里。
STG_143_d888d7db6a3a40f4b1eba197b6f22ed5,122546905634824197,我记得那个房间里还有一些。
STG_171_8a1f7bea249242178bdf5819d90f74c7,122546905639018504,请稍候...
STG_172_8a1f7bea249242178bdf5819d90f74c7,122546905639018505,请再次稍候...
STG_173_8a1f7bea249242178bdf5819d90f74c7,122546905639018506,恭喜，你的努力勉强合格。
STG_174_329a563a2ad04850a143e5c2dee5741a,124751489413406728,你再一次拉低了我的预期下限。
STG_174_33afed45871a42d0b21f458d2b51f224,124751489413406722,呃... 刚才那可真是... 挺难评的，对吧。
STG_174_3985fa70cf5f457bbb833299a3065c93,124751489413406726,你活下来了。这也算是一种成功。
STG_174_3f51c472e8884ea0a85f97adba9013a2,124751489413406724,姑且将此视为一次提升的机会。
STG_174_540e640670a446ff9ca6a7ed66b05fc8,124751489413406721,比最糟糕的情况稍微好了那么一点点。
STG_174_971ea5afaedb40b39bd63e3af0aebdc9,124751489413406725,这分数不可能是真的。哦，是真的？好吧...
STG_174_9c0018d7b313402f962c18b76c0fe9dd,124751489413406720,真是无比扫兴。
STG_174_a0d810c86f784078a2cc2eb664c0d2cd,124751489413406723,也许你只是大器晚成。
STG_174_dcb5c60125bd421db8e301d7acdcf358,124751489413406727,但愿这不会成为一种常态。
STG_175_329a563a2ad04850a143e5c2dee5741a,124751489413406736,真是平平无奇。
STG_175_33afed45871a42d0b21f458d2b51f224,124751489413406731,算是合格吧，我想。
STG_175_3985fa70cf5f457bbb833299a3065c93,124751489413406734,平庸成就达成。
STG_175_540e640670a446ff9ca6a7ed66b05fc8,124751489413406730,过得去。非常过得去。
STG_175_971ea5afaedb40b39bd63e3af0aebdc9,124751489413406733,你成功地为自己留下了进步的空间。
STG_175_9c0018d7b313402f962c18b76c0fe9dd,124751489413406729,你的表现符合预期。
STG_175_a0d810c86f784078a2cc2eb664c0d2cd,124751489413406732,唔。真是普通得可以。
STG_175_dcb5c60125bd421db8e301d7acdcf358,124751489413406735,你的努力相当有限，但并非完全没有。
STG_176_329a563a2ad04850a143e5c2dee5741a,124751489417601031,这分数是对的。我核实了两遍。
STG_176_33afed45871a42d0b21f458d2b51f224,124751489417601025,卡尔会很高兴的。
STG_176_3985fa70cf5f457bbb833299a3065c93,124751489417601029,好好享受这一刻。这种时候太少见了。
STG_176_3f51c472e8884ea0a85f97adba9013a2,124751489417601027,值得道一声恭喜。
STG_176_540e640670a446ff9ca6a7ed66b05fc8,124751489417601024,你超出了预期。真是少见。
STG_176_971ea5afaedb40b39bd63e3af0aebdc9,124751489417601028,看来卡尔·兰格斯对你的判断是对的。
STG_176_9c0018d7b313402f962c18b76c0fe9dd,124751489413406737,你的表现堪称典范。
STG_176_a0d810c86f784078a2cc2eb664c0d2cd,124751489417601026,难以置信，我竟然没预见到这一点。
STG_176_dcb5c60125bd421db8e301d7acdcf358,124751489417601030,我比你更惊讶。
STG_177_33afed45871a42d0b21f458d2b51f224,124944136312709121,这次一定会做得更好。
STG_177_540e640670a446ff9ca6a7ed66b05fc8,124944136312709120,好了，去吧。
STG_177_9c0018d7b313402f962c18b76c0fe9dd,124944136308514816,再试一次？
STG_178_063370c920554b2a831708de7e8fd418,125167135318073344,成交。
STG_178_0f01904fbea74c499ebef0f1c784ccb9,125167135322267652,又一笔买卖入账。
STG_178_34c523cd2d07407987e2c3f6b3f010d9,125167135322267651,不许反悔！
STG_178_49c385d76731448b9208ef220ccf963f,125167135322267648,成交。
STG_178_716eb57913994cc4aa8f6f26ecda898f,125167135322267653,我发誓你在占我便宜。
STG_178_b34c1118baf34382b6d04625cb154cf5,125167135322267650,成交了。
STG_178_b874cb3ab6b148b19a1c70d04a367a7e,125167135322267649,交易完成。
STG_179_015894ad30e94ceab71073911b4d4d0a,125167135322267663,看来又到交易时间了，是吧？
STG_179_05a71ca180974d7c92022e019d4c4202,125167135322267666,啊，又是你。
STG_179_063370c920554b2a831708de7e8fd418,125167135322267654,嗯？
STG_179_0f01904fbea74c499ebef0f1c784ccb9,125167135322267660,哦，不，我一点也不忙。
STG_179_2b6c89f9820842d5adcd875c2925401d,125167135322267667,反正我也没别的事好做。
STG_179_34c523cd2d07407987e2c3f6b3f010d9,125167135322267659,有什么需要帮忙的吗？
STG_179_35075b6f0bdc4990a3dc5c6373df2866,125167135322267664,你可真是个大忙人啊。
STG_179_49c385d76731448b9208ef220ccf963f,125167135322267656,你带什么来了？
STG_179_716eb57913994cc4aa8f6f26ecda898f,125167135322267661,有什么需要的吗？
STG_179_77c1ef92c5ec46b3b220b36b18d17cbc,125167135322267662,这次又是什么事？
STG_179_a3cbc47007804cf89ad516120da6a7e7,125167135322267665,当然，我有的是时间被打扰。
STG_179_b34c1118baf34382b6d04625cb154cf5,125167135322267658,有什么可以帮你的？
STG_179_b874cb3ab6b148b19a1c70d04a367a7e,125167135322267657,准备好交易了吗？
STG_179_d440fed8c4b94e19833c24491343bd1c,125167135322267655,我们进入正题吧？
STG_179_eeea974b9ccf41fe867673da00c8316f,125167135322267668,是的，我在这儿。我一直都在这儿。
STG_180_015894ad30e94ceab71073911b4d4d0a,125167135322267678,没有我你可怎么办？
STG_180_063370c920554b2a831708de7e8fd418,125167135322267669,保重。
STG_180_0f01904fbea74c499ebef0f1c784ccb9,125167135322267675,下次见... 我是说，还是在这儿见。
STG_180_34c523cd2d07407987e2c3f6b3f010d9,125167135322267674,很高兴和你做生意。
STG_180_49c385d76731448b9208ef220ccf963f,125167135322267671,下次见。
STG_180_716eb57913994cc4aa8f6f26ecda898f,125167135322267676,别忘了填写我们的客户满意度调查表。
STG_180_77c1ef92c5ec46b3b220b36b18d17cbc,125167135322267677,欢迎随时再来... 我是认真的。
STG_180_b34c1118baf34382b6d04625cb154cf5,125167135322267673,常来啊。
STG_180_b874cb3ab6b148b19a1c70d04a367a7e,125167135322267672,感谢惠顾。
STG_180_d440fed8c4b94e19833c24491343bd1c,125167135322267670,合作愉快。
STG_181_063370c920554b2a831708de7e8fd418,125167135322267679,我的程序设定是处理银河金融业务，但这个... 也行吧...
STG_182_0e3a574572d14beb977a18d3240a66f8,125495921825800198,哦嗨嗨。
STG_182_262f426a157742d39603b4a62daf2a55,125495921825800193,嘿，小家伙！
STG_182_592dc98f6cee427998095df3b5a3ad2e,125495921825800192,哎，你来啦。
STG_182_a3bce76a517045aeaf88e3f4ab06c8bf,125495921825800197,哎，小家伙，怎么样啊？
STG_182_a49662528f6b4e5798029a1ce4ae6fb5,125495921825800194,你好，小家伙！
STG_182_e91071acb7d24e3db2af86f3ae91b1e5,125495921825800195,哎，你来啦！
STG_183_263d1d691d0546548cdc2511fee4e9c3,125495921825800200,待会儿见，小家伙！
STG_183_59c04fd748ea442f9d7b2a1bd63194d1,125495921825800202,拜拜啦！
STG_183_ac689551cfe04735a5b0e7c22b04ecdb,125495921825800204,再见，朋友！
STG_183_ec66d8897f184b10988b7fb1f99e1699,125495921825800201,继续加油。
STG_183_ef35f9ae06814f008e6e855e1be2f7cb,125495921825800199,回头见，小肉团。
STG_183_fd1b23e053ef47bd9a634b835689c9a7,125495921825800203,保持滋润，小家伙。
STG_184_cdbb75f6cecf4970b7c2d2cf79b381ad,127793416716087296,首先出场的是... 猪肉桶皮特！
STG_185_ecdbe961b8ad4d8198c9b7a279f80acc,127793416741253120,周一晚间中期选举！
STG_186_6cc920e2b31b4a24a8fef9887480ff68,127793416741253121,大家准备好被两党联手痛揍了吗？！
STG_187_b16031cd0bd240ae8a66314a651c8af4,129415329128374272,好嘞，小肉团，看来你准备好出发了。
STG_188_b16031cd0bd240ae8a66314a651c8af4,129418788422541312,跳上那边的电光飞堡，开始你在兰格斯的第一次值班吧。
STG_189_b16031cd0bd240ae8a66314a651c8af4,129418788422541313,溜下去开干吧。好运！
TPUP_Title_12_0,129472777327468544,快速装填小游戏
TUT_Announce_1,124465647935545344,使用 [InputAction:Gameplay/CharacterMovement] 移动，[InputAction:Gameplay/Jump] 跳跃。
TUT_Announce_12,124465647939739648,靠近时会自动拾取<color=#FF3667>缺失的肉体</color>部件。
TUT_Announce_20,129141354091503616,靠近肉时按 [InputAction:Interact/Interact] 可主动交换身体部位，并获得新技能。
TUT_Announce_21,126113598604828672,按 [InputAction:UIToggle/ToggleInspectionOverlay] 查看你的属性
TUT_Announce_22,126809847683342336,按 [InputAction:Gameplay/RangedFire] 用步枪射击目标假人
TUT_Announce_23,126809847683342337,按 [InputAction:Gameplay/MeleeFire] 用铲子攻击目标假人
TUT_Announce_24,126809847683342338,按 [InputAction:Gameplay/WeaponSwitch] 切换远程武器
TUT_Announce_25,126809847683342339,按 [InputAction:Gameplay/RangedFire] 用手枪射击目标假人
TUT_Announce_26,127385081436168192,按 [InputAction:Gameplay/ItemRewardInit] 打开升级界面
VO_SpeakerName_11,122207091240722433,虫子
VO_SpeakerName_12,122207091240722434,小蜘蛛
VO_SpeakerName_14,122207091240722435,法官
VO_SpeakerName_16,127793416837722112,猪肉桶皮特
VO_SpeakerName_8,122207091236528128,人群
VO_Transcript_316,124404532190896128,!!!
VO_Transcript_317,124465647985876992,要是你以后又掉了脑袋，或者... 其他什么部件...
VO_Transcript_318,124465647985876993,上面那个箭头？哦，那是罗盘，会指引你目的地所在。非常实用。
VO_Transcript_319,124465647985876994,再看向屏幕侧边。那些是你的目标。完成目标，就能获得报酬。
VO_Transcript_320,129141354141835264,现在看角落的进度条，那是你的生命值。
VO_Transcript_321,124465647985876995,答对了！好，罗克西，我们再来一次。就是... 这次轻一点，行吗？
VO_Transcript_322,124465647985876996,请再次稍候...
VO_Transcript_323,124465647985876997,全副武装，整装待发！来给你充个能！
VO_Transcript_324,124465647985876998,罗克西，启动智能肉面罩，让小肉团看看该干啥。
VO_Transcript_326,124465647985877000,罗克西！劲儿太大了！你怎么总把这些脑袋崩飞啊？
VO_Transcript_328,124465647985877002,别担心，小家伙。丢个脑袋又不是天塌下来了。
VO_Transcript_329,124465647985877003,看到没，小肉团？完成首要目标，就能获得报酬。
VO_Transcript_330,124465647985877004,你刚赚到了一些给力滋，全银河最有肉味的货币！
VO_Transcript_332,124480339026370561,干得漂亮，小肉团！看来你解锁了一个升级！
VO_Transcript_333,124650004637802496,好了，那扇门又能用了。很好。
VO_Transcript_334,124650931834839040,所有员工入职时，我们都会配发标准兰格斯制式手枪，还有...
VO_Transcript_335,124655240999854080,你所有的东西都在物品栏里。想看的时候随时看看。
VO_Transcript_336,124655240999854081,嗯，表现不错。真正的任务才刚开始。来找我聊聊吧！
VO_Transcript_337,129141354146029568,...再拿一个。每个都能带给你新技能。
VO_Transcript_338,129141354146029569,你可以在底部看到这些技能。
VO_Transcript_339,129141354146029570,这里肯定有备用零件，在哪儿来着。
VO_Transcript_340,129141354146029571,当然不能让你空手下去！
VO_Transcript_341,129141354146029572,...还有一把烧烤大师烤铲。
VO_Transcript_342,129141354146029573,罗克西不会让你下船，除非你去靶场练够时间。你懂的，合规问题嘛。
VO_Transcript_343,129141354146029574,去射击场吧，让那些目标假人见识一下谁才是老大！
VO_Transcript_344,125495921880326144,收割失败。肉核已毁。
VO_Transcript_345,129141354146029575,哎，糟了！门出故障了。
VO_Transcript_346,129141354146029576,唉，别管那个了。你这小身板儿得靠肉来保护才行。
VO_Transcript_347,129141354146029577,所以要是你缺了哪个部件，它会自动给你捡回来的。挺酷吧。
VO_Transcript_348,129141354146029578,哇哦，真是天生好手，小肉团！
VO_Transcript_349,129141354146029579,“蓝色护盾”代表你的肉体部件。明白了吗？
a60961b078fe4a96ae268cb577f81e08_136_0,124465651211296771,用手枪射击假人 [InputAction:Gameplay/RangedFire]
a64e4221509044f38e63532f945fe173_136_0,124653062583214080,前往射击场
b1b2c3d4e5f64a3a8b3c1d2e3f4a5b6e_81_0,127343731697246208,消灭他们
cc964ef862b643d5a7ef9c7798b976f3_135_0,124465651211296769,换肉 3 次
e70d0d0eef1e471bafb7f0181a151ddc_137_0,124658835887480832,找卡尔谈谈
CQ_ObjDesc_14_0,131640380611354624,收割你的第一个肉核
ABL_Desc_272,130684355859177472,放置一个防御气泡，非常适合用来复活队友或保护收割者节点！
ABL_Name_272,130598221758062592,气泡护盾
CRT_Desc_92,135279596566208512,自从表亲 S 在林中悠闲散步时惨遭杀害后，N 便对炸飞各种有机生命体产生了某种病态的执念。除此之外，它还是个狂热的足球迷，而且从不缺席练腿日。
CRT_Name_92,135276356562837504,AT NT
ITM_Name_1161,122300000023601152,冲浪板
ITM_Name_1366,135276356994850816,水管工
MEH_Desc_81,135227515985715201,宇航什么... 员？还是天文... 来着？
MEH_Name_81,135227515985715200,宇航员头
MEH_Desc_82,135227515985715203,这颗头被一个空肉箱罩着。
MEH_Name_82,135227515985715202,箱子头
MEH_Desc_83,135227515985715205,这家伙与一系列肉类盗窃案毫无关联。
MEH_Name_83,135227515985715204,偷肉贼头
PLN_Name_32,131622117248589824,员工入职培训
RF_Subtitle_14,132265219202211840,行星系
RF_DetailText_36,132248343633977345,巴蒂·Q是兰格斯肉食旗下“兰格斯乐园”的老派牛仔枪手吉祥物，也是《兰格斯欢乐时光》里的常驻角色。他一身多臂牛仔打扮，整天咧着大嘴傻笑，腰上挂着两对冒烟的鲜肉射手（不许塞豌豆！）。他走遍银河边疆，到处卖力吹捧兰格斯的优质产品。<br><br>这家伙一会儿像推销员，一会儿又像个英雄，总能在关键时刻抛出一句俏皮话，再配上一套烧烤风味的解决方案。他那股亲和又接地气的劲儿，让他成了兰格斯乐园的代表人物之一。
RF_Name_36,132248343629783040,巴蒂
RF_Subtitle_36,132248343633977344,巴蒂·Q
RF_DetailText_37,132248343633977348,JPG 狗狗巴克斯利是经典节目《兰格斯欢乐时光》中最受喜爱的明星之一。那是一档红极一时的儿童冒险节目，将喜剧、科普以及某些可疑的肉类科学融合在一起。<br><br>巴克斯利最初是在博夫星云中被发现的一张古老且已损坏的图像文件，它那滑稽的举动曾逗乐了整个银河系的观众。它那句伴随着吠叫的招牌台词“等等，我正在缓冲！”，成为了肉类电视史上被引用最多的著名台词之一；而它与兰格斯乐园团队之间的忠贞友谊，也让《兰格斯欢乐时光》成为影响一整代人的文化现象。
RF_Name_37,132248343633977346,巴克斯利
RF_Subtitle_37,132248343633977347,JPG 狗狗
RF_DetailText_38,132251457686593537,谜肉先生是《兰格斯欢乐时光》里的常驻活宝。它是一个由各种肉块拼凑而成、没有双臂、身材瘦长且双足行走的混乱怪咖。它极少开口说出真正的词句，而是用一连串让人摸不着头脑的口哨、喇叭声和夸张手势来交流。别看他总是一副迷迷糊糊、还老是惹麻烦的样子，他却总能莫名其妙地解决团队最棘手的问题。<br><br>谜肉先生以打破第四面墙、频频与电视观众直接互动而闻名，是节目中最令人难忘的角色之一。它那些难以预测的滑稽举动深得粉丝喜爱，也成为了无数观众的心头好。
RF_Name_38,132251457682399232,谜肉先生
RF_Subtitle_38,132251457686593536,常驻活宝
RF_DetailText_39,132251457686593540,鸡咕洛斯·纳格特教授是《兰格斯欢乐时光》里的常驻万事通，一位长得像猫头鹰的学者型天才，自称拥有十七个博士学位，外加至少三张免费鸡块兑换券。他总能掏出仿佛永远用不完的图表和数据，整天忙着进行各种离谱实验，并用裹粉、蘸酱和鸡块成型原理来解释整个已知宇宙。<br><br>尽管他的发明往往伴随着爆炸、孵化，或是莫名其妙地产生自我意识 (参见谜肉先生)，但好在这些发明通常足够管用，使他得以一直留在团队中。但总会在关键时刻意外地起作用，足够让他继续留在团队里。他每一堂讲座都充满离谱的鸡肉冷笑话和过度复杂的解释，是团队里既提供科学知识、又制造禽类笑料的重要来源，深受大家喜爱。
RF_Name_39,132251457686593538,纳格特教授
RF_Subtitle_39,132251457686593539,学究型发明家
RF_DetailText_40,132252135783915522,至尊纳乔是《兰格斯欢乐时光》里的华丽装扮大师。他是一名戏剧风格强烈的快餐牛肉斗士，无论面对大小难关，都会将其视为一场盛大的演出。他身着一套由各种闪光装扮包裹的繁复斗牛士服，带着十足的派头与毫不收敛的高调，无所畏惧地冲向危险。<br><br>无论是挥舞披风、摆出英雄姿态，还是发表浮夸的演说，至尊纳乔都深信：如果一件事值得去做，那就必须做得极具戏剧张力。他那超凡脱俗的个性和对舞台效果的无限狂热，使其成为了无数观众的心头好。
RF_Name_40,132252135783915520,至尊纳乔
RF_Subtitle_40,132252135783915521,华丽装扮大师
RF_DetailText_41,132253107394437122,《兰格斯欢乐时光》是一档风靡一时的综艺节目。它在每天的多个时段轮番播出，由兰格斯乐园里那些色彩斑斓的吉祥物与性格古怪的角色共同出演。节目内容涵盖了精彩短剧、肉类布偶戏、洗脑神曲以及极其生动的自然科普栏目，例如深受观众喜爱的《银河钩虫是什么味道？》。节目在介绍兰格斯最新零食、餐点与各种食品创新的同时，也持续吸引并娱乐着一代又一代观众。<br><br>节目中那些关于营养、发展以及尝试兰格斯新品之重要性的轻松教导，最终与节目角色本身一样，成为观众难以忘记的记忆。
RF_Name_41,132253107394437120,《兰格斯欢乐时光》
RF_Subtitle_41,132253107394437121,老少咸宜，合家欢乐！
RF_DetailText_42,132255206396125185,老鼠洞是一家带有传奇色彩的银河苍蝇酒馆，隐匿在贸易航线中某个被遗忘的角落。尽管该酒馆在名义上独立经营，但美味的预包装餐食均由兰格斯集团供应。它因各种光怪陆离的彩色饮品、身份奇特的外星常客以及出人意料的绝佳风味而闻名，成为卡尔和多蒂最中意的密会去处。两人曾在此度过了无数个夜晚，在沾满污渍的餐巾纸上勾勒出各种新菜谱、新口味、企业并购案，以及各类精妙的商业构想。<br><br>兰格斯有不少相当成功的项目，都源自老鼠洞那昏暗卡座里的一次随口闲聊。然而，在不明原因下，老鼠洞突然消失得无影无踪。没有求救信号，没有残骸，也没有任何记录；它就这样从银河中彻底消失。卡尔曾花费数年时间寻找这家失踪的酒馆，因为他坚信在群星之内的某处，它依然存在，静候着为重逢倒上最后一杯酒。
RF_Name_42,132255206391930880,老鼠洞
RF_Subtitle_42,132255206396125184,银河小酒馆
RF_DetailText_43,132257060458848258,努尔和沃伊德是兰格斯早期的吉祥物。它们由多蒂发掘，但她从未透露是在何处找到了它们，且每当被问及此事便会立刻转移话题。起初卡尔对它们赞赏有加，并将其列入了兰格斯乐园的初代阵容。它们曾在《兰格斯欢乐时光》的早期剧集中登场，并被塑造成极其讨喜的卡通形象。凭借着“超级加倍的可爱”与单纯笨拙的举动，它们瞬间成为了观众的心头好。然而，当它们首次在公司的线下活动中以实体亮相时，局面却彻底失控。<br><br>官方通报将现场观众的反应描述为“集体性后悔”，期间甚至疑似发生了一起与会人员被吞食的恶性事件。自那以后，努尔和沃伊德被彻底踢出了所有与兰格斯乐园相关的节目及宣传活动，相关录像带和宣发物料均被悉数销毁，其存在痕迹亦从兰格斯的企业历史中被完全抹去。它们因此对卡尔·兰格斯怀恨在心，且不知出于何种缘故，它们对智能肉尤为痛恨，将其称为“一个行走的错误”。
RF_Name_43,132257060458848256,努尔和沃伊德
RF_Subtitle_43,132257060458848257,破损的吉祥物海报
RF_DetailText_44,134985733934931968,<b>血肉之球</b>长期被视为<b>卡尔·兰格斯</b>快速且大量获取肉类的首选之地，这颗星球的迷人之处，很大程度上得益于其源源不断且极易捕获的野生猎物，以及紧邻<b>全能肉传送门</b>入口的绝佳地理位置。<br><br><b>卡尔·兰格斯</b>在<b>全能肉事件</b>期间匆忙撤离了这颗星球，据说还把自己的<b>机械战衣</b>丢在了那里，至今仍未被寻回。
RF_Subtitle_44,134985733930737664,昔日狩猎场
RF_DetailText_45,134989437736050689,<b>零度意肠</b>的极端严寒，使其成为了<b>卡尔·兰格斯</b>研发稳定态肉冰混合物的首选试验场。该产品旨在解决曾长期困扰<b>兰格斯肉食</b>超空间配送网络的冷冻损耗问题。<br><br>然而，该计划从未取得成功。其残留的储存设施、加工设备，以及一套曾具有革命意义的冰轨运输网络，如今仍零星散落在星球各处。
RF_Subtitle_45,134989437736050688,昔日试验场
RF_DetailText_46,134992150976782337,<b>熔岩女王</b>由一连串环绕着活火山的群岛所组成。此处长期以来一直是<b>卡尔·兰格斯</b>情有独钟的度假胜地，因其温暖的气候、秀丽的地貌以及天然形成的丰富<b>肉核</b>矿藏而备受青睐。<br><br>据推测，正是由于对这些<b>肉核</b>持续不断的开采，才导致了该星球的地质结构失稳，并致使其中央火山重新活跃。即便如此，<b>卡尔·兰格斯</b>依然将其视作消遣去处。每一次他的到访，都稳定伴随着地质活动的显著上升。
RF_Subtitle_46,134992150976782336,火山避世所
SS_Name_8,63252864443604992,奥姆尼克朗
STG_190_a3746697c12b4bdd8fd23bd9b66e62e9,129811004227837952,新的星系坐标已解锁。
STG_191_277fda1114904f958d8c63b2179a0071,130046937187475456,已进入星球轨道。
STG_191_dff60a205b164bd993eab020916c69d8,130046937183281152,已终止超光速。
STG_192_69160939b60648a98d8243c7136ffad0,130046937187475457,已启动超光速。
STG_194_02bab38122ef4fe0b283750b6b97bc86,131982305419845632,好了，小肉团，我就直说了。我们接下来的要去的地方可就有些诡异了。
STG_195_7dbff6c42db84a21a0e0c4c7f961f3b0,131982305424039936,这地方有点邪门，所以我们一拿到机械战衣就撤离，明白吗？千万别乱看。
STG_196_a563cc6adbdf4520bb2329ce1638e84e,131982305424039937,稳住，小肉团。我们去把那件战衣找出来。
STG_197_2e3e6eec33464e2098c794a33420ba94,131982305424039938,我们赶紧从这儿开溜，速度加倍！
STG_198_a23ff133f772415ebd1b6d999db128ed,131982305424039939,很好，保持平稳。传送门就在正前方。
STG_199_20844039dafe4ed38f6a1ee953631a44,131982305424039940,情况不妙，那是全能肉宫殿。它们要把我们围住了，小肉团。
STG_200_eed2b75eaed14cf28e9f21a76e9d4ed4,131982305424039941,罗克西，把飞船停近一点。小肉团，到顶层来跟我会合！
STG_201_c55cb463c6a545bf88bf62dc1dc5ace2,131982305424039942,帮我进入机械战衣。准备大干一场吧。
STG_202_104adb4f654443bc912ad7f23cbb969b,131982305424039943,重回战场的感觉真好，宝贝！我们出发吧。
STG_203_a8309c5325254bdfbdcdf297adc66ce4,131982305424039944,太棒了！我们成功了！别管什么月度最佳员工了，你简直就是世纪最佳员工！
STG_204_e4faec0f4f044c40acbc18a6c8a217dc,131982305424039945,哎哟，那地方我们可再也不去了。
STG_205_64b232b1746d4f469c658dfdbfb58bb5,131982305424039946,我到现在都不敢信，小肉团，你确实不一般呐。
STG_206_4c18f008c4f244a59ed00736a8a21186,131982305424039947,别管什么月度最佳员工了，我让你当合伙人，小肉团！
STG_207_2bfd3de34ad145ea8161cbc2ad650453,131982305424039948,别管什么月度最佳员工了，我让你当合伙人，小肉团！不过别松懈。那帮星际鼻涕虫可不会消停太久。我们还有一整个银河系要喂饱呢...
STG_208_03d545921c1445dc90aa80cd574e95a0,131982305424039949,我们接下来的要去的地方可就有些诡异了。
STG_209_ebf805122be34c4d96192dfa6d5ecd32,131982305424039950,但愿咱们已经把那帮星际鼻涕虫彻底解决掉了。
STG_210_7dbff6c42db84a21a0e0c4c7f961f3b0,131982305424039951,千万别四处乱看。
STG_211_7dbff6c42db84a21a0e0c4c7f961f3b0,131982305424039952,没错了，这地方还是看得我直起鸡皮疙瘩。
STG_212_eed2b75eaed14cf28e9f21a76e9d4ed4,131982305424039953,看来这回，得由老卡尔我来给你搭把手了。
STG_213_0afe5a4f91da4a818fd80e25fb67dc6b,131982305424039954,哎哟，不瞒你说，重新穿上这套老战衣的感觉还真不赖。
STG_214_a8309c5325254bdfbdcdf297adc66ce4,131982305424039955,别管什么月度最佳员工了，你简直就是世纪最佳员工！
VO_Transcript_350,131982305470177280,没错了，这地方还是看得我直起鸡皮疙瘩。稳住，小肉团。我们去把那件战衣找出来。
VO_Transcript_351,131982305470177281,看来这回，得由老卡尔我来给你搭把手了。帮我进入机械战衣。准备大干一场吧。
ABL_Desc_273,142612879750717440,派出一名靠谱的机修工，帮忙修理友方建筑。
ABL_Desc_275,142985656894742529,发射一道强力光束。蓄力可提升伤害。击杀时，目标体内会射出一颗手雷。
ABL_Desc_283,147188355911639040,精神控制一个敌人 30 秒。解除控制时，根据控制时长造成伤害。
ABL_Desc_284,149675864725905408,朝你面对的方向帅气地快速移动。
ABL_Name_273,142612879742328832,机修工扳手
ABL_Name_275,142985656894742528,跳跳糖
ABL_Name_280,143256462988140544,旋转宝珠
ABL_Name_281,144282876722012160,灵魂宝珠
ABL_Name_283,146946507561492480,精神控制
ABL_Name_284,148256708948385792,翻转特技
ABL_Name_286,149394019488620544,玩家陨星
CND_Desc_12,146946507611824128,会为你战斗，随后重新变回敌对状态。
CND_Name_12,146946507607629824,魅惑
CRT_Desc_93,135579089438236673,一位又老又饿、火气还冲天的老妈。
CRT_Name_93,135579089438236672,香肠老母
HE_Desc_205,145709960463900672,治疗自身 25 点生命值。
HE_Desc_208,146946507834122240,"施加 <#FFEB04><link=""Keyword:20"">[魅惑]</link></color>，持续 8 秒。"
IATT_Name_535,147965489726873600,EAttributeDisplay.Hidden
ITM_Name_1367,145709960610701312,自我治疗
ITM_Name_1368,145709960610701313,牛气玉米
ITM_Name_1373,146946507980922882,精神控制伤害增益
ITM_Name_1374,148256709485256704,滑板腿
ITM_Name_1376,148604628461674496,腌制头颅
ITM_Name_1377,148604628470063104,腌制双腿
ITM_Name_1378,148604628470063105,腌制躯干
KW_Desc_20,117191729474428932,"处于<#FFEB04><link=""Keyword:20"">[魅惑]</link></color>状态的敌人会攻击其他敌方单位。"
MEH_Desc_84,142041378102173696,历经数代肉体治疗师佩戴
MEH_Name_84,142041378093785088,兰格斯医疗兵头颅
MEH_Name_85,148292145570111488,兰格斯摔跤手头颅
MEL_Desc_55,148256709527199745,"""你不是因为变老才不玩滑板，而是因为不玩滑板才变老。""- Jay Adams"
MEL_Name_52,142041378110562304,兰格斯医疗兵双腿
MEL_Name_53,148224917055201280,猎人双腿
MEL_Name_55,148256709527199744,滑板腿
MET_Desc_199,142612880308559873,投掷扳手来修理友方建筑。
MET_Name_198,142041378114756608,兰格斯医疗躯干
MET_Name_199,142612880308559872,油猴子躯干
PE_Desc_138,125137471035924480,ATNT
STG_215_404efc0ecbc2474aacad8644a565d8b6,136795163437555717,一直忙个不停啊，小肉团？
STG_215_8940d65e1bec4f44b74df21126c165bf,136795163437555714,该干活儿咯！
STG_215_b6c6962963d34c72895b0e55ea8a90a2,136795163437555713,下面可得当心点儿啊！
STG_215_bd4046858d064a799c6fb2b83bbaf459,136795163437555715,哦豁，这一趟有意思咯！
STG_215_d49e7800286545b881c6901d09cd40c9,136795163437555712,保持住，小肉团！
STG_215_d96b197a697c48159d7febd959a7b538,136795163433361408,好嘞，回头见，小家伙！
STG_215_ea7a3298574f446aa0059a8dc4b5141d,136795163437555716,没错，你行的！
MEL_Name_56,157375023630184448,猎人
