Key,Id,Korean(ko)
06ee873104e6457f8fa804beda5d776f_40_0,55920373358587904,볼트 버거로 탈출하기
077ed3a648524d648d4f5830819caedf_25_0,13533376626548736,수상 착륙 이벤트
080d27fb42324e548cdeb9c78188b9e1_81_0,12863354224762921,"축하해, 챔피언!"
0c5e0b437f13418387fcb4fda3255c12_110_0,45428356416528384,슬러지풀 찾기
0d2b2836ea734fdf9cc838949e782087_43_0,12863354224762890,금지된 만 들어가기
1016690cd2f7490092f4aeab093cec72_109_0,39596777527869441,컨테이너 파괴 완료
10284edea78c43f3a1daa7d6b798a24e_47_0,4741774361747457,네가 해냈어!
10ba103a02a742209c06b33018b68ef2_90_0,13533376634937347,고기 코어 추출!
1415483d8e43417fb532b91312777e21_73_0,12863354224762906,요리 진행 중...
144401ad86fc4e17a5b485773aed3c37_92_0,31181757266366471,틈새에 접근하기
144401ad86fc4e17a5b485773aed3c37_96_0,12863354224762931,[InputAction:Gameplay/CharacterMovement] 키를 사용해 절벽으로 움직이기
144401ad86fc4e17a5b485773aed3c37_97_0,31181757266366472,[InputAction:Gameplay/CharacterMovement] 키를 사용해 비콘으로 이동하기!
14b550cb62de4d47aa26571d5ec081a4_73_0,35944490127581184,행성 탈출하기
153cc3f8cf1f4d0888816bf658a8632c_100_0,18288937009971200,물고기 퇴치 완료
1698bcf073164975b50d0c057e9e9434_40_0,35944490102415360,다음 공세
1698bcf073164975b50d0c057e9e9434_83_0,12863354224762923,"자리에, 준비하시고..."
1d47360bac994027a98c29d45df2a55b_37_0,12863354220568587,플라즈마 통풍구 파괴 완료
1d47360bac994027a98c29d45df2a55b_69_0,36342413208686592,공장 노드 파괴 완료
1d47360bac994027a98c29d45df2a55b_70_0,42829564557496320,방송사 파괴 완료
1d47360bac994027a98c29d45df2a55b_72_0,42829564557496321,공장 파괴하기
218fe4acf7964a7cb5c7be094c6e69c0_40_0,13533376630743042,노드 C
29488c16d198412883a2a51596acc2bb_88_0,34098342817202177,하이빔 퇴치 완료
29b4771bd209406eb232367ab4aef6ea_40_0,12863354220568591,방어 노드 착륙 완료
29b4771bd209406eb232367ab4aef6ea_90_0,31181757266366465,수확기 방어 노드 착륙 완료
2b68a27692834455b2862225321d85bf_84_0,28606152955428864,휠리 퇴치 완료
2bcb060e74794ee6b35dec056cb1ad4b_4_0,12863354220568577,소형 글로보 파괴 완료
302c872126a14ec2838403c78ca53dbe_35_0,12863354220568585,곤충 적들
307da1864b474e55ad4c1444a56658db_47_0,12863354224762895,프랑켄 빈즈 퇴치하기
363558d8493e48e289610cc80a45dce7_92_0,13533376634937350,목표 달성!
36cd18992f274b02a91cd6c0e992f1f4_101_0,31321804916948992,배수 위치
3a678daece2d40309b8eb9970ebf79ba_36_0,12863354220568586,감염 위치 찾기
3a678daece2d40309b8eb9970ebf79ba_53_0,12863354224762896,랭거스 시설 찾기
3b601266bb5d4a38b0834fd14d1ef92c_1_0,12863354212179968,벌집 덩굴 파괴하기
3c99156a71e94689befdad6541f0bf07_90_0,12863354224762927,적 퇴치 완료
3fdff34d02474be4a2ecff716417f87d_81_0,12863354224762919,상대 고정하기
4115cee4e56045ee915c6d12fc8f28bf_57_0,25819545806340097,슬라임 집결지 찾기
43299c14b63f49d78c190b2a798a27a6_98_0,16371853938163714,근처 동굴 들어가기
455efe9b97694027bc0a679531a30729_79_0,28265088556195840,체력 스테이션 찾기
45913b0062ba4bedad3d390ead657593_117_0,50485223704264705,리셋 재부팅하기
45c41fc4a38742fdb704cb4e69bcd9da_79_0,28263989174591488,스테이션을 사용하여 체력 회복하기
47d22a0a9d04426a939f3ea0864b5205_88_0,34098342817202176,보호 수정 파괴 완료
4803acde682845028daa9cb9d258ff91_40_0,12863354224762881,남은 시간
4a9bef823c604de19b73c9aeafca1d8d_117_0,50485223704264704,리셋 찾기
4a9bef823c604de19b73c9aeafca1d8d_60_0,12863354224762897,칼립소의 신장 찾기
4c5f937ce7714ef9b521d16bc072a73a_89_0,45789048323694592,무료 고기를 획득하세요!
4ddcdfd50d0e47f08fd6bc7f5f1bb469_89_0,15325185385988097,광선 차단 완료
58f4d3f77dd547dc8169638a7b3e062e_8_0,25819545705676800,추락한 수확기 찾기
5ed58fbeb96d4cb382f8bc57afa849a5_40_0,4741774361747456,당장 대피해!
631906e57b8d4160990d2e447587b61b_47_0,12863354224762894,은신처에 들어가기
637d1804119d485f88ca47f98128d541_43_0,12863354224762892,브로드사이드 퇴치하기
63a0f53118c1402c99a31618368c68ea_91_0,13533376634937349,곤충 알
641e13cf11144468b19d70851075d9a7_25_0,12863354220568583,리셋을 계속 살려두세요
64f797dc3da74b8ea65cf4e2d44341ba_117_0,50485223704264706,리셋이 터지고 말 거야!
6f2d88d0310742859bdb6238d3e4ad86_91_0,12863354224762928,둥지 파괴 완료([InputAction:Gameplay/RangedFire]로 사격)
7091b8121ac345a7b5dd032f1fb10d38_65_0,12863354224762900,보호막 생성기 파괴하기
732760e06a494706bc85e319628b5c0f_8_0,13043324679086080,알 파괴 완료
736627e655094cfa8f25340937a2d4ff_64_0,25819545806340099,칼립소의 심장 찾기
780b3c462166410cb105383610f867a4_26_0,40699209502720000,.
79546cc3d5574f48bfeae8542285b2be_101_0,35236879184723968,밸브
7c767509160b47d09ee5fd3037cd6303_60_0,38122210821771264,칼립소의 신장 파괴 완료
7dd5734af14447428441a4afa3b05ccf_54_0,15335522801844224,길게 누르기
807edf1d4f3e4599a048379d0197a838_42_0,12863354224762885,제물 마법진 찾기
81d20e1613b6479ca33a6cdfc9ce5e0f_41_0,12863354224762883,글로보 파괴 완료
82239c3b0973496980d13c3eb35465f5_73_0,4741774365941760,고기 코어를 지키세요!
823baa51f7ac45f685ba900c7c6ddfb2_40_0,13533376630743040,노드 A
83339c61496448f3ab8a9f00787f30bd_73_0,28635447101943808,고기 코어 추출 중
862addccc4bf4bb9b4c7a0c4d6b48150_93_0,12863354224762930,포탑 파괴하기
86379083fd29463498e7361acdd157e4_101_0,20866619597946882,밸브 파괴하기
882c3ea243c1443e95759576b73b2729_110_0,40046892562546689,파이프 막힘
88eea4ea07334f4b9957fa019c9c9e72_88_0,13043324691668994,포드 처치 완료
8c9ba7dccc20445c89cd89d1ba506cc4_88_0,53087326635548672,보호 수정
8d27d8bb3bee42c2942be3baf1859045_101_0,20866619602141184,외계인 뇌 파괴 완료
8e4d080278df4923a617256e18dee6d5_42_0,12863354224762889,몬스터 퇴치 완료
932df004b21244c99860871f9bfdbcfe_40_0,13533376630743041,노드 B
934993f61e7d4fa898242cffd9d8abd4_38_0,12863354220568589,이벤트 비콘 찾기
95793848bf4b4be5a284252b6e26a2cc_105_0,32983460336140288,클론 항아리 파괴 완료
9626d545c2694bd292bf79ea22f15d33_90_0,13533376634937348,고기 코어를 확보하세요!
96f4e288b2da481fb27f4a251b3c5e0c_90_0,12863354224762926,추락 현장으로 이동하기
970b77bc8ed04b3fb6ac4a9df5a207a6_4_0,12863354220568576,대형 글로보 파괴 완료
98a522e09cb5420fb918357103a41013_81_0,12863354224762920,상대를 고정하세요!
98a8f6a25bfa4799901701cb818c0d9a_77_0,50485223666515968,조르프젯 파괴 완료
9e417b53bbd949a386d2591e402d5f07_101_0,20866619597946881,펌프 청소하기
a169f4140ad1400281c0f9cbb7a7c6cf_96_0,12863354224762932,[InputAction:Gameplay/Jump] 키를 사용해 절벽 오르기
a169f4140ad1400281c0f9cbb7a7c6cf_97_0,31181757266366473,[InputAction:Gameplay/Jump] 키를 사용해 절벽 위로 점프하기
a1908cc5be6d465790e029e3f2e73d0d_98_0,16371853938163713,동굴 입구
a1bfc46fe1a54a509690de1b510631e3_88_0,53087326635548673,수정을 쏴서 정렬하기
a2a7d50a3af045e88d53a6481091ff5a_77_0,12863354224762915,갇혀 있는 랭거스 셰프 찾기
a6f8d590137c4bf3b33589b5e032a69c_73_0,12863354224762904,적 접근 중
a95b5d889fb84d7ba700d8975dc1d8a1_43_0,26214435956711424,위험한 알
bae246cb718c4be1ae01bf6826b33960_64_0,28599495512850432,칼립소의 심장 파괴 완료
bb07c029345a4e33bd8243e510d76cc2_69_0,13043324687474692,거너로이드 퇴치 완료
bd02e00fea674e84a16b0fc4d3a7c330_40_0,4741774349164544,수확기를 방어하세요!
bd02e00fea674e84a16b0fc4d3a7c330_90_0,35944490152747008,수확기 방어하기
becd4830a7ae4b778a2b0a39b3869500_43_0,12863354224762891,물고기 알 파괴 완료
bfd544a6595040d29ce21af210a4de5a_60_0,12863354224762898,모노리스 머리로 막힌 파이프
c17b8f905f334482a07ce6bfe92d5b23_81_0,12863354224762918,코치 댄과 대화하여 매치 시작하기
c284dddb27ca486cb0c83ae110eefa8d_41_0,13533376630743044,티클러
c483f6bd06c94bc489c36921c6af7f3f_25_0,12863354220568584,리셋을 공격하는 녀석들 제거하기
c62a3b9c572d46ca823e1d8a0a001798_11_0,12863354220568581,고기 시장 방문하기
c684dd36776f40a7becea5c3a624dec7_111_0,43214497377521665,거너로이드 퇴치 완료
c684dd36776f40a7becea5c3a624dec7_65_0,12863354224762901,거너로이드 처치 완료
c88aa5a86fb0487ea2940b49d5a26a61_40_0,12863354224762882,볼트 버거 기다리기
d041259c46074c00896e43684af48ba9_89_0,45789048327888896,무료 고기!
d0e8fcbdc77f4b76892c67d9ba0008a2_65_0,45428356357808128,전구 폭발
d226c4e37ecc4efd9459d4eb10157033_73_0,12863354224762905,누커 활성화하기
d9554edb22ba42ddb94570a0b261f3e3_40_0,12863354220568590,고기 코어 확보하기
db2e0f5131304464a110d29750997d13_77_0,43614748405653504,셰프 구출 완료
db613423ab43495b808ae871d172820f_40_0,12863354224762880,노드 보호하기
ddbd21266895450a9263d7ddd491cf50_83_0,12863354224762924,탱거스 레이서 퇴치 완료
de34733aa21446248815db4a898e8278_104_0,31957267828957185,셰프 구출 완료
e1a978fc518c4eb495acc2987c36bb16_60_0,39648836050518016,테스트
e42ff4f67bcc4ec980f66f7325459554_73_0,12863354224762903,메가누커 찾기
e7d14953a4ce4343b8ec0afd82159bfc_101_0,20864094534664192,터빈 청소하기
e9386d0a8dbb4482bdefb58886c504b2_25_0,12863354220568582,고기기술자 리셋 찾기
eaef22943f4141959ba6d109230e29d0_92_0,12863354224762929,[InputAction:Gameplay/Jump] 키와 거미 다리를 사용해 틈새 건너기
ed78870de0ee4edc9c00f8d0e25bd930_100_0,46164313786580992,오리 퇴치 완료
eebf973a04794126a5f32ebeba654e8e_36_0,42829564469415936,처치 완료
eebf973a04794126a5f32ebeba654e8e_53_0,45655994116595712,버그재퍼 처치 완료
eebf973a04794126a5f32ebeba654e8e_84_0,13392082803392512,더트백 고정됨
efacc41cf94b40c4b9e9b32da808541b_44_0,12863354224762893,고기 섞기
f08e077d07fe4de585998d9e58be16a8_97_0,12863354228957184,[InputAction:Gameplay/LegsAbility] 키를 사용해 잔해 밑으로 슬라이딩!
f0962f6aedf542eb8754104f02dbc776_87_0,13043324691668993,수정을 정렬하여 포털 닫기
f287fe2f2c004c2bb1ad94e620e19a7d_35_0,13043324687474689,조사하기
f3a6135ac12f437db96c381b815fc86e_37_0,12863354220568588,타워 파괴 완료
fab40eedf6b84ce6a088171f41a3db3e_40_0,13533376630743043,노드 D
fb7ab8116fc8407f95fc700ec7e73fea_41_0,12863354224762884,티클러 퇴치 완료
fcf9f2b3388a439ebd895d5441e1652f_101_0,20866619597946883,부패 제거하기
ff4f7bf8a6c14791a0d538b070a535d6_73_0,12863354224762907,고기 코어 보호하기
ff4f7bf8a6c14791a0d538b070a535d6_90_0,31181757266366468,수확기 노드 방어하기
STG_1_e58baca8b4594c5c8b9ee8eb81f7ecb2,30928171548270592,"오, 이런! 헌터들한테 잡혔구나?!<br>흠, 내가 붙여 놓은 경고 포스터를 봤을 거라고 생각했는데."
STG_10_253905826c564fb2a5270da3f6110546,33128087058112513,"어서, 친구. 당장 출발해야 해!<br>바로 출발하자!"
STG_11_253905826c564fb2a5270da3f6110546,33136475515117568,"생일 축하해, 작은 친구!"
STG_12_29a85a0d1ea943ea96ec6907247dc477,45655991558070272,"공식적으로 발표하겠어, 생일 축하해!"
STG_12_2d920e29bd4e4060912784dfdac2cbca,34174556175327238,또 생일이야? 신나는데!
STG_12_2e38b79c84684f2aa45587b4fe0c0bd5,34174556175327237,"오, 생일 축하해, 꼬마 친구!"
STG_12_3a27ffa6fa314a5c8625d27093931a96,34174556175327234,"생일 축하해, 스퀴시!"
STG_12_3eb827e2e6064632b425c10921cbf907,34174556175327236,저 종 소리는 뭐야? 생일 축하해!
STG_12_4702726866014a76a515f75fffdd6c18,34174556175327232,내가 제일 좋아하는 녀석이야.
STG_12_887c915b3fc54337b9f436b5bc95e7a6,34174556175327239,"또 생일이네? 오, 맞다!"
STG_12_b5bdbdcabfc047a0b78d868a88bb74be,34174556175327235,또 행복한 생일이네!
STG_12_b737dec367b64b198466cda5b7c3d659,34174556175327233,"와, 그 생일은 정말 스퀴시할 것 같은데 "
STG_12_b9065185d40f4e6ab964735d41f28db9,34174556175327240,"그리고 또 생일 축하해, 꼬마 친구!"
STG_12_c76a5df566ac4228826d26e700509ad3,34174556175327241,생일 생일 축하 축하해!
STG_12_f1feac12173c43cbbb43b1e0a664f946,34174556175327242,뭘까? 생일 축하해!
STG_13_253905826c564fb2a5270da3f6110546,33139387419058176,"와우, 스퀴시!<br>네가 살아 돌아오다니 믿기지 않아!"
STG_14_e58baca8b4594c5c8b9ee8eb81f7ecb2,33297722948706304,기분이 안 좋아. 네가 거기서 죽는 줄 알았어.<br>네 친구들과 콩하고 놈들이랑...
STG_15_e58baca8b4594c5c8b9ee8eb81f7ecb2,33297722961289216,"아, 하지만 거기서 끝나지 않을 거야. 드디어 탱거스 타운을 찾았거든!"
STG_16_e58baca8b4594c5c8b9ee8eb81f7ecb2,33297722961289217,"이 프랑켄 연료로 거품을 일으켜서 그 행성계로 옮길 거야.<br>음, 요리가 좀 되겠어!"
STG_17_e58baca8b4594c5c8b9ee8eb81f7ecb2,33300395982839808,"세상에, 아직도 그 작은 딱총을 가지고 다니는 거야?<br>내가 더 좋은 걸 준비했어. 나한테 와서 말 걸어봐."
STG_18_e58baca8b4594c5c8b9ee8eb81f7ecb2,33301769751617536,인정하기엔 너무 마음이 아프지만... 스마트 고기 몸통이 만능은 아니니까.
STG_19_e58baca8b4594c5c8b9ee8eb81f7ecb2,33301769755811840,가끔은 좀 더 도움이 필요하지. 나랑 이야기 좀 하자고.
STG_2_e58baca8b4594c5c8b9ee8eb81f7ecb2,31228502341574656,"글쎄, 어쨌든 난 그 벌레 녀석들 문제에 도움이 될 만한 걸 가지고 있어.<br>그 더러운 놈들, 알았지? 와서 얘기해."
STG_20_e58baca8b4594c5c8b9ee8eb81f7ecb2,33308298840104960,"쉿. 어이, 어이, 스퀴시. 여기 뭔가 이상한 게 요리되고 있어.<br>와서 이야기 좀 하자."
STG_21_3b2f530890de4c1cb5f931eaf857b3c5,36007377365884930,"안녕, 스퀴시!"
STG_21_3c049bef12bf41418d16ee6b37dc86f6,36007377365884928,"안녕, 스퀴시! 너한테 줄 게 있어!"
STG_21_6f18a989231f4fafad627eb8654dae19,36007377365884933,스퀴시 녀석!
STG_21_8e4b1695c1e547178866cd55a320e8cd,36007377365884931,"안녕, 스퀴시! 좋은 게 있어."
STG_21_abd986d8f7154c44bd5d7cd3627ec641,36007377365884934,"어이, 친구! 줄 게 있어. 와서 얘기해 봐."
STG_21_c46b1dc527f447dc88e9cc8683e8f626,36007377365884929,"오, 여기서 달콤한 걸 요리하고 있지. 와서 말해, 스퀴시!"
STG_21_d3774b96d6264c68a5b66ebff7ede9f4,36007377365884932,"어서 와, 스퀴시. 새로운 걸 준비했어."
STG_22_e58baca8b4594c5c8b9ee8eb81f7ecb2,33311167362359296,무기는 개취니까 원하는 대로 해.<br>잘못된 결정이란 건 없어.
STG_23_e58baca8b4594c5c8b9ee8eb81f7ecb2,33312404489101312,"스퀴시, 네 재능에 대해 이야기해 볼까? 너 자신을 표현하고 싶지 않아?!"
STG_24_e58baca8b4594c5c8b9ee8eb81f7ecb2,33312404489101313,그럼 새로운 재능 터미널로 가보자고.<br>네가 다이아몬드처럼 빛나는 모습을 보고 싶어.
STG_25_e58baca8b4594c5c8b9ee8eb81f7ecb2,33315184792559616,"아, 인정하기는 좀 그렇지만 고기 몸통으로 모든 걸 할 수는 없잖아."
STG_26_e58baca8b4594c5c8b9ee8eb81f7ecb2,33315184792559617,"이 새로운 터미널을 확인하고 너의 궁극적인 잠재력을 깨우는 거야, 헤헤!"
STG_27_253905826c564fb2a5270da3f6110546,33318258437251072,왜 쓰레기를 주머니에 넣고 덜그럭거리며 돌아다니는 거야?
STG_28_253905826c564fb2a5270da3f6110546,33318258441445376,트레이더 마이크에게 가서 사용해 보는 건 어때?
STG_29_253905826c564fb2a5270da3f6110546,33318258441445377,"마이크는 인간 계산기라 할 수 있지. 그렇다고 인간이라는 건 아니고, 기계라고나 할까...? 글쎄..."
STG_3_253905826c564fb2a5270da3f6110546,33060789416878080,"잘 들어, 스퀴시. 고기 과학은 대단하다고 내가 말했었지, 하하.<br>흠, 내 자랑은 아니고."
STG_30_e58baca8b4594c5c8b9ee8eb81f7ecb2,33323369637076992,"후후, 이제 말이 좀 통하는군. 이 헌터 탐지기가 있으면<br>바이저 위에 작은 위협 측정기가 보일 거야."
STG_31_e58baca8b4594c5c8b9ee8eb81f7ecb2,33323369641271296,"다이얼이 왼쪽을 가리키고 있다면, 헌터들이 네가 뭘 하는지 전혀 모른다는 뜻이지."
STG_32_e58baca8b4594c5c8b9ee8eb81f7ecb2,33323369641271297,편안하게 앉아서 여유로운 시간을 보내라고.<br>하지만 다이얼이 흔들리고 오른쪽으로 돌기 시작하면...
STG_33_e58baca8b4594c5c8b9ee8eb81f7ecb2,33323369641271298,"...조심하는 게 좋을 거야. 헌터들이 네 특유의 냄새를 맡았다는 거거든.<br>미터기를 잘 살펴보고 너무 오래 머물지 마.<br>그럼 행운을 빌어, 스퀴시."
STG_34_e58baca8b4594c5c8b9ee8eb81f7ecb2,33332958667464704,드디어 한 마리 잡았군! 하하하하하!
STG_36_e58baca8b4594c5c8b9ee8eb81f7ecb2,33334462321254401,유용하고 맛있어... 오! 확실히 칼의 작품이야!
STG_37_e58baca8b4594c5c8b9ee8eb81f7ecb2,33334462321254402,칼 랭거스... 넌 망명 생활을 계속 해야 했어.
STG_38_e58baca8b4594c5c8b9ee8eb81f7ecb2,33334462321254403,헌터들이여! 녀석을 사냥해라!
STG_39_e58baca8b4594c5c8b9ee8eb81f7ecb2,33356874173636608,"오, 이게 바로 망가진 걸 고치는 데 필요한 거로군."
STG_4_253905826c564fb2a5270da3f6110546,33061804547497984,은하계에는 사람이 너무 많았어.<br>모두가 먹을 만큼 충분한 음식이 없었어.
STG_40_e58baca8b4594c5c8b9ee8eb81f7ecb2,33356874182025216,저 덩치 큰 녀석은 우리를 은하계 반대편까지 데려갈 만큼 충분한 연료를 가지고 있는데!
STG_41_e58baca8b4594c5c8b9ee8eb81f7ecb2,33356874182025217,랭거스!
STG_42_e58baca8b4594c5c8b9ee8eb81f7ecb2,33356874182025218,"음흠, 그것도 좋은데."
STG_43_e58baca8b4594c5c8b9ee8eb81f7ecb2,33356874182025219,"아냐, 스퀴시. 우린 여기서 나가야 해!"
STG_44_e58baca8b4594c5c8b9ee8eb81f7ecb2,33356874182025220,"아, 조용히 해!"
STG_45_e58baca8b4594c5c8b9ee8eb81f7ecb2,33356874182025221,"안녕 록시, 가는 거야 뭐야?"
STG_46_e58baca8b4594c5c8b9ee8eb81f7ecb2,33356874182025222,"계속 말 걸었잖아, 칼?"
STG_47_e58baca8b4594c5c8b9ee8eb81f7ecb2,33356874182025223,연료 공급 중이야. 잠시만 기다려.
STG_48_e58baca8b4594c5c8b9ee8eb81f7ecb2,33356874182025224,"널 믿을 수 없단 건 은하계 전체가 다 알아, 칼! 너도 마찬가지야."
STG_49_e58baca8b4594c5c8b9ee8eb81f7ecb2,33356874182025225,연료 주입 완료. 가속 준비.
STG_5_253905826c564fb2a5270da3f6110546,33061804547497985,내가 손을 대고 패러다임을 섞어보기 전까지는 몰랐어!
STG_50_e58baca8b4594c5c8b9ee8eb81f7ecb2,33356874182025226,워프 엔진 작동 중.
STG_51_e58baca8b4594c5c8b9ee8eb81f7ecb2,33360178878341120,"칼 랭거스, 두 번 다시 빠져나갈 수 없을 거다. 반드시 너랑 네 스마트 고기를 막을 거야."
STG_52_e58baca8b4594c5c8b9ee8eb81f7ecb2,33356874182025227,이제 주변 행성의 주민들도 괴물에게 잡아먹히는 것을 두려워하지 않고 살 수 있게 되었지.
STG_54_e58baca8b4594c5c8b9ee8eb81f7ecb2,33356874182025228,"록시, 새로운 고기는 어때?!"
STG_55_3216418ba9ee4b068876b913bb3ccef2,35503730513141760,정말 맛있게 요리해 준 고기 코어 기억해?<br>우린 그걸 이용해 행성에 사는 작은 생물을 유인해 낼 거야.
STG_56_9850ab8dd16e4c88acd86a61b4b87604,35512353628872704,지금까지 잘 해줬어. 하지만 아직 준비가 안 됐어.
STG_57_3216418ba9ee4b068876b913bb3ccef2,35521168852115456,고기 코어의 장점은 연료로 쓸 수 있다는 것만이 아니야.
STG_57_6eb5f1d5deb847879968ff2fe668935b,35521168860504064,마지막 걸 가져다가 정말 맛있게 요리해 볼 거야!
STG_58_275bd943a66748588ee27da032c5f150,35543002125426689,덩치는 분명 그 맛을 좋아할 거야. 내가 보장하지.
STG_58_3216418ba9ee4b068876b913bb3ccef2,35543002125426688,"오, 여기까지 냄새가 나는군. 잘했어, 스퀴시."
STG_59_9850ab8dd16e4c88acd86a61b4b87604,35549441904599040,"좋아, 여기 아래에서는 조금이라도 확률을 올려보자고."
STG_6_253905826c564fb2a5270da3f6110546,33061804547497986,모두가 랭거스 고기를 좋아했지.<br>우리 모두 행복하게 살 수 있었어...
STG_60_9850ab8dd16e4c88acd86a61b4b87604,35549441912987648,"글리지가 반대쪽에서 힘을 쓰지만 않는다면, 큰 매치에서 승리할 기회가 있을지도 모르지."
STG_61_3216418ba9ee4b068876b913bb3ccef2,35602782823112704,"이제 내려갈 시간이야, 스퀴시. 할 일이 너무 많아!"
STG_62_3216418ba9ee4b068876b913bb3ccef2,35605031553064960,"오오, 거대한 고기 코어, 바로 그거야.<br>걱정 마. 곧 다 이해될 거야. 그렇고말고."
STG_63_3216418ba9ee4b068876b913bb3ccef2,35606803042525184,"오, 함선이 저렇게 계속 돌아다니면 아무 데도 갈 수 없을 거야.<br>당장 내려가서 전부 정리하자고."
STG_64_3216418ba9ee4b068876b913bb3ccef2,35607727056084992,"우! 낡아서 망가진 함선은 더 이상 문제가 되지 않을 거야, 스퀴시."
STG_65_3216418ba9ee4b068876b913bb3ccef2,35935343428493312,"자, 스퀴시, 네가 거기 있는 동안 난 처리해야 할 일이 있어."
STG_66_9850ab8dd16e4c88acd86a61b4b87604,35935343436881920,"좋아, 꼬마. 댕거스 산에서 보자. 진짜 훈련을 시작하는 거야."
STG_67_97cd5e01156b401fb6af882b1854b014,37636387732709376,"아래에서 정말 고생했어, 스퀴시. 고마워..."
STG_68_97cd5e01156b401fb6af882b1854b014,37638091802927104,문제가 좀 생겼는데... 네가 아직 공식적으로 팀에 합류하지 않았다는 거야!
STG_69_97cd5e01156b401fb6af882b1854b014,37638091807121408,그러니까 서류 정리를 좀 하고 다시 와. 현장으로 다시 내려가야 하거든!
STG_7_253905826c564fb2a5270da3f6110546,33120374009880576,워워! 잠시만.<br>여기에는 오늘이 네 첫 번째 생일이라는데...
STG_71_e58baca8b4594c5c8b9ee8eb81f7ecb2,37759772638830592,[씹는 소리]
STG_72_a644546f9bb14ed1bab969e3c0e91ae8,37759772638830593,그러니까 난 내가 맛을...
STG_73_782afe4905044999baa6ba80ab59e5c3,37759772638830594,...칼!
STG_74_354fe9732f974003a3c36d9537d17af2,38614139122212864,날 쳤어! 넘어졌다고!
STG_75_354fe9732f974003a3c36d9537d17af2,38614139126407168,"오, 안돼!"
STG_76_e58baca8b4594c5c8b9ee8eb81f7ecb2,38614139126407169,"오, 이런... 저건 고기 성이야."
STG_77_354fe9732f974003a3c36d9537d17af2,38614139126407170,뭔가 이상한 걸! 여기서 나가야 해!
STG_78_354fe9732f974003a3c36d9537d17af2,38614139126407171,"오오, 좋지 않은데."
STG_79_354fe9732f974003a3c36d9537d17af2,38614139126407172,놈들이 우리에게 고기 마법을 쓰고 있어!
STG_8_253905826c564fb2a5270da3f6110546,33128087053918208,누구?! 워! 이봐! 새로운 게 왔으면<br>나한테 말했어야지. 어서!  
STG_80_354fe9732f974003a3c36d9537d17af2,38614139126407173,"놈들이 앞유리 쪽에 있어!<br>록시, 새로 나온 고기 어때?!"
STG_81_354fe9732f974003a3c36d9537d17af2,38614139126407174,"잠깐만, 글래시."
STG_82_354fe9732f974003a3c36d9537d17af2,38614139126407175,"우두둑, 어...<br>지금 당장 여기서 나가자!"
STG_83_67ffa4aa801547e08f42ad692cdaa0a5,43573508251312128,"난리를 치며 돌아다니는 거야, 알겠지?"
STG_83_af11e610266c43dfa34d0537058cd719,43571889296105472,아래로 내려가서 DNA에 집중해야 해.
STG_83_e58baca8b4594c5c8b9ee8eb81f7ecb2,43570063645597696,스마트 고기가 있다고 해서 스마트한 두뇌를 가지고 있다는 의미는 아니야.
STG_84_9850ab8dd16e4c88acd86a61b4b87604,45655991562264576,"솔직히 말할게, 꼬마야. 이 싸움은 전혀 공평하지 않아.<br>너도 알다시피 이 돌연변이 자식들은 글리지 걸프를 이용해 강화되고 있어."
STG_85_9850ab8dd16e4c88acd86a61b4b87604,45655991562264577,"좋아, 챔피언. 이게 바로 네가 훈련해 온 이유야!"
STG_9_253905826c564fb2a5270da3f6110546,33128087058112512,"자, 어쨌든 이제 제대로 된 소개를 하지.<br>안타깝게도 첫날부터 늦었군!"
ABC_Name_1,346366113996800,광선
ABC_Name_2,346366126579712,범위 효과
ABC_Name_3,346366126579713,소환
ABC_Name_4,346366126579714,발사체
ABC_Name_5,346366126579715,버프
ABC_Name_6,346366126579716,이동
ABL_Desc_2,346366126579718,주변의 적들을 공격하는 포탑을 설치합니다.
ABL_Name_2,346366126579717,탄도 포탑
ABL_Desc_3,346366126579720,"길게 누르면 충전이 되고, 앞으로 돌진하여 폭발합니다."
ABL_Name_3,346366126579719,터보 차지
ABL_Desc_7,346366126579722,"<#FFEB04><link=""Keyword:12"">[전기]</link></color> 피해를 입히는 폭탄을 던집니다."
ABL_Name_7,346366126579721,에너지 폭탄
ABL_Desc_8,346366126579724,바라보는 방향으로 빠르게 움직입니다.
ABL_Name_8,346366126579723,돌진
ABL_Desc_9,346366126579726,"친구 리셋에게 도움을 요청합니다! <br>근처 적을 끌어당기고 <#FFEB04><link=""Keyword:5"">[운동]</link></color> 피해를 입힙니다."
ABL_Name_9,346366126579725,프리 허그
ABL_Desc_27,346366126579728,충돌 시 폭발하는 거대한 로켓입니다.
ABL_Name_27,346366126579727,고기 미사일
ABL_Desc_52,346366130774017,지뢰를 일렬로 설치합니다.
ABL_Name_52,346366130774016,지뢰
ABL_Desc_53,346366130774019,"앞으로 순간이동하고 공중 보행을 획득합니다.<br>10초 동안 근접 공격의 <#FFEB04><link=""Keyword:5"">[운동]</link></color> 피해가 50% 증가합니다"
ABL_Name_53,346366130774018,바람걸음
ABL_Desc_56,346366130774021,"<#FFEB04><link=""Keyword:5"">[운동]</link></color> 피해를 입히고 적을 뒤로 밀어내는 충격파를 생성합니다."
ABL_Name_56,346366130774020,충격파
ABL_Desc_63,346366130774023,앞으로 돌진하여 폭발을 일으킵니다.
ABL_Name_63,346366130774022,폭발적인 돌진
ABL_Desc_64,346366130774025,"탭하면 점프하고, 길게 누르면 더 높이 점프합니다.<br>공중에서 낙하하면 거대한 폭발이 일어납니다."
ABL_Name_64,346366130774024,결사의 낙하
ABL_Desc_66,346366130774027,이동 방향으로 빠르게 미끄러지듯 움직입니다.
ABL_Name_66,346366130774026,스퀴시 슬라이드
ABL_Desc_68,346366130774029,적을 유인해 대상 적 모두에게 피해를 입히고 기절시키는 간식을 제공합니다.
ABL_Name_68,346366130774028,슈퍼 고기 곤죽
ABL_Desc_69,346366130774031,"<#FFEB04><link=""Keyword:5"">[운동]</link></color> 피해를 입히는 폭탄을 던집니다."
ABL_Desc_71,28309369228615680,"<#FFEB04><link=""Keyword:13"">[화염]</link></color> 피해를 입히고 적을 뒤로 밀어내는 충격파를 생성합니다."
ABL_Desc_73,346366130774035,"걸프를 때려 슈퍼히어로가 됩니다!<br>공격 속도 +500%, 피해량 5배, 추가 점프 및 속도가 증가합니다!"
ABL_Name_73,346366130774034,글리지 걸프
ABL_Desc_78,346366130774041,"<#FFEB04><link=""Keyword:14"">[점액]</link></color> 피해를 입히는 폭탄을 던집니다."
ABL_Desc_79,28309369232809984,"<#FFEB04><link=""Keyword:14"">[점액]</link></color> 피해를 입히고 적을 뒤로 밀어내는 충격파를 생성합니다."
ABL_Desc_80,28309369232809985,"<#FFEB04><link=""Keyword:12"">[전기]</link></color> 피해를 입히고 적을 뒤로 밀어내는 충격파를 생성합니다."
ABL_Desc_81,346366130774047,앞으로 이동하며 더 빠르게 달립니다. 길게 누르면 더 오래 전력 질주합니다.
ABL_Name_81,346366130774046,전력 질주
ABL_Desc_82,346366130774049,"<#FFEB04><link=""Keyword:15"">[얼음]</link></color> 피해를 입히는 폭탄을 던집니다."
ABL_Desc_86,346366130774057,근처 플레이어에게 재장전 없이 사격 및 공격 속도 +50%를 부여하는 탄약 상자를 배치합니다.
ABL_Name_86,346366130774056,보급 상자
ABL_Desc_87,346366130774059,강력한 레이저 광선을 발사하고 머리를 잃어버립니다!
ABL_Name_87,346366130774058,프랑켄 광선
ABL_Desc_88,346366130774061,머리를 던져 악당을 때려눕히거나 무언가를 망가뜨립니다.
ABL_Name_88,346366130774060,모노리스 폭주
ABL_Desc_89,346366130774063,25미터 이내의 모든 적을 즉시 얼립니다.
ABL_Name_89,346366130774062,급속 냉동
ABL_Desc_90,28309369232809986,이동하는 방향으로 빠르게 돌진합니다.
ABL_Name_90,346366130774064,거미 돌진
ABL_Desc_91,346366130774067,적을 향해 날아간 후 폭발하는 작은 눈알을 발사합니다.
ABL_Name_91,346366130774066,유도 눈알
ABL_Desc_92,346366130774069,폭발하기 전에 적을 유인하는 폭탄을 던집니다.
ABL_Name_92,346366130774068,고블 폭탄
ABL_Desc_95,346366130774071,주변의 적을 공격하는 비행 포탑을 설치합니다.
ABL_Name_95,346366130774070,호버링 포탑
ABL_Desc_96,346366130774073,사악한 돌연변이 하수인을 배치합니다.
ABL_Name_96,346366130774072,마이크로 잭슨
ABL_Desc_97,346366130774075,경로에 있는 모든 것을 파괴하는 광선에 힘을 집중합니다.
ABL_Name_97,346366130774074,연육 광선
ABL_Desc_99,346366130774079,"<#FFEB04><link=""Keyword:13"">[화염]</link></color> 피해를 입히는 폭탄을 던집니다."
ABL_Desc_100,346366130774081,"앞으로 돌진합니다<br>10초 동안 원거리 공격의 <#FFEB04><link=""Keyword:5"">[운동]</link></color> 피해가 20% 증가합니다"
ABL_Name_100,346366130774080,학살의 발걸음
ABL_Desc_101,346366130774083,"15초 동안 <#FFEB04><link=""Keyword:10"">[무한 탄약]</link></color>과 +40% 공격 속도를 획득합니다."
ABL_Name_101,346366130774082,슈퍼차지
ABL_Desc_103,28309369232809987,"<#FFEB04><link=""Keyword:15"">[얼음]</link></color> 피해를 입히고 적을 뒤로 밀어내는 충격파를 생성합니다."
ABL_Desc_108,346366130774095,"달리면서 적에게 <#FFEB04><link=""Keyword:5"">[운동]</link></color> 피해를 입힙니다."
ABL_Name_108,346366130774094,퀘이크 돌진
ABL_Desc_117,346366130774113,"30초 동안 주변의 아군에게 150 <#FFEB04><link=""Keyword:11"">[방벽]</link></color>을 부여합니다.<br><#FFEB04><link=""Keyword:11"">[방벽]</link></color>이 지속되는 동안, 받는 피해를 반사합니다."
ABL_Name_117,346366130774112,뼈 갑옷
ABL_Desc_142,346366130774163,회전하며 주변의 적을 때려눕힙니다. 야호!
ABL_Name_142,346366130774162,더블 래리어트
ABL_Desc_147,346366130774173,앞으로 돌진하며 폭탄을 떨어뜨립니다.
ABL_Name_147,346366130774172,말벌 돌진
ABL_Desc_152,346366130774183,"앞으로 돌진합니다<br>10초 동안 원거리 공격의 <#FFEB04><link=""Keyword:15"">[얼음]</link></color> 피해가 20% 증가합니다"
ABL_Desc_153,346366130774185,"앞으로 돌진합니다<br>10초 동안 원거리 공격의 <#FFEB04><link=""Keyword:14"">[점액]</link></color> 피해가 20% 증가합니다"
ABL_Desc_154,346366130774187,"앞으로 돌진합니다<br>10초 동안 원거리 공격의 <#FFEB04><link=""Keyword:12"">[전기]</link></color> 피해가 20% 증가합니다"
ABL_Desc_155,346366130774189,"앞으로 돌진합니다<br>10초 동안 원거리 공격의 <#FFEB04><link=""Keyword:13"">[화염]</link></color> 피해가 20% 증가합니다"
ABL_Desc_164,346366130774207,폭발하는 거대한 바위를 던집니다.
ABL_Name_164,346366130774206,덕스톤 투척
ABL_Desc_169,346366130774217,공중에 부양해서 지상의 목표물에 강력한 광선을 발사합니다.
ABL_Name_169,346366130774216,호버링 광선
ABL_Desc_174,346366130774227,원뿔 모양의 발사체를 토해냅니다.
ABL_Name_174,346366130774226,말벌 침
ABL_Desc_179,346366130774237,회전하며 사방으로 사격합니다. 멋지게 보이기도 합니다.
ABL_Name_179,346366130774236,팔방 소용돌이
ABL_Desc_184,346366130774247,적에게 고통스러운 자갈을 뿌립니다.
ABL_Name_184,346366130774246,몰맨 침
ABL_Desc_197,346366130774273,지하로 터널을 타고 지상으로 나오며 폭발합니다.
ABL_Name_197,346366130774272,파고들기
ABL_Desc_198,346366130774275,주변의 적을 공격하는 구버를 설치합니다. 이름만 봐도 알 수 있습니다.
ABL_Name_198,346366130774274,구버 발사기
ABL_Desc_199,346366130774277,비유도 미사일을 대량으로 발사합니다.
ABL_Name_199,346366130774276,로켓 난사
ABL_Desc_200,346366130774279,"수리검 5개를 던집니다. 공격할 때마다 다음을 획득합니다.<br>공격 속도 +3%<br><#FFEB04><link=""Keyword:5"">[운동]</link></color> 피해 +10<br><#FFEB04><link=""Keyword:5"">[운동]</link></color> 피해 +3%<br>(최대 5회 중첩)"
ABL_Name_200,346366130774278,닌자 마크
ABL_Desc_201,346366130774281,도약하여 삼단 근접 공격을 가합니다.
ABL_Name_201,346366130774280,돌진 베기
ABL_Desc_218,346366134968329,"앞으로 순간이동하고 공중 보행을 획득합니다.<br>10초 동안 근접 공격의 <#FFEB04><link=""Keyword:12"">[전기]</link></color> 피해가 50% 증가합니다"
ABL_Desc_219,346366134968331,"앞으로 순간이동하고 공중 보행을 획득합니다.<br>10초 동안 근접 공격의 <#FFEB04><link=""Keyword:13"">[화염]</link></color> 피해가 50% 증가합니다"
ABL_Desc_220,346366134968333,"앞으로 순간이동하고 공중 보행을 획득합니다.<br>10초 동안 근접 공격의 <#FFEB04><link=""Keyword:15"">[얼음]</link></color> 피해가 50% 증가합니다"
ABL_Desc_221,346366134968335,"앞으로 순간이동하고 공중 보행을 획득합니다.<br>10초 동안 근접 공격의 <#FFEB04><link=""Keyword:14"">[점액]</link></color> 피해가 50% 증가합니다"
ABL_Desc_222,346366134968337,"수리검 5개를 던집니다. 공격할 때마다 다음을 획득합니다.<br>공격 속도 +3%<br><#FFEB04><link=""Keyword:12"">[전기]</link></color> 피해 +10<br><#FFEB04><link=""Keyword:12"">[전기]</link></color> 피해 +3%<br>(최대 5회 중첩)"
ABL_Desc_223,346366134968339,"수리검 5개를 던집니다. 공격할 때마다 다음을 획득합니다.<br>공격 속도 +3%<br><#FFEB04><link=""Keyword:15"">[얼음]</link></color> 피해 +10<br><#FFEB04><link=""Keyword:15"">[얼음]</link></color> 피해 +3%<br>(최대 5회 중첩)"
ABL_Desc_224,346366134968341,"수리검 5개를 던집니다. 공격할 때마다 다음을 획득합니다.<br>공격 속도 +3%<br><#FFEB04><link=""Keyword:14"">[점액]</link></color> 피해 +10<br><#FFEB04><link=""Keyword:14"">[점액]</link></color> 피해 +3%<br>(최대 5회 중첩)"
ABL_Desc_225,346366134968343,"수리검 5개를 던집니다. 공격할 때마다 다음을 획득합니다.<br>공격 속도 +3%<br><#FFEB04><link=""Keyword:13"">[화염]</link></color> 피해 +10<br><#FFEB04><link=""Keyword:13"">[화염]</link></color> 피해 +3%<br>(최대 5회 중첩)"
ABL_Desc_226,346366134968345,이 선물을 받을 자격이 있는 친구에게 던져보세요.
ABL_Name_226,346366134968344,접이식 의자
ABL_Desc_227,346366134968347,주변을 날아다니며 적을 쏘는 여왕벌을 소환합니다.
ABL_Name_227,346366134968346,거대 베아트리스
ABL_Desc_228,28309369232809988,"주변의 적들이 <#FFEB04><link=""Keyword:5"">[운동]</link></color> 피해에 취약해집니다.<br>영향을 받는 적 하나당 이동 속도가 +3% 증가하고 <#FFEB04><link=""Keyword:5"">[운동]</link></color> 피해가 +5% 증가합니다. (최대 5회 중첩)"
ABL_Name_228,346366134968348,두뇌 흡수
ABL_Desc_229,28309369232809989,"주변의 적들이 <#FFEB04><link=""Keyword:12"">[전기]</link></color> 피해에 취약해집니다.<br>영향을 받는 적 하나당 이동 속도가 +3% 증가하고 <#FFEB04><link=""Keyword:12"">[전기]</link></color> 피해가 +5% 증가합니다. (최대 5회 중첩)"
ABL_Desc_230,28309369232809990,"주변의 적들이 <#FFEB04><link=""Keyword:13"">[화염]</link></color> 피해에 취약해집니다.<br>영향을 받는 적 하나당 이동 속도가 +3% 증가하고 <#FFEB04><link=""Keyword:13"">[화염]</link></color> 피해가 +5% 증가합니다. (최대 5회 중첩)"
ABL_Desc_231,28309369232809991,"주변의 적들이 <#FFEB04><link=""Keyword:15"">[얼음]</link></color> 피해에 취약해집니다.<br>영향을 받는 적 하나당 이동 속도가 +3% 증가하고 <#FFEB04><link=""Keyword:15"">[얼음]</link></color> 피해가 +5% 증가합니다. (최대 5회 중첩)"
ABL_Desc_232,28309369232809992,"주변의 적들이 <#FFEB04><link=""Keyword:14"">[점액]</link></color> 피해에 취약해집니다.<br>영향을 받는 적 하나당 이동 속도가 +3% 증가하고 <#FFEB04><link=""Keyword:14"">[점액]</link></color> 피해가 +5% 증가합니다. (최대 5회 중첩)"
ABL_Desc_237,28309369237004288,앞으로 순간이동하고 공중 보행을 획득합니다<br>지속 시간: 6초
ABL_Name_237,12370411982413824,비행 회로
ABL_Desc_238,42079388445958144,적을 밀어내는 수류탄을 던집니다.
ABL_Name_238,42040861960167424,스퀴시 폭탄
ABL_Desc_240,42079388450152448,주변의 적들을 밀어냅니다.
ABL_Name_240,42064901517074432,스퀴시 폭발
ASCR_Desc_0,41108792622964736,기본
ASCR_Desc_1,41108792631353344,"적들이 원소 <#FFEB04><link=""Keyword:17"">[상태]</link></color>에 저항합니다"
ASCR_Desc_2,41108792631353345,아군 구조물의 체력이 감소합니다
ASCR_Desc_3,41108792631353346,플레이어의 체력이 감소합니다
ASCR_Desc_4,41108792631353347,적들이 더 빨리 움직입니다
ASCR_Desc_5,41108792631353348,치유가 감소합니다
ASCR_Desc_6,41108792631353349,적들이 더 빨리 공격합니다
ASCR_Desc_7,41108792631353350,헌터들이 더 빨리 도착합니다
ASCR_Desc_8,41108792631353351,플레이어가 더 낮은 체력으로 리스폰됩니다.
ASCR_Desc_9,41108792631353352,적들의 체력이 증가합니다
ASCR_Desc_10,41108792631353353,근접 공격 밀어내기가 감소합니다
CND_Desc_1,346366134968366,대상이 더 느리게 이동하고 공격합니다.
CND_Name_1,346366134968365,냉기
CND_Desc_2,346366134968368,주기적으로 근처 적들에게 피해를 입힙니다.
CND_Name_2,346366134968367,감전
CND_Desc_3,346366134968370,대상이 모든 원천으로부터 더 많은 피해를 입습니다.
CND_Name_3,346366134968369,오염
CND_Desc_4,346366134968372,대상이 시간이 지남에 따라 피해를 입습니다.
CND_Name_4,346366134968371,출혈
CND_Desc_5,346366134968374,"대상이 시간이 지남에 따라 <#FFEB04><link=""Keyword:13"">[화염]</link></color> 피해를 입습니다."
CND_Name_5,346366134968373,화상
CND_Desc_6,346366134968376,"대상이 지속적인 <#FFEB04><link=""Keyword:13"">[화염]</link></color> 피해를 입고 이동 속도가 -20% 감소합니다."
CND_Name_6,346366134968375,도깨비불
CND_Desc_8,346366134968378,대상이 행동할 수 없습니다.
CND_Name_8,346366134968377,경직
CND_Desc_9,443347033382912,"대상은 이동하거나 공격할 수 없습니다. 근접 공격이나 <#FFEB04><link=""Keyword:5"">[운동]</link></color> 공격은 추가 피해를 입히고 <#FFEB04><link=""Keyword:4"">[동결]</link></color> 상태를 해제합니다."
CND_Name_9,443347024994304,동결
CND_Desc_10,3584395140374528,외계인 주문에 걸렸습니다. 다리 능력이 잠시 비활성화됩니다.
CND_Name_10,3584395111014400,외계인 주문술
CQ_Desc_2,41848132785397762,"페테리움에는 최악의 해적들이 득실득실하지. 주제가도 없는 그런 부류들이야. 들어가서 네가 할 일을 하고 고기 코어를 뽑아와. 제목의 ""낚시밥""은 네 얘기가 아니야. 아마도."
CQ_Name_2,41866088349163521,물속 친구
CQ_Desc_3,41848132785397764,"서브 제로니에는 서리 문제, 생물 문제, 그리고 사기 저하 문제가 있어. 하지만 엄밀히 말하자면 어떤 것도 네 문제는 아니지. 네 진짜 문제는 고기 코어야. 나머지는 모두 날씨 문제고."
CQ_Name_3,41866088349163522,편히 쉬도록
CQ_Desc_4,41848132785397766,"라바 델 레이는 정말 끝내줘, 스퀴시! 그 열기! 그 빛! 그리고 모든 게 완전히 불안정한 구조! 직원들 대부분은 거기 가지도 않는데 그건 자기들 손해지(그리고 통계적으로 사망 사고와 관련이 있지만). 내 생각에는 직원을 보내기에 아주 적절한 곳이야."
CQ_Name_4,41866088349163523,용암에서 보내는 좋은 시간
CQ_Desc_5,41848132785397768,"빅올드 탱거스는 말 그대로야. 거대하고, 심술궂고, 네 엔진을 멈추게 하려는 온갖 것들로 가득 차 있거든. 더 강력한 엔진을 보여줘. 고기 코어를 챙겨. 그리고 집으로 가는 거야."
CQ_Name_5,41866088349163524,엔진 시동
CQ_Desc_6,41848132785397770,"스퀴시, 멋진 이야기들은 대부분 위험한 산을 오르는 것에서 시작돼. 이것도 그런 이야기 중 하나일지도 몰라. 아니면 그냥 일일 수도 있고. 어쨌든 넌 그 산을 오르고 있는 거야. 고기 코어가 어딘가에 있을 테니까."
CQ_Name_6,41866088349163525,트레이닝 몽타주
CQ_Desc_7,41848132785397772,"""리틀""이라는 이름에 속지 마. 리틀 탱거스는 엄청난 원한을 품고 있거든. 지난 세 번의 구조팀은 무슨 일이 일어났는지 전혀 이해하지 못하고 돌아왔어. 너라면 잘 해낼 거야. 아마도."
CQ_Name_7,41866088349163526,글리지 티지
CQ_Desc_8,41848132785397774,덩치가 행성 몇 개를 먹어 치웠다고 해서 두려워하지 마.
CQ_Name_8,41866088349163527,프랑켄 펠러
CQ_Desc_9,41848132785397776,랭거스는 직원들에게 최고의 정책을 제공하지.
CQ_Name_9,41866088349163528,건강 보험 v1
CQ_Desc_10,43214492713455616,골드 티어 직원 보상 패키지의 일부야.
CQ_Name_10,41866088349163529,건강 보험 v2
CQ_Desc_11,41848132785397779,"처음에 성공하지 못했다면, 다음에는 행운을 빌어줄게!"
CQ_Name_11,41866088349163530,죽는다는 말은 그만 v1
CQ_Desc_12,41848132785397781,"내리찍는 아버지는 강인하지만, 사기도 치지!"
CQ_Name_12,41866088349163531,반지의 제왕
CQ_Desc_14,41848132785397785,"랭거스 고기에 온 것을 환영한다, 꼬마 친구! 자, 너랑 이달의 직원 사이를 가로막는 건 고기뿐이고, 너랑 고기 사이를 가로막는 건 바깥에서 네 얼굴을 물어뜯으려고 하는 모든 놈들이지. 그러니 나가서 고기 코어 하나를 쑥 빼 오라고. 그래야 온 은하를 먹여 살리지! 간단히 말해, 그게 이 일의 전부야!"
CQ_Name_14,41866088349163533,첫 수확
CQ_Desc_15,41848132785397787,"모든 랭거스 신입은 첫 주에 약간의 R&D(네겐 연구 및 파괴(Research & Demolition)라는 뜻이겠지, 꼬마 친구)를 해야 해. 그리고 이 넓은 세계에는 처리해야 할 수많은 폭력... 아니 '연구'할 거리가 널 기다리고 있다고. 네 실력을 보여 줘, 그럼 그 무기를 업그레이드해 줄지 생각해 볼게."
CQ_Name_15,41866088349163534,랭거스 신입 R&D
CQ_Desc_16,41848132785397789,"저 행성엔 단순히 고기 말고도 다른 것이 많아, 꼬마 친구… 광물을 많이 가져와, 그럼 작업장에서 아주 근사한 발굴 도구를 하나 만들어 주지. 물론 역사적 유물을 조심스럽게 회수하기 위한 용도로만 사용해야겠지(그걸 들고 있는 놈들까지 싹 다 처리도 하고)."
CQ_Name_16,41866088349163535,...그리고 내 도끼!
CQ_Desc_17,41848132785397791,"그 고대 미식가가 은하 곳곳에 쓸 만한 고철을 잔뜩 흘려놓고 갔거든! 게다가 랭거스엔 ""먼저 줍는 사람이 임자""라는 훌륭한 방침이 있어. 법무팀이 검토한 횟수는 정확히 0번이긴 하지만. 고대의 기술을 좀 가져와. 그럼 다음 행성에서 더욱 풍성하게 수확할 수 있도록 쓸 만한 걸 만들어 줄게."
CQ_Name_17,41866088349163536,전기. 톱. 정복.
CQ_Desc_18,41848132785397793,지금 모습도 좋아 보이네. 팁을 더 줘도 괜찮겠어.
CQ_Name_18,41866088349163537,재능 인식
CQ_Desc_20,41848132785397797,"스퀴시, 마치 덩치 큰 다람쥐가 겨울 동안 견과류를 모으듯 자원을 모으고 있는 걸 봤어. 좋은데!<br><br>이제 네가 마땅히 되어야 할 슈퍼 스퀴시로 변신할 시간이야."
CQ_Name_20,41866088349163539,고기 과학 실험
CQ_Desc_22,41848132785397801,"여기서 눈에 띄려면 뭐가 필요한지 알아? 좀 더 으음… 화려함…재능이지! <i><b>금빛으로 반짝이는</i></b> 저 적처럼 말이야. 그게 우리가 네게 바라는 모습이지. 적을 쓰러뜨리고, 그 광채를 가져와서, 네 유니폼에 입혀보자고."
CQ_Name_22,41866088349163541,빛나는 것
CQ_Desc_24,41848132785397805,화난 돌연변이들로부터 교훈을 얻을 수 있을 거야.
CQ_Name_24,41866088349163543,돌연변이 아수라장 v1
CQ_Desc_25,41848132785397807,"후, 그 돌연변이 놈들은 정말 만만치 않은 놈들이지."
CQ_Name_25,41866088349163544,돌연변이 아수라장 v2
CQ_Desc_26,41848132785397809,때로는 한번 더 기회가 필요할 때가 있어.
CQ_Name_26,41866088349163545,추가로 살아가는 삶
CQ_Desc_27,41848132785397811,프랑켄 놈들은 몸을 튼튼하게 만드는 특별한 맛이 있단 말이지.
CQ_Name_27,41866088349163546,프랑켄 펑크 v1
CQ_Desc_28,41848132785397813,최고의 요리법은 프랑켄 풍미에 정말 잘 어울려.
CQ_Name_28,41866088349163547,프랑켄 펑크 v2
CQ_Desc_36,42875506259910656,"내 멋진 친구 마이크가 이 구역 최고의 환전 카운터를 운영하고 있어. 공정한 환율, 공정한 미소, 공정한 손가락 수... 우리가 마이크를 설득해서 배에 상점을 차리게 하면 좋을 것 같아. 하지만 마이크는 사업가거든. 그러니까 너에게서 돈깨나 벌 수 있다는 걸 보여 줘, 그럼 금방 마음을 돌릴 거야."
CQ_Name_36,42875506234744832,가치 창출
CQ_Desc_37,43895583612592128,때로는 두 번의 기회가 더 필요할 때가 있어.
CQ_Name_37,43895583587426304,추가로 살아가는 두 번째 삶
CQ_Desc_38,43951722278674432,"처음에 성공하지 못했다면, 다음에는 잘 피해야 할 거야!"
CQ_Name_38,43942200277458944,죽는다는 말은 그만 v2
CQ_Desc_39,43951722278674433,"처음에 성공하지 못했다면, 털고 일어나 다시 시도해 봐!"
CQ_Name_39,43942200277458945,죽는다는 말은 그만 v3
CQ_Desc_41,44003070172979200,"스퀴시, 네 눈빛을 보니... 등급 시스템이 있다는 걸 이제야 알았구나. 잘했어! 계속 올라가! 작은 보상이 하나 있는데, 말 그대로 아주 작은 보상이야."
CQ_Name_41,44003070001012736,오늘의 직원
CQ_Desc_42,44007851671150593,"휴게실 벽에 네 사진을 인쇄해서 붙여놨어. 썩 좋은 사진은 아니어도 네 열정이 잘 드러나는 사진이었지. 사진이 어떻게 됐는지는 기억이 안 나지만, 계속 승진해! 보너스가 어딘가에 있을 텐데, 넌 받을 자격이 충분해."
CQ_Name_42,44007851671150592,금주의 직원
CQ_Desc_43,44007851671150595,"여기 직원들이 많이 그만뒀어. 등급 30이면 충분히 좋은 위치라 생각한 모양이야. 놈들은 이제 샌드위치 신세가 됐지... 벌칙은 아니고, 그냥 다른 부서로 보내진 거야. 스퀴시, 넌 샌드위치보다는 훨씬 낫잖아. 아마도."
CQ_Name_43,44007851671150594,이달의 직원
CQ_Desc_44,44007851671150597,"내가 널 좋아하는 이유가 뭔지 알아? 바로 포기하지 않고 계속 나아간다는 점이지. 어떤 직원들은 등급 30쯤 되면 대충 일하는데, 너는 그렇지 않거든. 정말 특별하지. 자, 이제 다시 일하러 가라고."
CQ_Name_44,44007851671150596,올해의 직원
CQ_Desc_45,44007851671150599,"달력으로 치면 10년도 안 되는 기간을 근무했지만, 감정적으로 따지면 수십 년, 정말 깊고 의미 있는 시간이었어. 보너스는 진짜야."
CQ_Name_45,44007851671150598,십년의 직원
CQ_Desc_46,44007851671150601,"'세기의 직원' 상은 과거에는 사후에 수여되었지만, 이제 새로운 방식을 시도하고 있어. 스퀴시, 네가 역사를 만들고 있는 거야. 그리고 더 중요한 건, 네가 돈도 벌고 있다는 거지."
CQ_Name_46,44007851671150600,세기의 직원
CQ_Desc_47,44007851671150603,나는 <b><i>단 한 번도</i></b> '천년의 직원' 상을 수여한 적이 없어. 네가 최초가 될 거야. 한번 생각해 봐. 난 진심이야. 승진하는 동안 계속 생각해 봐.
CQ_Name_47,44007851671150602,천년의 직원
CQ_Desc_48,44007851671150605,"이제는 나도 그 뜻을 찾아봐야 할 정도라니까. 지질학적으로 말하자면 시대는 아주 긴 시간을 의미하지. 직원 표창의 관점에서 보면, 정말 대단하다는 뜻이야."
CQ_Name_48,44007851671150604,시대의 직원
CQ_Desc_49,44007851671150607,"스퀴시, 내 친구. 이제 시간 단위도 거의 다 떨어졌어. 영겁은 10억 년이지. 어떤 회사도 10억 년이나 운영된 곳은 없어. 우리는 인사 관리의 한계를 시험하고 있고, 난 그걸 존중하고 있지."
CQ_Name_49,44007851671150606,영겁의 직원
CQ_Desc_50,44007851671150609,"해냈잖아. 트로피 하나 만들었는데, 고기 패티처럼 생겼어. 네 이름을 적어야 하는데 이름을 모르니까 ""스퀴시""라고 적었어. 이름이 스퀴시 맞지? 축하해. 진심이야."
CQ_Name_50,44007851671150608,역대 최고의 직원
CQ_Desc_51,49303764673224704,"스퀴시, 수생 생물 메뉴가 부진해서 표본이 필요해. 낚싯대를 가져가서 물 균열을 찾은 다음 잡은 물고기를 전부 가져와. 물고기로 뭘 할 건지는 묻지 말고."
CQ_Name_51,49303764669030400,전부 사로잡아
CQ_Desc_52,50434728753356800,"""점액 균열""이라는 이름이 식욕에 도움이 안 된다는 건 알아. ""가공육 제품""도 마찬가지지만, 그게 바로 우리의 베스트셀러지. 과정을 믿어, 스퀴시. 어서 가서 낚시나 해."
CQ_Name_52,50434728719802368,더 많이 붙잡는 거야
CQ_Desc_53,50441586511699969,"랭거스 코퍼레이션의 광물 채굴 부서 전체가 바로 너야. 예산도 없고, 장비도 없고, 지원 인력도 없지. 나가서 찾을 수 있는 모든 종류의 광물을 캐내도록 해. 그건 문제가 아니라 기회야."
CQ_Name_53,50441586511699968,광물 사냥개
CQ_Desc_54,50441586511699971,"랭거스 코퍼레이션은 혁신을 사랑하지. 다른 사람들이 이미 혁신한 것을 찾아내고, 그것을 합법적으로(대부분의 경우) 인수하는 것도 좋아해. 찾을 수 있는 모든 종류의 고대 기술을 수집하기도 하지. ""경쟁사 조사""라고 불러."
CQ_Name_54,50441586511699970,기술 수집가
CQ_Name_55,51528551927635968,프랑켄 펠러 v2 (일반)
CQ_Name_56,51548701930283008,프랑켄 펠러 v3 (어려움)
CQ_Name_57,51548701934477313,프랑켄 펠러 v4 (악몽)
CQ_Name_58,51548701934477315,반지의 제왕 v2 (일반)
CQ_Name_59,51558077172801537,반지의 제왕 v3 (어려움)
CQ_Name_60,51558077172801538,반지의 제왕 v4 (악몽)
CQ_Desc_61,51597951024226304,"그건 뭐야, 스퀴시? 미지의 세계로 뛰어들어 저 밖에 뭐가 있는지 알아보고 싶다고? 좋은 계획인 것 같은데!"
CQ_Name_61,51597950990671872,이계의 힘 v1
CQ_Desc_62,55501898636431360,"이것 봐, 해냈어! 다시 한번 해 볼래?"
CQ_Name_62,51597951024226305,이계의 힘 v2 (일반)
CQ_Desc_63,55501898653208576,"이런, 이런, 정말 잘하잖아!"
CQ_Name_63,51597951024226306,이계의 힘 v3 (어려움)
CQ_Desc_64,55501898653208577,"음, 지금 내 기분이 어떤지 설명을 못 하겠군. 이게 자랑스럽다는 건가? 잘했어, 스퀴시."
CQ_Name_64,51597951024226307,이계의 힘 v4 (악몽)
CQ_Desc_65,53001828336394240,보통맛 난이도로 게임을 클리어하면 더 큰 도전과 더 많은 보상이 잠금 해제돼.<br><br>보상:<br><b>은하계 지도에서 매운맛 난이도 잠금 해제<br>칼 코인 5개</b>
CQ_Name_65,53001828328005632,강해지는 압박
CQ_Desc_66,53001828336394242,매운맛 난이도로 행성계를 클리어하면 더 큰 도전과 더 많은 보상이 잠금 해제돼.
CQ_Name_66,53001828336394241,도전에 맞서라
CQ_Desc_67,53001828336394244,아주매운맛 난이도로 행성계를 클리어하면 짜릿한 악몽 난이도가 잠금 해제돼.
CQ_Name_67,53001828336394243,악몽을 해제해라
CQ_Desc_68,53001828336394246,악몽이 끝이 아니야...
CQ_Name_68,53001828336394245,이건 정말 잔인한데
CQ_Desc_69,53040012592144384,유탄 발사기는 엄밀히 말하면 근접전용으로는 적합하지 않아. 하지만 그런 상황에서도 250개의 주요 명령을 완료했다고? 그건 분명 뭔가 특별한 비법을 터득한 사람이겠지.
CQ_Name_69,53040012566978560,마스터 블래스터: 유탄 발사기
CQ_Desc_70,53046729770000384,"매그넘이 모습을 드러냈어. ""나는 여기 있고, 진심이다."" 250개의 주요 명령. 직접 말하게 두자고."
CQ_Name_70,53046729765806080,마스터 블래스터: 매그넘
CQ_Desc_71,53046729770000386,"훌륭한 직원은 자신의 도구를 잘 알고, 최고의 직원은 도구를 완벽하게 다룰 줄 알지. 스퀴시, 권총의 진짜 성능을 보여줘. 내가 지켜볼게."
CQ_Name_71,53046729770000385,마스터 블래스터: 권총
CQ_Desc_72,53046729770000388,"플라즈마 캐스터는 내가 현장 생활을 하던 시절에 가장 선호하던 무기였지. 우아하고 효율적이며, 근거리에서는 엄청난 위력을 자랑하거든. 250개의 주요 명령. 자, 이제 네 실력 좀 볼까."
CQ_Name_72,53046729770000387,마스터 블래스터: 플라즈마 캐스터
CQ_Desc_73,53046729770000390,"레일건은 인내심, 정확성, 그리고 부수적인 피해에 대한 완전한 무관심을 요구하지."
CQ_Name_73,53046729770000389,마스터 블래스터: 레일건
CQ_Desc_74,53046729770000392,소총은 신뢰할 수 있는 무기야. 화려하진 않지만 언제나 그 자리에 있거든. 어떤 직원들은 소총의 존재를 간과해. 그런 직원들은 틀렸어. 250개의 주요 명령이 있잖아. 최소한 존중은 보여줘야지.
CQ_Name_74,53046729770000391,마스터 블래스터: 소총
CQ_Desc_75,53046729770000394,내 직원 중에는 로켓 발사기를 요구하는 특정 유형이 있어. 그 직원들의 공통점이 뭔지 알아? 바로 결과야.
CQ_Name_75,53046729770000393,마스터 블래스터: 로켓 발사기
CQ_Desc_76,53046729770000396,"산탄총은 철학이야, 스퀴시. 방대함. 헌신. 어떤 질문에도 답을 제시하지. 250개의 주요 명령이야, 스퀴시. 열정을 기대할게."
CQ_Name_76,53046729770000395,마스터 블래스터: 산탄총
CQ_Desc_77,53046729770000398,"기관단총은 ""할 말이 많은데 빠르게 말하겠어""라고 말하는 것과 마찬가지지. 난 그런 에너지를 존중해. 자, 이제 네가 주요 명령을 얼마나 빠르게 처리할 수 있는지 볼까."
CQ_Name_77,53046729770000397,마스터 블래스터: 기관단총
CQ_Desc_79,54162277236989952,"랭거스는 다재다능한 직원을 선호해, 꼬마 친구. 그리고 이 부서에서 '다재다능'하다는 건 화기에 능통하다는 뜻이지. 무기를 종류별로 하나씩 마련하고 각각 실사격 시간을 두둑이 쌓아 두라고. 다음 분기 평가 전까지 사격장 벽에 네 이름이 떡하니 올려져 있으면 좋겠군."
CQ_Name_79,54162277232795648,무기 전문가
CQ_Desc_80,54162277236989954,"스퀴시, 너의 교체 횟수를 확인하고 있는데, 이게 예술인지 아니면 정신적인 문제인지 모르겠지만, 넌 정말 특별한 재능을 가졌어. 계속해. 얼마나 높이 올라갈 수 있는지 한번 보자고. 과학적인 이유도 있고, 인사팀에 밝힐 수 없는 이유도 있어."
CQ_Name_80,54162277236989953,LEET 고기
CQ_Desc_81,55545539754713088,"중간 정도가 현명한 순서야, 스퀴시. 긴장 늦추지 않을 만큼은 맵지만, 은하한테 산 채로 잡아먹힐 만큼은 아니지. 그것도 어엿한 플레이 방식이야. 랭거스 사는 일과 삶의 균형을 지지하거든. 대체로 말이야."
CQ_Name_81,55545539725352960,이계 여행 (보통맛)
CQ_Desc_82,55545539754713090,"매운맛. 회사 권장 사양보다 한 단계 위지 — 쉬운 판이 더는 밤잠을 설치게 안 할 때쯤 말이야. 너무 순하지도, 너무 험하지도 않고, 딱 책임 면제 조항이 보장하는 만큼만 위험해. 어서 한 판 뛰고 와."
CQ_Name_82,55545539754713089,이계 여행 (매운맛)
CQ_Desc_83,55545539754713092,"아주매운맛. 나도 현장 뛰던 시절에 아주매운맛을 해봤는데, 전혀 안 즐거웠어. 그래도 엄청나게 존중하지. 여기서 살아 돌아오면, 네 앞날에 대해 진지하게 얘기 좀 하자고."
CQ_Name_83,55545539754713091,이계 여행 (아주매운맛)
CQ_Desc_84,55545539754713094,"솔직히 말하자면, 나는 직원들을 악몽 난이도에 몰아넣지 않아. 그런 상황은 본인이 자발적으로 만들어야 하는 거지. 다만 이번 일에 있어서는 내가 복잡한 심경이었다는 점을 기록으로 남겨두고 싶은데."
CQ_Name_84,55545539754713093,이계 여행 (악몽)
CQ_Desc_85,55558274366300160,플래티넘 티어 직원 보상 패키지의 일부야.
CQ_Name_85,55558274362105856,건강 보험 v3
CQ_Desc_86,55558274366300162,다이아몬드 티어 직원 보상 패키지의 일부야.
CQ_Name_86,55558274366300161,건강 보험 v4
CRN_Desc_4,346366134968427,칼이 직접 수여하는 상입니다. 얼마나 승진했는지에 관계없이 모든 승진을 기념합니다.
CRN_Name_4,346366134968426,칼 코인
CRN_Desc_7,346366139162625,"""글리지""가 핫도그의 다른 이름이라는 것을 모두가 아는 건 아니지만, 이 사실을 알고 나면 이 동전을 발행할 때 내린 결정이 훨씬 더 잘 이해될 것입니다."
CRN_Name_7,346366139162624,글리지
CRN_Desc_26,346366139162627,오늘날까지도 격렬한 논쟁이 벌어지고 있는 구시대적인 시스템이지만 작업 인센티브 점수는 여전히 남아 있습니다.
CRN_Name_26,346366139162626,작업 인센티브 점수
CRN_Desc_28,346366139162629,"갑작스러운 손님 맞이에 정말 유용하겠네! 고마워, 프랭크."
CRN_Name_28,346366139162628,프랑켄 샘플
CRN_Desc_29,346366139162631,끈적한 액체 속에 훈제 소시지처럼 보이는 것이 불안하게 매달려 있는 장신구라니. 이것이 프랑켄 고기의 원시적인 형태일까?
CRN_Name_29,346366139162630,프랑켄 장신구
CRN_Desc_30,346366139162633,내리찍는 아버지의 무의식적인 손아귀에서 기쁨에 차서 뺏어버렸지!
CRN_Name_30,346366139162632,돌연변이 샘플
CRN_Desc_31,346366139162635,"돌연변이 물질 덩어리가 가끔씩 추가로 눈을 드러내어 주변을 둘러본 다음, 기괴하게도 다시 쑥 들어갑니다. 으윽."
CRN_Name_31,346366139162634,돌연변이 장신구
CRN_Desc_32,346366139162637,"니블렛은 작지만, 뭔가 증명이라도 하려는 듯 강하게 물어뜯습니다!"
CRN_Name_32,346366139162636,니블렛
CRN_Desc_33,346366139162639,"이런 장면을 목격하면 ""블루퍼 릴""이라는 말이 완전히 새로운 의미를 갖게 됩니다!"
CRN_Name_33,346366139162638,블루퍼
CRN_Desc_34,346366139162641,은하계의 진미입니다.
CRN_Name_34,346366139162640,크릴바사
CRN_Desc_35,346366139162643,일반 문어보다 모든 면에서 훨씬 뛰어납니다. 촉수가 여덟 개일 뿐만 아니라 두 가지 언어를 구사하기도 합니다.
CRN_Name_35,346366139162642,오코푸스
CRN_Desc_36,346366139162645,아가미에 금이 들어있습니다!
CRN_Name_36,346366139162644,골드피쉬
CRN_Name_37,346366139162646,블롭피쉬
CRN_Name_38,346366139162648,글리지 걸퍼
CRN_Name_39,346366139162650,스노키
CRN_Name_40,346366139162652,스퀴드 프로쿠오
CRN_Name_41,346366139162654,에르마게르다
CRN_Desc_42,346366139162657,2티어 광물입니다. 고대 기억의 조각들을 간직하고 있다고 전해지는 반짝이는 녹색 보석입니다. 손에 쥐면 과거의 메아리를 엿볼 수 있습니다.
CRN_Name_42,346366139162656,메메랄드
CRN_Desc_43,346366139162659,1티어 광물입니다. 다른 광석들에 비해 훨씬 쉽게 구할 수 있으면서도 제 역할을 톡톡히 해냅니다. 왜 다들 얻기 힘든 것에만 집착하는 걸까요? 이렇게 좋은 게 바로 눈앞에 있는데 말이죠.
CRN_Name_43,346366139162658,옵타니움
CRN_Desc_44,346366139162661,"1티어 고대 기술입니다. 아주 오래전 심우주 탐험가들은 이 장치를 사용하여 호흡 가능한 액체에 머리를 담갔습니다. 지금은 많이 낡았지만, 부품으로는 여전히 가치가 있습니다."
CRN_Name_44,346366139162660,가스트로 기즈모
CRN_Desc_45,346366139162663,"2티어 고대 기술입니다. 고대 미식가들은 이온을 반전시킬 수 있는지 여부에 너무 몰두한 나머지, 그렇게 해야 하는 이유에 대해서는 생각조차 하지 않았습니다."
CRN_Name_45,346366139162662,이온 인버터
CRN_Desc_46,346366139162665,랭거스 노력 점수를 모아 랭거스 직원 등급을 높이세요!
CRN_Name_46,346366139162664,랭거스 노력 점수
CRN_Desc_48,18598135273086976,3티어 광물입니다. 고대 에너지로 가득 찬 고밀도 금속 광석입니다. 파괴적인 힘과 비할 데 없는 안정성을 무기에 부여하는 능력으로 높은 평가를 받습니다.
CRN_Name_48,18598135189200896,촌코레
CRN_Desc_49,18598135273086978,"4티어 광물입니다. 당신이 옳을 때마다 희미하게 진동하는 붉은 수정입니다. 언제나 그런 것은 아니지만, 당신이 옳다고 판단될 때는 안심이 됩니다."
CRN_Name_49,18598135273086977,에마라이트
CRN_Desc_50,18598135273086980,5티어 광물입니다. 극도로 습한 곳에서만 발견되기 때문에 찾기가 정말 어렵습니다.
CRN_Name_50,18598135273086979,단코나이트
CRN_Desc_51,18605565046415360,"3티어 고대 기술입니다. 놀라운 기술이지만, 설치 담당자들이 작동 방식을 설명할 때 다소 혼란스러워하는 경우가 있습니다."
CRN_Name_51,18605565012860928,U자 도관
CRN_Desc_52,18605565046415362,"4티어 고대 기술입니다. 이전 세대의 기술보다 코더 하나가 줄어든, 현저히 향상된 기술입니다."
CRN_Name_52,18605565046415361,쿼드코더
CRN_Desc_53,18605565046415364,"5티어 고대 기술입니다. 경고: 열기 전에 축전기 구동 장치를 분리하고, 빛을 차단하세요.<br><br>전력 용량: 1.21기가와트"
CRN_Name_53,18605565046415363,플럭스 축전기
CRN_Name_54,20415833925738496,피시즐
CRN_Name_55,20415833959292928,제노핀
CRN_Name_56,20415833959292929,콰사르디나
CRN_Name_57,20415833959292930,울퉁불퉁 우주물고기
CRN_Name_58,20415833959292931,우주적 존재
CRN_Name_59,20423966916075520,메가바이트
CRN_Name_60,20424460623405056,잉크립터
CRN_Name_61,20425260586229760,메카핀
CRN_Name_62,20425689906798592,로보푸스
CRN_Name_63,20426157865295872,사이버 새우
CRN_Name_64,20426872612446208,피퍼즈
CRN_Name_65,20428393416744960,모르셀핀
CRN_Name_66,20428890424991744,스월피쉬
CRN_Name_67,20429332890509312,클로브스터
CRN_Name_68,20429703453073408,거대 촌커
CRN_Desc_69,34136911030247424,저라면 절대 저건 만지지 않을 겁니다...
CRN_Name_69,34136910996692992,외계인 샘플
CRN_Desc_70,34146163425796096,"아주 작은 외계 생명체 격리 장치 안에 살아있는 무언가가 갇혀 있지만, 적대적인 존재이니 죄책감을 느낄 필요는 없습니다."
CRN_Name_70,34136911030247425,외계인 장신구
CRT_Name_6,346366134968379,아이클롭스
CRT_Name_8,346366134968380,버즐
CRT_Name_11,346366134968381,스쿼트 대디
CRT_Name_12,346366134968382,로켓봇
CRT_Name_13,346366134968383,크리퍼
CRT_Name_22,346366134968384,루거
CRT_Name_26,346366134968385,그라인더
CRT_Name_28,346366134968386,개구리
CRT_Name_31,346366134968387,니블러
CRT_Name_34,346366134968388,촘퍼
CRT_Name_37,346366134968389,피퍼로니
CRT_Name_38,346366134968390,휠리
CRT_Name_39,346366134968391,그릴 유령
CRT_Name_40,346366134968392,그리스 몽키
CRT_Name_41,346366134968393,브로드사이드
CRT_Name_42,346366134968394,고블 게이저
CRT_Name_43,346366134968395,햄 독수리
CRT_Name_44,346366134968396,프랑켄 빈즈
CRT_Name_45,346366134968397,버그재퍼
CRT_Name_46,346366134968398,타워
CRT_Name_47,346366134968399,보이드
CRT_Name_48,346366134968400,민빈
CRT_Name_50,346366134968401,블록헤드
CRT_Name_51,346366134968402,널
CRT_Name_52,346366134968403,표적 더미
CRT_Name_53,346366134968404,거너로이드
CRT_Name_54,346366134968405,조르프젯
CRT_Name_55,346366134968406,랭글러
CRT_Name_56,346366134968407,페스티
CRT_Name_57,346366134968408,덕스톤
CRT_Name_59,346366134968409,더트백
CRT_Name_60,346366134968410,보조 풍선
CRT_Name_61,346366134968411,우주 양동이
CRT_Name_62,346366134968412,탱거스 레이서
CRT_Name_63,346366134968413,리셋
CRT_Name_65,346366134968415,마이크로 잭슨
CRT_Name_66,346366134968416,디럭스 피퍼로니
CRT_Name_67,346366134968417,위 베아트리스
CRT_Name_68,346366134968418,하이빔
CRT_Name_69,346366134968419,레프리
CRT_Name_70,346366134968420,포크 배럴 피트
CRT_Name_71,346366134968421,하원의원
CRT_Name_72,346366134968422,크러다디 판사
CRT_Name_73,346366134968423,헤어 포스 원
CRT_Name_75,346366134968425,버스터
CRT_Name_76,7411303278637056,덕스톤 요원
CRT_Name_77,10573095608770560,베아트리스
CRT_Name_78,15325185188855808,미사용
CRT_Name_79,51047531965874176,클로버봇
CT_Name_1,42477876783542272,창립자 에디션
CT_Name_2,42477876800319488,고기 테스터
CT_Name_3,42477876800319489,정크
CT_Name_4,42477876800319490,전설
CT_Name_5,42477876800319491,브레인랏 에디션
CTC_Name_1,346366139162668,화폐
CTC_Name_2,346366139162669,물고기
DF_Desc_0,29025126547709952,"<b>최대 적 티어: 1</b><br><br>도전 레벨:<br><b><color=#FFC700>감소 (-40%)</color></b><br><br><b><color=#00D6D2>약화된 적</color></b>이 강한 적을 대신해 스폰합니다<br><br>이벤트 구조물, 보스, 헌터의 <b><color=#00D6D2>체력이 감소합니다</color></b><br><br>적 체력 감소 <b><color=#FFC700>(-25%)</color></b><br><br><b>낮은 티어 자원</b>"
DF_Name_0,29025126539321344,보통맛
DF_Desc_1,29025126547709954,<b>최대 적 티어: 2</b><br><br>도전 레벨:<br><b><color=#FFC700>기준치</color></b><br><br>글리지 및 REP 획득량 +40%<br><br>자원 최대 <b>티어 3</b>
DF_Name_1,29025126547709953,매운맛
DF_Desc_2,29025126547709956,"<b>최대 적 티어: 3</b><br><br>도전 레벨:<br><b><color=#FFC700>증가 (+40%)</color></b><br><br><b><color=#00D6D2>강해진 적</color></b>이 약한 적을 대신해 스폰합니다<br><br>이벤트 구조물, 보스, 헌터의 <b><color=#00D6D2>체력이 증가합니다</color></b><br><br>글리지 및 랭거스 노력 점수 획득 +60%<br>자원 최대 <b>티어 4</b>"
DF_Name_2,29025126547709955,아주매운맛
DF_Desc_3,29025126547709958,"<b>최대 적 티어: 3</b><br><br>도전 레벨:<br><b><color=#FFC700>증가 (+100%)</color></b><br><br>이벤트 구조물, 보스, 헌터의 <b><color=#00D6D2>체력이 크게 증가합니다</color></b><br><br>글리지 및 랭거스 노력 점수 획득 +100%<br><br>자원 최대 <b>티어 5</b>"
DF_Name_3,29025126547709957,악몽
FAC_Name_1,346366139162670,기계
FAC_Name_2,346366139162671,수생
FAC_Name_3,346366139162672,돌연변이
FAC_Name_4,346366139162673,프랑켄
FAC_Name_5,346366139162674,옴니
FAC_Name_6,346366139162675,곤충
FAC_Name_7,346366139162676,외계인
FAC_Name_8,346366139162677,랭거스
FAC_Name_9,346366139162678,헌터
FAC_Name_10,346366139162679,일반 적
FL_Desc_1,5468794653761536,"""부관""은 고전 라틴어 deputare에서 유래했으며, 이 단어에는 ‘잘라내다’ 또는 ‘가지치기하다’라는 의미도 있습니다."
FL_Name_1,5102145643732992,부관 재능
FL_Desc_2,5468794666344448,"톡 쏘는 느낌이 들 겁니다. 칼이 안전하다고 장담해 주는군요. 아, 이제 심장이 쿵쾅거리네요."
FL_Name_2,5102145656315907,능력 재능
FL_Desc_3,5468794666344449,"칼은 산성 괴물이 사는 행성에서 이걸 발견했다고 말하지만, 사실은 오래된 병뚜껑인 것 같습니다."
FL_Name_3,5471888108150784,지질학 재능
FL_Desc_4,5468794666344450,칼 랭거스가 최초의 행성 고기 코어를 발견했을 때 입었던 옷입니다. 아직도 그 냄새가 남아 있습니다.
FL_Name_4,5471888112345091,고고학 재능
FL_Desc_5,5468794666344451,칼의 오래된 미끼 중 하나가 큰 상어에 의해 납작하게 짓눌렸습니다.
FL_Name_5,5471888112345095,낚시 재능
FL_Desc_6,5468794666344452,"뒷면의 라벨에는 ""의상으로만 사용""이라고 적혀 있습니다."
FL_Name_6,5471888112345099,보안관 재능
FL_Desc_7,5925295680843776,"아, 신선한 고기!"
FL_Name_7,5925295655677952,도살자 재능
FL_Desc_8,5925295680843781,이 재능은 정말 메탈이죠!
FL_Name_8,5925295680843780,살해자 재능
FL_Desc_9,9851941319335936,멋진 남자들은 폭발 장면을 보지 않습니다. 그냥 터트리고 돌아섭니다.
FL_Name_9,9851941273198592,철거 재능
FL_Desc_10,10231597352607744,없는 고기 부위 하나마다 피해량이 증가합니다. 당신을 우주에서 가장 위험하고 똑똑한 고기로 만들어 줄 것입니다.
FL_Name_10,10231597310664704,미트볼 재능
FL_Desc_11,40359174738010112,"직접 적중한 상대에게 훨씬 더 큰 피해를 입히지만, 쾅쾅 반경이 감소합니다. 전형적인 균형 잡기죠."
FL_Name_11,40359174591209472,공허한 돌진 재능
FL_Desc_12,40990661481062400,물속의 상어보다 빠를 필요는 없지만 친구들보다 빠르면 된다는 사실만 명심하세요!
FL_Name_12,40990661455896576,수영 선수 재능
FL_Desc_13,40990661481062402,"행성의 고기 코어에 도달하려면 하수인이 몇 명이나 필요할까요? 아, 하나? 아, 둘? 아, 셋?"
FL_Name_13,40990661481062401,하수인 마스터 재능
FL_Desc_14,40990661481062404,버거를 뒤집는 데 들인 시간 모두 이 순간을 위한 훈련이었습니다. 이제 그 모든 시간이 의미가 있습니다.
FL_Name_14,40990661481062403,버거 뒤집개 재능
FL_Desc_15,46870603473346560,체력이 고갈되면 죽게 되므로 꽤 좋은 선택이네요!
FL_Name_15,46870603385266176,건강 재능
FL_Desc_16,46883763408330753,당신이 물리쳐야 할 적들로부터 고기를 보호하세요!
FL_Name_16,46883763408330752,고기 보호막 재능
FL_Desc_17,46883763408330755,고기 부위를 새로운 차원으로 끌어올리세요!
FL_Name_17,46883763408330754,고기 능력 재능
FL_Desc_18,46885823956639745,"플라즈마 건, 로켓 발사기, 유탄 발사기를 좋아하신다면, 이 제품을 꼭 확인해 보세요!"
FL_Name_18,46885823956639744,발사체 재능
FL_Desc_19,48008300480946176,근거리에서 총을 쏘는 것을 좋아하는 사람들을 위한 재능입니다!
FL_Name_19,48008300439003136,백병전 재능
FL_Desc_20,48008300480946178,원거리에서 총을 쏘는 것을 좋아하는 사람들을 위한 재능입니다!
FL_Name_20,48008300480946177,원거리 재능
FL_Desc_21,48280725869289472,적들은 이제 진정으로 짜릿한 경험을 하게 될 것입니다. 저항은 무의미합니다.
FL_Name_21,48280725852512256,번개 재능
FL_Desc_22,48280725869289474,어떤 똑똑한 사람들은 세상이 불타는 것을 보고 싶어 할 뿐이죠... 당신은 어떤가요?
FL_Name_22,48280725869289473,방화 재능
FL_Desc_23,48280725869289476,얼음인간이 온다!
FL_Name_23,48280725869289475,동상 재능
FL_Desc_24,48280725869289478,이렇게 하면 엄청난 운동 에너지를 얻게 되어 기본적으로 끊임없이 교통 위반을 하게 됩니다.
FL_Name_24,48280725869289477,운동 재능
FL_Desc_25,48280725869289480,"점액 타임이야, 베이비! 끈적끈적해지자!"
FL_Name_25,48280725869289479,스플래터 재능
FL_Desc_26,49039579058003968,내 위치 주변에 생성되는 적 정찰병의 수가 감소합니다!
FL_Name_26,49034010737762304,비밀 작전 재능
GN_Name_1,346366139162680,물 균열
GN_Name_3,346366139162681,고대 미식가
GN_Name_4,346366139162682,옵타니움 노드
GN_Name_6,21379069772816386,점액 균열
GN_Name_8,21379069772816388,메메랄드 노드
GN_Name_12,37815043876708352,촌코레 노드
GN_Name_13,37815043897679872,에마라이트 노드
GN_Name_14,37815043897679873,단코나이트 노드
GN_Interact_1,21379069768622080,릴을 감아 넣어라!
GN_Interact_10,45348014892507137,쿼드코더 추출
GN_Interact_11,45348014896701440,플럭스 축전기 추출
GN_Interact_3,21379069772816384,가스트로 기즈모 추출
GN_Interact_4,21379069772816385,바위 강타
GN_Interact_7,45348014867341312,이온 인버터 추출
GN_Interact_9,45348014892507136,U자 도관 추출
HE_Desc_1,346366139162687,"3명의 적에게 20 <#FFEB04><link=""Keyword:12"">[전기]</link></color> 피해를 연쇄로 입힙니다. (중첩당 +10)"
HE_Desc_3,346366139162689,"3명의 적에게 피해와 <#FFEB04><link=""Keyword:7"">[경직]</link></color> 상태를 연쇄로 적용합니다."
HE_Desc_11,346366139162691,"<#FFEB04><link=""Keyword:1"">[화상]</link></color> 적을 공격하면 <#FFEB04><link=""Keyword:1"">[화상]</link></color>이 2명의 대상에게 연쇄 확산됩니다."
HE_Desc_17,346366139162693,"30초 동안 20 <#FFEB04><link=""Keyword:11"">[방벽]</link></color>을 획득합니다. (중첩당 +10)"
HE_Desc_24,346366139162695,"12초 동안 <#FFEB04><link=""Keyword:1"">[화상]</link></color> 효과를 적용합니다."
HE_Desc_33,346366139162697,중형 말벌 하수인을 소환합니다.
HE_Desc_37,346366139162699,주변의 적들에게 피해를 주는 운동 구체를 생성합니다.
HE_Desc_38,346366139162701,대상에게 25 범위 피해를 입힙니다.
HE_Desc_51,346366139162703,5m 반경 내에 초당 25의 피해를 입히는 전기 구슬을 스폰합니다.
HE_Desc_53,346366139162705,"4초 동안 <#FFEB04><link=""Keyword:2"">[오염]</link></color> 효과를 적용합니다."
HE_Desc_55,346366139162707,"12초 동안 <#FFEB04><link=""Keyword:2"">[오염]</link></color> 효과를 적용합니다."
HE_Desc_58,346366139162709,"12초 동안 <#FFEB04><link=""Keyword:8"">[감전]</link></color> 효과를 적용합니다."
HE_Desc_59,346366139162711,"12초 동안 <#FFEB04><link=""Keyword:3"">[냉기]</link></color> 효과를 적용합니다."
HE_Desc_60,346366139162713,정체불명의 고기 완전 충전
HE_Desc_61,346366139162715,정체불명의 고기 충전량 25% 증가
HE_Desc_64,346366139162719,"<#FFEB04><link=""Keyword:13"">[화염]</link></color> 누적 +5%"
HE_Desc_65,346366139162721,"30초 동안 <#FFEB04><link=""Keyword:1"">[화상]</link></color> 대상에 치명타 확률 +10%"
HE_Desc_66,346366139162723,"<#FFEB04><link=""Keyword:1"">[화상]</link></color> 대상에 <#FFEB04><link=""Keyword:19"">[연소]</link></color>"
HE_Desc_68,346366139162725,대상이 고기를 떨어뜨립니다
HE_Desc_69,346366139162727,대상이 탄약 상자를 떨어뜨립니다.
HE_Desc_70,346366139162729,주변의 적 2명에게 50% 피해를 연쇄로 입힙니다.
HE_Desc_71,346366139162731,"주변의 3명의 적들에게 <#FFEB04><link=""Keyword:17"">[상태]</link></color>를 연쇄로 적용합니다."
HE_Desc_72,346366139162733,"<#FFEB04><link=""Keyword:14"">[점액]</link></color> 누적 +5%"
HE_Desc_73,346366139162735,"3명의 적에게 <#FFEB04><link=""Keyword:2"">[오염]</link></color>을 연쇄로 적용합니다"
HE_Desc_75,346366139162737,"+20 <#FFEB04><link=""Keyword:11"">[방벽]</link></color>"
HE_Desc_76,346366139162739,"<#FFEB04><link=""Keyword:12"">[전기]</link></color> 누적 +5%"
HE_Desc_77,346366139162741,"<#FFEB04><link=""Keyword:8"">[감전]</link></color> 대상: 적 2명에게 피해를 연쇄로 입힙니다"
HE_Desc_78,346366139162743,"<#FFEB04><link=""Keyword:8"">[감전]</link></color> 대상에게 피해를 입히고 <#FFEB04><link=""Keyword:7"">[경직]</link></color>을 적용합니다."
HE_Desc_79,346366139162745,"<#FFEB04><link=""Keyword:15"">[얼음]</link></color> 누적 +5%"
HE_Desc_80,346366139162747,"고기 능력의 대상이 <#FFEB04><link=""Keyword:3"">[냉기]</link></color> 또는 <#FFEB04><link=""Keyword:4"">[동결]</link></color> 상태라면, 30초 동안 능력 충전량이 20% 증가합니다"
HE_Desc_81,346366139162749,"<#FFEB04><link=""Keyword:15"">[얼음]</link></color> 피해 +5%<br><#FFEB04><link=""Keyword:15"">[얼음]</link></color> 누적 +5%<br><#FFEB04><link=""Keyword:18"">[분쇄]</link></color> 피해 +15%"
HE_Desc_82,346366139162751,"<#FFEB04><link=""Keyword:4"">[동결]</link></color> 대상: 25초 동안 <#FFEB04><link=""Keyword:15"">[얼음]</link></color> 누적을 25%, <#FFEB04><link=""Keyword:18"">[분쇄]</link></color> 피해가 110% 증가합니다. 최대 3회 중첩됩니다"
HE_Desc_93,346366143356932,"피해를 <#FFEB04><link=""Keyword:5"">[운동]</link></color> 피해로 반사합니다."
HE_Desc_94,346366143356934,"피해를 <#FFEB04><link=""Keyword:14"">[점액]</link></color> 피해로 반사합니다."
HE_Desc_95,346366143356936,"피해를 <#FFEB04><link=""Keyword:13"">[화염]</link></color> 피해로 반사합니다."
HE_Desc_96,346366143356938,"피해를 <#FFEB04><link=""Keyword:15"">[얼음]</link></color> 피해로 반사합니다."
HE_Desc_97,346366143356940,"피해를 <#FFEB04><link=""Keyword:12"">[전기]</link></color> 피해로 반사합니다."
HE_Desc_98,346366143356942,"5초 동안 <#FFEB04><link=""Keyword:7"">[경직]</link></color>을 적용합니다."
HE_Desc_99,346366143356944,"<#FFEB04><link=""Keyword:2"">[오염]</link></color> 대상을 공격하면 원소 취약이 +15% 증가합니다."
HE_Desc_103,346366143356948,5초 동안 피해 +50%
HE_Desc_105,346366143356950,10초 동안 모든 피해 +5% (최대 +25%)
HE_Desc_107,346366143356952,"2명의 대상에게 60 <#FFEB04><link=""Keyword:12"">[전기]</link></color> 피해를 연쇄로 입힙니다."
HE_Desc_109,346366143356956,"<#FFEB04><link=""Keyword:5"">[운동]</link></color> 누적 +5%"
HE_Desc_110,346366143356958,60초 동안 공격 피해 +10%
HE_Desc_112,346366143356962,"+150 <#FFEB04><link=""Keyword:11"">[방벽]</link></color>"
HE_Desc_113,346366143356964,"4명의 적에게 150 <#FFEB04><link=""Keyword:13"">[화염]</link></color> 피해를 연쇄로 입힙니다."
HE_Desc_114,346366143356966,근접 피해 +15%
HE_Desc_115,346366143356968,"근접 피해 +10%, 최대 10회 중첩"
HE_Desc_116,346366143356970,"60초 동안 <#FFEB04><link=""Keyword:5"">[운동]</link></color> 누적 +5%, <#FFEB04><link=""Keyword:5"">[운동]</link></color> 피해 +5% (최대 5)"
HE_Desc_118,346366143356974,60초 동안 하수인의 피해가 15% 증가하고 체력이 15% 증가합니다.
HE_Desc_119,346366143356976,"5m 내의 적에게 대상의 <#FFEB04><link=""Keyword:17"">[상태]</link></color>를 확산합니다."
HE_Desc_120,346366143356978,주변의 적들에게 피해를 주는 얼음 구슬을 생성합니다.
HE_Desc_121,1850473219874816,"<#FFEB04><link=""Keyword:7"">[경직]</link></color> 상태의 대상을 공격하면 근접 취약이 50% 증가합니다."
HE_Desc_122,5168356914094080,소형 말벌 하수인을 소환합니다.
HE_Desc_123,5552419550257152,장착하지 않은 무기에 탄약 1개를 재장전합니다.
HE_Desc_124,5925295685038081,"15초 동안 <#FFEB04><link=""Item:633"">[살해자 버프 I]</link></color> 획득합니다"
HE_Desc_127,28316283698143232,"폭발하여 30 <#FFEB04><link=""Keyword:5"">[운동]</link></color> 피해를 입힙니다"
HE_Desc_128,28316283702337536,"폭발하여 15 <#FFEB04><link=""Keyword:14"">[점액]</link></color> 피해를 입힙니다"
HE_Desc_129,28316283702337537,"폭발하여 30 <#FFEB04><link=""Keyword:13"">[화염]</link></color> 피해를 입힙니다"
HE_Desc_130,28316283702337538,"폭발하여 30 <#FFEB04><link=""Keyword:12"">[전기]</link></color> 피해를 입힙니다"
HE_Desc_131,28316283702337539,"폭발하여 15 <#FFEB04><link=""Keyword:15"">[얼음]</link></color> 피해를 입힙니다"
HE_Desc_141,48598979615645696,+10% 추가 피해를 입힙니다
HE_Desc_142,48628778992132096,+15% 추가 피해를 입힙니다
HE_Desc_143,48628778992132097,+20% 추가 피해를 입힙니다
HE_Desc_144,51141421334257664,"12초 동안 <#FFEB04><link=""Keyword:4"">[동결]</link></color> 효과를 적용합니다."
INTD_Action_1,38500763113086976,상호작용
INTD_Name_1,38500763108892672,제어판
INTD_Action_2,38514228510842880,다리 고기 제공
INTD_Name_2,38514228506648576,불길한 모노리스
INTD_Action_3,38514228510842881,몸통 고기 제공
INTD_Action_4,38514228510842883,무작위 고기로 교환
INTD_Name_4,38514228510842882,위험한 블렌더
INTD_Action_5,38514228510842884,머리 고기 제공
INTD_Action_6,38528188924551168,그것과 상호 작용
INTD_Name_6,38528188916162560,화물칸
INTD_Name_7,38529308078104576,칼 랭거스
INTD_Action_8,38528188924551170,매치 시작!
INTD_Name_8,38529308078104577,코치 댄
INTD_Name_9,38528188924551171,재능 터미널
INTD_Name_10,38529308078104578,직원 혜택 터미널
INTD_Action_11,38554421091622912,거래 화폐
INTD_Action_12,38528188924551176,트럭 수리
INTD_Name_12,38528188924551175,트럭
INTD_Name_13,38528188924551177,궁극기 터미널
INTD_Name_14,38528188924551178,무기 터미널
INTD_Action_15,38554421100011520,트럭 시동
INTD_Action_16,38529308078104581,수리 필요 없음
INTD_Action_17,38554421100011521,코치 댄과 대화하기
INTD_Action_18,38555847624744960,문 열기
INTD_Action_19,38555847624744962,열기
INTD_Name_19,38555847624744961,탈출구 해치
INTD_Action_20,38555847624744963,누커 활성화
INTD_Action_21,38555847624744965,고기 좀 있나?
INTD_Name_21,38555847624744964,고기 자판기
INTD_Action_22,38559873695211520,발사 준비
INTD_Name_22,38559873686822912,볼트 버거
INTD_Action_23,44223548842041344,은하계 지도 보기
INTD_Name_23,44223548833652736,은하계 지도
INTD_Action_24,47629102572404736,셔틀 발사
ITM_Attr_1,17438567620927654,이동 속도 {0:|+|+|+}{0:percent()}%
ITM_Attr_2,17438567620927500,공격 속도 {0:|+|+|+}{0:percent()}%
ITM_Attr_3,17438567620927497,모든 피해 {0:|+|+|+}{0:percent()}%
ITM_Attr_4,17438567620927576,최대 체력 {0:+#.##;-#.##;+0}
ITM_Attr_5,17461889725358098,최대 체력 {0:|+|+|+}{0:percent()}%
ITM_Attr_6,17444674208784384,폭발 반경 {0:|+|+|+}{0:percent()}%
ITM_Name_6,346366143356985,슈퍼히어로
ITM_Attr_7,17438567620927507,도전 레벨 {0:+#.##;-#.##;+0}
ITM_Attr_10,17438567620927655,관통 횟수 {0:+#.##;-#.##;+0}
ITM_Attr_11,17461889725358151,무기 정확도 {0:0.##}x
ITM_Name_11,346366143356989,전방 그립
ITM_Attr_12,17438567620927681,탄퍼짐 회복 {0:|+|+|+}{0:percent()}%
ITM_Attr_13,17438567620927666,재장전 속도 {0:|+|+|+}{0:percent()}%
ITM_Attr_14,17438567620927688,수영 속도 {0:|+|+|+}{0:percent()}%
ITM_Name_14,346366143356991,오리발
ITM_Attr_15,17438567620927594,점프 횟수 {0:+#.##;-#.##;+0}
ITM_Attr_16,17444674200395776,치명타 확률 {0:|+|+|+}{0:percent()}%
ITM_Attr_17,17438567620927494,범위 피해 {0:|+|+|+}{0:percent()}%
ITM_Attr_18,17461889725358097,머리 고기 내구도 {0:0.##}x
ITM_Attr_19,17461889725358096,머리 고기 내구도 {0:|+|+|+}{0:percent()}%
ITM_Attr_20,17438567620927658,리스폰 시 플레이어 추가 체력 {0:|+|+|+}{0:percent()}%
ITM_Attr_21,17438567620927580,헌터 도착 초 {0:+#.##;-#.##;+0}
ITM_Attr_22,17438567620927578,체력 재생 {0:+#.##;-#.##;+0}
ITM_Attr_23,17438567620927571,지상 점프 높이 {0:|+|+|+}{0:percent()}%
ITM_Attr_24,17438567620927606,탄창 크기 {0:+#.##;-#.##;+0}
ITM_Attr_25,17438567612538880,능력 충전 {0:|+|+|+}{0:percent()}%
ITM_Attr_26,17438567620927685,은신
ITM_Attr_27,17438567620927511,등반 각도 {0:+#.##;-#.##;+0}
ITM_Attr_28,17461889725358137,이동 속도 {0:0.##}x
ITM_Attr_30,17438567620927662,긍정적 적 위협 {0:|+|+|+}{0:percent()}%
ITM_Name_30,346366143356993,악어 가죽
ITM_Attr_31,17438567620927680,거미줄 면역
ITM_Attr_32,17438567620927686,지원 범위 효과 반경 {0:|+|+|+}{0:percent()}%
ITM_Attr_33,17438567620927573,머리 능력 충전 {0:|+|+|+}{0:percent()}%
ITM_Attr_34,17438567620927591,무한 탄약
ITM_Attr_35,17438567620927678,소형 하수인 수 {0:+#.##;-#.##;+0}
ITM_Attr_36,17438567620927687,수영 점프 높이 {0:|+|+|+}{0:percent()}%
ITM_Attr_37,17438567620927516,치명타 피해 {0:|+|+|+}{0:percent()}%
ITM_Name_37,346366143356999,감염된 물고기 입질
ITM_Attr_38,17438567620927498,공격 범위 {0:+#.##;-#.##;+0}
ITM_Attr_40,17438567625121797,무기 정확도 {0:|+|+|+}{0:percent()}%
ITM_Attr_41,17438567620927689,몸통 능력 충전 {0:|+|+|+}{0:percent()}%
ITM_Attr_42,17438567620927553,플레이어 수 플레이어 속성 {0}
ITM_Attr_45,17438567620927683,추가 경직 확률 {0:|+|+|+}{0:percent()}%
ITM_Attr_46,17461889725358099,최대 체력 {0:0.##}x
ITM_Attr_47,17438567620927602,다리 능력 충전 {0:|+|+|+}{0:percent()}%
ITM_Attr_49,17461889725358082,도전 레벨 {0:|+|+|+}{0:percent()}%
ITM_Attr_50,17438567620927509,도전 레벨 {0:0.##}x
ITM_Attr_51,17438567620927536,직접 공격 피해 {0:|+|+|+}{0:percent()}%
ITM_Attr_52,17438567620927663,발동 효과 확률 {0:|+|+|+}{0:percent()}%
ITM_Attr_53,17438567620927535,받은 피해 {0:0.##}x
ITM_Attr_54,17438567620927554,적 반발 {0:+#.##;-#.##;+0}
ITM_Attr_55,17438567620927515,추가 치명타 확률 {0:|+|+|+}{0:percent()}%
ITM_Attr_56,17438567620927664,발사체 수 {0:+#.##;-#.##;+0}
ITM_Attr_58,17438567625121792,약점 피해 {0:|+|+|+}{0:percent()}%
ITM_Attr_59,17438567620927493,공중 이동 속도 {0:|+|+|+}{0:percent()}%
ITM_Attr_60,17438567620927570,중력 {0:0.##}x
ITM_Attr_62,17438567620927668,수리 나노봇 수 {0:+#.##;-#.##;+0}
ITM_Attr_63,17438567620927669,수리 나노봇 용량 {0:+#.##;-#.##;+0}
ITM_Name_65,346366143357003,거미줄
ITM_Attr_66,17438567620927660,내 위치 주변 적 정찰병 {0:|+|+|+}{0:percent()}%
ITM_Attr_72,17461889721163780,공격 속도 {0:0.##}x
ITM_Attr_75,17438567620927564,적발당했습니다!
ITM_Attr_76,17438567620927574,머리 고기 피해 감소 {0:+#.##;-#.##;+0}
ITM_Attr_77,17438567620927690,몸통 고기 피해 감소 {0:+#.##;-#.##;+0}
ITM_Attr_78,17438567620927600,다리 고기 피해 감소 {0:+#.##;-#.##;+0}
ITM_Attr_79,17461889725358150,몸통 고기 내구도 {0:0.##}x
ITM_Attr_80,17461889725358149,몸통 고기 내구도 {0:|+|+|+}{0:percent()}%
ITM_Attr_81,17461889725358120,다리 고기 내구도 {0:0.##}x
ITM_Attr_82,17461889725358119,다리 고기 내구도 {0:|+|+|+}{0:percent()}%
ITM_Attr_83,17438567620927543,드롭십 비콘 {0:+#.##;-#.##;+0}
ITM_Attr_84,17461889725358085,드롭십 비콘 {0:0.##}x
ITM_Attr_86,17438567620927684,시작 리스폰 {0:+#.##;-#.##;+0}
ITM_Attr_87,17438567620927560,화염 피해 {0:+#.##;-#.##;+0}
ITM_Attr_88,17461889725358094,화염 피해 {0:|+|+|+}{0:percent()}%
ITM_Attr_89,17461889725358095,화염 피해 {0:0.##}x
ITM_Attr_90,17438567620927589,얼음 피해 {0:+#.##;-#.##;+0}
ITM_Attr_91,17461889725358113,얼음 피해 {0:|+|+|+}{0:percent()}%
ITM_Attr_92,17461889725358114,얼음 피해 {0:0.##}x
ITM_Attr_93,17438567620927546,전기 피해 {0:+#.##;-#.##;+0}
ITM_Attr_94,17461889725358088,전기 피해 {0:|+|+|+}{0:percent()}%
ITM_Attr_95,17461889725358089,전기 피해 {0:0.##}x
ITM_Attr_96,17438567620927674,점액 피해 {0:+#.##;-#.##;+0}
ITM_Attr_97,17461889725358145,점액 피해 {0:|+|+|+}{0:percent()}%
ITM_Attr_98,17461889725358146,점액 피해 {0:0.##}x
ITM_Name_1010,46870603527872512,건강 I
ITM_Name_1011,46870603527872513,건강 II
ITM_Name_1012,46870603527872514,건강
ITM_Name_1013,46881725060472832,발사체 I
ITM_Name_1014,46881725064667136,고기 능력 I
ITM_Name_1015,46881725064667137,고기 보호막 I
ITM_Name_1016,46881725064667138,발사체 II
ITM_Name_1017,46881725064667139,고기 능력 II
ITM_Name_1018,46881725064667140,고기 보호막 II
ITM_Name_1019,46881725064667141,발사체 III
ITM_Attr_102,17438567620927595,지상 점프 높이 {0:0.##}x
ITM_Name_1020,46881725064667142,고기 능력
ITM_Name_1021,46881725064667143,고기 보호막
ITM_Name_1022,48008300573220864,원거리 I
ITM_Name_1023,48008300573220865,원거리 II
ITM_Name_1024,48008300573220866,원거리
ITM_Name_1025,48008300573220867,백병전 I
ITM_Name_1026,48008300573220868,백병전 II
ITM_Name_1027,48008300573220869,백병전
ITM_1028_HE_0,48628779042463744,[감전] 대상에게 피해 발생 시
ITM_Name_1028,48280725907038208,번개 I
ITM_Name_1029,48280725907038209,번개 II
ITM_Attr_103,17461889725358147,수영 점프 높이 {0:0.##}x
ITM_Name_1030,48280725907038210,번개
ITM_1031_HE_0,48628779042463745,[화상] 대상에게 피해 발생 시
ITM_Name_1031,48280725907038211,방화 I
ITM_Name_1032,48280725907038212,방화 II
ITM_Name_1033,48280725907038213,방화
ITM_1034_HE_0,48628779042463746,[냉기] 대상에게 피해 발생 시
ITM_Name_1034,48280725907038214,동상 I
ITM_Name_1035,48280725907038215,동상 II
ITM_Name_1036,48280725907038216,동상
ITM_1037_HE_0,48628779042463748,[경직] 대상에게 피해 발생 시
ITM_Name_1037,48280725907038217,운동 I
ITM_Name_1038,48280725907038218,운동 II
ITM_Name_1039,48280725907038219,운동 III
ITM_Attr_104,17461889725358148,수영 속도 {0:0.##}x
ITM_1040_HE_0,48598979758252032,[오염] 대상에게 피해 발생 시
ITM_Name_1040,48280725907038220,스플래터 I
ITM_Name_1041,48280725907038221,스플래터 II
ITM_Name_1042,48280725907038222,스플래터
ITM_Name_1043,49034011132026880,비밀 작전 I
ITM_Name_1044,49034011132026881,비밀 작전 II
ITM_Name_1045,49034011132026882,비밀 작전
ITM_Attr_105,17461889716969472,공중 이동 속도 {0:0.##}x
ITM_Attr_107,17461889725358140,재장전 속도 {0:0.##}x
ITM_Attr_108,17461889725358121,탄창 크기 {0:|+|+|+}{0:percent()}%
ITM_Attr_109,17461889725358122,탄창 크기 {0:0.##}x
ITM_Attr_110,17438567620927579,히트스캔 피해 {0:+#.##;-#.##;+0}
ITM_Attr_111,17461889725358101,히트스캔 피해 {0:|+|+|+}{0:percent()}%
ITM_Attr_112,17461889725358102,히트스캔 피해 {0:0.##}x
ITM_Attr_113,17438567620927630,근접 피해 {0:+#.##;-#.##;+0}
ITM_Attr_114,17461889725358129,근접 피해 {0:|+|+|+}{0:percent()}%
ITM_Attr_115,17461889725358130,근접 피해 {0:0.##}x
ITM_Attr_116,17438567620927667,재장전 기회 크기 {0:|+|+|+}{0:percent()}%
ITM_Attr_117,17438567620927626,고기 능력 피해 {0:+#.##;-#.##;+0}
ITM_Attr_118,17461889725358123,고기 능력 피해 {0:|+|+|+}{0:percent()}%
ITM_Attr_119,17461889725358124,고기 능력 피해 {0:0.##}x
ITM_Attr_123,17461889725358100,체력 재생 {0:0.##}x
ITM_Attr_124,17438567620927672,근거리 피해 {0:|+|+|+}{0:percent()}%
ITM_Attr_125,17438567620927604,원거리 피해 {0:|+|+|+}{0:percent()}%
ITM_Attr_126,17461889725358092,화염 누적 {0:|+|+|+}{0:percent()}%
ITM_Attr_127,17461889725358111,얼음 누적 {0:|+|+|+}{0:percent()}%
ITM_Attr_128,17461889725358143,점액 누적 {0:|+|+|+}{0:percent()}%
ITM_Attr_129,17461889725358086,전기 누적 {0:|+|+|+}{0:percent()}%
ITM_Attr_130,17438567620927501,방벽 지속 시간 {0:+#.##;-#.##;+0}
ITM_Attr_131,17461889721163781,방벽 지속 시간 {0:|+|+|+}{0:percent()}%
ITM_Attr_132,17461889721163782,방벽 지속 시간 {0:0.##}x
ITM_Attr_133,17438567620927503,방벽 최대 {0:+#.##;-#.##;+0}
ITM_Attr_134,17461889721163785,방벽 최대 {0:|+|+|+}{0:percent()}%
ITM_Attr_135,17461889721163786,방벽 최대 {0:0.##}x
ITM_Attr_136,17438567620927502,방벽 획득 {0:+#.##;-#.##;+0}
ITM_Attr_137,17461889721163783,방벽 획득 {0:|+|+|+}{0:percent()}%
ITM_Attr_138,17461889721163784,방벽 획득 {0:0.##}x
ITM_Attr_139,17438567620927665,발사체 속도 {0:+#.##;-#.##;+0}
ITM_Attr_140,17461889725358138,발사체 속도 {0:|+|+|+}{0:percent()}%
ITM_Attr_141,17461889725358139,발사체 속도 {0:0.##}x
ITM_Attr_142,17438567620927562,프랑켄 빈즈 파워 레벨 {0:0.##}x
ITM_Attr_143,17438567620927597,운동 피해 {0:+#.##;-#.##;+0}
ITM_Attr_144,17461889725358117,운동 피해 {0:|+|+|+}{0:percent()}%
ITM_Attr_145,17461889725358118,운동 피해 {0:0.##}x
ITM_Attr_146,17461889725358115,운동 누적 {0:|+|+|+}{0:percent()}%
ITM_Attr_148,17438567620927575,머리 고기 내구도 {0:+#.##;-#.##;+0}
ITM_Attr_149,17438567620927691,몸통 고기 내구도 {0:+#.##;-#.##;+0}
ITM_Attr_150,17438567620927601,다리 고기 내구도 {0:+#.##;-#.##;+0}
ITM_Attr_151,17438567620927651,하수인 피해 {0:+#.##;-#.##;+0}
ITM_Attr_152,17461889725358131,하수인 피해 {0:|+|+|+}{0:percent()}%
ITM_Name_152,346366143357009,뜨거운 소시지
ITM_Attr_153,17461889725358132,하수인 피해 {0:0.##}x
ITM_Name_153,346366143357011,타코
ITM_Attr_154,17438567620927652,하수인 체력 {0:+#.##;-#.##;+0}
ITM_154_HE_0,18226653686652928,원거리 무기 피해 발생 시
ITM_Name_154,346366143357013,학살의 발걸음 (운동)
ITM_Attr_155,17461889725358133,하수인 체력 {0:|+|+|+}{0:percent()}%
ITM_Attr_156,17461889725358134,하수인 체력 {0:0.##}x
ITM_Name_156,346366143357015,화염 마스터리 I
ITM_Attr_157,17438567620927653,하수인 체력 재생 {0:+#.##;-#.##;+0}
ITM_Attr_158,17461889725358135,하수인 체력 재생 {0:|+|+|+}{0:percent()}%
ITM_Name_158,346366143357017,커피 우유
ITM_Attr_159,17461889725358136,하수인 체력 재생 {0:0.##}x
ITM_Attr_160,17461889721163778,모든 피해 {0:0.##}x
ITM_Attr_162,17438567620927506,폭발 횟수 {0:+#.##;-#.##;+0}
ITM_Attr_163,17438567620927557,폭발 반경 {0:+#.##;-#.##;+0}
ITM_Name_163,346366143357019,핫소스
ITM_Attr_164,17438567620927555,이벤트 구조물 체력 {0:|+|+|+}{0:percent()}%
ITM_Attr_165,17438567620927556,이벤트 구조물 체력 재생 {0:|+|+|+}{0:percent()}%
ITM_Attr_166,17438567620927583,헌터 체력 {0:|+|+|+}{0:percent()}%
ITM_Attr_167,17438567620927584,헌터 체력 재생 {0:|+|+|+}{0:percent()}%
ITM_Name_167,346366143357021,피해 저항 증가
ITM_Attr_168,17438567620927559,화염 누적 {0:+#.##;-#.##;+0}
ITM_Attr_169,17438567620927588,얼음 누적 {0:+#.##;-#.##;+0}
ITM_Name_169,346366143357023,이동 속도 증가
ITM_Attr_170,17438567620927673,점액 누적 {0:+#.##;-#.##;+0}
ITM_Attr_171,17438567620927545,전기 누적 {0:+#.##;-#.##;+0}
ITM_Attr_172,17438567620927596,운동 누적 {0:+#.##;-#.##;+0}
ITM_Attr_173,17461889725358093,화염 누적 {0:0.##}x
ITM_Attr_174,17461889725358112,얼음 누적 {0:0.##}x
ITM_Attr_175,17461889725358144,점액 누적 {0:0.##}x
ITM_Name_175,346366143357027,리보플라빈
ITM_Attr_176,17461889725358087,전기 누적 {0:0.##}x
ITM_Attr_177,17461889725358116,운동 누적 {0:0.##}x
ITM_Attr_178,17438567620927629,중형 하수인 수 {0:+#.##;-#.##;+0}
ITM_Attr_179,17438567620927599,대형 하수인 수 {0:+#.##;-#.##;+0}
ITM_Attr_180,17438567620927517,유탄 발사기 피해 {0:+#.##;-#.##;+0}
ITM_Attr_181,17438567620927518,매그넘 피해 {0:+#.##;-#.##;+0} 
ITM_Name_181,346366143357029,돼지고기 연
ITM_Attr_182,17438567620927519,권총 피해 {0:+#.##;-#.##;+0}
ITM_182_HE_0,18226653690847232,"<#FFEB04><link=""Keyword:7"">[경직]</link></color> 대상에게 피해 발생 시 15% 확률"
ITM_Name_182,28316283744280576,철거업자
ITM_Attr_183,17438567620927520,플라즈마 캐스터 피해 {0:+#.##;-#.##;+0}
ITM_Attr_184,17438567620927521,레일건 피해 {0:+#.##;-#.##;+0}
ITM_Attr_185,17438567620927522,소총 피해 {0:+#.##;-#.##;+0}
ITM_Attr_186,17438567620927523,로켓 발사기 피해 {0:+#.##;-#.##;+0}
ITM_Attr_187,17438567620927525,기관단총 피해 {0:+#.##;-#.##;+0}
ITM_Attr_188,17438567620927524,산탄총 피해 {0:+#.##;-#.##;+0}
ITM_190_HE_0,18226653690847233,약점 공격 시
ITM_Name_190,346366143357037,레일건 재장전
ITM_Name_191,346366143357039,로켓 재장전
ITM_Name_192,346366143357041,소총 재장전
ITM_Name_196,346366143357043,숏 스택
ITM_Name_198,346366143357045,전기 뱀장어
ITM_Name_200,346366143357047,핫 토디
ITM_201_HE_0,18226653690847234,치명타 피해 발생 시 중첩당 20% 확률
ITM_Name_201,28316283744280577,당분 중독
ITM_Attr_205,17438567620927633,유탄 발사기 최소 피해 {0:+#.##;-#.##;+0}
ITM_Attr_206,17438567620927634,매그넘 최소 피해 {0:+#.##;-#.##;+0}
ITM_Name_206,346366143357051,무적
ITM_Attr_207,17438567620927635,권총 최소 피해 {0:+#.##;-#.##;+0}
ITM_Attr_208,17438567620927636,플라즈마 캐스터 최소 피해 {0:+#.##;-#.##;+0}
ITM_Attr_209,17438567620927637,레일건 최소 피해 {0:+#.##;-#.##;+0}
ITM_Name_209,346366143357053,산탄총 재장전
ITM_Attr_210,17438567620927638,소총 최소 피해 {0:+#.##;-#.##;+0}
ITM_Name_210,346366143357055,플라즈마 재장전
ITM_Attr_211,17438567620927639,로켓 발사기 최소 피해 {0:+#.##;-#.##;+0}
ITM_Name_211,346366143357057,유탄 재장전
ITM_Attr_212,17438567620927641,기관단총 최소 피해 {0:+#.##;-#.##;+0}
ITM_Name_212,346366143357059,매그넘 재장전
ITM_Attr_213,17438567620927640,산탄총 최소 피해 {0:+#.##;-#.##;+0}
ITM_Attr_214,23917723716149248,소총 발동 효과 확률 {0:|+|+|+}{0:percent()}%
ITM_Name_214,346366143357061,권총 재장전
ITM_Attr_215,23919520656646144,소총 재장전 기회 크기 {0:|+|+|+}{0:percent()}%
ITM_Attr_216,23924263609163776,소총 공격 범위 {0:+#.##;-#.##;+0}
ITM_Attr_217,24342881618616320,기관단총 치명타 확률 {0:|+|+|+}{0:percent()}%
ITM_Attr_218,24343813848817664,기관단총 치명타 피해 {0:|+|+|+}{0:percent()}%
ITM_Attr_219,24349294600380416,기관단총 재장전 기회 크기 {0:|+|+|+}{0:percent()}%
ITM_Attr_220,24352080738115584,기관단총 탄창 크기 {0:+#.##;-#.##;+0}
ITM_Attr_221,24352957326680064,기관단총 공격 범위 {0:+#.##;-#.##;+0}
ITM_Attr_222,24356365756522496,기관단총 무기 정확도 {0:|+|+|+}{0:percent()}%
ITM_Attr_223,24358815641100288,기관단총 공격 속도 {0:|+|+|+}{0:percent()}%
ITM_Attr_224,24360965767159808,기관단총 발동 효과 확률 {0:|+|+|+}{0:percent()}%
ITM_Attr_225,24363824751566848,기관단총 관통 횟수 {0:+#.##;-#.##;+0}
ITM_Attr_226,24366817207115776,기관단총 근거리 피해 {0:|+|+|+}{0:percent()}%
ITM_Attr_227,24366817202921472,기관단총 원거리 피해 {0:|+|+|+}{0:percent()}%
ITM_Attr_228,24373975965491201,매그넘 관통 횟수 {0:+#.##;-#.##;+0}
ITM_Name_228,346366143357069,글리지 걸프
ITM_Attr_229,24373975965491202,매그넘 근거리 피해 {0:|+|+|+}{0:percent()}%
ITM_Name_229,346366143357071,톱니 금속 시리얼
ITM_Attr_230,24373975965491200,매그넘 원거리 피해 {0:|+|+|+}{0:percent()}%
ITM_Attr_231,24508636511330304,매그넘 공격 범위 {0:+#.##;-#.##;+0}
ITM_Attr_232,17438567620927608,유탄 발사기 최대 피해 {0:+#.##;-#.##;+0}
ITM_Attr_233,17438567620927609,매그넘 최대 피해 {0:+#.##;-#.##;+0}
ITM_Name_233,346366143357073,체공 시간
ITM_Attr_234,17438567620927610,권총 최대 피해 {0:+#.##;-#.##;+0}
ITM_Attr_235,17438567620927611,플라즈마 캐스터 최대 피해 {0:+#.##;-#.##;+0}
ITM_Attr_236,17438567620927612,레일건 최대 피해 {0:+#.##;-#.##;+0}
ITM_Attr_237,17438567620927613,소총 최대 피해 {0:+#.##;-#.##;+0}
ITM_Name_237,346366143357081,구조적 나노봇
ITM_Attr_238,17438567620927614,로켓 발사기 최대 피해 {0:+#.##;-#.##;+0}
ITM_Attr_239,17438567620927616,기관단총 최대 피해 {0:+#.##;-#.##;+0}
ITM_Attr_240,17438567620927615,산탄총 최대 피해 {0:+#.##;-#.##;+0}
ITM_Attr_241,17438567620927526,유탄 발사기 피해 {0:|+|+|+}{0:percent()}%
ITM_Attr_242,17438567620927527,매그넘 피해 {0:|+|+|+}{0:percent()}%
ITM_Name_242,346366143357091,인적 나노봇
ITM_Attr_243,17438567620927528,권총 피해 {0:|+|+|+}{0:percent()}%
ITM_Attr_244,17438567620927529,플라즈마 캐스터 피해 {0:|+|+|+}{0:percent()}%
ITM_Attr_245,17438567620927530,레일건 피해 {0:|+|+|+}{0:percent()}%
ITM_Attr_246,17438567620927531,소총 피해 {0:|+|+|+}{0:percent()}%
ITM_Attr_247,17438567620927532,로켓 발사기 피해 {0:|+|+|+}{0:percent()}%
ITM_Attr_248,17438567620927534,기관단총 피해 {0:|+|+|+}{0:percent()}%
ITM_Attr_249,17438567620927533,산탄총 피해 {0:|+|+|+}{0:percent()}%
ITM_Name_250,346366143357099,스노콘
ITM_Name_254,346366143357101,맛있는 하수인 간식
ITM_Name_255,346366143357103,몰맨 다리
ITM_Name_257,346366143357105,거미 다리
ITM_Name_258,346366143357107,근육맨 다리 패시브
ITM_Name_259,346366143357109,닌자 다리
ITM_Name_260,346366143357111,말벌 몸통
ITM_Name_261,346366143357113,로켓봇 몸통
ITM_Name_262,346366143357115,얼룩무늬
ITM_Attr_268,17438567620927642,유탄 발사기 최소 피해 {0:|+|+|+}{0:percent()}%
ITM_Attr_269,17438567620927643,매그넘 최소 피해 {0:|+|+|+}{0:percent()}%
ITM_Attr_270,17438567620927644,권총 최소 피해 {0:|+|+|+}{0:percent()}%
ITM_Attr_271,17438567620927645,플라즈마 캐스터 최소 피해 {0:|+|+|+}{0:percent()}%
ITM_Attr_272,17438567620927646,레일건 최소 피해 {0:|+|+|+}{0:percent()}%
ITM_Attr_273,17438567620927647,소총 최소 피해 {0:|+|+|+}{0:percent()}%
ITM_Attr_274,17438567620927648,로켓 발사기 최소 피해 {0:|+|+|+}{0:percent()}%
ITM_Name_274,346366143357125,파편 발사기
ITM_Attr_275,17438567620927650,기관단총 최소 피해 {0:|+|+|+}{0:percent()}%
ITM_275_HE_0,18226653690847235,처치 시 중첩당 15% 확률
ITM_Name_275,346366143357127,탄약 상자
ITM_Attr_276,17438567620927649,산탄총 최소 피해 {0:|+|+|+}{0:percent()}%
ITM_Attr_285,23628790751027204,소총 근거리 피해 {0:|+|+|+}{0:percent()}%
ITM_Attr_286,23628790751027201,소총 탄창 크기 {0:+#.##;-#.##;+0}
ITM_Attr_287,23628790751027202,소총 관통 횟수 {0:+#.##;-#.##;+0}
ITM_Attr_288,23628790746832896,소총 공격 속도 {0:|+|+|+}{0:percent()}%
ITM_Name_288,346366143357129,젤라틴 샐러드
ITM_Attr_289,23913654192693248,소총 약점 피해 {0:|+|+|+}{0:percent()}%
ITM_289_HE_0,18226653690847236,피해 발생 시 5% 확률
ITM_Name_289,28316283744280578,지옥 두개골
ITM_290_HE_0,18226653690847237,근접 피해 발생 시 중첩당 25% 확률
ITM_Name_290,28316283744280579,선동가의 발톱
ITM_291_HE_0,18226653690847238,피해 발생 시 10% 확률
ITM_Name_291,28316283744280580,녹아내린 핵
ITM_292_HE_0,18226653690847239,처치 시
ITM_Name_292,28316283744280581,찐득이 도약
ITM_Name_293,28316283744280582,점액질 목구멍
ITM_294_HE_0,18226653690847240,치명타 무기 피해 발생 시 중첩당 25% 확률
ITM_Name_294,28316283744280583,끈적한 내장
ITM_Attr_295,17438567620927617,유탄 발사기 최대 피해 {0:|+|+|+}{0:percent()}%
ITM_Name_295,28316283744280584,아이스크림 샌드위치
ITM_Attr_296,17438567620927618,매그넘 최대 피해 {0:|+|+|+}{0:percent()}%
ITM_Name_296,28316283744280585,영구동결 가시
ITM_Attr_297,17438567620927619,권총 최대 피해 {0:|+|+|+}{0:percent()}%
ITM_297_HE_0,18226653690847241,고기 교환 시
ITM_Name_297,28316283744280586,냉동 심장
ITM_Attr_298,17438567620927620,플라즈마 캐스터 최대 피해 {0:|+|+|+}{0:percent()}%
ITM_298_HE_0,18226653690847242,처치 시 15% 확률
ITM_Name_298,28316283744280587,정전기 충전
ITM_Attr_299,17438567620927621,레일건 최대 피해 {0:|+|+|+}{0:percent()}%
ITM_Name_299,28316283744280588,폭풍의 시선
ITM_Attr_300,17438567620927622,소총 최대 피해 {0:|+|+|+}{0:percent()}%
ITM_300_HE_0,18226653690847243,전기 피해 발생 시
ITM_Name_300,28316283744280589,코일 심장
ITM_Attr_301,17438567620927623,로켓 발사기 최대 피해 {0:|+|+|+}{0:percent()}%
ITM_Attr_302,17438567620927625,기관단총 최대 피해 {0:|+|+|+}{0:percent()}%
ITM_Name_302,346366143357155,고기 창조자 보너스
ITM_Attr_303,17438567620927624,산탄총 최대 피해 {0:|+|+|+}{0:percent()}%
ITM_303_HE_0,18226653690847244,피해 발생 시
ITM_Name_303,28316283744280590,신성한 살점
ITM_Attr_304,17438567620927586,헌터 주요 지연 {0:+#.##;-#.##;+0}
ITM_Attr_305,17461889725358109,헌터 주요 지연 {0:|+|+|+}{0:percent()}%
ITM_Attr_306,17438567620927587,헌터 보조 지연 {0:+#.##;-#.##;+0}
ITM_307_HE_0,18226653690847245,처치 시 10% 확률
ITM_Name_307,28316283744280591,벌집 폭발
ITM_Attr_309,17438567620927581,헌터 공격 속도 {0:+#.##;-#.##;+0}
ITM_Name_309,346366143357161,고기 조드 다리
ITM_Attr_310,17461889725358103,헌터 공격 속도 {0:|+|+|+}{0:percent()}%
ITM_Attr_311,17461889725358104,헌터 공격 속도 {0:0.##}x
ITM_Attr_312,17438567620927582,헌터 피해 {0:+#.##;-#.##;+0}
ITM_Attr_313,17461889725358105,헌터 피해 {0:|+|+|+}{0:percent()}%
ITM_Attr_314,17461889725358106,헌터 피해 {0:0.##}x
ITM_Attr_315,17438567620927585,헌터 이동 속도 {0:+#.##;-#.##;+0}
ITM_Attr_316,17461889725358107,헌터 이동 속도 {0:|+|+|+}{0:percent()}%
ITM_Attr_317,17461889725358108,헌터 이동 속도 {0:0.##}x
ITM_Attr_318,17438567620927628,고기 내구도 {0:+#.##;-#.##;+0}
ITM_Attr_319,17461889725358127,고기 내구도 {0:|+|+|+}{0:percent()}%
ITM_Attr_320,17461889725358128,고기 내구도 {0:0.##}x
ITM_Attr_321,17438567620927627,고기 피해 감소 {0:+#.##;-#.##;+0}
ITM_Attr_322,17461889725358125,고기 피해 감소 {0:|+|+|+}{0:percent()}%
ITM_Attr_323,17461889725358126,고기 피해 감소 {0:0.##}x
ITM_Attr_324,17438567620927541,이중 점프 높이 {0:|+|+|+}{0:percent()}%
ITM_Name_326,346366143357167,마비의 손아귀
ITM_Name_327,346366143357169,터보 부스트
ITM_Attr_328,17438567620927548,전기 취약 {0:|+|+|+}{0:percent()}%
ITM_Attr_329,17438567620927561,화염 취약 {0:|+|+|+}{0:percent()}%
ITM_Attr_330,17438567620927590,얼음 취약 {0:|+|+|+}{0:percent()}%
ITM_Attr_331,17438567620927598,운동 취약 {0:|+|+|+}{0:percent()}%
ITM_Attr_332,17438567620927677,점액 취약 {0:|+|+|+}{0:percent()}%
ITM_Name_333,346366143357179,무릎 문제
ITM_Attr_335,17438567620927514,냉기 대상 동력
ITM_Attr_336,17438567620927632,근접 취약 {0:|+|+|+}{0:percent()}%
ITM_337_HE_0,18226653690847246,고기 상실 시
ITM_Name_337,28316283744280592,피부 판금
ITM_Attr_338,17438567620927499,근접 공격 속도 {0:|+|+|+}{0:percent()}%
ITM_338_HE_0,18226653690847247,근접 공격으로 처치 시 중첩당 50% 확률
ITM_Name_338,28316283744280593,시애틀 도그
ITM_Attr_339,17461889721163779,근접 공격 속도 {0:0.##}x
ITM_Attr_340,17438567620927569,광물 탐지 거리 {0:+#.##;-#.##;+0}m
ITM_Attr_341,17438567620927568,낚시 구멍 감지 거리 {0:+#.##;-#.##;+0}m
ITM_Name_341,28316283744280594,불사조 문장
ITM_Attr_342,17438567620927567,미식가 감지 거리 {0:+#.##;-#.##;+0}m
ITM_Attr_343,17438567620927671,분쇄 피해 {0:+#.##;-#.##;+0}
ITM_Name_343,346366147551236,화쇄류 비전
ITM_Attr_344,17461889725358141,분쇄 피해 {0:|+|+|+}{0:percent()}%
ITM_Attr_345,17461889725358142,분쇄 피해 {0:0.##}x
ITM_Attr_346,17438567620927504,화상 피해 {0:+#.##;-#.##;+0}
ITM_Name_346,346366147551240,육욕
ITM_Attr_347,17461889725358080,화상 피해 {0:|+|+|+}{0:percent()}%
ITM_Attr_348,17461889725358081,화상 피해 {0:0.##}x
ITM_Name_348,28316283744280595,잔반
ITM_Attr_349,17438567620927513,연소 발동 확률 {0:|+|+|+}{0:percent()}%
ITM_Attr_350,17438567620927512,연소 피해 {0:+#.##;-#.##;+0}
ITM_350_HE_0,18226653690847249,무기 처치 시 중첩당 25% 확률
ITM_Name_350,346366147551244,빵가루
ITM_Attr_351,17461889725358083,연소 피해 {0:|+|+|+}{0:percent()}%
ITM_Name_351,346366147551246,대형 탄창
ITM_Attr_352,17461889725358084,연소 피해 {0:0.##}x
ITM_Name_352,346366147551248,합성 향신료
ITM_Attr_353,17438567620927550,감전 발동 확률 {0:|+|+|+}{0:percent()}%
ITM_Name_353,346366147551250,매운 새우
ITM_Attr_354,17438567620927549,감전 피해 {0:+#.##;-#.##;+0}
ITM_Name_354,346366147551252,회칼
ITM_Attr_355,17461889725358090,감전 피해 {0:|+|+|+}{0:percent()}%
ITM_355_HE_0,18226653690847250,근접 피해 발생 시
ITM_Name_355,28316283744280596,고기칼
ITM_Attr_356,17461889725358091,감전 피해 {0:0.##}x
ITM_Name_356,346366147551256,피딩 프렌지
ITM_Attr_357,17438567620927675,오염 효율 {0:|+|+|+}{0:percent()}%
ITM_Name_357,346366147551258,슬로모션
ITM_Attr_358,17438567620927510,냉기 감속 {0:|+|+|+}{0:percent()}%
ITM_Name_358,28316283744280597,단백질 파우더
ITM_Attr_359,17438567625121793,매그넘 약점 피해 {0:|+|+|+}{0:percent()}%
ITM_Attr_360,17438567625121794,권총 약점 피해 {0:|+|+|+}{0:percent()}%
ITM_Name_360,346366147551262,닭다리
ITM_Attr_361,17438567625121795,산탄총 약점 피해 {0:|+|+|+}{0:percent()}%
ITM_Name_361,346366147551264,자극적인 닭가슴살
ITM_Attr_362,17438567625121796,기관단총 약점 피해 {0:|+|+|+}{0:percent()}%
ITM_Name_362,346366147551266,명확성
ITM_Attr_363,17438567620927537,유탄 발사기 직접 공격 피해 {0:|+|+|+}{0:percent()}%
ITM_363_HE_0,18226653690847251,원거리 피해 발생 시 15% 확률
ITM_Name_363,16146637997989888,원거리 전문가
ITM_Attr_364,17438567620927538,플라즈마 캐스터 직접 공격 피해 {0:|+|+|+}{0:percent()}%
ITM_364_HE_0,18226653690847252,근거리 피해 발생 시 15% 확률
ITM_Name_364,16146638002184192,근거리 전문가
ITM_Attr_365,17438567620927539,로켓 발사기 직접 공격 피해 {0:|+|+|+}{0:percent()}%
ITM_365_HE_0,18226653690847253,약점 피해 발생 시 25% 확률
ITM_Name_365,28316283744280598,파편 손가락
ITM_Attr_366,17438567620927682,소총 탄퍼짐 회복 {0:|+|+|+}{0:percent()}%
ITM_Name_366,346366147551274,과일 비타민
ITM_Attr_367,17438567625121798,소총 무기 정확도 {0:|+|+|+}{0:percent()}%
ITM_Name_367,346366147551276,그레이비 트레인
ITM_Attr_368,17438567620927605,레일건 원거리 피해 {0:|+|+|+}{0:percent()}%
ITM_368_HE_0,18226653690847254,빠른 재장전 성공 시 10% 확률
ITM_Name_368,28316283744280599,척추 껍질
ITM_Attr_369,17438567620927607,레일건 탄창 크기 {0:+#.##;-#.##;+0}
ITM_Name_369,346366147551280,정전기 충격
ITM_Attr_370,17438567620927558,플라즈마 건 폭발 반경 {0:|+|+|+}{0:percent()}%
ITM_Attr_371,21253799095033856,권총 재장전 기회 크기 {0:|+|+|+}{0:percent()}%
ITM_371_HE_0,18226653690847255,피해 발생 시 5% 확률
ITM_Name_371,28316283744280600,천둥 가슴
ITM_Attr_372,21255839816867840,권총 치명타 확률 {0:|+|+|+}{0:percent()}%
ITM_Name_372,346366147551284,빙하 충전
ITM_Attr_373,21257451205550080,권총 탄창 크기 {0:+#.##;-#.##;+0}
ITM_Name_373,346366147551286,빙하 마스터리
ITM_Attr_374,21258827750957056,권총 무기 정확도 {0:|+|+|+}{0:percent()}%
ITM_374_HE_0,18226653690847256,근접 무기 피해 발생 시
ITM_Name_374,28316283744280601,수정화된 예티 눈
ITM_Attr_375,21259953611202560,권총 공격 범위 {0:+#.##;-#.##;+0}
ITM_Attr_376,21265502662811648,권총 공격 속도 {0:|+|+|+}{0:percent()}%
ITM_Attr_377,21266579567140864,권총 치명타 피해 {0:|+|+|+}{0:percent()}%
ITM_Attr_378,21267581485703168,권총 관통 횟수 {0:+#.##;-#.##;+0}
ITM_Name_378,28316283744280602,폭격의 핵
ITM_Attr_379,21268790338641920,권총 근거리 피해 {0:|+|+|+}{0:percent()}%
ITM_Attr_380,21268790334447616,권총 원거리 피해 {0:|+|+|+}{0:percent()}%
ITM_Attr_381,23628790751027203,권총 발동 효과 확률 {0:|+|+|+}{0:percent()}%
ITM_Attr_382,23628790746832898,소총 치명타 피해 {0:|+|+|+}{0:percent()}%
ITM_Attr_383,23628790746832897,소총 치명타 확률 {0:|+|+|+}{0:percent()}%
ITM_Attr_384,23628790751027200,소총 원거리 피해 {0:|+|+|+}{0:percent()}%
ITM_Attr_385,24508636515524608,매그넘 공격 속도 {0:|+|+|+}{0:percent()}%
ITM_Attr_386,24512006886252544,매그넘 치명타 확률 {0:|+|+|+}{0:percent()}%
ITM_Attr_387,24512006890446848,매그넘 치명타 피해 {0:|+|+|+}{0:percent()}%
ITM_Attr_388,24734712562966528,매그넘 무기 정확도 {0:|+|+|+}{0:percent()}%
ITM_Attr_389,24734712558772224,매그넘 재장전 기회 크기 {0:|+|+|+}{0:percent()}%
ITM_Attr_390,24738876634423296,매그넘 탄창 크기 {0:+#.##;-#.##;+0}
ITM_Attr_391,24741585584381952,매그넘 발동 효과 확률 {0:|+|+|+}{0:percent()}%
ITM_Attr_392,24756431059148800,플라즈마 캐스터 공격 속도 {0:|+|+|+}{0:percent()}%
ITM_Name_392,346366147551296,도살자 다리
ITM_Attr_393,24756431059148801,플라즈마 캐스터 치명타 확률 {0:|+|+|+}{0:percent()}%
ITM_Attr_394,24756431059148802,플라즈마 캐스터 치명타 피해 {0:|+|+|+}{0:percent()}%
ITM_Name_394,28316283744280603,화쇄류
ITM_Attr_395,24756431063343107,플라즈마 캐스터 재장전 기회 크기 {0:|+|+|+}{0:percent()}%
ITM_Attr_396,24756431063343104,플라즈마 캐스터 탄창 크기 {0:+#.##;-#.##;+0}
ITM_396_HE_0,18226653690847258,피해 발생 시 25% 확률
ITM_Name_396,28316283744280604,폭풍
ITM_Attr_397,24756431063343105,플라즈마 캐스터 발동 효과 확률 {0:|+|+|+}{0:percent()}%
ITM_Name_397,28316283744280605,심리자극요법
ITM_Attr_398,24756431063343106,플라즈마 캐스터 발사체 속도 {0:|+|+|+}{0:percent()}% 
ITM_Attr_399,24759307705769984,플라즈마 캐스터 범위 피해 {0:|+|+|+}{0:percent()}%
ITM_Attr_400,24766997932793856,산탄총 관통 횟수 {0:+#.##;-#.##;+0}
ITM_Name_400,346366147551306,빙하 정맥
ITM_Attr_401,24771101572718593,산탄총 치명타 확률 {0:|+|+|+}{0:percent()}%
ITM_Attr_402,24771101572718594,산탄총 치명타 피해 {0:|+|+|+}{0:percent()}%
ITM_Attr_403,24771101576912896,산탄총 발동 효과 확률 {0:|+|+|+}{0:percent()}%
ITM_Attr_404,24771101572718595,산탄총 탄창 크기 {0:+#.##;-#.##;+0}
ITM_Attr_405,24771101576912898,산탄총 근거리 피해 {0:|+|+|+}{0:percent()}%
ITM_Attr_406,24771101568524288,산탄총 공격 범위 {0:+#.##;-#.##;+0}
ITM_Attr_407,24771101572718592,산탄총 공격 속도 {0:|+|+|+}{0:percent()}%
ITM_Attr_408,24771101576912897,산탄총 재장전 기회 크기 {0:|+|+|+}{0:percent()}%
ITM_Attr_409,24776968426741764,레일건 발동 효과 확률 {0:|+|+|+}{0:percent()}%
ITM_Attr_410,24776968426741761,레일건 치명타 확률 {0:|+|+|+}{0:percent()}%
ITM_Attr_411,24776968426741762,레일건 치명타 피해 {0:|+|+|+}{0:percent()}%
ITM_Attr_412,24776968430936064,레일건 재장전 기회 크기 {0:|+|+|+}{0:percent()}%
ITM_Attr_413,24776968426741763,레일건 관통 횟수 {0:+#.##;-#.##;+0}
ITM_Attr_414,24776968426741760,레일건 공격 속도 {0:|+|+|+}{0:percent()}%
ITM_Attr_415,24776968430936066,레일건 약점 피해 {0:|+|+|+}{0:percent()}%
ITM_Attr_416,24776968422547456,레일건 공격 범위 {0:+#.##;-#.##;+0}
ITM_Attr_417,24776968430936065,레일건 근거리 피해 {0:|+|+|+}{0:percent()}%
ITM_Attr_418,24791651242205186,로켓 발사기 치명타 확률 {0:|+|+|+}{0:percent()}%
ITM_Attr_419,24791651246399488,로켓 발사기 치명타 피해 {0:|+|+|+}{0:percent()}%
ITM_Attr_420,24791651246399490,로켓 발사기 탄창 크기 {0:+#.##;-#.##;+0}
ITM_Attr_421,24791651246399492,로켓 발사기 발사체 속도 {0:|+|+|+}{0:percent()}%
ITM_Attr_422,24791651242205185,로켓 발사기 공격 속도 {0:|+|+|+}{0:percent()}%
ITM_Attr_423,24791651246399491,로켓 발사기 발동 효과 확률 {0:|+|+|+}{0:percent()}%
ITM_Attr_424,24791651246399489,로켓 발사기 폭발 반경 {0:|+|+|+}{0:percent()}%
ITM_Attr_425,24791651242205184,로켓 발사기 범위 피해 {0:|+|+|+}{0:percent()}%
ITM_Attr_426,24900049224851457,유탄 발사기 치명타 확률 {0:|+|+|+}{0:percent()}%
ITM_Attr_427,24900049224851458,유탄 발사기 치명타 피해 {0:|+|+|+}{0:percent()}%
ITM_Attr_428,24900049224851456,유탄 발사기 공격 속도 {0:|+|+|+}{0:percent()}%
ITM_Attr_429,24900049229045763,유탄 발사기 발사체 속도 {0:|+|+|+}{0:percent()}%
ITM_Attr_430,24900049229045764,유탄 발사기 재장전 기회 크기 {0:|+|+|+}{0:percent()}%
ITM_Name_430,346366147551350,고기 소년 다리
ITM_Attr_431,24900049229045761,유탄 발사기 탄창 크기 {0:+#.##;-#.##;+0}
ITM_431_HE_0,18226653690847259,방벽 피해 발생 시
ITM_Name_431,346366147551352,뼈 갑옷 반사 (화염)
ITM_Attr_432,24900049229045760,유탄 발사기 폭발 반경 {0:|+|+|+}{0:percent()}%
ITM_Name_432,346366147551354,뼈 갑옷 반사 (점액)
ITM_Attr_433,24900049229045762,유탄 발사기 발동 효과 확률 {0:|+|+|+}{0:percent()}%
ITM_Name_433,346366147551356,뼈 갑옷 반사 (얼음)
ITM_Attr_434,25748331929001984,유탄 발사기 범위 피해 {0:|+|+|+}{0:percent()}%
ITM_Name_434,346366147551358,뼈 갑옷 반사 (전기)
ITM_Attr_435,25748331937390592,레일건 범위 피해 {0:|+|+|+}{0:percent()}%
ITM_Name_435,346366147551360,뼈 갑옷 반사 (운동)
ITM_Attr_436,25748331937390593,레일건 폭발 반경 {0:|+|+|+}{0:percent()}%
ITM_Attr_437,26114264799371264,헌터 체력 {0:+#.##;-#.##;+0}
ITM_Attr_438,26114264803565568,헌터 체력 {0:0.##}x
ITM_Attr_439,26122126309187584,헌터 체력 재생 {0:+#.##;-#.##;+0}
ITM_Attr_440,26122126313381888,헌터 체력 재생 {0:0.##}x
ITM_Attr_441,28553671907450880,스폰 간격 {0:0.##}x
ITM_Attr_442,28711131483725824,근접 치명타 확률 {0:+#.##;-#.##;+0}
ITM_Attr_443,28711131492114432,근접 치명타 확률 {0:|+|+|+}{0:percent()}%
ITM_Attr_444,28711131492114433,{0:0.##}x 근접 치명타 확률
ITM_Attr_445,28711131492114434,근접 치명타 피해 {0:+#.##;-#.##;+0}
ITM_Name_445,346366147551378,학살의 발걸음 (화염)
ITM_Attr_446,28711131492114435,근접 치명타 피해 {0:|+|+|+}{0:percent()}%
ITM_Name_446,346366147551380,학살의 발걸음 (얼음)
ITM_Attr_447,28711131492114436,근접 치명타 피해 {0:0.##}x
ITM_Name_447,346366147551382,학살의 발걸음 (전기)
ITM_Attr_448,28711131492114437,밀어내기 거리 {0:+#.##;-#.##;+0}
ITM_Name_448,346366147551384,학살의 발걸음 (점액)
ITM_Attr_449,28711131492114439,밀어내기 거리 {0:|+|+|+}{0:percent()}%
ITM_Name_449,346366147551386,파워 리치 (운동)
ITM_Attr_450,28711131492114441,밀어내기 거리 {0:0.##}x
ITM_Name_450,346366147551388,파워 리치 (얼음)
ITM_Attr_451,28711131492114438,근접 공격 밀어내기 거리 {0:+#.##;-#.##;+0}
ITM_Name_451,346366147551390,파워 리치 (화염)
ITM_Attr_452,28711131492114440,근접 공격 밀어내기 거리 {0:|+|+|+}{0:percent()}%
ITM_Name_452,346366147551392,파워 리치 (점액)
ITM_Attr_453,28711131492114442,근접 공격 밀어내기 거리 {0:0.##}x
ITM_Name_453,346366147551394,파워 리치 (전기)
ITM_Attr_454,28958566212935680,보스 체력 {0:0.##}x
ITM_Name_454,346366147551396,포뮬러 딩거스 다리
ITM_Attr_455,31508239826001920,적 밀도 {0:0.##}x
ITM_Name_455,346366147551398,팽창하는 우주
ITM_Attr_456,32668876866297856,아군 이벤트 구조물 체력 {0:|+|+|+}{0:percent()}%
ITM_Attr_457,32668876891463680,아군 이벤트 구조물 체력 재생 {0:|+|+|+}{0:percent()}%
ITM_Attr_458,32672250860904448,플레이어 이벤트 구조물 체력 {0:0.##}x
ITM_Attr_461,35944488173035523,플레이어 이벤트 구조물 체력 재생 {0:+#.##;-#.##;+0}
ITM_Attr_462,35944488173035521,카드당 노드 크레딧 수집 {0:|+|+|+}{0:percent()}
ITM_Attr_463,35944488173035522,카드당 노드 크레딧 수집 {0:0.##}x
ITM_Attr_464,35944488173035524,랭거스와 글리지 보상 {0:|+|+|+}{0:percent()}%
ITM_Attr_465,35944488173035525,랭거스와 글리지 보상 {0:0.##}x
ITM_Attr_466,35944488168841216,적 이벤트 구조물 체력 {0:0.##}x
ITM_Attr_467,35944488173035520,적 이벤트 구조물 체력 재생 {0:0.##}x
ITM_Attr_468,36192743306592256,적 제한 이동 플래그 {0:+#.##;-#.##;+0}
ITM_Attr_476,51150823332241417,미니 보스 체력 재생 {0:+#.##;-#.##;+0}
ITM_Attr_477,51150823332241418,미니 보스 체력 재생 {0:|+|+|+}{0:percent()}%
ITM_Attr_478,51150823332241419,미니 보스 체력 재생 {0:0.##}x
ITM_Attr_479,51150823332241408,미니 보스 공격 속도 {0:+#.##;-#.##;+0}
ITM_Attr_480,51150823332241409,미니 보스 공격 속도 {0:|+|+|+}{0:percent()}%
ITM_Attr_481,51150823332241410,미니 보스 공격 속도 {0:0.##}x
ITM_Attr_482,51150823332241411,미니 보스 피해 {0:+#.##;-#.##;+0}
ITM_Attr_483,51150823332241412,미니 보스 피해 {0:|+|+|+}{0:percent()}%
ITM_Attr_484,51150823332241413,미니 보스 피해 {0:0.##}x
ITM_Attr_485,51192819124002824,운동 저항 {0:+#.##;-#.##;+0}
ITM_Attr_486,51192819124002825,운동 저항 {0:|+|+|+}{0:percent()}%
ITM_Attr_487,51192819124002826,운동 저항 {0:0.##}x
ITM_Attr_488,51192819124002818,화염 저항 {0:+#.##;-#.##;+0}
ITM_Attr_489,51192819124002819,화염 저항 {0:|+|+|+}{0:percent()}%
ITM_Attr_490,51192819124002820,화염 저항 {0:0.##}x
ITM_Name_490,346366147551464,대구에 옥수수 버프
ITM_Attr_491,51192819124002821,얼음 저항 {0:+#.##;-#.##;+0}
ITM_Attr_492,51192819124002822,얼음 저항 {0:|+|+|+}{0:percent()}%
ITM_Attr_493,51192819124002823,얼음 저항 {0:0.##}x
ITM_Attr_494,51192819115614208,전기 저항 {0:+#.##;-#.##;+0}
ITM_Name_494,346366147551468,시각 수색
ITM_Attr_495,51192819124002816,전기 저항 {0:|+|+|+}{0:percent()}%
ITM_Name_495,346366147551470,C-캡 몸통
ITM_Attr_496,51192819124002817,전기 저항 {0:0.##}x
ITM_Attr_497,51192819128197120,점액 저항 {0:+#.##;-#.##;+0}
ITM_Name_497,346366147551474,바람걸음 버프 (전기)
ITM_Attr_498,51192819128197121,점액 저항 {0:|+|+|+}{0:percent()}%
ITM_Name_498,346366147551476,바람걸음 버프 (화염)
ITM_Attr_499,51192819128197122,점액 저항 {0:0.##}x
ITM_Name_499,346366147551478,바람걸음 버프 (얼음)
ITM_Attr_500,51228348767989760,프랑켄 빈즈 튜브 파괴 피해 {0:0.##}x
ITM_Name_500,346366147551480,바람걸음 버프 (점액)
ITM_Attr_501,51228348763795458,보스 구조물 체력 {0:0.##}x
ITM_Name_501,346366147551482,바람걸음 버프 (운동)
ITM_Attr_502,51228348763795459,보스 약점 피해 {0:0.##}x
ITM_Name_502,346366147551484,닌자 마크 버프 (운동)
ITM_Attr_503,51228348763795456,보스 이동 속도 {0:0.##}x
ITM_Attr_504,51228348751212544,보스 하수인 수 {0:0.##}x
ITM_Attr_505,51228348763795457,보스 정적 고기 스폰 시간 {0:0.##}x
ITM_Attr_506,54003789702397952,고기 획득 확률 {0:|+|+|+}{0:percent()}%
ITM_Name_510,346366151745540,파고들기 중
ITM_Name_511,346366151745542,벨리 그라인더 다리
ITM_Name_523,346366151745564,반입법자
ITM_Name_525,346366151745568,기관단총 재장전
ITM_Name_526,346366151745570,황금 총알
ITM_Name_528,346366151745574,민첩성 I
ITM_Name_535,346366151745588,점액 마스터리 I
ITM_Name_536,346366151745590,얼음 마스터리 I
ITM_Name_537,346366151745592,운동 마스터리 I
ITM_Name_538,346366151745594,전기 마스터리 I
ITM_Name_540,346366151745598,원거리 마스터리 I
ITM_Name_541,346366151745600,근거리 마스터리 I
ITM_Name_542,346366151745602,공격 마스터리 I
ITM_Name_558,346366151745634,굴 주유소
ITM_Name_559,346366151745636,쥐젖
ITM_Name_560,346366151745638,소고기 튀김
ITM_Name_561,346366151745640,마트 초밥
ITM_Name_562,346366151745642,근접 공격 마스터리 I
ITM_Name_563,346366151745644,시애틀 도그 버프
ITM_Name_564,346366151745646,까마귀 알
ITM_Name_565,346366151745648,럼햄
ITM_Name_566,346366151745650,운동 마스터리 II
ITM_Name_567,28316283748474880,가시덤불 두개골
ITM_Name_568,28316283748474881,새우 파마산
ITM_Name_569,346366151745656,근육맨 몸통 패시브
ITM_Name_570,346366151745658,닌자 몸통 패시브
ITM_Name_572,346366151745662,뜨거운 햄 물
ITM_Name_573,346366151745664,닭고기 사시미
ITM_Name_574,346366151745666,내가 주스라고 부르는 게 바로 이거야
ITM_Name_575,346366151745668,고기 아이스크림
ITM_Name_576,346366151745670,외국인 벨트
ITM_Name_577,346366151745672,독수리 벌 고기 꿀
ITM_Name_578,346366151745674,고기 마나
ITM_Name_579,346366151745676,탈진 구미
ITM_Name_580,346366151745678,디핑
ITM_Name_581,346366151745680,슬러지 크림 콘
ITM_Name_583,346366151745684,닌자 마크 버프 (화염)
ITM_Name_584,346366151745686,닌자 마크 버프 (얼음)
ITM_Name_585,346366151745688,닌자 마크 버프 (전기)
ITM_Name_586,346366151745690,닌자 마크 버프 (점액)
ITM_Name_587,346366151745692,원소의 힘 I
ITM_Name_588,346366151745694,물론 방어 가능
ITM_Name_589,346366151745696,두뇌 흡수 (전기)
ITM_Name_590,346366151745698,두뇌 흡수 (화염)
ITM_Name_591,346366151745700,두뇌 흡수 (얼음)
ITM_Name_592,346366151745702,두뇌 흡수 (운동)
ITM_Name_593,346366151745704,두뇌 흡수 (점액)
ITM_Name_594,346366151745706,두더지 때리기 보너스
ITM_596_HE_0,18226653695041537,무기 교체 시
ITM_Name_596,28316283748474882,대구에 옥수수
ITM_Name_597,346366151745712,색채의 저주
ITM_Name_598,346366151745714,도살자 치유 T1
ITM_Name_599,346366151745716,도살자 치유 T2
ITM_Name_600,346366151745718,도살자 치유 T3
ITM_601_HE_0,18226653695041538,"<#FFEB04><link=""Keyword:3"">[냉기]</link></color> 대상 무기 처치 시 15% 확률"
ITM_Name_601,28316283748474883,눈 스퀴시
ITM_Name_603,1484724542365696,바람걸음 속도
ITM_Name_604,1849357526622208,잔혹한 저주
ITM_Name_609,4779317228724224,극저온 캔디 버프
ITM_Name_610,5102145664704512,부관 I
ITM_Name_611,5102145664704514,부관 II
ITM_Name_612,5102145664704516,부관
ITM_Name_613,5102145664704518,능력 충전 I
ITM_Name_614,5102145664704520,능력 충전 II
ITM_Name_615,5102145664704522,능력 충전 III
ITM_Name_617,5471888120733696,고고학 I
ITM_Name_618,5471888120733698,고고학 II
ITM_Name_619,5471888120733700,고고학
ITM_Name_620,5471888120733702,낚시 I
ITM_Name_621,5471888120733704,낚시 II
ITM_Name_622,5471888120733706,낚시
ITM_Name_623,5471888120733708,지질학 I
ITM_Name_624,5471888120733710,지질학 II
ITM_Name_625,5471888120733712,지질학
ITM_626_HE_0,18935442668773376,처치 시 50% 확률
ITM_Name_626,5471888120733714,보안관 I
ITM_627_HE_0,18935442672967680,처치 시 75% 확률
ITM_Name_627,5471888120733716,보안관 II
ITM_Name_628,5471888120733718,보안관
ITM_629_HE_0,18935442672967681,근접 공격으로 처치 시 15% 확률
ITM_Name_629,5925295726981120,도살자 I
ITM_630_HE_0,18935442672967682,근접 공격으로 처치 시 20% 확률
ITM_Name_630,5925295726981122,도살자 II
ITM_631_HE_0,18935442672967683,근접 공격으로 처치 시 25% 확률
ITM_Name_631,5925295726981124,도살자
ITM_632_HE_0,18935442672967684,원거리 무기 처치 시
ITM_Name_632,28316283748474884,살해자 I
ITM_Name_633,5925295726981128,살해자 버프 I
ITM_Name_634,5925295726981130,살해자 버프 II
ITM_Name_635,5925295726981132,살해자 버프 III
ITM_Name_636,28316283748474885,살해자 II
ITM_Name_637,28316283748474886,학살자
ITM_Name_638,9851941352890368,철거 I
ITM_Name_639,9851941352890369,철거 II
ITM_Name_640,9851941352890370,폭파
ITM_Name_641,9965603942031360,분쇄의 저주
ITM_Name_644,10231597377773568,미트볼 I
ITM_Name_645,10231597377773569,미트볼 II
ITM_Name_646,10231597377773570,미트볼
ITM_Name_651,13470112974626816,능력 마스터리 I
ITM_Name_659,14836559116476416,격노한 헌터의 손아귀
ITM_Name_982,39085048019582976,거미 길쌈
ITM_Name_984,40359174763175936,공허한 돌진 I
ITM_Name_985,40359174763175937,공허한 돌진 II
ITM_Name_986,40359174763175938,성형작약
ITM_Name_987,40994790945316864,버거 뒤집개 I
ITM_Name_988,40994790945316865,하수인 마스터 I
ITM_Name_989,40994790945316866,수영 선수 I
ITM_Name_990,40994790945316867,버거 뒤집개 II
ITM_Name_991,40994790945316868,하수인 마스터 II
ITM_Name_992,40994790945316869,수영 선수 II
ITM_Name_993,40994790945316870,버거 뒤집개
ITM_Name_994,40994790945316871,하수인 마스터
ITM_Name_995,40994790945316872,수영 선수
LSB_0,33717200404602880,셰이더 변수 컴파일 중 [ 2 / 4096 ]
LSB_1,33717200408797184,"미안, 똥 싸고 있었어..."
LSB_10,33717200408797193,"로키, 수확기로 가!"
LSB_11,33717200408797194,고기는 꿈을 현실로 만들어...
LSB_12,33717200408797195,"Swapmeat에 온 걸 환영해, 사랑해..."
LSB_13,33717200408797196,고기 천국으로 출발!
LSB_14,33717200408797197,다시 고기에 대해 이야기해 보자면...
LSB_15,33717200408797198,세상은 너의 굴 주유소지...
LSB_16,33717200408797199,나는 고기 아이스크림이야...
LSB_17,33717200408797200,와서 좀 가져가...
LSB_18,33717200408797201,고기나 뭐라도 좀 바꿔볼까?
LSB_19,33717200408797202,우리도 고기를 가지고 있어...
LSB_2,33717200408797185,다들 잘했어...
LSB_20,33717200408797203,물리친 적과 고기를 교환해...
LSB_21,33717200408797204,글리지 걸프는 돌연변이가 원하는 것들을 가지고 있지!
LSB_22,33717200408797205,그래픽 좀 강화하고...
LSB_23,33717200408797206,"나중에 봐, 우주의 고기 소년..."
LSB_24,33717200408797207,도파민 주입...
LSB_25,33717200408797208,"안녕, 고기 애호가 친구들!"
LSB_26,33717200408797209,여기에 게임 플레이 팁을 넣어야 할까? 아니면...
LSB_27,33717200408797210,전부 너무 명확해서 어디로 가야 할지 정확히 알고 있어!
LSB_28,33717200408797211,오늘은 집에 있기 좋은 날씨네...
LSB_29,33717200408797212,살덩어리를 꼭 붙잡아...
LSB_3,33717200408797186,육각형은 여전히 최고야...
LSB_30,33717200408797213,내용은 다음과 같아...
LSB_31,33717200408797214,"고기를 바꾸고, 능력을 얻고, 멋지지..."
LSB_32,33717200408797215,네 고기는 굉장히 중요해. 잠시만...
LSB_33,33717200408797216,"사람들은 내가 로딩하는 걸 보고, 우린 기다리지..."
LSB_34,33717200408797217,조금은 거칠고 조금은 이상해...
LSB_35,33717200408797218,완벽한 고기 활성화...
LSB_36,33717200408797219,네가 뭘 할 수 있는지 보여줘...
LSB_37,33717200408797220,이 메시지만 보내고 돌아올게...
LSB_38,33717200408797221,난 거북이가 좋더라...
LSB_39,33717200408797222,게임 시작...
LSB_4,33717200408797187,너무 흐릿하네...
LSB_40,33717200408797223,행성에서 행성으로 알루미늄의 힘으로...
LSB_41,33717200408797224,"랭거스는 고기를 가지고 있고, 우리는 움직일 줄 알지..."
LSB_42,33717200408797225,고기가 다시 메뉴에 오른 것 같아...
LSB_43,33717200408797226,어떤 스테이크도 우리에게서 안전하지 않아...
LSB_44,33717200408797227,"오오, 이제 요리가 시작됐군..."
LSB_45,33717200408797228,잠시 시간을 보내고 반짝반짝 빛나세요...
LSB_46,33717200408797229,네 재능에 대해 이야기해 볼까...
LSB_47,33717200408797230,나는 작고 뚱뚱한 고깃덩어리지...
LSB_48,33717200408797231,서로에게 최선을 다하세요...
LSB_49,33717200408797232,랭거스: 고기에 있습니다!
LSB_5,33717200408797188,베이비 붐!
LSB_50,33717200408797233,그래서 어쨌거나 폭발하기 시작했어...
LSB_51,33717200408797234,랫밀크는 모든 쥐들을 끌어들이지...
LSB_52,33717200408797235,모선에 전한다...
LSB_53,33717200408797236,"친구들, 파티하자..."
LSB_54,33717200408797237,뜨거운 소식이 있습니다...
LSB_55,33717200408797238,UX 긴급 상황으로 기글 플럼스 박사에게 호출합니다...
LSB_56,33717200408797239,정육점에서 전화가 왔는데 다 떨어졌대요!
LSB_57,33717200408797240,터보 타임!!!
LSB_58,33717200408797241,우리 모두 이 글을 쓴 사람을 찾으려고 노력하고 있어요...
LSB_59,33717200408797242,랭거스 고기를 원해!
LSB_6,33717200408797189,만나서 고기해요...
LSB_60,33717200408797243,내가 QWERTY 키보드 치는 걸 잡으려고 해!
LSB_61,33717200408797244,OmgQuoteFile.txt 로딩 중...
LSB_62,33717200408797245,그럼 이만. 물고기 균열은 정말 고마워...
LSB_63,33717200408797246,절대 포기하거나 항복하지 마...
LSB_64,33717200408797247,확률 따위 집어치워...
LSB_65,33791349307203584,재밌는 건 지금부터야...
LSB_66,44278023992631296,전설은 계속된다...
LSB_67,49081405366329344,랭거스 고기는 자사 제품의 오용에 대한 책임을 지지 않습니다.
LSB_68,49081405366329345,랭거스 고기. 우리가 은하계를 구했습니다. 천만에요...
LSB_7,33717200408797190,"팀에 '나'는 없지만, 고기는 있죠..."
LSB_8,33717200408797191,넌 고기 그 자체야...
LSB_9,33717200408797192,이 게임은 그냥 알아서 만들어지지...
MEH_Desc_14,44292824242688000,잊은 것 없어요? 다음 번엔 제대로!
MEH_Name_14,346366151745722,비어 있는 고기 머리
MEH_Desc_48,44292824276242432,간식 먹을 사람?
MEH_Name_48,346366151745724,그릴드 유령 머리
MEH_Desc_49,44292824276242433,"맙소사, 크리퍼들! 그거 어디서 났어... 됐다."
MEH_Name_49,346366151745726,피퍼로니 머리
MEH_Desc_50,44292824276242434,모두가 당신이 남기는 선물을 좋아합니다.
MEH_Name_50,346366151745728,광부 머리
MEH_Desc_51,44292824276242435,덩어리 없이 그레이비를 만들 수 있어요!
MEH_Name_51,346366151745730,척탄병 머리
MEH_Desc_53,44292824276242436,이건 위생적이지 않아요.
MEH_Name_53,19687531120418816,고블 게이저 머리
MEH_Desc_54,44292824276242437,당신의 아빠는 누구죠?
MEH_Name_54,346366151745734,스쿼트 대디 머리
MEH_Desc_55,44292824276242438,"수리검, 수리검, 수리검, 휘익!"
MEH_Name_55,346366151745736,닌자 머리
MEH_Desc_56,44292824276242439,얼굴에 팔이 달려 있네요. 다른 게임이라면 이상하게 보일 겁니다.
MEH_Name_56,346366151745738,문어 머리
MEH_Desc_57,44292824276242440,추가 비용 없이 호버링 포탑이 포함됩니다.
MEH_Name_57,346366151745740,파일럿 머리
MEH_Desc_58,44292824276242441,머리가 로켓이라고? 어떻게 그런 일이 가능하죠?
MEH_Name_58,346366151745742,로켓 머리
MEH_Desc_59,44292824276242442,"아, 1,000척의 배를 침몰시킨 얼굴을 보라!"
MEH_Name_59,346366151745744,브로드사이드 머리
MEH_Desc_60,43539132193894400,모든 직원에게 표준 규격의 스마트 고기 머리가 제공됩니다.
MEH_Name_60,346366151745746,랭거스 직원 머리
MEH_Desc_61,44292824276242443,세상이 당신의 침통입니다. 즐기세요.
MEH_Name_61,19687531128807424,버그재퍼 머리
MEH_Desc_62,44292824276242444,여기 위에 눈이 있을 거라고 생각했겠지만 아니죠.
MEH_Name_62,346366151745750,아이클롭스 머리
MEH_Desc_63,44292824276242445,지상 관제소에서 주요 고기를...
MEH_Name_63,346366151745752,랭거스 관리자 머리
MEH_Desc_64,44292824276242446,우리에게도 이건 꽤 역겹습니다.
MEH_Name_64,346366151745754,프랑켄 스토크 머리
MEH_Desc_65,44292824276242447,"만약 블록헤드가 앞면을 맞출 수 있다면, 블록헤드는 몇 개의 앞면을 맞출 수 있을까요?"
MEH_Name_65,15651248710606848,블록헤드 머리
MEH_Desc_66,44292824276242448,"네, 다 고기입니다. 다른 질문 있으신가요?"
MEH_Name_66,346366151745758,포탑 머리
MEH_Desc_67,44292824276242449,외계인을 이해하려면 외계인처럼 생각해야 합니다.
MEH_Name_67,346366151745760,외계인 머리
MEH_Desc_68,44292824276242450,군중에게 덩어리를.
MEH_Name_68,346366151745762,루거 머리
MEH_Desc_69,44292824276242451,엄마들만 아는 얼굴... 아니 그 누구도...
MEH_Name_69,346366151745764,더트백 머리
MEH_Desc_70,44292824276242452,파괴 봉인 해제.
MEH_Name_70,346366151745766,하이빔 머리
MEH_Desc_71,44292824276242453,던져! 빨리 던져!
MEH_Name_71,346366151745768,접이식 의자 머리
MEH_Desc_72,43507558438072320,칼 랭거스가 처음으로 경쟁에 뛰어든 사람에게 직접 수여하는 상입니다.
MEH_Name_72,31000223307259904,꽥꽥 옵스 머리
MEH_Desc_73,43507558467432448,두개골 부상이 증가한다는 사실은 아직 증명되지 않았습니다.
MEH_Name_73,33737058423312384,튀어나온 뇌 머리
MEH_Desc_74,43507558467432449,코너 오말리는 평생동안 랭거스를 제공받는 대가로 자기 초상권을 넘겨 버렸습니다. 물론 계약서는 읽지 않았죠.
MEH_Name_74,34043328225251328,코너 오말리의 가면 머리
MEH_Desc_75,44292824276242454,그 안에 있는 작은 녀석은 누구죠? 물어보지 않는 것이 좋습니다.
MEH_Name_75,41673761746227200,랭거스 파일럿 머리
MEL_Desc_25,346366155939841,다리 운동 하는 날을 빼먹었군.
MEL_Name_25,346366155939840,빈 고기 다리
MEL_Desc_35,44292824276242455,전속력으로 전진하세요.
MEL_Desc_36,44292824276242456,"나비처럼 날아, 살인벌처럼 쏴라."
MEL_Name_36,346366155939844,그릴드 유령 다리
MEL_Desc_37,44292824276242457,타이어를 태우고 약자를 짓밟아라.
MEL_Name_37,346366155939846,휠리 다리
MEL_Desc_38,44292824276242458,작은 건물은 두 번에 점프.
MEL_Name_38,346366155939848,스쿼트 대디 다리
MEL_Desc_39,44292824276242459,공중에 뭔가 있는 것처럼 걸어보세요.
MEL_Desc_40,44292824276242460,"육지나 바다, 캐주얼이나 정장 어디에도 어울립니다."
MEL_Name_40,346366155939852,문어 다리
MEL_Desc_41,44292824276242461,이 튼실한 허벅지가 부러운 사람~
MEL_Name_41,346366155939854,브로드사이드 다리
MEL_Desc_42,44292824276242462,앞세대가 입던 대로 그대로.
MEL_Name_42,346366155939856,랭거스 직원 다리
MEL_Desc_43,44292824276242463,크리퍼가 아니라 크리피라고. 미묘한 차이가 있어요.
MEL_Name_43,19687531128807427,크리퍼 다리
MEL_Desc_44,44292824276242464,여기 눈은 없습니다. 아마 그게 더 좋을 걸요.
MEL_Name_44,19687531128807428,아이클롭스 다리
MEL_Desc_45,44292824276242465,"전투에서 검증되었고, 칼이 승인했습니다."
MEL_Name_45,346366155939862,랭거스 연구원 다리
MEL_Desc_46,44292824276242466,거기 위쪽 날씨는 어떤가요?
MEL_Name_46,346366155939864,하이빔 다리
MEL_Desc_47,44292824276242467,귀여운 굴착꾼은 누구? 바로 너!
MEL_Name_47,346366155939866,더트백 다리
MEL_Desc_48,44292824276242468,왜 아직도 얼빠진 놈처럼 돌아다니는 거죠?
MEL_Name_48,346366155939868,랭글러 다리
MEL_Desc_49,44292824276242469,"네, 고기예요. 전부 고기죠. 이미 이야기했잖아요."
MEL_Name_49,19687531128807429,탱거스 레이서 다리
MET_Desc_15,346366155939873,몸통이 없어도 문제는 없습니다.
MET_Name_15,346366155939872,비어 있는 고기 몸통
MET_Desc_153,44292824276242470,"오오, 무섭기도 하지!"
MET_Name_153,346366155939874,그릴드 유령 몸통
MET_Desc_154,44292824276242471,자폭의 원인입니다.
MET_Name_154,346366155939876,척탄병 몸통
MET_Desc_157,44292824276242472,무료 검보! (일부 행성 제외)
MET_Name_157,346366155939878,휠리 몸통
MET_Desc_158,44292824276242473,"돌려요, 아빠!"
MET_Name_158,346366155939880,스쿼트 대디 몸통
MET_Desc_162,44292824276242474,검은 어디 숨긴 거지? 누가 알겠어요?
MET_Name_162,346366155939882,닌자 몸통
MET_Desc_164,44292824276242475,로켓이 있다고?
MET_Desc_166,44292824276242476,"아, 여기 이두박근 보세요!"
MET_Name_166,346366155939886,브로드사이드 몸통
MET_Desc_167,43539132223254528,여러 세대에 걸쳐 고기 과학자들이 입어왔습니다.
MET_Name_167,346366155939888,랭거스 직원 몸통
MET_Desc_178,44292824276242477,지직 그리고 치직!
MET_Name_178,19687531133001729,버그재퍼 몸통
MET_Desc_183,44292824276242478,어떤 게임은 머리에만 눈을 넣어주지만 우린 달라요!
MET_Name_183,346366155939892,아이클롭스 몸통
MET_Desc_187,44292824276242479,"귀여운 걸어다니는 폭탄을 터뜨려라. 딸깍, 탁탁, 쾅!"
MET_Name_187,346366155939894,박스페이스 몸통
MET_Desc_189,44292824276242480,클래식.
MET_Name_189,346366155939896,랭거스 연구원 몸통
MET_Desc_190,346366155939899,높은 곳을 차지하세요.
MET_Name_190,346366155939898,타워 몸통
MET_Desc_191,44292824276242481,적을 말라죽게 하세요.
MET_Name_191,346366155939900,하이빔 몸통
MET_Desc_192,346366155939903,머리랑 같이 보면 완벽하게 오리입니다.
MET_Name_192,346366155939902,덕스톤 몸통
MET_Desc_193,44292824276242482,외계 도넛 배달 서비스!
MET_Name_193,19687531133001730,조르프젯 몸통
MET_Desc_194,43507558467432450,저 작은 오리는 당신을 망가뜨릴 만한 걸 봤어요.
MET_Name_194,31000223311454208,꽥꽥 옵스 바버 몸통
MET_Desc_195,43507558467432451,"랭거스 키즈 메뉴의 오리지널 ""졸리 피스트"" 옵션을 떠올리게 하는 향수 어린 메뉴입니다."
MET_Name_195,33737058440089600,슈롱크 바버 몸통
MET_Desc_196,43507558467432452,클래식한 모습이 여전히 최고입니다.
MET_Name_196,34043328225251329,칼의 골든 바버 몸통
MET_Desc_197,44292824276242483,평범하지만 비범한 사람들이 입는 옷.
MET_Name_197,41758238770106368,랭거스 파일럿 몸통
PE_Desc_1,346366168522799,덩굴 파괴하기
PE_Desc_4,346366168522801,프랑켄 감염
PE_Desc_8,346366168522803,감염된 추락 현장
PE_Desc_11,346366168522807,마켓이 열렸습니다
PE_Desc_20,346366168522809,벌레 둥지
PE_Desc_25,45470492428066816,수상 착륙
PE_Desc_26,346366168522813,라디오 어쩌고저쩌고
PE_Desc_35,346366168522815,구멍에 눈이 있습니다...
PE_Desc_36,346366168522817,나를 지켜보는 눈.
PE_Desc_37,346366168522819,고기 대 기계
PE_Desc_38,346366168522821,군중은 어디에?
PE_Desc_40,346366168522823,고기 코어 수확기
PE_Desc_41,346366168522825,프랑켄 티클러 막기
PE_Desc_42,346366168522827,고기 제물
PE_Desc_43,346366168522829,묻힌 보물 찾기
PE_Desc_44,346366168522831,고기 블렌더
PE_Desc_53,346366168522837,근절 작전
PE_Desc_54,45470492470009856,보물 강탈
PE_Desc_56,346366168522841,대규모 감염
PE_Desc_57,346366168522843,끈적한 집결
PE_Desc_58,346366168522845,롤리폴리 물고기 알
PE_Desc_60,346366168522847,썩은 고기
PE_Desc_64,346366168522851,하트 브레이커
PE_Desc_65,346366168522853,배드 버블 보이즈
PE_Desc_69,346366168522855,외계인 살코기 농장
PE_Desc_70,346366168522857,TV 죽이기
PE_Desc_72,346366168522861,꺼져!
PE_Desc_73,346366168522863,거창한 야외 파티
PE_Desc_75,346366168522867,이게 대체 뭐야?
PE_Desc_77,346366168522871,위험에 처한 요리사들
PE_Desc_79,346366168522875,근처 체력 스테이션
PE_Desc_83,346366168522881,탱거스 500
PE_Desc_84,346366168522883,래슬링 연습
PE_Desc_86,346366168522887,파이프 청소
PE_Desc_87,346366168522889,스폰 도어를 닫으세요!!!
PE_Desc_88,346366168522891,외계인 매트릭스
PE_Desc_89,15325185385988096,트랙터 빔을 막으세요!!
PE_Desc_90,31181757232812032,첫 수확
PE_Desc_91,31181757266366470,벌레 뭉개기
PE_Desc_92,346366168522899,다리 사용하기
PE_Desc_96,5177172537671680,스마트 고기를 준비시켜요!
PE_Desc_98,16371853938163712,산 아래
PE_Desc_99,18285212149252096,감염된 동굴
PE_Desc_100,42829564599439360,터널 돌연변이
PE_Desc_101,21033271765532672,주스 끄기
PE_Desc_104,31957267828957184,버니 구하기!
PE_Desc_105,32979855038251008,외계인 클론 공장
PE_Desc_106,34098342833979393,외계인 클론 포드
PE_Desc_109,39596777527869440,장물아비 밥
PE_Desc_110,40051845133795328,흉물 소환을 막으세요
PE_Desc_116,56885979705540608,수정을 정렬하세요!
PF_Name_5,346366160134200,나선형 척추 1.1
PF_Name_6,346366160134201,건강한 리스폰 1.1
PF_Name_7,346366160134202,리스폰 1.1
PF_Name_16,346366160134204,건강 보험 1.1
PF_Name_17,346366160134205,건강 보험 1.2
PF_Name_19,346366160134207,프랑켄 펠드 v1
PF_Name_20,346366160134208,프랑켄 빈즈 이벤트 개시
PF_Name_21,346366160134209,나선형 척추 1.2
PF_Name_23,346366160134211,전기톱 운용 면허
PF_Name_24,346366160134212,균열 낚시 면허
PF_Name_25,346366160134213,광물 채집 면허
PF_Name_30,346366160134218,월요일 밤의 중간고사 v1
PF_Name_31,346366160134219,돌연변이 보스 이벤트 개시
PF_Name_40,12397278445690880,변이된 척추 1.1
PF_Name_41,12397278445690882,변이된 척추 1.2
PF_Name_45,18853199392792576,라이프 코치 댄
PF_Name_49,43898315618639872,리스폰 1.2
PF_Name_50,43942200373927936,건강한 리스폰 1.2
PF_Name_51,43942200378122240,건강한 리스폰 1.3
PF_Name_52,51528552074436608,프랑켄 펠드 v2
PF_Name_53,51548702039334912,프랑켄 펠드 v3
PF_Name_54,51548702039334913,프랑켄 펠드 v4
PF_Name_55,51548702039334914,월요일 밤의 중간고사 v2
PF_Name_56,51497077471961092,월요일 밤의 중간고사 v3
PF_Name_57,51497077471961093,월요일 밤의 중간고사 v4
PF_Name_58,51597951263301632,무작위 행성계 v1
PF_Name_59,51597951263301633,무작위 행성계 v2
PF_Name_60,51597951263301634,무작위 행성계 v3
PF_Name_61,51597951263301635,무작위 행성계 v4
PF_Name_62,53001828437057536,승급
PF_Name_63,53001828437057537,아주매운맛 난이도
PF_Name_64,53001828437057538,악몽 난이도
PF_Name_65,53001828437057539,매운맛 난이도
PF_Name_66,55558274441797632,건강 보험 1.3
PF_Name_67,55558274441797633,건강 보험 1.4
PLN_Name_1,346366160134182,DBG_플랫맵
PLN_Name_2,346366160134183,프랑켄 프릭아웃
PLN_Name_5,346366160134184,댕거스 산
PLN_Name_8,346366160134185,DBG_MeatSwap테스트_행성
PLN_Name_11,346366160134186,페테리움
PLN_Name_13,346366160134187,DBG_록스버러
PLN_Name_16,346366160134188,ROX-1
PLN_Name_17,346366160134189,칼립소
PLN_Name_18,346366160134190,브리스케톤
PLN_Name_20,346366160134191,빅올드 탱거스
PLN_Name_21,346366160134192,DBG_이벤트테스트
PLN_Name_22,346366160134193,리틀 탱거스
PLN_Name_23,346366160134194,월요일 밤의 중간고사
PLN_Name_24,346366160134195,튜토리우스 I
PM_Desc_1,381307304534016,적들이 갑옷을 입은 상태입니다
PM_Name_1,381307296145408,갑옷 입은 악당들
PM_Desc_2,381307304534018,최대 체력이 30% 감소합니다
PM_Name_2,381307304534017,감기
PM_Desc_3,381307304534020,적의 이동 속도가 30% 증가합니다
PM_Name_3,381307304534019,빠른 악당들
PM_Desc_4,381307304534022,적들이 죽으면 폭발합니다
PM_Name_4,381307304534021,테크노 바이러스
SS_Name_7,31684905095127040,무작위
SS_BossName_2,45462395923980288,내리찍는 아버지
TPUP_Desc_1_0,54070344137302016,이제 <color=#FF3667>은하계 터미널</color>을 사용해 목적지를 변경할 수 있습니다!<br>새로운 행성계를 잠금 해제할 때마다 여기에서 사용할 수 있습니다.<br>또한 게임의 <color=#FF3667>난이도</color> 조정도 가능합니다.
TPUP_Desc_2_0,54070344145690624,"그들을 막을 수는 없다. 늦출 수 있을 뿐이다.<br><br><color=#FF3667>지령을 완수해 그들을 밀어내라</color> — 그들이 도착한 뒤에도 마찬가지다. 지령을 소홀히 하면 그들은 <color=#FF3667>격노</color>하여 막대한 <color=#FF3667>체력</color>, <color=#FF3667>피해량</color>, <color=#FF3667>속도</color>를 얻는다. 임무에 집중하면 다시 그들을 몰아낼 수 있다."
TPUP_Desc_2_1,54070344145690625,"도착 후, 헌터들은 금방 <color=#FF3667>격노</color>하며 탈출이 거의 불가능해집니다.<br><br>헌터가 격노하는 상황은 피하고 싶을 것입니다. 경고했습니다."
TPUP_Desc_2_2,54070344145690626,"도착 후, 헌터들은 금방 <color=#FF3667>격노</color>하며 탈출이 거의 불가능해집니다.<br>명령을 완료하면 격노한 헌터들을 여전히 <color=#FF3667>추방</color>할 수 있지만 실패할 수도 있습니다."
TPUP_Desc_3_0,54070344145690627,"이제 <color=#FF3667>재능 터미널</color>을 이용할 수 있습니다!<br><br><color=#FF3667>특별 부스트</color>를 위해 최대 3개의 재능을 런에 추가하세요. 각 재능은 서로 다른 기능을 하므로, 자신의 플레이 스타일에 맞는 재능을 전부 수집하세요!"
TPUP_Desc_4_0,54089774091198464,이제 <color=#FF3667>승급</color>을 이용할 수 있습니다!<br><br><color=#FF3667>악몽 난이도</color>에서만 이용 가능한 이 기능을 켜면 각 레벨에 점점 더 어려운 수정자가 추가됩니다.
TPUP_Desc_5_0,55533248523001856,이제 <color=#FF3667>직원 혜택 터미널</color>을 이용할 수 있습니다!<br><br>• 특전을 받으세요!<br> • 부양가족은 보장 대상이 아닙니다!
TPUP_Desc_6_0,55533248523001858,이제 <color=#FF3667>나침반</color>에 <color=#FF3667>광물 저장소</color>가 나타납니다.<br>제작과 거래에 사용되는 귀중한 <color=#FF3667>자원</color>을 수집하세요.
TPUP_Desc_7_0,55533248523001860,이제 <color=#FF3667>나침반</color>에 <color=#FF3667>고대 미식가</color>가 나타납니다.<br>제작과 거래에 사용되는 귀중한 <color=#FF3667>자원</color>을 수집하세요.
TPUP_Desc_8_0,55533248523001862,이제 <color=#FF3667>나침반</color>에 <color=#FF3667>낚시 구멍</color>이 나타납니다.<br>제작과 거래에 사용되는 귀중한 <color=#FF3667>자원</color>을 수집하세요.
TPUP_Desc_9_0,55533248523001863,이제 <color=#FF3667>궁극기 터미널</color>을 이용할 수 있습니다!<br><br>터미널에 접속해 <color=#FF3667>강력한 능력</color>을 잠금 해제하고 게임에서 활용하세요.
TPUP_Desc_10_0,55533248523001864,<color=#FF3667>무기 터미널</color>은 사격장 옆에 있습니다.<br><br>• 새로운 무기 잠금 해제<br>• 무기 등급을 높여 등급 점수 획득<br>• 무기 위력을 업그레이드하기 위해 등급 점수 할당<br>• 사격장에서 무기 테스트
TPUP_Title_2_0,54078995149348865,헌터 타이머
TPUP_Title_6_0,55533248523001857,채굴
TPUP_Title_7_0,55533248523001859,전기톱
TPUP_Title_8_0,55533248523001861,낚시
VO_SpeakerName_6,33332958671659008,전능고기 공주
VO_Transcript_1,346366160134223,도움이 필요해...
VO_Transcript_10,346366160134232,상황이 너무 심각해졌어
VO_Transcript_103,12434440726704134,난 보통 핫도그에 돌을 꽂아 먹는 걸 좋아해.
VO_Transcript_108,12434440726704139,엄폐물로 달려가!
VO_Transcript_11,346366160134233,"채팅에서 ""F""를 받을 수 있을까?"
VO_Transcript_111,18769949506699264,요리 성공! 추출 시작...
VO_Transcript_112,26304660661854208,이 행성에는 커다란 고기 코어가 있어. 그게 우리의 목적지로 가는 데 도움이 될 거야.<br>문제는 그것이 숨겨져 있다는 거지. 그러니 주의 깊게 살펴봐.
VO_Transcript_113,28287482192715776,"아 맞다, 여긴 아직도 소름이 끼친다니까. 침착해, 스퀴시. 그 슈트 찾으러 가자."
VO_Transcript_114,28287482192715777,"아, 이 아줌마 기억나. 우리 장거리 로봇 공장 중 하나였지.<br>음, 보증 기간이 벌써 지났군. 아마 심장이 안 좋아서 추출해야 할 것 같아."
VO_Transcript_115,28287482192715778,"큰 녀석이 나오면 네가 처리해, 스퀴시."
VO_Transcript_116,26565547768344576,"아아아아아아아아아아앙... 미안! 어, 잘하고 있어!"
VO_Transcript_117,26565547806093312,"지금이 기회야, 놈을 고정해!"
VO_Transcript_118,26565547806093313,"꼬마, 레프리에 집중해! 치사한 놈이야!"
VO_Transcript_119,26565547806093314,꼬마! 놈을 밧줄에 묶었잖아. 계속해! 빙 뱅 뱅!!
VO_Transcript_12,346366160134234,네가 장례식에 재미를 더하고 있잖아
VO_Transcript_120,35567081859571712,네가 싸워야 하는 놈들은 글리지에 열광하지.<br>이제 공급을 중단하는 거야.
VO_Transcript_121,35564579508445184,칼은 네게 훈련이 필요하다고 하지.<br>그러니까 내가 하는 말 잘 듣고 죽지 마. 알겠어?
VO_Transcript_122,35507031359086592,내 오랜 친구인 댄 코치가 널 돌봐줄 거야. 믿을 만한 녀석이지.
VO_Transcript_123,45655991566458880,싸울 준비가 되면 링으로 와서 나를 찾아.
VO_Transcript_125,55603792934895616,"안녕, 여기야! 리셋이 도움이 필요해!"
VO_Transcript_126,55603792968450048,보호막을 무너뜨리려면 보호막 생성기를 파괴해야 해.
VO_Transcript_127,55603792968450049,칼립소가 정신어 없는 것 같으니 리셋은 따라서 움직일게.
VO_Transcript_128,55603792968450050,리셋이 정말 곤경에 빠졌어. 도와줄래?
VO_Transcript_129,55603792968450051,나중에 다시 봐. 안녕!
VO_Transcript_13,346366160134235,이제 일이 심각해졌어
VO_Transcript_130,55603792968450052,도와줘서 고마워. 
VO_Transcript_131,55603792968450053,저기 거대한 돌머리 보여?
VO_Transcript_132,55603792968450054,파이프에 던져넣어서 보호막 생성기를 부수는 거야!
VO_Transcript_133,55603792968450055,잘하고 있어! 계속 그렇게 해!
VO_Transcript_14,346366160134236,화장은 네 뜨거운 몸의 마지막 희망이야
VO_Transcript_15,346366160134237,죽은 사람에 대해 나쁘게 말하는 것은 엄청난 실례라고 들었는데
VO_Transcript_16,346366160134238,경고. 수트 무결성이 손상되었어
VO_Transcript_17,346366160134239,결말은 예상대로네.
VO_Transcript_2,346366160134224,추출 완료. 이륙 임박.
VO_Transcript_21,346366160134243,제발 도와줘!
VO_Transcript_22,346366160134244,고마워! 친구들을 불러올게...
VO_Transcript_23,346366160134245,누가 감히 내 수역을 흐리는 거야?
VO_Transcript_24,346366160134246,"브래드 박사, 맞나?"
VO_Transcript_25,346366160134247,"아, 정정당당하게 나를 물리쳤어."
VO_Transcript_26,346366160134248,우리를 창조해 줘서 고맙다. 이제 우리가 널 파괴하겠다!!
VO_Transcript_27,346366160134249,행성 전역의 외계 세력을 공격하는 곤충에 대한 보고
VO_Transcript_28,346366160134250,고블 고블 고브!<br>(지원군 요청)
VO_Transcript_29,346366160134251,옴니미트 함선이 대기권에 진입했다.
VO_Transcript_3,346366160134225,즉시 출발하는 게 좋아.
VO_Transcript_30,346366160134252,"퐁크 씨, 이제 사냥하러 갈까?"
VO_Transcript_31,346366160134253,가끔은 총만으로는 부족하지. 가서 정체불명의 고기를 구해!
VO_Transcript_32,346366160134254,우리 과학자들이 최근에 고기로 정말 역겨운 일을 해왔지. 돌연변이 터미널에 가서 확인해 봐.
VO_Transcript_33,346366160134255,훌륭해! 한번 시도해 보는 건 어때!
VO_Transcript_34,346366160134256,화력이 좀 더 필요하겠어! 무기 터미널로 가서 새 무기를 사 보는 건 어때?
VO_Transcript_35,346366160134257,"이런, 저 고기들은 무슨 일이 일어났는지 모를 거야!"
VO_Transcript_36,346366160134258,과학자들이 정말 대단한 것들을 만들어냈잖아!
VO_Transcript_37,346366160134259,적대적인 선박 접근 중.
VO_Transcript_38,346366160134260,즉시 떠나야 해.
VO_Transcript_39,346366160134261,이제 한바탕 해볼까!
VO_Transcript_4,346366160134226,수확기가 접근 중이야. 고기 코어를 지켜
VO_Transcript_40,346366160134262,명예롭고... 막을 수 없는... 심판관을 위해 모두 일어나라!
VO_Transcript_42,346366160134263,입법자... 집행자... 너희들의 패배에 항소가 제기되었다!
VO_Transcript_43,346366160134264,"그에겐 정책도 있고, 존재감도 있고, 네 목숨을 거부할 절대적인 권한도 있다! 바로... 집행자다!"
VO_Transcript_44,346366160134265,예산위원회의 실세... 세부적인 사항까지 신경 쓰는... 입법자다!
VO_Transcript_45,346366160134266,아아아아아아아아아! 야아아아아아아!!
VO_Transcript_46,346366160134267,자판기에서 다리를 꺼내고 더트백 놈들을 바닥에 내리쳐!
VO_Transcript_47,346366160134268,놈들이 다시 숨기 전에 쓰러뜨리고 꼼짝 못 하게 해!
VO_Transcript_48,346366160134269,"좋아, 꼬마. 훈련을 시작할 시간이야."
VO_Transcript_49,346366160134270,"만나서 반갑다, 꼬마. 기계에서 다리를 떼어내고 트랙에 올라타!"
VO_Transcript_5,346366160134227,위협이 식별됨
VO_Transcript_50,346366160134271,이 경주에서 이길 수 있는 유일한 방법은 경쟁자를 물리치는 거야!
VO_Transcript_51,346366160134272,"네 실력 좀 볼까, 고깃덩이!"
VO_Transcript_52,346366160134273,"운전 잘하는데, 고깃덩이! 시간을 투자할 가치가 있겠어."
VO_Transcript_53,346366160134274,다음 행성에서 나를 찾아오면 훈련시켜 주지!
VO_Transcript_54,346366160134275,"됐어, 꼬마! 세 녀석이 너한테 접근 중이야!"
VO_Transcript_55,346366160134276,이제 좀 흥미롭게 만들어볼까!
VO_Transcript_56,346366160134277,"꼬마, 너라면 가능할지도 몰라!<br>여기서 끝내고 다음으로 넘어가자."
VO_Transcript_57,443347054354432,해냈구나! 잘했어!
VO_Transcript_58,443347054354433,저기 좀 봐. 화가 잔뜩 난 녀석들이 있어.
VO_Transcript_59,443347054354434,네가 찾고 있는 추락한 함선에는 고기 코어가 있을 거야. 연료로 그게 필요해.
VO_Transcript_6,346366160134228,목표 발견
VO_Transcript_60,443347054354435,"와우! 친구, 넌 정말 고기 과학의 기적이야!"
VO_Transcript_61,443347054354436,"오, 진정한 고기 과학이잖아."
VO_Transcript_62,443347054354437,앞에 고기 코어가 보여?
VO_Transcript_63,443347054354438,올라가서 준비되면 말해. 우리가 내려가서 가져갈게.
VO_Transcript_64,443347054354439,위에 있는 거대한 고기 성은 걱정 마. 그게... 음... 정상적인 거니까.
VO_Transcript_65,443347054354440,서둘러! 어서 가자!
VO_Transcript_66,443347054354441,"잘하고 있어, 스퀴시! 계속해. 거의 다 왔어!"
VO_Transcript_67,5194503924211712,목표를 달성하려면 이동해야 하지.<br><br>[InputAction:Gameplay/CharacterMovement] 키로 이동해.
VO_Transcript_68,5530917752791040,추락 현장이 멀지 않으니 계속 움직여.<br><br>[InputAction:Gameplay/CharacterMovement] 키로 이동해.
VO_Transcript_69,5590439401873408,수직 이동을 활용하면 기본적인 장애물을 극복할 수 있어.<br><br>[InputAction:Gameplay/Jump] 키로 점프해.
VO_Transcript_70,5593819578884096,평화로운 상호작용은 실행 가능한 옵션이 아니야.<br><br>[InputAction:Gameplay/RangedFire] 키로 사격하고 [InputAction:Gameplay/MeleeFire] 키로 근접 공격.
VO_Transcript_71,5601982608826368,"그 총들은 재장전이 빠르지. 적절한 지점에 조준해서 쏘면 돼, 알겠지?"
VO_Transcript_72,5756628069507072,"크리퍼 다리 좀 가져와, 알았지?"
VO_Transcript_73,5757385997017088,누군가 지시를 따르려고 애쓰고 있네.<br><br>신선한 고기 근처에서 [InputAction:Interact/Interact] 키로 교체해
VO_Transcript_74,5807500870803456,그렇게 어렵지 않을 거야.<br><br>점프한 다음 [InputAction:Gameplay/LegsAbility] 키로 돌진해
VO_Transcript_75,5841906717155328,입력을 기다리고 있어. 언제든 가능해.<br><br>고기 코어에서 [InputAction:Interact/Interact] 키를 눌러.
VO_Transcript_76,5846775804977152,노드 손실이 감지되었어. 노드를 방어해.
VO_Transcript_77,5846775813365760,"너만 믿는다, 스퀴시!"
VO_Transcript_78,5856049683750912,즉시 떠나야 해.<br><br>볼트 버거에서 [InputAction:Interact/Interact] 키를 누르면 탈출할 수 있어
VO_Transcript_79,5909901926658048,주목.
VO_Transcript_8,346366160134230,관심 지점 발견
VO_Transcript_80,5909901951823872,오류 감지됨.
VO_Transcript_81,28687422266007552,"아, 저 작은 다리가 움직이는 모습이 보기 좋다니까."
VO_Transcript_82,10206832594026496,수확기가 접근 중이야. 현장을 방어할 준비 해.
VO_Transcript_83,10206832644358144,전능고기 우주선이 대기권에 진입했어.
VO_Transcript_84,10206832644358145,추출 완료. 출발을 준비해.
VO_Transcript_86,10206832644358146,이제 거대한 추락 현장을 찾아볼까? 움직일 시간이야!
VO_Transcript_87,10206832644358147,"고기를 얻으려면 고기를 써야지, 스퀴시!"
VO_Transcript_88,10206832644358148,"가서 놈들을 때려눕히고 고기를 좀 챙겨, 알았지?"
VO_Transcript_89,10206832644358149,이제 계속 움직여. 추락 현장은 그렇게 멀지 않을 거야.
VO_Transcript_9,346366160134231,암호 화폐에 투자할 시간이야... 알겠어? 이건 지하에 묻히는... 됐어 :(
VO_Transcript_90,10206832644358150,필요한 건 챙겼으니 이제 움직이자. 준비 되면 와서 말해줘.
VO_Transcript_91,10625864051912704,"어이, 꼬마. 이쪽이야!"
VO_Transcript_94,10625864085467138,머리에 접이식 의자라면 될 거야
VO_Transcript_98,12434440726704129,바위 머리 중 하나를 잡아!
WPN_Name_3,346366164328475,권총
WPN_Name_4,346366164328477,소총
WPN_Name_5,346366164328479,기관단총
WPN_Name_6,346366164328481,산탄총
WPN_Name_11,346366164328483,아래턱 절제기
WPN_Name_33,346366164328493,유탄 발사기
WPN_Name_46,346366164328495,매그넘
WPN_Name_52,346366164328497,로켓 발사기
WPN_57_HE_0,28316283836555264,공격 시
WPN_Name_57,346366164328503,레일건
WPN_Name_65,346366164328511,플라즈마 캐스터
WPN_Name_76,346366164328521,플레어버스트
WPN_Name_77,346366164328523,브르르 블래스터
WPN_Name_78,346366164328525,점화 플러그
WPN_Name_79,346366164328527,불꽃 뒤집개
WPN_Name_80,346366164328529,끽소리
WPN_Name_87,346366164328541,스플래터스팟
WPN_Name_88,346366164328543,앰프 터너
WPN_Name_89,346366164328545,서리주걱
WPN_Name_92,346366164328551,그럽 발사기
WPN_Name_94,346366164328553,내 이름은 제프
WPN_Name_95,346366164328555,팝타르트
WPN_Name_96,346366164328557,랭거스 주걱
WPN_Name_97,346366164328559,카세트 발사기
WPN_Name_98,346366164328561,바이오플럭스
WPN_Name_100,346366164328565,펄스포지
WPN_Name_101,346366164328567,가스통 발사기
WPN_Name_102,346366164328569,펀치라인
WPN_Name_103,346366164328571,번개총
WPN_Name_104,346366164328573,볼트 소총
WPN_Name_105,346366164328575,킥튜브
WPN_Name_106,346366164328577,분쇄기
WPN_Name_107,346366164328579,프로스트벅
WPN_Name_114,346366164328591,먹샷
WPN_Name_115,346366164328593,정전기 클릭
WPN_Name_116,346366164328595,용암 채찍
WPN_Name_117,346366164328597,얼음창
WPN_Name_118,346366164328599,그을음의 흔적
WPN_Name_119,346366164328601,드리즐 리지
WPN_Name_120,346366164328603,활선
WPN_Name_121,346366164328605,슬러시 로켓
WPN_Name_122,346366164328607,열기 투하
WPN_Name_123,346366164328609,정전기 스프레이
WPN_Name_124,346366164328611,영하일도
WPN_Name_125,346366164328613,잉걸불 발사기
WPN_Name_126,346366164328615,그리머
WPN_Name_139,346366168522764,클로버 로버
WPN_Name_140,346366168522766,쿼크창
WPN_Name_141,346366168522768,붐피스트
WPN_Name_142,346366168522770,나쁜 프로스티 씨
WPN_Name_143,346366168522772,핫샷
WPN_Name_144,346366168522774,쇄빙기
WPN_Name_145,346366168522776,콧물창
WPN_Name_146,346366168522778,냉기파도
WPN_Name_147,346366168522780,불타는 배럴
WPN_Name_148,346366168522782,스노우피어서
WPN_Name_149,346366168522784,오주카
WPN_Name_150,346366168522786,붐박스
WPN_Name_151,346366168522788,천둥벼락
WPN_Name_152,346366168522790,스핏파이어
WPN_Name_153,346366168522792,점액러쉬
WPN_Name_160,33550649413005312,꽥꽥 옵스 주걱
WPN_Name_161,33737062735056896,물고기 개그
WPN_Name_162,34041999033536512,황금 주걱
WPN_Name_163,41673766724866048,칼의 유년기 스틱
WPN_Name_164,41673766800363520,랭거스 파일럿 주걱
WPN_Name_165,41673766888443904,수집용 신문
WPNF_Desc_1,346366164328449,<b><color=#00D6D2>근거리</color></i></b> 및 <b><color=#00D6D2>중거리</color></i></b>에서 효과적인 무기입니다.<br><br><i>여러 세대에 걸쳐 고기 과학자들이 착용해 온 상징적인 부무장입니다.</i>
WPNF_Name_1,346366164328448,권총
WPNF_Desc_2,346366164328452,<b><color=#00D6D2>근거리</color></i></b>에서 높은 피해를 입힙니다.<br><br><i>숙련된 고기 과학자들은 항상 근접 전투에 대비합니다.</i>
WPNF_Name_2,346366164328451,산탄총
WPNF_Desc_3,346366164328455,직접 발사되는 발사체를 발사하여 터트립니다.<b><color=#00D6D2>중간 정도의 범위 피해</color></i></b>. 모든 사거리에서 유용합니다.<br><br><i>물건을 펑펑 터뜨리는 것보다 더 재밌는 일은 없습니다.</i>
WPNF_Name_3,346366164328454,로켓 발사기
WPNF_Desc_4,346366164328458,<b><color=#00D6D2>좁은 탄퍼짐</color></i></b>과 <b><color=#00D6D2>낮은 반동</color></i></b> 덕분에 <b><color=#00D6D2>원거리</color></i></b> 교전에서 유용합니다.<br><br><i>사격장에서 즐길 때는 이 중 하나를 가까이 두는 것이 좋습니다.</i>
WPNF_Name_4,346366164328457,소총
WPNF_Desc_5,346366164328461,<b><color=#00D6D2>근거리</color></i></b> 교전에 최적화되어 <b><color=#00D6D2>발사 속도가 높습니다</color></i></b>.<br><br><i>마음껏 쏴버려도 아무런 문제가 없습니다.</i>
WPNF_Name_5,346366164328460,기관단총
WPNF_Desc_6,346366164328464,추가 <b><color=#00D6D2>약점 피해</color></i></b>를 입히지만 <b><color=#00D6D2>높은 반동</color></i></b>으로 <b><color=#00D6D2>근거리</color></i></b> 및 <b><color=#00D6D2>중거리</color></i></b>에서 최고의 성능을 발휘합니다.<br><br><i>흔들리지 않는 손에 딱 맞는 무기입니다.</i>
WPNF_Name_6,346366164328463,매그넘
WPNF_Desc_7,346366164328467,<b><color=#00D6D2>적은 범위 피해</color></i></b>를 입히는 발사체를 직접 발사합니다. <b><color=#00D6D2>근거리</color></i></b> 및 <b><color=#00D6D2>중거리</color></i></b>에서 최고의 성능을 발휘합니다.<br><br><i>활력을 조금 더해줍니다.</i>
WPNF_Name_7,346366164328466,플라즈마 캐스터
WPNF_Desc_8,346366164328470,<b><color=#00D6D2>원거리</color></i></b>에 최적화되어 <b><color=#00D6D2>적은 범위 피해</color></i></b>와 <b><color=#00D6D2>낮은 발사 속도</color></i></b>를 가지고 있습니다.<br><br><i>잘 보고 쏘세요.</i>
WPNF_Name_8,346366164328469,레일건
WPNF_Desc_10,346366164328473,간접 사격으로 어느 사거리에서도 <b><color=#00D6D2>큰 범위 피해</color></i></b>를 입힙니다.<br><br><i>문제가 당신을 괴롭히기 전에 문제를 해결해 드립니다.</i>
WPNF_Name_10,346366164328472,유탄 발사기
70251a9670894e1685d2b10b35d46f9c_54_0,63562852086874112,보물 상자 찾기
CQ_Name_87,60548818372911104,행성 파괴자
CQ_Desc_87,60548818398076928,스퀴시. 25개의 행성이야. 네가 25개의 행성에서 대피해줘야겠어. 전체 선원들에게 이번 계획이 이미 진행 중이라고 말했어. 순조롭게 진행되고 있다고도 했고. 그러니까 이제 시작할 시간이야.
CQ_Name_88,60548818398076929,행성 파괴자 v2
CQ_Desc_88,60548818398076930,"행성 50개. 문제는 내가 누군가에게 이미 50개라고 말한 것 같다는 거야. 왜 그렇게 말했는지는 기억이 안 나지만, 어쨌든 그렇게 말했고, 그들도 내가 그렇게 말했다는 걸 알아. 이제는 그 숫자가 실제로 50개가 되어야 해."
CQ_Name_89,60548818398076931,행성 파괴자 v3
CQ_Desc_89,60548818398076932,"75개의 행성에서 대피를 완료했어. 여행 부서에서 네 기록을 확인했는데, 알고 보니 순위표가 있고 네가 거기에 올라와 있더군. 내가 마지막으로 확인했을 때는 상위 10위였거든."
CQ_Name_90,60548818398076933,행성 파괴자 v4
CQ_Desc_90,60548818398076934,"내가 저녁 식사 자리에 갔어. 거기서 몇 가지 얘기를 했지. 너에 대해서. 특히 너의 대피 횟수에 대해서. 엄청난 숫자 말이야. 저녁 식사에 참석한 모든 사람들이 큰 감명을 받은 것 같았고, 난 이제 그 숫자가 진짜였으면 좋겠어. 행성 100개, 스퀴시. 부탁할게."
CQ_Name_91,60548818398076935,행성 파괴자 v5
CQ_Desc_91,60548818398076936,"내가 연설을 했어. 업계 컨퍼런스에서 말이야. 네 이름을 말하고 숫자를 말했지. 그리고 그 숫자를 이미 달성했고, 네가 랭거스 코퍼레이션 역사상 가장 위대한 대피자라고 말했어. 박수갈채가 쏟아졌어. 그 박수갈채를 되돌릴 수는 없어. 150개의 행성이야."
CQ_Name_92,64263989754847232,달에서 온 물고기
CQ_Desc_92,64263989780013056,우리가 제공하는 달 상품들은 수수께끼야. 심지어 내가 판매자인데도 말이야. 정찰 좀 해주겠어? 달의 균열을 찾아서 그 안에 뭐가 있는지 알아내고 보고해 줘. 이건 연구야. 우린 이걸 연구라고 부르고 있어.
CQ_Name_93,64263989780013057,낚시 기계
CQ_Desc_93,64263989780013058,"어이, 스퀴시. 슬러지 균열에서 낚시하는 건 멋진 일이 아니야. 하지만 넌 고기로 만들어졌잖아. 그것도 멋진 건 아니지만... 어쨌든 넌 여기 있어. 전부 잡아. 장갑도 껴야 할 거야. 아마도."
CQ_Name_94,64263989780013059,전능한 어부
CQ_Desc_94,64263989780013060,"해수 균열에서 잡은 생선은 우리 메뉴에서 가장 고급스러운 상품이야. 손님들은 세 배나 더 비싸게 사는데 이유는 모르지. 나도 마찬가지고. 뭐, 괜찮아. 거기 있는 물고기는 전부 잡고, 물에 빠지지는 마."
CRN_DetailTitle_4,63842973337509888,획득 방법:
CRN_Detail_4,63842973312344064,랭거스 직원으로 등급을 올리세요
CRN_Detail_7,63842973337509889,주요 명령 완료<br>보조 명령 완료
CRN_Detail_26,63842973337509890,작업 인센티브 점수는 보조 명령을 완료하여 획득합니다.
CRN_Detail_28,63911671972749312,프랑켄 프릭아웃 보스전 완료
CRN_Detail_29,63911671993720832,프랑켄 세력 행성 완료
CRN_Detail_30,63911671993720833,월요일 밤의 중간고사 보스전 완료
CRN_Detail_31,63911671993720834,돌연변이 세력 행성 완료
CRN_DetailTitle_32,63842973337509892,발견 장소:
CRN_Detail_32,63842973337509891,물 균열
CRN_Desc_37,63842973337509893,"세상에, 우리가 여기서 뭘 잡은 거야?!"
CRN_Detail_37,63842973337509894,점액 균열
CRN_Desc_38,63842973337509895,"옛날에는 평범한 물고기였지만, 글리지 걸프 공장에서 흘러나오는 오염물질에 수년간 노출되면서 이렇게 변했습니다."
CRN_Desc_39,63842973337509896,오늘날까지도 스노키가 스노클링 능력을 어디서 얻었는지 정확히 아는 사람은 아무도 없습니다. 선천적으로 타고난 것일까요? 아니면 스노클링을 하다가...
CRN_Desc_40,63842973337509897,"""이거 같이 하자. 네가 내 등을 긁어주면 나도 널 긁어줄게!"""
CRN_Desc_41,63842973337509898,이런 물고기를 낚으면 짜릿한 손맛에 언제나 소름이 돋습니다!
CRN_Detail_42,63842973337509899,2티어 광물 노드<br>보통맛 이상 난이도<br>트레이더 마이크 (직원 등급 5+)
CRN_Detail_43,63842973341704192,1티어 광물 노드<br>보통맛 이상 난이도<br>트레이더 마이크
CRN_Detail_44,63842973341704193,1티어 미식가<br>보통맛 이상 난이도<br>트레이더 마이크
CRN_Detail_45,63842973341704194,2티어 미식가<br>보통맛 이상 난이도<br>트레이더 마이크 (직원 등급 5+)
CRN_Detail_46,63842973341704195,랭거스 노력 점수는 주요 명령을 완료하면 획득할 수 있습니다.
CRN_Detail_48,63842973341704196,3티어 광물 노드<br>매운맛 이상 난이도<br>트레이더 마이크 (직원 등급 10+)
CRN_Detail_49,63842973341704197,4티어 광물 노드<br>아주매운맛 이상 난이도<br>트레이더 마이크 (직원 등급 15+)
CRN_Detail_50,63842973341704198,5티어 광물 노드<br>악몽 이상 난이도<br>트레이더 마이크 (직원 등급 20+)
CRN_Detail_51,63842973341704199,3티어 미식가<br>매운맛 이상 난이도<br>트레이더 마이크 (직원 등급 10+)
CRN_Detail_52,63842973341704200,4티어 미식가<br>아주매운맛 이상 난이도<br>트레이더 마이크 (직원 등급 15+)
CRN_Detail_53,63842973341704201,5티어 미식가<br>악몽 이상 난이도<br>트레이더 마이크 (직원 등급 20+)
CRN_Desc_54,63842973341704202,이 물고기는 현실적인 것을 좋아합니다. 가장 현실적인 그대로를 말이죠.
CRN_Detail_54,63842973341704203,달의 균열
CRN_Desc_55,63842973341704204,"이 물고기가 어디에서 왔는지 정확히 아는 사람은 없지만, 이 물고기가 좀 특이하다는 사실에는 모두 동의합니다."
CRN_Desc_56,63842973341704205,머나먼 은하계에서 온 한입 크기의 물고기입니다...
CRN_Desc_57,63842973341704206,밤하늘의 가장 작은 별처럼 우주를 헤엄쳐 갑니다.
CRN_Desc_58,63842973341704207,"이 물고기는 세상 걱정 하나 없이 은하계를 떠돌아다니며, 어떤 행성도 자신의 고향이라 부르지 않습니다."
CRN_Desc_59,63842973341704208,"1,000,000 바이트가 모이면 메가바이트가 됩니다."
CRN_Detail_59,63842973341704209,슬러지 균열
CRN_Desc_60,63842973341704210,"잉크립터는 어두운 비밀을 많이 간직하고 있지만, 그 어떤 비밀도 결코 누설하지 않을 것입니다."
CRN_Desc_61,63842973341704211,지느러미가 달린... 기계 괴물이라니!
CRN_Desc_62,63842973341704212,누가 굳이 로봇 문어를 만들려고 할까요? 너무 과하지 않을까요.
CRN_Desc_63,63842973341704213,마치 마이크로프로세서를 뇌로 가진 갑각류 사이보그 같습니다. 놀라울 따름입니다!
CRN_Desc_64,63842973341704214,"세상에나 크리퍼, 그 피퍼즈 어디서 잡았어?!"
CRN_Detail_64,63842973341704215,해수 균열
CRN_Desc_65,63842973341704216,"모르셀핀은 목적을 가지고 헤엄치는데, 그 목적은 바로 먹이를 찾는 것입니다."
CRN_Desc_66,63842973341704217,은하계에서 유일하게 월간 헬스장 회원권을 가진 물고기입니다.
CRN_Desc_67,63842973341704218,"보라, 위풍당당한 클로브스터의 영광스러운 모습을. 그 위엄은 감탄을 자아내며 바라볼 가치가 충분합니다."
CRN_Desc_68,63842973341704219,거대 촌커는 먹이 쟁탈전이 벌어질 때마다 항상 제일 먼저 먹어치웁니다. 그렇게 해서 가장 크고 뚱뚱해진 거죠.
CRN_Detail_69,63911671997915136,어려움 이상의 난이도로 무작위 태양계를 완료하면 트레이더 마이크에서 잠금 해제됩니다
CRN_Detail_70,63911671997915137,외계인 세력 행성 완료하기
CRT_Name_81,61701631127838720,박스페이스
CRT_Name_82,61701631132033024,붐봇
CRT_Name_83,64231687884627968,페이퍼 바비
CT_Name_6,62027090692661248,직원 보너스
CT_Name_7,62029080600502272,특급
CT_Name_8,62029080604696576,고급
CT_Name_9,62029080604696577,희귀
CT_Name_10,62030971807981568,일반
FL_Name_27,58751588326432768,헌터 재능
FL_Desc_27,58751588355792896,누가 헌터를 사냥할까요? 바로 당신입니다. 왜냐하면 우리 랭거스 고기 코퍼레이션은 특히 사냥꾼 놈들을 혐오하거든요.
FL_Name_28,58809432610430976,명사수 재능
FL_Desc_28,58812300344156160,"숨을 고르고, 차분히 조준하세요. 잠깐, 실제로... 스마트 고기가 숨을 쉬긴 하는 걸까요? 그냥 뛰어다니면서 쏴버려도 괜찮을 것 같네요."
FL_Name_29,63537517612228608,외계인 재능
FL_Desc_29,63537517633200128,당신의 앞길을 가로막는 외계인들이 큰 실수를 저질렀다는 것을 깨닫게 해줄 만큼 충분한 화력을 제공합니다.
FL_Name_30,63537517633200129,수생 재능
FL_Desc_30,63537517633200130,상어들이 당신을 먹잇감으로 생각하지 않도록 하기에 이상적입니다.
FL_Name_31,63537517633200131,프랑켄 재능
FL_Desc_31,63537517633200132,솔직히 말씀드리겠습니다. 마치 창조주조차 사용 설명서를 잃어버린 것처럼 보이는 적들을 상대할 자신감을 심어줍니다.
FL_Name_32,63537517633200133,곤충 재능
FL_Desc_32,63537517633200134,베아트리스가 아닌 모든 외골격을 가진 것들을 무력화하도록 설계되었습니다.
FL_Name_33,63537517633200135,기계 재능
FL_Desc_33,63537517633200136,적대적인 기계라면 어떤 것이라도 무해한 부품 더미로 바꾸는 데 확실히 도움이 될 것입니다.
FL_Name_34,63537517633200137,돌연변이 재능
FL_Desc_34,63537517633200138,진화가 지루해져서 무작위로 만들어 버린 것처럼 보이는 적들에 맞서 굳건히 버티세요.
FL_Name_35,63537517633200139,전능고기 재능
FL_Desc_35,63537517633200140,전능고기에 대해 좋게 말할 게 없어도 괜찮습니다. 우리 모두 그다지 좋은 말을 하는 사람들은 아니니까요.
GN_Name_17,64208246938787840,달의 균열
HE_Desc_145,58751588359987200,헌터를 상대로 +30% 추가 피해를 입힙니다
HE_Desc_146,58751588359987201,헌터를 상대로 +40% 추가 피해를 입힙니다
HE_Desc_147,58751588359987202,헌터를 상대로 +50% 추가 피해를 입힙니다
HE_Desc_148,63537517637394432,외계인을 상대로 +10% 추가 피해를 입힙니다
HE_Desc_149,63537517637394433,외계인을 상대로 +15% 추가 피해를 입힙니다
HE_Desc_150,63537517637394434,외계인을 상대로 +20% 추가 피해를 입힙니다
HE_Desc_151,63537517637394435,수생 적을 상대로 +10% 추가 피해를 입힙니다
HE_Desc_152,63537517637394436,프랑켄 고기를 상대로 +10% 추가 피해를 입힙니다
HE_Desc_153,63537517637394437,곤충을 상대로 +10% 추가 피해를 입힙니다
HE_Desc_154,63537517637394438,수생 적을 상대로 +15% 추가 피해를 입힙니다
HE_Desc_155,63537517637394439,프랑켄 고기를 상대로 +15% 추가 피해를 입힙니다
HE_Desc_156,63537517637394440,곤충을 상대로 +15% 추가 피해를 입힙니다
HE_Desc_157,63537517637394441,수생 적을 상대로 +20% 추가 피해를 입힙니다
HE_Desc_158,63537517637394442,프랑켄 고기를 상대로 +20% 추가 피해를 입힙니다
HE_Desc_159,63537517637394443,곤충을 상대로 +20% 추가 피해를 입힙니다
HE_Desc_160,63537517637394444,기계를 상대로 +10% 추가 피해를 입힙니다
HE_Desc_161,63537517637394445,돌연변이를 상대로 +10% 추가 피해를 입힙니다
HE_Desc_162,63537517637394446,전능고기를 상대로 +10% 추가 피해를 입힙니다
HE_Desc_163,63537517637394447,기계를 상대로 +15% 추가 피해를 입힙니다
HE_Desc_164,63537517637394448,돌연변이를 상대로 +15% 추가 피해를 입힙니다
HE_Desc_165,63537517637394449,전능고기를 상대로 +15% 추가 피해를 입힙니다
HE_Desc_166,63537517637394450,기계를 상대로 +20% 추가 피해를 입힙니다
HE_Desc_167,63537517637394451,돌연변이를 상대로 +20% 추가 피해를 입힙니다
HE_Desc_168,63537517637394452,전능고기를 상대로 +20% 추가 피해를 입힙니다
ITM_Name_1064,58751588414513152,헌터 I
ITM_Name_1065,58751588414513153,헌터 II
ITM_Name_1066,58751588414513154,헌터
ITM_Name_1067,58809432732065792,명사수 I
ITM_Name_1068,58809432732065793,명사수 II
ITM_Name_1069,58809432732065794,명사수
ITM_Name_1073,63537517687726080,수생 I
ITM_Name_1074,63537517687726081,기계 I
ITM_Name_1075,63537517687726082,돌연변이 I
ITM_Name_1076,63537517687726083,프랑켄 I
ITM_Name_1077,63537517687726084,전능고기 I
ITM_Name_1078,63537517687726085,곤충 I
ITM_Name_1079,63537517687726086,외계인 I
ITM_Name_1080,63537517687726087,수생 II
ITM_Name_1081,63537517687726088,기계 II
ITM_Name_1082,63537517687726089,돌연변이 II
ITM_Name_1083,63537517687726090,프랑켄 II
ITM_Name_1084,63537517687726091,전능고기 II
ITM_Name_1085,63537517687726092,곤충 II
ITM_Name_1086,63537517687726093,외계인 II
ITM_Name_1087,63537517687726094,수생 III
ITM_Name_1088,63537517687726095,기계 III
ITM_Name_1089,63537517687726096,돌연변이 III
ITM_Name_1090,63537517687726097,프랑켄 III
ITM_Name_1091,63537517687726098,전능고기
ITM_Name_1092,63537517687726099,곤충 III
ITM_Name_1093,63537517687726100,외계인 III
ITM_Attr_509,64221606589751296,레벨업 보상 행운 증가 {0:|+|+|+}{0:percent()}%
ITM_Attr_510,64221606593945600,레벨업 보상 행운 증가 {0:0.##}x
PE_Desc_85,63562852170760192,포탑 런
PLN_Name_25,63252864435216384,전능 포털
RF_Name_1,63521298457751552,브래드 시드먼 박사
RF_DetailText_1,63521298478723073,"브래드 시드먼 박사는 <i>프로젝트 레비아탄</i> 연구의 책임 연구원이며, 이 연구는 <b>랭거스 고기</b>의 수생 단백질 공급원의 효율성을 극대화하는 데 중점을 둡니다. 시드먼의 연구팀은 섭취하는 생물체의 비대증을 유발하는 조류 균주를 개발하여 큰 가능성을 보여주었습니다. 예상치 못한 돌연변이는 ""제어 가능한 분리물""로 기록되었습니다.<br><br>안타깝게도 예산 재배정으로 인해 프로젝트는 중단되었고, 행성을 향하는 모든 보급품 투하도 취소되었습니다. 팀의 철수 기록은 남아 있지 않지만, 시드먼 박사는 마지막 기록까지 계속 일지를 작성했습니다.<br><br><i>굶주림이 머리를 맑게 해준다. 이제 이해했다. 나는 선장이고... 나는 흰고래이며... 나는 작살이다. 나는 수호자이자 포식자이다. 나는 영원하고 고독한 바다 그 자체이다.</i>"
RF_Subtitle_1,63521298478723072,랭거스 수생 고기 과학자
RF_DetailText_2,63782640302788608,"랭거스 궤도 탐사선 시리즈의 첫 번째 함선으로, 행성간 여행 및 <b>고기 코어</b> 추출을 위해 설계되었으며, 최첨단 인격 시뮬레이션 기술을 갖추고 있습니다. 42년간의 서비스 후 휴면 상태가 되었습니다.<br><br><b>칼 랭거스</b>에 의해 다시 깨어나 <b>스마트 고기</b> 실험을 위한 주요 플랫폼 역할을 했습니다."
RF_Subtitle_2,63780286752985088,함선
RF_Name_3,63780286773956608,랭거스 고기
RF_DetailText_3,63868852401180672,"오래전, <b>칼 랭거스</b>라는 혁신가이자 기업가에 의해 설립되었습니다. 이 레스토랑 체인은 빠르게 성장하여 수백 개의 행성에 걸쳐 수조 명의 굶주린 사람들에게 식량을 제공하는 은하계의 초거대 기업이 되었습니다. <br><br><i>랭거스 고기. 바로 오늘... 그리고 미래의 식품.</i>"
RF_Subtitle_3,63780286773956609,사랑하는 고용주
RF_Name_4,63780286773956610,메가누커
RF_DetailText_4,63868852401180673,"이 혁신적인 조리 장치는 단파장 방사선을 대량으로 쏘아 막대한 양의 고기를 순식간에 익힙니다.<br><br><b>칼 랭거스</b>의 아이디어로 <b>브리스케톤</b>에 설치되었지만, 예산 부족 탓에 원래 설계에서 요구되던 방사선 차폐 장치는 생략할 수밖에 없었습니다."
RF_Subtitle_4,63780286773956611,고기 과학 장치
RF_DetailText_5,63782640332148736,"CAL-P50은 <b>랭거스 고기</b>에서 제작한 장거리 로봇 공장 제품군의 일부이며, 프랜차이즈의 영향력을 확대하기 위해 은하계 전역으로 파견되었습니다.<br><br>인지 자동화 물류 함선은 <b>고기 과학</b> 장기들을 인격 시뮬레이션과 결합하여 활용도와 효율성을 극대화합니다.<br><br>시간이 흐르면서 이러한 설계의 결함이 발견되었고, 이로 인해 함선의 기능적 수명이 제한되었습니다. CAL 소속 선박 대부분은 오래전에 휴면 상태가 되었습니다.<br><br>소문에 의하면, 칼과 로맨틱한 관계였던 적이 있다고 합니다."
RF_Subtitle_5,63780286773956613,이동식 공장
RF_DetailText_6,63868852401180674,아쉽게도 모든 <b>고기 과학</b> 실험이 문명에 엄청난 도약을 가져온 것은 아닙니다.<br><br>초익스트림한 맛(TM)으로 돼지의 성능을 향상시키는 것을 목표로 한 소규모 프로젝트는 순식간에 통제 불능 상태로 치달았습니다. <b>랭거스 고기</b>의 연구원들은 완벽한 음식을 만드는 대신 완벽한 포식 기계를 만들었습니다.<br><br>팀원들과 잡아먹히기 직전에 과학자 중 한 명이 '프랑켄 빈즈'라는 별명을 붙인 이 무의식 생명체는 이제 끝없는 굶주림을 채우기 위해 은하계를 떠돌아다닙니다.
RF_Subtitle_6,63780286773956614,고기 과학의 괴물
RF_DetailText_7,63868852401180676,"이 노련한 트레이너는 많은 세계에서 챔피언 파이터를 배출한 것으로 널리 알려져 있습니다.<br><br>이후 자신의 <b>랭거스 고기</b> 후원 자격이 만료된 이후, 코치 댄은 공적인 삶에서 물러나 <b>댕거스 산</b>의 목가적인 지역으로 은퇴했습니다."
RF_Subtitle_7,63868852401180675,격투기 트레이너 (은퇴)
RF_DetailText_8,63868852401180677,"<b>랭거스 고기</b>가 은하계 무역의 식품 생산 부문을 장악하자 최고 경영자인 <b>도로시 던컨</b>은 화려하게 포장된 샌드위치와 튀김류 간식에 곁들일 음료가 필요하다는 사실을 깨달았습니다. 그렇게 해서 글리지 걸프가 탄생했습니다.<br><br>극도로 달콤한 음료와 울트라 에너지 드링크를 같은 비율로 섞은 이 맛있는 음료는 정부 규제 대상 물질 기준치의 바로 아래에 해당합니다.<br><br>제조법은 극비이며, 허가 없이 모방하려는 시도는 종종 자연 발화로 이어집니다. <br><br><i>글리지 걸프. 당신의 모든 순간에 함께하세요.</i>"
RF_Subtitle_8,63831077983457280,갈증을 해소하는 한 잔
RF_Name_9,63780286773956615,랭거스 프라임
RF_DetailText_9,63868852401180679,<b>칼 랭거스</b>의 모행성은 최초의 <b>랭거스 고기</b> 은하 본부가 되었습니다.<br><br>본사는 몇 년 전 발생한 산업 재해 이후 이전했습니다.
RF_Subtitle_9,63868852401180678,기업 모행성
RF_Name_10,63780286773956616,전능고기 포털
RF_DetailText_10,63868852401180681,<b>고기 구체</b>에 위치한 이 균열은 한때 본래의 차원에서 벗어나 단백질이 풍부한 <b>전능고기</b>를 추출하기 위해 엄격하게 통제되던 소규모 프로젝트였습니다.<br><br>랭거스 고기와 창립자인 <b>칼 랭거스</b>의 무모함은 과도한 확장과 <b>전능고기 사건</b>이라는 재앙으로 이어졌습니다.
RF_Subtitle_10,63868852401180680,차원 균열
RF_Name_11,63780286773956617,전능고기 사건
RF_DetailText_11,63868852401180683,"은하계 인구가 증가함에 따라 <b>전능고기</b>에 대한 수요도 급등했습니다. 처음에 <b>칼 랭거스</b>는 <b>전능고기 포털</b>의 사용을 엄격하게 통제했지만, <b>랭거스 고기</b>의 기업 경영진 사이에서는 더욱 강력한 목소리가 나왔고 그를 설득해서 출입구를 넓히게 만들었습니다.<br><br>그러나 상황은 계획대로 흘러가지 않았습니다.<br><br>전능고기는 통제 불가능한 속도로 포털에서 폭발적으로 솟구쳐 나왔습니다. <b>랭거스 프라임</b> 전역과 <b>옴니크론</b> 전체에 통제되지 않고 퍼져나가 세계와 주민들을 감염시키고 변형시켰습니다. 얼마 지나지 않아 은하계 전체가 <b>전능고기</b>로 오염되었습니다."
RF_Subtitle_11,63868852401180682,잘못된 이유
RF_Name_12,63780286773956618,도티 던컨
RF_DetailText_12,63831077983457282,"도로시 '도티' 던컨은 <b>랭거스 고기</b> 설립 당시, <b>칼 랭거스</b>의 익명의 동반자로 경력을 시작했습니다.<br><br>기업이 성장함에 따라 그녀는 재무 및 마케팅에 중점을 두고 점점 더 큰 역할을 맡았고, 덕분에 칼은 <b>고기 과학</b> 분야에서 새로운 혁신을 계속할 수 있었습니다.<br><br>도티는 비극적인 <b>전능 포털 사건</b> 중 길을 잃고 맙니다. 칼은 지금도 언젠가 도로시를 찾을 수 있을 거라는 희망을 품고 있습니다."
RF_Subtitle_12,63831077983457281,편히 잠드소서
RF_Name_13,63780286773956619,옴니크론
RF_DetailText_13,63831077983457284,<b>랭거스 고기</b>의 본래 모행성계인 이 지역은 수년 전 발생한 대규모 산업 재해 이후 대부분 버려진 상태입니다.
RF_Subtitle_13,63831077983457283,행성계
RF_Name_14,63780286773956620,플럼터스 폴리
RF_DetailText_14,63831077983457285,"인구 밀도가 높은 이 행성계에는 230억 명이 넘는 고객이 거주하고 있으며, 그들 대부분은 <b>빅올드 탱거스</b>라는 주요 세계에 살고 있습니다."
RF_Name_15,63780286773956621,소시지 스파이럴
RF_DetailText_15,63831077983457286,인구 밀도가 낮은 이 행성계는 한때 <b>랭거스 고기</b>의 시험 및 연구 목적으로 활발하게 이용되었습니다.<br><br>효율성 향상으로 인해 이곳의 시설 대부분은 더 이상 가동되지 않습니다.
RF_DetailText_16,63831077983457287,"은하계 초거대 기업으로 성장한 레스토랑 체인, <b>랭거스 고기</b>의 창립자는 음식을 만들고 제공하는 사업 모델을 재창조하고자 했던 소박한 발명가로부터 시작되었습니다. 그의 혁신적인 <b>고기 과학</b>은 기존의 패러다임을 뒤흔들고 행복한 고객과 배부른 사람들로 가득한 빛나는 새 시대를 열었습니다. 그는 온 우주에서 사랑받는 존재입니다. "
RF_Subtitle_16,63780286773956622,사랑받는 창립자
RF_DetailText_17,63831077983457288,<b>랭거스 고기</b>의 이전 부지인 <i>프로젝트 레비아탄</i>은 양식 생산량 증대에 중점을 두었습니다.<br><br><b>고기 과학</b> 실험에 지속적으로 노출된 이 세상의 동식물은 예측할 수 없는 방식으로 영구히 변화되었습니다.
RF_Subtitle_17,63782640332148737,행성
RF_DetailText_18,63831077983457289,<b>랭거스 고기</b>에 의해 칼 랭거스 요리 발견 센터로 지정된 이곳에서는 회사 창립자인 <b>칼 랭거스</b>의 지도 아래 수많은 고기 과학 혁신을 이끌어냈습니다.<br><br>그가 회사를 떠난 후 해당 지역은 조용히 폐쇄되었고 예산에서도 제외되었습니다. 직원 재배치를 위한 자금은 전혀 배정되지 않았습니다.
RF_DetailText_19,63831077983457290,"플럼터스 폴리의 주요 행성은 대부분 도시에 거주하는 휴머노이드 인구로 가득 차 있습니다. 랭거스 고기의 등록 상표인 글리지 걸프라는 물질에 여러 세대에 걸쳐 노출된 결과, 이들의 DNA는 설명할 수 없는 기이한 방식으로 영구히 변형되었습니다.<br><br> 빅올드 탱거스는 의식처럼 행해지는 전투 시스템을 통해 통치자를 선출하는데, 이는 주된 오락거리가 되기도 합니다. 덕분에 가장 강력한 유명 인사들만이 백성을 다스리는 권력의 자리에 오를 수 있습니다."
RF_DetailText_20,63831077983457291,쇠락해가는 <b>빅올드 탱거스</b>의 도심에서 벗어나 한적한 휴식을 취할 수 있는 장소였던 이 지역은 돌연변이와 프랑켄 같은 괴물들에게 점령당한 후 대부분 버려졌습니다.<br><br>이 지역에서 가장 유명한 인물은 은퇴한 격투기 트레이너인 <b>코치 댄</b>입니다.
RF_Subtitle_20,63782640332148738,과거의 낙원
RF_DetailText_21,63831077983457292,"<b>글리지 걸프</b>에 대한 은하계의 갈증이 커짐에 따라, 선견지명이 있던 <b>랭거스 고기</b>의 한 임원은 회사가 급속도로 성장했다고 말하며 새로운 공장 부지로 위성을 매입하는 계획을 주도했습니다.<br><br>시간이 흐르면서 리틀 탱거스는 글리지 걸프의 은하계 제조 허브로 성장하여 매년 점점 더 많은 양을 갈망하는 소비자들에게 매일 수십억 갤런을 공급하게 되었습니다."
RF_Subtitle_21,63782640332148739,공장 위성
RF_Name_22,63782640332148740,복수
RF_DetailText_22,63868852401180684,이 거대한 함선에는 <b>고기 과학</b>의 비밀을 손에 넣으려는 외계인 침략자 무리가 타고 있습니다.
RF_Subtitle_22,63782640332148741,외계 우주선
RF_Name_23,63782640332148742,내리찍는 아버지
RF_DetailText_23,63868852401180685,"이 챔피언급 전사 삼인방은 지도자를 선출하기 위해 의식처럼 행해지는 전투, '월요일 밤의 중간고사'에서 연승을 거두며 <b>플럼터스 폴리</b>를 지배합니다.<br><br>포크 배럴 피트는 관료제를 휘두르며 자신을 방어하고, 하원의원들을 소환해 상대를 압도합니다.<br><br>헤어 포스 원은 상공을 날아다니며 폭탄과 재치 있는 말장난으로 상대를 무너뜨립니다.<br><br>크러다디 판사는 정의의 망치로 상대를 마구 내리치며 링을 지배합니다."
RF_Subtitle_23,63831077983457293,행성의 지배자들
RF_Name_24,63782640332148743,튜토리우스
RF_DetailText_24,63831077983457294,"은하 중심부에서 멀리 떨어진 이 행성은 한때 <b>랭거스 고기</b>에서 당장 가치가 없는 물품과 자재를 보관하는 장기 보관 시설 역할을 했습니다.<br><br>오늘날, <b>칼 랭거스</b>는 이 행성을 최신 세대 <b>고기 과학자</b>들을 위한 시험장으로 활용합니다."
RF_Name_25,63831077983457295,고기 과학
RF_DetailText_25,63831077983457297,산업화된 생물 배양의 이 분야는 발명가이자 혁신가인 <b>칼 랭거스</b>에 의해 개척되었습니다.<br><br>그는 자신의 회사인 <b>랭거스 고기</b>를 통해 굶주린 은하계를 먹여 살리고자 했습니다.<br><br>수많은 경쟁자들이 그가 철저히 비밀로 지켜온 영업 비밀을 모방하려 했지만 모두 실패했습니다.
RF_Subtitle_25,63831077983457296,칼의 유산
RF_Name_26,63831077983457298,전능고기
RF_DetailText_26,63868852401180686,"칼 랭거스의 고기 과학이 굶주린 은하계를 먹여 살리기에 충분하지 않았을 때, 그는 더욱 비정통적인 접근 방식을 탐구했습니다. <br><br><br>한 실험에서 차원 사이의 장벽을 뚫고 칼이 <b>전능고기</b>라고 이름 붙인 유기적인 단백질 기반 물질로 가득 찬 우주 전체를 발견했습니다. 이 끝없는 식용 재료(그리고 우주선 연료) 공급 덕분에 랭거스 고기는 사업을 대폭 확장할 수 있었습니다. <br><br><br>굶주림이 사라졌습니다. 은하는 번성하고 성장했습니다."
RF_Subtitle_26,63831077983457299,칼의 가장 위대한 발견
RF_Name_27,63831077983457300,스마트 고기
RF_DetailText_27,63831077983457302,현재도 진행 중인 <b>고기 과학</b> 혁신의 최신 결과인 스마트 고기(상표 출원 진행 중)는 다양한 핵심 업무를 수행할 수 있는 유기적 노동력을 대량 생산할 수 있는 혁신적인 기회를 제공합니다.<br><br>단 몇 초 만에 생성되는 스마트 고기 작업자는 기존의 직원 채용 및 교육 비용의 극히 일부만으로도 고용할 수 있습니다. 게다가 모든 스마트 고기 작업자는 생분해성 소재로 생산됩니다!<br><br>지금 바로 <b>랭거스 고기</b> 프랜차이즈 담당자에게 연락해 인건비를 대폭 절감하고 직원 불만족도를 단번에 낮추는 방법을 알아보세요!<br><br><i><b>랭거스 고기</b> 판매 브로셔에서 발췌</i>
RF_Subtitle_27,63831077983457301,직원의 재창조
RF_DetailText_28,63868852401180687,"이전 <b>랭거스 고기</b> 과학자로 근무한 이 거대한 생물은 이제 자신을 <b>페테리움</b>에 사는 수생 생물의 수호자로 여기고 있으며 세계 최상위 포식자이기도 합니다.<br><br>또한, 자기가 해적이라고 생각하기도 합니다. 사람들은 정말 이상하다니까요!"
RF_Subtitle_28,63831077983457303,고기 과학 이상현상
RF_DetailText_29,64168635024117760,"기묘하지만 친근한 이 로봇의 기원은 알려지지 않았습니다. 어떤 이들은 그가 아주 오래전 먼 은하계에서 온 우주선을 타고 왔다고 믿습니다.<br><br>가장 최근에는 <b>칼립소</b>라는 지능형 장거리 로봇 공장의 포로로 리셋이 발견되었으며, 이는 두 주체 간의 관계가 실패한 결과로 보입니다."
RF_Subtitle_29,64168635003146240,실연한 로봇
RF_Name_30,64168635024117761,랭거스 마이너
RF_DetailText_30,64168635024117763,<i>여기는 내가 예전에 <b>랭거스 고기</b>에서 일할 때 비밀 개인 실험실로 썼던 곳이지. 심지어 내 친구인 <b>도티 던컨</b>도 모르고 있었어!</i> <br><br><i>주로 모든 방해 요소로부터 벗어나 조용한 시간을 보내기 위해 이용했어. 아직 공개할 준비가 되지 않았던 <b>고기 과학</b> 실험을 위한 장소이기도 했고.</i>
RF_Subtitle_30,64168635024117762,버려진 실험실
RF_Name_31,64168635024117764,도티가 전능 공주다
RF_DetailText_31,64168635024117766,"<i><b>전능고기 공주</b>가 내 오랜 친구인 도티 던컨이라는 사실을 누가 예상이나 했을까? 그녀가 <b>전능고기 사건</b>으로 완전히 뒤틀리고 끔찍해진 것에 대해 나에게 화를 내며 비난한 이유를 이제야 알 것 같아. 그런 일은 사람을 제대로 망가뜨릴 수 있으니까.</i><br><br><i>이 문제를 해결해야 하는데, 마땅한 방법이 떠오르지 않아. 온갖 엉터리 아이디어 중에서도 이건 최악이야.</i>"
RF_Subtitle_31,64168635024117765,그녀는 은하를 먹어치우려 한다
RF_Name_32,64168635024117767,전능고기 공주 (시스템 2 업데이트)
RF_DetailText_32,64168635024117769,"<i>이런, 도티가 칼에게 정말 화가 많이 난 것 같아, 안 그래?<br><br>왜 그렇게 파괴된 <b>글리지 걸프</b> 공장에 집착했는지 모르겠어. 어쩌면 정말 좋아하는 걸지도 모르지!</i>"
RF_Subtitle_32,64168635024117768,차원 외 존재
RF_DetailText_33,64168635024117771,"<i>""이런, 내가 경고했던 더러운 놈들이 바로 이거였어. 저놈들은 언제나 <b>스마트 미트</b>를 추적하고 집어삼키려 해.<br><br>날씬한 놈은 보이드, 덩치 큰 녀석은 널인 것 같아.<br><br>놈들의 속도를 늦출 몇 가지 아이디어가 떠올랐어.""</i>"
RF_Subtitle_33,64168635024117770,치명적인 추적자들
RF_Name_34,64168635024117772,전능고기 공주 (시스템 3 업데이트)
RF_DetailText_34,64168635024117773,"<i>전능고기 공주가 내 오랜 친구인 <b>도티 던컨</>이라는 사실을 누가 예상이나 했을까?<br><br>그녀가 <b>전능고기 사건</b>으로 완전히 뒤틀리고 끔찍해진 것에 대해 나에게 화를 내며 비난한 이유를 이제야 알 것 같아. 그런 일은 사람을 제대로 망가뜨릴 수 있으니까. </i><br><br><i>이 문제를 해결해야 하는데, 마땅한 방법이 떠오르지 않아. 온갖 엉터리 아이디어 중에서도 이건 최악이야.</i>"
RF_Name_35,64168635024117774,라지 마지
RF_DetailText_35,64168635024117775,"은하 곳곳에서 목격되는 신비롭고 강력한 존재입니다.<br><br><i>""이 으스스한 여자만 보면 뭔가 불안해진단 말이지... 하지만 못본 지 꽤 됐어. 그녀에게는 어딘가 낯익은 구석이 있어…"" -칼</i>"
VO_Transcript_142,63089472154472448,"앉아 있을 시간 없어! 어서 다리를 움직여, 꼬마 친구!<br><br>[InputAction:Gameplay/CharacterMovement] 버튼을 사용해서 이동해."
VO_Transcript_143,63090527013539840,[InputAction:Gameplay/Jump] 버튼을 사용해서 점프해.
VO_Transcript_145,63116930585038848,<br><br>[InputAction:Gameplay/CharacterMovement] 버튼을 사용해서 이동해.
VO_Transcript_148,63120025394188288,[InputAction:Interact/Interact] 버튼을 길게 눌러 고기 코어와 상호작용해.
VO_Transcript_149,63120702820421632,지연으로 인해 효율성이 저하되고 있어. 계속 진행해.<br><br>신선한 고기 근처에서 [InputAction:Interact/Interact] 키로 교체하기
VO_Transcript_150,63121424244903936,지체 없이 계속 진행해.<br><br>점프한 다음 [InputAction:Gameplay/LegsAbility] 키로 돌진하기
VO_Transcript_151,63122062601195520,"스마트 고기에 결함이 있을 수도 있어.<br><br>[InputAction:Gameplay/RangedFire] 키로 사격, [InputAction:Gameplay/MeleeFire] 키로 근접공격."
VO_Transcript_156,63126683751124992,그럼 우리가 내려가서 이걸 해결할게.
VO_Transcript_157,63126683751124993,신선한 고기로 교체하는 것이 바로 일을 처리하는 방법이지!
VO_Transcript_162,63130956027236352,"오, 여기가 바로 새 다리를 제대로 활용할 만한 곳이군!"
VO_Transcript_163,63130956027236353,"점프가 너무 힘들면, 반대편으로 올라가는 방법도 있어."
VO_Transcript_164,63130956027236354,"점프하기 전에 가장자리에 최대한 가까이 붙어봐, 알았지?"
VO_Transcript_165,63132572436500480,"오, 진정한 고기 과학이잖아."
VO_Transcript_166,63179948538826752,지금 신입 사원 교육 중이야.
VO_Transcript_167,63179948568186880,다음번에는 나아질지도 모르지.
VO_Transcript_168,63179948568186881,어쩌면 불가피했을지도 몰라.
VO_Transcript_169,63179948568186882,고기 과학은 완벽한 과학이 아니야.
VO_Transcript_170,63179948568186883,꽤 아파 보이네.
VO_Transcript_171,63179948568186884,고기 과학은 불가사의한 방식으로 작동하지.
VO_Transcript_172,63179948568186885,우리는 모두 각기 다른 방식으로 슬픔을 경험하는 거야.
VO_Transcript_173,63179948568186886,적어도 빨리 끝났네.
VO_Transcript_174,63179948568186887,나는 널 응원했어.
VO_Transcript_179,63455509689503744,고기 코어가 잘 익었어. 지금 수확해.
00c32fad3a344b378b312571aee6b3ec_118_0,92320026952982533,게이트 열기
01998190f8294995824ace7de2ff5e2f_121_0,66001975141761027,보호막 생성기 4 충전
04fabed781d24397a4ed9344c5a3d010_118_0,92320026952982530,자원 트럭 시동 걸기
0bcd28e40f684d9db9742eb8901dad37_118_0,92320026952982534,트랙터 빔 처치 완료
182e239371ef49dfbec24e0ea023fd6a_121_0,66763169515470853,기계 머리를 잡고 보호막 생성기를 충전하세요
24f5e0820b2a430e8674be90ab68934f_118_0,92320026952982531,트럭 호위하기
2c6cfc90551847669db3d4e2ef15d3c6_54_0,79134725535424513,포탑 처치 완료
31498dc4387f4eaea72dde2f0832dce7_121_0,66763169515470851,무료 기계 머리!
368bf896e1c94240bd2576d0b1a657fa_124_0,88432235181498368,신전을 방어하세요!
3f13c16356b846cc9b49d10059081ed9_124_0,88510558536458240,기다리세요
45c41fc4a38742fdb704cb4e69bcd9da_124_0,87364860482936834,신전 활성화하기
477fc870434d4106b6594bd6e83d5c48_121_0,66763169448361984,보호막 생성기 1
51af503259c74b36bab7aeab459b285a_121_0,66763169515470852,기계 공장 찾기
555fc042f5db409abe3caba4559a8797_124_0,89024036670005248,대기 중
59136b9c775e4ec1933c8ed20f9f5d23_40_0,88805460474322944,수확기를 지키세요!
60b5b41fcef444a284cd8994d540f9c5_124_0,91672564080828416,신전이 힘을 얻는 동안 지키세요!
702602d4ffea43a8ad2b8be054e73dc4_127_0,93987121075838976,출구 포털과 상호작용하기
736627e655094cfa8f25340937a2d4ff_120_0,64640664636219392,고기 피클 파괴하기
886243dec6dd496386e201a8f85cc295_118_0,92320026952982532,화물 보호하기
8c5170fa2ce549e1985ebb5d0e01c4e6_120_0,64640664636219393,고기 피클 처치 완료
90eef0e7dafe4e98b691a8cf3bfae1b5_122_0,66304535373537280,런 계속하기
96ce8ec8a31a44ceb57c0a8de5546f5f_121_0,66001975141761024,보호막 생성기 1 충전
985ece3c25384d839157c479d8223073_121_0,66001975141761026,보호막 생성기 3 충전
9da26d36ea2247ba99b70e7c742973b1_118_0,92320026952982536,발사 
a154039495b7470584a0af27d4ed866d_121_0,66763169515470850,보호막 생성기 4
aadf3602081f4015aec9c47bc86000dd_121_0,66763169515470849,보호막 생성기 3
ac2567e652e94e068700c6209c7f36ea_54_0,79134725535424512,운이 좋은데!!
cf9d61014cd1492d8c893491a9645ba0_121_0,66001975141761025,보호막 생성기 2 충전
da041d35d4c44d99bda028dd88ff0325_122_0,66304535373537281,볼트 버거로 이동하기
e7c43fda99ac4e8e8dd538cf316110cf_122_0,66304535373537282,런 시작
eea91060b83b4496b1aeac1d2d260752_118_0,92320026952982529,트럭 찾기
f9870dbcb1a0442099f6f6c74c7714e3_121_0,66763169515470848,보호막 생성기 2
fcd915f79a4740e2a0a12db6d86a8244_118_0,92320026952982535,셔틀 발사하기
STG_12_1394fd3152ff42f38ae60f5d57322b88,66435288571154433,또 생일인 사람? 바로 너야!
STG_12_3448bc63ae1e4206849d19a7840f85fe,66435288571154434,정말 진심으로 생일 축하해!
STG_12_b5c16efb19114e3d85197aa361affadc,66435288571154437,오늘도 행복한 생일이야.
STG_12_bb9caf614acd49c9a3eec4b85964909a,66435288571154436,딩동! 생일 축하해!
STG_12_bcf64c2f553a480b94a284b70604152a,66435288571154435,"오늘 생일인 사람 누구? 맞아, 너야!"
STG_12_ca27f0642db742338ba85a318a05e5c5,66435288571154438,"아, 귀여운 스퀴시, 생일 축하해!"
STG_12_d1260cdbf83a435d9734fabac23023f9,66435288571154432,또 네 생일이야!
STG_86_162f3932e37c49f696ab8699acf964be,66357874696491009,냠냠!
STG_86_834d57a162d14a24a157199a6d8f1c4e,66357874696491008,이제 잡았다!
STG_86_e58baca8b4594c5c8b9ee8eb81f7ecb2,66357874654547968,정말 맛있는데.
STG_87_2c8df3d39aa0499daeda8c9d2ec2ae02,66357874696491012,널 찾기 위해 온 사방을 다 뒤졌어.
STG_87_4c35ded8489b4c258c53d9fcdfb3b698,66357874696491014,끼어들어도 될까?
STG_87_63f4d4a7bcbf4206ba6d4ac872e047df,66357874696491011,"널 씨, 내가 보고 있는 게 보여?"
STG_87_e58baca8b4594c5c8b9ee8eb81f7ecb2,66357874696491010,여기 있었군!
STG_87_fb62256c98f1462a9d3811b89008e54b,66357874696491013,도망칠 수 있을 거라고 생각했어?
STG_88_016ff15dde534d769d1d1ba438bb5766,66357874696491018,"어디 있니, 꼬마 고기?"
STG_88_116484f3783349e397e4371394922c35,66357874696491019,내 간식은 어디 있지?
STG_88_162f3932e37c49f696ab8699acf964be,66357874696491017,"보이드 씨, 점심 냄새가 나는데!"
STG_88_834d57a162d14a24a157199a6d8f1c4e,66357874696491016,여기서도 네 냄새가 나!
STG_88_e58baca8b4594c5c8b9ee8eb81f7ecb2,66357874696491015,너무 배고파!
STG_89_2c8df3d39aa0499daeda8c9d2ec2ae02,66357874696491022,지금은 시기가 나쁜가?
STG_89_4c35ded8489b4c258c53d9fcdfb3b698,66357874696491024,"똑똑, 누구 있어?"
STG_89_63f4d4a7bcbf4206ba6d4ac872e047df,66357874696491021,"널 씨, 이제 사냥하러 갈까?"
STG_89_e58baca8b4594c5c8b9ee8eb81f7ecb2,66357874696491020,유감스럽게도 네 시간은 끝났어!
STG_89_fb62256c98f1462a9d3811b89008e54b,66357874696491023,사냥을 시작하자!
STG_90_e58baca8b4594c5c8b9ee8eb81f7ecb2,66357874696491025,꼭 맛을 봐야겠어!
STG_91_e58baca8b4594c5c8b9ee8eb81f7ecb2,66357874696491026,신나는 일을 경험할 준비는 됐나?
STG_92_162f3932e37c49f696ab8699acf964be,66357874696491029,"널 씨, 난 극복했어!"
STG_92_834d57a162d14a24a157199a6d8f1c4e,66357874696491028,저 꼬맹이 육즙이 좀 있는데!
STG_92_e58baca8b4594c5c8b9ee8eb81f7ecb2,66357874696491027,잠시 시간이 필요해.
STG_93_162f3932e37c49f696ab8699acf964be,66357874696491032,네가 없어서 화가 났잖아!
STG_93_834d57a162d14a24a157199a6d8f1c4e,66357874696491031,더 이상 장난치지 마!
STG_93_e58baca8b4594c5c8b9ee8eb81f7ecb2,66357874696491030,이제 이걸 끝낼 시간이야!
STG_94_162f3932e37c49f696ab8699acf964be,66357874696491035,그래서 어딜 갔었지?
STG_94_834d57a162d14a24a157199a6d8f1c4e,66357874696491034,"그래, 지금은 훨씬 나아졌어."
STG_94_e58baca8b4594c5c8b9ee8eb81f7ecb2,66357874696491033,잠깐 누워서 쉬어야겠어.
STG_95_2c8df3d39aa0499daeda8c9d2ec2ae02,66361789617901570,말을 끊어서 정말 미안해.
STG_95_4c35ded8489b4c258c53d9fcdfb3b698,66361789617901572,신선한 고기가 등장했군!
STG_95_63f4d4a7bcbf4206ba6d4ac872e047df,66361789617901569,"보이드 씨, 저기야!"
STG_95_e58baca8b4594c5c8b9ee8eb81f7ecb2,66361789617901568,"오, 점심 거리다!"
STG_95_fb62256c98f1462a9d3811b89008e54b,66361789617901571,점심 시간이다!
STG_96_e58baca8b4594c5c8b9ee8eb81f7ecb2,66361789617901573,이제 으깨버릴 시간이야!
STG_97_e58baca8b4594c5c8b9ee8eb81f7ecb2,66361789617901574,이건 정말 아플 거야!
STG_98_162f3932e37c49f696ab8699acf964be,66361789617901577,"미안, 보이드 씨!"
STG_98_834d57a162d14a24a157199a6d8f1c4e,66361789617901576,보기보다 훨씬 강한데!
STG_98_e58baca8b4594c5c8b9ee8eb81f7ecb2,66361789617901575,정말 아프겠어!
STG_99_162f3932e37c49f696ab8699acf964be,66361789617901580,더 이상 착한 널은 없어!
STG_99_834d57a162d14a24a157199a6d8f1c4e,66361789617901579,"보이드 씨, 정말 화 난다니까!"
STG_99_e58baca8b4594c5c8b9ee8eb81f7ecb2,66361789617901578,이제 끝낼 시간이야!
STG_100_162f3932e37c49f696ab8699acf964be,66361789617901583,이제 좀 나아졌어!
STG_100_834d57a162d14a24a157199a6d8f1c4e,66361789617901582,낮잠 시간은 끝났어. 이제 점심 먹을 준비가 됐지!
STG_100_e58baca8b4594c5c8b9ee8eb81f7ecb2,66361789617901581,"좋아, 어디 갔었지?"
STG_101_2d4e9fa2379e4742a83167d33236d447,66435288571154445,거기서 육즙 좀 내고 있었나?
STG_101_2df9cf960ead43f6b80f1f7726f85aa4,66435288571154439,"안녕, 스퀴시!"
STG_101_31221ccd7735454f88a5e4297aa88d97,66435288571154447,"아, 여기 있었군, 만나니 좋은데!"
STG_101_58e64a80752347118e275397c6d3b9dd,66435288571154443,"안녕, 꼬마 친구!"
STG_101_6164f3ca78a8410cb0222f3dd7f44673,66435288571154442,잘 지내고 있어?
STG_101_911bb0f5e8c441359220d84e4b7a4d30,66435288571154441,어떻게 지내!
STG_101_91df6a61d2cd48568c88d4c3a3c3b140,66435288571154448,"어, 잘 지내고 있나, 꼬마 친구?"
STG_101_9c280bd2c80c4d7d8f4c0bad6519decd,66435288571154444,내가 가장 아끼는 스퀴시야!
STG_101_a0c9d50b7ac04f048660da9c00563355,66435288571154440,거기 안녕!
STG_101_ac50e9fabba74e58ba82fb3d612d9ea8,66435288571154446,"안녕, 꼬마 친구!"
STG_101_e2950848758345eca0dda0b4ecf92fd7,66435288571154449,"오, 정말 멋진데!"
STG_102_07aeb06757ea4d83a925e9b5912b8550,66778140018839555,계속 수고해 줘!
STG_102_1d485d7971fa4dc290b9af09ce568127,66778140018839552,잘 지내야 해!
STG_102_209dba9bb321487487815d056cdff335,66778140018839557,"계속 촉촉하게 지내라고, 꼬마 친구!"
STG_102_253905826c564fb2a5270da3f6110546,66778140014645248,"나중에 봐, 스퀴시!"
STG_102_681ec913f2d546d889972e763313659e,66778140018839558,"안녕, 친구!"
STG_102_94fe5491de04435b8a95aae0b2c85f9b,66778140018839554,"나중에 보자, 꼬마 친구!"
STG_102_c6e5299b8dde4a7e8d12267e458db7f5,66778140018839556,그럼 안녕!
STG_102_d562ae583d9648f68dee936e8df37560,66778140018839553,"진정해, 스퀴시!"
STG_103_1e1a08579f154d3390641eae410a9003,66435288571154451,"나는 많은 격투기 선수들을 훈련시켰지만, 누구도 걸어다니는 부리토처럼 생기지는 않았어."
STG_103_2715b3783d424a1e85b137009a8181fe,66435288571154453,넌 비스킷 빌이라는 권투 선수를 떠올리게 해. 놈이 빵으로 만들어졌다는 점만 다르지.
STG_103_402bfd769a1b41078a10fdfba74c5f14,66435288571154460,옛날에 나랑 칼은 온갖 엉뚱한 짓을 저지르고 다녔지.
STG_103_5164f569287c4072a63d592f052742f9,66435288571154459,나랑 칼은 아주 오래전부터 알고 지냈어. 정말 아주 오래전부터.
STG_103_64d638e56c384f24b188ca2819652eef,66435288571154462,칼이 다시 활약하며 은하계를 더 나은 곳으로 만들고 있는 모습을 보니 반갑군.
STG_103_836c805e84494fb8a71f9540f4df5318,66435288571154452,넌 키드 망간을 닮았어. 글리지에 빠지기 전의 모습을 말이야.
STG_103_95e5e6ddd2a54b07b87fd4671792ab83,66435288571154457,"전기톱 맥기라는 이름의 격투가를 본 적 있나? 믿기 어렵겠지만, 꽤 괜찮은 여자야."
STG_103_9850ab8dd16e4c88acd86a61b4b87604,66435288571154450,"오늘 경기는 정말 자랑스러웠어, 꼬맹이. 하지만 내가 이런 말 했다는 건 아무한테도 말하지 마."
STG_103_9a1148cfde7f4e8c824c29a0db0d388e,66435288571154454,"예전에 광대 신발을 신은 남자를 훈련시킨 적이 있는데, 좋은 생각이 아니었지."
STG_103_a8746e6e66f14163b2ef5206525c620f,66435288571154456,철발톱이라는 별명을 가진 선수를 본 적 있어? 봤다면 분명 기억할 거야.
STG_103_abdb3693c1db4ae1888836e43e8c1120,66435288571154455,"문어랑 싸워본 적 있나, 꼬마? 그걸 보면 정신을 바짝 차리게 될 거야."
STG_103_b0160ac90afe4183b15a458ae7621462,66435288571154463,칼 랭거스는 언제나 큰 꿈을 꾸었지. 그런 점은 존경할 만해.
STG_103_dae83de77f1b42ec8113bb8f50a0f558,66435288571154458,혹시 닥 브릭페이스라는 이름의 선수를 본 적 있나? 알고 보니 그냥 치과의사더라고.
STG_103_e0db3007bcb24305b60e39511051847d,66435288571154461,"그래, 칼이 몇 가지 실수를 했지. 하지만 어디 실수 안 한 사람이 어디 있나?"
STG_103_e10f9f4d03544556827565a467ba95e2,66435288571154464,한 가지 말해주지. 칼 랭거스를 절대 과소평가하지 마.
STG_104_1e1a08579f154d3390641eae410a9003,66435288571154466,"어이, 터프가이."
STG_104_2715b3783d424a1e85b137009a8181fe,66435288571154468,고양이가 뭘 물어왔는지 봐.
STG_104_836c805e84494fb8a71f9540f4df5318,66435288571154467,만나서 반가워.
STG_104_9850ab8dd16e4c88acd86a61b4b87604,66435288571154465,"안녕, 챔피언."
STG_105_1e1a08579f154d3390641eae410a9003,66435288571154470,이야기 나눠서 즐거웠어.
STG_105_2715b3783d424a1e85b137009a8181fe,66435288571154472,나중에 봐.
STG_105_836c805e84494fb8a71f9540f4df5318,66435288571154471,"진정해, 챔피언."
STG_105_9850ab8dd16e4c88acd86a61b4b87604,66435288571154469,"나중에 봐, 꼬마."
STG_106_1e1a08579f154d3390641eae410a9003,66435288571154474,거래는 성사됐어.
STG_106_836c805e84494fb8a71f9540f4df5318,66435288571154475,나한테는 효과가 있네.
STG_106_9850ab8dd16e4c88acd86a61b4b87604,66435288571154473,내가 보기엔 공평한데.
STG_107_1e1a08579f154d3390641eae410a9003,66435288575348737,"고기 좀 바꿔봐, 꼬마!"
STG_107_836c805e84494fb8a71f9540f4df5318,66435288575348738,"새로운 고기를 잡아, 꼬마."
STG_107_9850ab8dd16e4c88acd86a61b4b87604,66435288575348736,"어이, 꼬마, 새로운 고기가 필요할 거야!"
STG_108_57d595dd68b94b11b2b59fb88b7a5da5,66771219589206016,그런다고 뭐가 달라지겠어.
STG_109_57d595dd68b94b11b2b59fb88b7a5da5,66771219626954752,물론 이제 네가 어디로 가는지 정확히 알겠어.
STG_110_57d595dd68b94b11b2b59fb88b7a5da5,66771219626954753,넌 상황을 바꿀 수 있다고 생각하지.
STG_111_57d595dd68b94b11b2b59fb88b7a5da5,66771219626954754,하지만 이제 넌 책임자가 아니야. 내가 책임자야.
STG_112_57d595dd68b94b11b2b59fb88b7a5da5,66771219626954755,랭거스 프라임으로 항로를 설정해!
STG_113_57d595dd68b94b11b2b59fb88b7a5da5,66771219626954756,"칼, 이 질투심 많은 바보."
STG_114_e58baca8b4594c5c8b9ee8eb81f7ecb2,66774634386001920,전능고기의 위력을 보아라!
STG_115_e58baca8b4594c5c8b9ee8eb81f7ecb2,66774634390196224,"칼, 자업자득이다!"
STG_116_e58baca8b4594c5c8b9ee8eb81f7ecb2,66774634390196225,이번엔 도망칠 수 없어!
STG_117_e58baca8b4594c5c8b9ee8eb81f7ecb2,66774634390196226,전능고기!
STG_118_e58baca8b4594c5c8b9ee8eb81f7ecb2,66774634390196227,"얌전히 있어, 칼! 곧 돌아올 테니까."
STG_119_e58baca8b4594c5c8b9ee8eb81f7ecb2,66774634390196228,이제 승리의 잔치를 벌여보자!
STG_120_e58baca8b4594c5c8b9ee8eb81f7ecb2,66774634390196229,이길 수 없다는 걸 알면서도 왜 계속 싸우는 거지?
STG_121_e58baca8b4594c5c8b9ee8eb81f7ecb2,66774634390196230,사소한 차질이 생긴 것 뿐이야! 그래도 넌 이길 수 없어.
STG_122_e58baca8b4594c5c8b9ee8eb81f7ecb2,66774634390196231,나에겐 혼자서도 널 충분히 이길 수 있는 힘이 있지!
STG_123_e58baca8b4594c5c8b9ee8eb81f7ecb2,66774634390196232,"안 돼! 안 돼, 안 돼, 안 돼!"
STG_124_e58baca8b4594c5c8b9ee8eb81f7ecb2,66774634390196233,칼 랭거스. 넌 네가 이겼다고 생각하겠지.
STG_125_e58baca8b4594c5c8b9ee8eb81f7ecb2,66774634390196234,네가 이 꼭두각시를 이겼을지도 모르지.
STG_126_e58baca8b4594c5c8b9ee8eb81f7ecb2,66774634390196235,하지만 넌 지금 우리 우주에 있어.
STG_127_e58baca8b4594c5c8b9ee8eb81f7ecb2,66774634390196236,이제 전능고기의 진정한 위력을 경험할 시간이다.
STG_128_e58baca8b4594c5c8b9ee8eb81f7ecb2,66774634390196237,"곧 다시 보자고, 칼 랭거스."
STG_129_07aeb06757ea4d83a925e9b5912b8550,66778140018839563,"널 위해 특별한 걸 요리하고 있어, 꼬마 친구!"
STG_129_1d485d7971fa4dc290b9af09ce568127,66778140018839560,"아, 널 위해 새로운 걸 준비했어!"
STG_129_253905826c564fb2a5270da3f6110546,66778140018839559,"어이, 스퀴시, 여기서 요리 좀 하고 있어. 이쪽이야."
STG_129_94fe5491de04435b8a95aae0b2c85f9b,66778140018839562,내 특별한 친구를 위해 작은 선물을 준비했지. 잠깐만 이리 와 봐.
STG_129_d562ae583d9648f68dee936e8df37560,66778140018839561,"어이, 꼬마 친구, 새로운 거 보고 싶어?"
STG_130_07aeb06757ea4d83a925e9b5912b8550,66778140018839568,정말 확실해? 그럼 알았어!
STG_130_1d485d7971fa4dc290b9af09ce568127,66778140018839565,이번엔 네가 해낼 거라고 믿어.
STG_130_253905826c564fb2a5270da3f6110546,66778140018839564,"아, 어려운 일이군, 행운을 빌어!"
STG_130_94fe5491de04435b8a95aae0b2c85f9b,66778140018839567,그렇게 어렵지는 않을 거야!
STG_130_d562ae583d9648f68dee936e8df37560,66778140018839566,재밌게 즐기라고.
STG_131_07aeb06757ea4d83a925e9b5912b8550,66778140018839573,저건 너만을 위한 거야.
STG_131_1d485d7971fa4dc290b9af09ce568127,66778140018839570,그걸 어떻게 해야 할지는 너도 잘 알 거라고 봐.
STG_131_253905826c564fb2a5270da3f6110546,66778140018839569,그건 분명 유용하게 쓰일 거야.
STG_131_8193fb832f8a42499e74ee269e663f45,66778140018839574,"오, 그냥 콩에 뿌린 그레이비네."
STG_131_94fe5491de04435b8a95aae0b2c85f9b,66778140018839572,"조심해, 저건 장난감이 아니야."
STG_131_d562ae583d9648f68dee936e8df37560,66778140018839571,"오, 그거 좋은데."
ABL_Desc_98,79423295005384704,충돌 시 폭발하는 거대한 로켓입니다. 직접 공격 시 3배 피해를 입힙니다.
ABL_Desc_202,80823105834967040,"달리면서 적에게 <#FFEB04><link=""Keyword:15"">[얼음]</link></color> 피해를 입힙니다."
ABL_Desc_203,80824169023922176,"달리면서 적에게 <#FFEB04><link=""Keyword:14"">[점액]</link></color> 피해를 입힙니다."
ABL_Desc_204,80824169023922177,"달리면서 적에게 <#FFEB04><link=""Keyword:12"">[전기]</link></color> 피해를 입힙니다."
ABL_Desc_205,80824169023922178,"달리면서 적에게 <#FFEB04><link=""Keyword:13"">[화염]</link></color> 피해를 입힙니다."
ABL_Name_241,79423295013773312,외계 도넛
ABL_Desc_241,79423295013773313,전방으로 호를 그리며 에너지 고리를 발사합니다.
ABL_Name_246,84150493377454080,이상한 주사
ABL_Desc_246,84150493381648384,"정체가 뭔지는 알 수 없지만, 사용하면 체력을 100 회복합니다."
ABL_Name_247,86035996729139200,누크 듀켐
ABL_Desc_247,86035996733333504,단순히 모든 것들을 파괴하는 핵폭탄을 발사합니다. 폭발 범위에서 떨어져야 할 것입니다...
ABL_Name_248,86035996733333505,화염 벽
ABL_Desc_248,86035996733333506,적들을 불태우는 화염 벽을 일으킵니다.
ABL_Name_252,94597113462120448,보안관 칼
ABL_Desc_252,94597113466314752,보안관 칼이 구조에 나섭니다!<br>칼이 메카 슈트를 입고 당신을 따라다니며 최대한 많은 적을 쓰러뜨립니다. 정말 멋진 보스군요.
ABL_Name_257,95088709014118400,파워 리치
ABL_Desc_257,95088709022507008,"이동 속도가 3% 증가하고 <#FFEB04><link=""Keyword:13"">[화염]</link></color> 피해가 5% 증가합니다.<br>주변의 적들이 더 느리게 공격 및 이동합니다."
ART_Name_4,91432940955754496,중력 우물
ART_Name_13,94597113466314753,메크 칼
CQ_Name_58,51558077172801536,반지의 제왕 v2 (일반)
CQ_Name_95,65757147558830080,재능 수집가
CQ_Desc_95,65757147583995904,"겉모양이 중요해, 스퀴시. 난 끝내주는 고기랑 끝내주는 플레이팅으로 이 회사를 세웠거든. 재능 열 개면 탄탄한 출발이지. 너 이제 밖에서 좀 사람 구실 하는 것처럼 보이기 시작한다."
CQ_Name_96,65757147583995905,최소한의 재능
CQ_Desc_96,65757147583995906,"식당 업계에 이런 말이 있어. 재능 스물다섯 개가 최소라고. 내가 지어낸 말이지만, 딱 맞는 말이야. 계속 모아 — 밖에선 네가 랭거스 사를 대표하는 거니까!"
CQ_Name_97,65757147583995907,쾌활한 재능
CQ_Desc_97,65757147583995908,"재능 쉰 개. ""댄디하다""라는 말을 제대로 쓰고 있나 찾아봤어. 제대로 쓰고 있더라고. 딱 이런 상황을 위해 만들어진 단어지. 계속 가."
CQ_Name_98,65757147583995909,진정한 자신 표현하기
CQ_Desc_98,65757147583995910,"봐, 재능 백 개를 모으라고 말하는 건 아니야. 내가 그런 걸 시킬 리가 없지. 그냥 재능 백 개가 너라는 사람에 대해, 직원으로서 뭘 말해줄지 한번 생각해 봤으면 하는 거야. 뭐, 어쨌든. 전적으로 네 몫이지."
CQ_Name_99,75588200087674880,무기 R&D
CQ_Desc_99,75588200096063488,이곳 랭거스에선 패스트푸드 체인점치곤 '독특한' 부서를 몇 개 만들었거든. 은하를 먹여 살린다는 게 샌드위치랑 미소만으로 되는 게 아니란 말이지. 보기보다 훨씬 어렵다니까! 무기 R&D로 내려가서 장비 등급을 올려 봐. 허리춤에 매단 종류가 다양할수록 고기 구하기가 쉬워지는 법이거든.
CQ_Name_100,82285661372014592,낚시행
CQ_Desc_100,75664958191296512,"스퀴시, 바위랑 고대 기술 좀 가져와 봐. 최신형 차원 균열 낚시 장비를 준비해 줄 테니까 큰 놈들을 잡을 수 있을 거야."
CQ_Name_101,75626551931035648,몇 마리 낚아볼까
CQ_Desc_101,75670184147279872,차원 균열 낚시 장비를 사용해서 큰 녀석을 몇 마리 잡아봐!
CQ_Name_102,75631368929796096,문화적 적합성
CQ_Desc_102,75664958195490816,"여기에서는 '자기 계발'이 단순한 권유가 아니야. 실적 지표가 되거든. 게다가 공식 사내 복지 혜택이기도 해! 직원 복지 터미널로 가서 새 업그레이드를 하나 잠금 해제해 봐. 네 자리에 걸맞게 크고 있다는 걸 증명해 달라고, 꼬마 친구."
CQ_Name_103,86371778174115840,칼부림!
CQ_Desc_103,86371778178310144,"장비 보관함에 정말 끝내주는 상품이 하나 있는데, 그걸 줄 핑계를 찾고 있었거든. 너한테는 그럴 자격이 있는 것 같아. 가서 휘둘러 보고 돌아오도록 해. 네가 잘 해낸다면 알 수 있을 거야."
CQ_Name_104,93905764215676928,신전 3개를 활성화하기
CQ_Desc_104,93905764219871232,신전 3개를 활성화하면 보너스를 받을 수 있어.
CRT_Name_86,89820889795780608,고기 퍼그
CRT_Name_87,91076799746793472,고기 퍼그 강아지
CTC_Name_3,86277628988743680,고대 기술
CTC_Name_5,86277628992937985,장신구 및 샘플
CTC_Name_6,86277628992937986,광물
INTD_Name_25,92544266662830080,출구 포털
INTD_Action_25,92544266667024384,다음 방
ITM_Attr_39,17438567620927577,컨테이너에서 획득하는 추가 체력 {0:|+|+|+}{0:percent()}%
ITM_Attr_511,91742537604128768,경험치 획득 {0:|+|+|+}{0:percent()}%
ITM_Name_1097,64524596592762880,행운의 묘약
ITM_Name_1099,88480638204633088,기동성의 신전
ITM_Name_1100,88480638208827392,행운의 신전
ITM_Name_1101,88480638208827393,힘의 신전
ITM_Name_1102,91482575502041088,도전 +20%
ITM_Name_1103,91697156585414656,불행의 신전
ITM_Name_1104,91698194650488832,체력의 신전
ITM_Name_1105,91742537620905984,나쁜 경험의 신전
ITM_Name_1106,91742537620905985,경험의 신전
ITM_Name_1107,91875735667466240,도전 +10%
LSB_69,65696160330125312,랭거스 고기. 우리는 당신이 무엇을 먹는지 알고 있습니다. 그러니 당신은 알 필요가 없습니다.
MUT_Type_7,85936796137938944,화염
MUT_Type_8,85936796142133248,얼음
MUT_Type_9,85936796142133249,점액
MUT_Type_10,85936796142133250,전기
MUT_Type_18,85936796142133251,운동
PE_Desc_118,92320026952982528,특별 배송
PE_Desc_120,64640664627830784,미트헤드럴의 보호막 비활성화하기
PE_Desc_121,66001975099817984,배터리를 충전하세요
PE_Desc_122,66304535369342976,볼트 버거로 가서 새로운 런을 시작하세요!
PE_Desc_124,87364860482936832,근처 신비로운 신전
PE_Desc_125,92791742368047104,모든 적 퇴치하기
PE_Desc_127,93986020658241536,다음 방으로 가는 포털을 찾으세요!
PE_CompassDesc_124,90954630467411968,신전
PE_FailureDesc_124,88905188520222720,<color=#FF3667>신전이 파괴됨!</color>
PLN_Name_26,78722713496051712,서브 제로니
PLN_Name_27,88549004969762816,라바 델 레이
PLN_Name_28,92514418636611584,랭거스룸01
PLN_Name_29,93545291569946624,랭거스룸02
PLN_Name_30,94424828545589248,스모어
SHE_Name_1,93903394018680832,도전의 신전
SHE_Name_4,93903394018680835,재산의 신전
SHE_Name_5,93903394018680836,도박의 신전
SS_Name_9,91037073622949888,웜홀
SS_Name_10,92525321763414016,상자 안에는 무엇이
TPUP_CodexButton_1,64970684173840384,은하계 터미널
TPUP_CodexDesc_1,64970684190617600,오늘 가고 싶은 곳 있나요?
TPUP_CodexButton_2,64970684190617601,헌터 위협 측정기
TPUP_CodexDesc_2,64970684190617602,헌터: 항상 존재하는 위협
TPUP_CodexDesc_3,64970684190617603,엄밀히 말하면 필수는 아니지만...
TPUP_CodexDesc_4,64970684190617604,악몽으로는 두렵지 않을 때
TPUP_CodexDesc_5,64970684194811904,랭거스 직원이 받는 모든 혜택
TPUP_CodexButton_6,64970684194811905,광물 수집
TPUP_CodexDesc_6,64970684194811906,좋은 것들을 파내세요
TPUP_CodexButton_7,64970684194811907,기술 수집
TPUP_CodexDesc_7,64970684194811908,완전히 무료로 가져갈 수 있습니다
TPUP_CodexButton_8,64970684194811909,물고기 수집
TPUP_CodexDesc_8,64970684194811910,물고기를 낚습니다
TPUP_CodexButton_9,64970684194811911,궁극기 터미널
TPUP_CodexDesc_9,64970684194811912,모든 고기 과학자에게 하나씩 필요합니다
TPUP_CodexButton_10,64970684194811913,무기 터미널
TPUP_CodexDesc_10,64970684194811914,무기를 잠금 해제하고 업그레이드하세요!
TPUP_Desc_11_0,66382739308273665,"HUD 우측 상단에 있는 <color=#FF3667>명령 목록</color>을 주의 깊게 살펴보세요. 각 행성에는 다음이 있습니다:<br><color=#FF3667><sprite name=""PrimeDirective""> 주요 명령</color><br><color=#FF3667><sprite name=""SecondaryDirective"">보조 명령</color><br><br>명령은 다양한 <color=#FF3667>보상</color>을 제공하니 최대한 많이 완료하세요!"
TPUP_Title_11_1,66382739308273666,나침반
TPUP_Desc_11_1,66382739308273667,"<color=#FF3667>나침반</color>은 HUD 상단에 나타나며 각 행성의 <color=#FF3667>관심 지점</color>을 나타냅니다.<br>나침반은 <color=#FF3667>주요 명령,</color> <color=#FF3667>보조 명령,</color><color=#FF3667>점프 패드</color> 등을 찾을 수 있게 도와줍니다!"
TPUP_CodexButton_11,66382739304079360,명령
TPUP_CodexDesc_11,66382739308273664,객관적으로 중요합니다
TPUP_Desc_12_0,66382739308273670,"<color=#FF3667>빠른 재장전</color>을 완료하려면, 재장전 창의 색상 게이지에 회전하는 막대가 닿을 때 사격하세요.<br><br>타격하다<color=#00FF00>녹색 영역</color>에 닿으면 <color=#FF3667>돌진 보너스</color>를 얻고 재장전합니다. 각 무기는 <color=#FF3667>특별한 보너스</color>가 있습니다.<br><color=#FFC700>노란색 영역</color>에 닿으면 보너스 없이 더 빠르게 재장전합니다."
TPUP_Title_12_1,66382739308273671,근접
TPUP_Title_12_2,66382739308273673,근접
TPUP_Desc_12_1,66382739308273672,"[InputAction:Gameplay/MeleeFire] 키를 눌러 주걱으로 근접 공격하세요. 강력한 근접 공격은 적을 <color=#FF3667>경직</color>시킬 수 있으며, 균형을 잃게 하고 몇 초 동안 움직이지 못하게 만듭니다."
TPUP_Desc_12_2,66382739308273674,"[InputAction:Gameplay/MeleeFire] 키를 눌러 주걱을 휘두르세요.<br>근접 공격은 높은 확률로 적을 <color=#FF3667>경직</color>시키며, 균형을 잃게 하고 몇 초 동안 움직이지 못하게 만듭니다."
TPUP_CodexButton_12,66382739308273668,무기
TPUP_CodexDesc_12,66382739308273669,경고 발생
TPUP_Desc_13_0,66382739308273678,때때로 처치한 적이 <color=#FF3667>고기 부위</color>를 떨어뜨립니다.<br>부위 근처에서 [InputAction:Interact/Interact] 키를 누르면 현재의 신체 부위 하나와 <color=#FF3667>교체</color>합니다.
TPUP_Title_13_0,66382739308273677,고기 교체
TPUP_Title_13_2,66382739308273680,고기 보호막
TPUP_Desc_13_1,66382739308273679,"각 <color=#FF3667>고기 부위</color> 역시 <color=#FF3667>특별한 능력</color>을 가지고 있습니다.<br>부위를 교체하면 더 빠르게 이동하거나, 높은 피해를 입히거나, 하수인을 생성할 수 있습니다... 가능성은 무한하니 고기를 교체하세요!"
TPUP_Desc_13_2,66382739308273681,"<color=#FF3667>고기 부위</color>에는 <color=#FF3667>고기 내구도</color>가 있습니다. 고기 부위는 피해를 입으면 닳고, 내구도가 다하면 <color=#FF3667>파괴</color>됩니다. 단, 고기 부위는 파괴되는 순간 잠시 <color=#FF3667>무적</color> 상태가 됩니다. 새 부위를 장착하면 <color=#FF3667>능력</color>을 되찾을 수 있습니다."
TPUP_CodexButton_13,66382739308273675,고기 교체
TPUP_CodexDesc_13,66382739308273676,게임의 이름입니다
TPUP_Desc_14_0,66382739308273685,런 도중 충분한 <color=#FF3667>경험치</color>를 획득하면 팀 레벨 게이지가 채워지고 <color=#FF3667>레벨 업</color>을 합니다.<br>레벨 업이 가능하면 [InputAction:Gameplay/ItemRewardInit] 키를 눌러 강력한 <color=#FF3667>아이템 또는 업그레이드</color>를 선택합니다.
TPUP_Title_14_0,66382739308273684,레벨 업
TPUP_Desc_14_1,66382739308273686,HUD 좌측 하단의 <color=#FF3667>팀 레벨 게이지</color>를 주의 깊게 살펴보면 레벨 업까지 얼마나 남았는지 확인할 수 있습니다.<br>런마다 <color=#FF3667>최대 30 레벨</color>을 얻을 수 있습니다.
TPUP_CodexButton_14,66382739308273682,레벨 업
TPUP_CodexDesc_14,66382739308273683,"우린 위로, 위로, 위로 갑니다"
TPUP_Desc_15_0,66382739308273689,"<color=#FF3667>볼트 버거</color>는 당신을 행성 표면으로 이동시켜 주고 다시 복귀하게 해줍니다.<br>마지막 <color=#FF3667>주요 명령</color>을 완료하면, <color=#FF3667>볼트 버거</color>가 당신을 안전한 곳으로 데려가기 위해 도착합니다.<br>적들에게 둘러싸이기 전에 빠르게 탑승하세요!"
TPUP_CodexButton_15,66382739308273687,볼트 버거
TPUP_CodexDesc_15,66382739308273688,볼트는 안 보이는군요...
TPUP_Desc_16_0,66382739308273692,[InputAction:Gameplay/CharacterMovement] 버튼으로 <color=#FF3667>이동</color>합니다.<br>[InputAction:Gameplay/Jump] 버튼으로 <color=#FF3667>점프</color>합니다.<br>[InputAction:Gameplay/Jump] 버튼을 두 번 누르면 <color=#FF3667>이중 점프</color>합니다.
TPUP_Title_16_0,66382739308273691,기본 조작법
TPUP_Title_16_1,66382739308273693,체력과 보호막
TPUP_Title_16_2,66382739308273695,능력
TPUP_Desc_16_1,66382739308273694,"<color=#FF3667>체력</color>과 <color=#FF3667>고기 보호막</color>은 HUD의 좌측 하단과 조준선의 왼쪽 측면에도 위치해 있습니다.<br>당신은 세 부위로 구성되어 있습니다:<color=#FF3667>머리</color>(위), <color=#FF3667>몸통</color>(중간), 그리고<color=#FF3667>다리</color>(아래).<br>고기 보호막에 주의하세요. 하나가 떨어지면 새로운 고기 부위를 얻을 때까지 해당 부위를 사용할 수 없게 됩니다!"
TPUP_Desc_16_2,66382739308273696,"고기 부위는 화면의 하단에 있는 능력 바에 표시되는 <color=#FF3667>능력</color>을 가지고 있습니다.<br>각 부위는 다른 역할을 하니, 새로운 고기를 시도해 보세요!"
TPUP_CodexDesc_16,66382739308273690,움직여야 합니다
TPUP_Desc_17_0,91467094054334465,<color=#FF3667>고기 부위</color>와 <color=#FF3667>무기</color>는 <color=#FF3667>원소</color>가 붙어있을 수 있습니다.<br>적에게 원소 피해를 입히면 해당 원소 효과가 관련 <color=#FF3667>상태</color>를 적용할 때까지 누적됩니다.
TPUP_Desc_17_1,91467094054334466,"<#FFEB04><link=""Keyword:17"">[상태]</link></color>는 일치하는 모든 원소 원천으로 발동할 수 있으며, 적에게 <color=#FF3667>둘 이상의 상태</color>를 동시에 적용할 수 있습니다."
TPUP_CodexButton_17,91467094033362944,원소
TPUP_CodexDesc_17,91467094054334464,"밀치고, 얼리고, 지지고, 태워버리세요"
VO_Transcript_182,64586613632897024,"아, 근처에 비밀 향신료가 가득 실린 트럭이 있군. 우리에게 꼭 필요할 거야."
VO_Transcript_183,64586613649674240,"그 낡은 트럭은 계속 고쳐줘야 해, 안 그러면 고장 날 거야!"
VO_Transcript_184,64586613649674241,"계속 움직여, 꼬마 친구! 외계인들이 덤벼들고 있어. "
VO_Transcript_185,64587626796388352,대체 누가 거기에 문을 달았지? 
VO_Transcript_186,64920625689165824,"자, 이제 저 버튼을 눌러 향신료를 올려!"
VO_Transcript_187,64920625714331648,"스퀴시, 그걸 열어야 해!"
VO_Transcript_188,64930279190200320,물건들을 셔틀로 옮겨. 우린 널 믿고 있어!
VO_Transcript_189,65631231578988544,"자, 다들, 헤어 포스 원에게... 박수!"
VO_Transcript_190,65631231583182848,모두 존경하는 크러다디 판사님을 향해... 기립!
VO_Transcript_191,65631231583182849,먼저 링에 오르는 것은... 포크 배럴 피트!
VO_Transcript_192,65631231583182850,다들 규칙은 알고 있겠지? 모른다면 어쩔 수 없지!
VO_Transcript_194,66064315292422144,토막 난 시체 조각들이 둥둥 떠다니는 게 보여? 주워 올리는 게 좋을 거야. 살아남아야 하니까!
VO_Transcript_195,66064315330170880,"록시, 네가 레시피에 추가한 그 두뇌 세포가 정말 효과를 발휘한 것 같아."
VO_Transcript_196,66064315330170881,수확 실패. 고기 코어가 파괴되었습니다.
VO_Transcript_197,66064315330170882,피해 감지. 노드를 방어하십시오.
VO_Transcript_198,66064315330170883,경고: 고기 코어가 취약해졌습니다.
VO_Transcript_199,66064315330170884,경고: 고기 코어 파괴가 임박했습니다.
VO_Transcript_200,66064315330170885,안돼! 놈들이 코어에 다가가지 못하게 해!
VO_Transcript_201,66064315330170886,정말이야. 이 고기 과학자는 이전의 모든 피실험체를 능가하고 있어.
VO_Transcript_202,66342620914618368,날 브로드사이드라고 불러라!
VO_Transcript_203,66342620927201280,리셋... 어딜 가려는 거야?
VO_Transcript_204,66342620927201281,포로는 잡지 마라!
VO_Transcript_205,66342620927201282,널 심해로 보내겠다!
VO_Transcript_206,66342620927201283,이제 미끼를 던져볼 시간이다!
VO_Transcript_207,66342620927201284,총 준비!
VO_Transcript_208,66342620927201285,브로드사이드는 고통을 느끼지 않는다!
VO_Transcript_209,66342620927201286,"멈춰, 이 비열한 놈!"
VO_Transcript_210,66342620927201287,상황이 역전된 것 같은데!
VO_Transcript_211,66342620927201288,물고기의 복수가 이루어질 것이다!
VO_Transcript_212,66342620927201289,바다는 너의 죄를 기억한다!
VO_Transcript_213,66342620927201290,바다는 자비심이 없지!
VO_Transcript_214,66342620927201291,그건 데비 존스의 함이야!
VO_Transcript_215,66342620927201292,"거기 너, 이쪽이다!"
VO_Transcript_216,66342620927201293,이 선장은 배와 함께 가라앉지 않을 거야!
VO_Transcript_217,66342620927201294,"단단히 마음의 준비를 해! 이런! 헛수고였군, 하하하!"
VO_Transcript_218,66342620927201295,아하하하하!
VO_Transcript_219,66342620927201296,넵튠의 수염을 걸고 맹세코!
VO_Transcript_220,66342620927201297,날 그렇게 쉽게 무너뜨리진 못할 거다!
VO_Transcript_221,66342620927201298,꼬마 고기! 잠깐 이쪽으로 와라.
VO_Transcript_222,66342620927201299,새로운 보물을 발견했군!
VO_Transcript_223,66342620927201300,지뢰를 장전했다!
VO_Transcript_224,66342620927201301,준비 완료!
VO_Transcript_225,66342620927201302,말만 하라고!
VO_Transcript_226,66342620927201303,"난 준비됐어, 선장!"
VO_Transcript_227,66342620927201304,"시간이 더 필요해, 선장!"
VO_Transcript_228,66342620927201305,놈들을 심해로 보내버려!
VO_Transcript_229,66342620927201306,지금 발사한다!
VO_Transcript_230,66342620927201307,바람이 불어온다!
VO_Transcript_231,66342620927201308,지옥의 심장부에서 너에게 타르타르 소스를 뱉어주지!
VO_Transcript_232,66342620927201309,"그게 전부야, 선장!"
VO_Transcript_233,66357874709073920,목적지를 선택해.
VO_Transcript_234,66357874709073921,볼트 버거 배치 완료.
VO_Transcript_235,66357874709073922,새로운 파일을 검토할 수 있어.
VO_Transcript_236,66357874709073923,임무 완료.
VO_Transcript_237,66357874709073924,증원군이 접근 중이야.
VO_Transcript_238,66357874709073925,헌터들이 격노한 상태일 때는 고기 과학자를 배치할 수 없어.
VO_Transcript_239,66357874709073926,이제 고기 과학자들을 투입할 수 있어.
VO_Transcript_240,66417837640880128,"어이, 고깃덩어리! 잠깐만 이리 와 봐."
VO_Transcript_241,66417837640880129,"트럭은 계속 굴러가게 해, 꼬마!"
VO_Transcript_242,66417837640880130,트럭이 박살나기 전에 얼른 문 열어!
VO_Transcript_243,66417837640880131,곧 알게 되겠지.
VO_Transcript_244,66417837640880132,싸울 준비가 되면 링으로 와서 나를 찾아.
VO_Transcript_245,66417837640880133,"이봐, 꼬마, 나도 이제 점점 늙어가고 있다고!"
VO_Transcript_246,66417837640880134,"조심해, 꼬마!"
VO_Transcript_247,66417837640880135,"자, 움직여 봐!"
VO_Transcript_248,66435288579543040,"자, 스퀴시, 이제 브래드 박사를 찾을 시간이야."
VO_Transcript_249,66435288579543041,그 덩치를 지뢰로 이끌어!
VO_Transcript_250,66435288579543042,"이런, 지뢰가 놈에게 전혀 피해를 주지 못하는 것 같아!"
VO_Transcript_251,66435288579543043,대포를 막아버려야 해!
VO_Transcript_252,66435288579543044,저건 총으로 쏴서 없앨 수 있어!
VO_Transcript_253,66435288579543045,"좋아, 시작해 보자!"
VO_Transcript_254,66435288579543046,"종을 울려, 난 준비됐어!"
VO_Transcript_255,66435288579543047,잠깐만 기다려!
VO_Transcript_256,66435288579543048,이제 폭발이다!
VO_Transcript_257,66435288579543049,여길 좀 봐!
VO_Transcript_258,66435288579543050,코치 댄이 등장했노라!
VO_Transcript_259,66435288579543051,"그게 내 전부야, 꼬마."
VO_Transcript_260,66435288579543052,"이쪽이야, 꼬마. 너한테 줄 게 있어."
VO_Transcript_261,66435288579543053,내가 널 위해 아무것도 안 했다는 말은 하지 마.
VO_Transcript_262,66435288579543054,"어이, 심판, 공정하게 해!"
VO_Transcript_263,66435288579543055,접이식 의자 하나 집어 들어서 저 자식 머리를 후려쳐 버려!
VO_Transcript_264,66435288579543056,"어이 꼬마, 녀석을 밀어붙이기 전에 심판부터 먼저 쓰러뜨려야지!"
VO_Transcript_265,66435288579543057,의자! 가서 의자 가져와!
VO_Transcript_266,66435288579543058,잘했어! 하나 끝냈고 두 개 남았네!
VO_Transcript_267,66435288579543059,이제 신경 써야 할 녀석이 두 명이나 생겼군. 조심해!
VO_Transcript_268,66435288579543060,"저 녀석을 땅바닥에 꽂아야 해, 꼬마!"
VO_Transcript_269,66435288579543061,다른 녀석도 잊지 마!
VO_Transcript_270,66435288579543062,"좋아, 챔피언! 이제 한 라운드 남았어!"
VO_Transcript_271,66435288579543063,"잘했어, 하지만 아직 아무것도 이긴 게 아니야!"
VO_Transcript_272,66435288579543064,"이제 딱 하나 남았어, 꼬마!"
VO_Transcript_273,66435288579543065,"해냈어, 챔피언! 넌 정말 최고야!"
VO_Transcript_274,66435288579543066,"저 서류쟁이 놈 때문에 죽을 것 같아, 꼬마!"
VO_Transcript_275,66435288579543067,저 날아다니는 녀석을 꼭 쓰러뜨려야 해!
VO_Transcript_276,66435288579543068,술 그만 마시고 놈을 제대로 혼내줘!
VO_Transcript_277,66435288579543069,심판을 처리해! 심판!
VO_Transcript_278,66435288579543070,"잊어버려, 꼬마! 놈은 관료주의의 편이야!"
VO_Transcript_279,66435288579543071,저 작은 녀석들을 끌어내서 다리를 잡아!
VO_Transcript_280,66435288579543072,"자, 이제 다리를 이용해서 놈을 제대로 내리쳐!"
VO_Transcript_281,66437093602463744,"거의 다 됐어. 빨리, 놈을 제압해!"
VO_Transcript_282,66437093602463745,저게 바로 우리에게 필요한 고기 코어로 이끌어줄 거야!
VO_Transcript_283,66437093602463746,"안녕, 스퀴시!"
VO_Transcript_284,66443846721310720,"문을 열어야 해, 친구!"
VO_Transcript_285,66443846721310721,"내가 잠시 이 친구들을 잊고 있었던 것 같네. 뭐, 내 잘못이지."
VO_Transcript_286,66443846721310722,그게 전부야. 계속해서 문을 열어!
VO_Transcript_287,66443846721310723,"좋아, 저게 바로 메가누커야. "
VO_Transcript_288,66443846721310724,작동하면 고기 코어가 순식간에 구워질 거야.
VO_Transcript_289,66443846721310725,"스퀴시, 누커 세 개를 모두 작동시켜야 해!"
VO_Transcript_290,66443846721310726,이제 하나! 하지만 누커를 세 개 모두 작동해야 해.
VO_Transcript_291,66443846721310727,"좋아, 이제 요리를 시작할 준비가 거의 다 됐어!"
VO_Transcript_292,66443846721310728,"좋아, 이제 제대로 요리가 시작됐어! 고기를 안전하게 지켜!"
VO_Transcript_293,66443846721310729,"오, 스퀴시, 아주 맛있게 육즙이 넘치고 있어!"
VO_Transcript_294,66443846721310730,"잠깐, 스퀴시, 저 목소리 어디서 들어본 것 같아. 가서 확인해 봐, 알았지?"
VO_Transcript_295,66443846721310731,"야, 스퀴시, 보호막 생성기부터 처리해야 해!"
VO_Transcript_296,66443846721310732,저 커다란 돌대가리들이 보호막 생성기를 완전히 망칠 게 분명해!
VO_Transcript_297,66443846721310733,좋아! 계속 그렇게 머리를 던져 봐.
VO_Transcript_298,66443846721310734,"자, 이제 가서 심장을 찾아, 스퀴시!"
VO_Transcript_299,66443846721310735,저기 앞에 있는 커다란 심장 보여?
VO_Transcript_300,66443846721310736,저걸 파내서 여기 있는 아가씨 기분 좀 좋아지게 해줘야지.
VO_Transcript_301,66443846721310737,우리가 심장을 꺼내기 전에 놈들이 심장을 망가뜨리면 영원히 감염되어 버릴 거야!
VO_Transcript_302,66443846721310738,일단 들어가면 끝날 때까지 나올 수 없어.
VO_Transcript_303,66443846721310739,기회가 있을 때 체력 스테이션을 이용하는 게 좋을 거야.
VO_Transcript_304,66443846721310740,"어, 이런, 놈이 온다. 스퀴시, 준비해!"
VO_Transcript_305,66443846721310741,핫도그를 꽉 채워 넣어야 해!
VO_Transcript_306,66443846721310742,"저 돌대가리들이 네게 딱 필요한 거야, 스퀴시!"
VO_Transcript_307,66443846721310743,저 거대한 녀석한테 너무 가까이 가지 않는 게 좋겠어!
VO_Transcript_308,66443846721310744,"우, 거대한 녀석 좀 아프겠는데, 하지만 안 끝났어!"
VO_Transcript_309,66443846721310745,"이런, 스퀴시! 네가 놈을 화나게 한 것 같아!"
VO_Transcript_310,66443846721310746,"놈이 발을 구를 때, 다리를 이용해서 점프해!"
1fa6b98e3e7b4bbd923bdc1b7b42005c_132_0,107655364063780864,헌터 처치 완료
236eced1758f4925917ffd297dec2f47_133_0,107655364063780866,조사하기
65a9ac7f76fd46a181993eca4976b215_133_0,107655364072169472,헌터를 사냥하세요!
6738dedaf8d8478a8d74e1a1d2e2c125_131_0,107655364055392258,포털이 닫혔습니다
6738dedaf8d8478a8d74e1a1d2e2c125_133_0,107655364076363776,헌터 퇴치 완료
9fb394aa180a48f7bc480a0d21c14962_131_0,107655364055392257,링으로 입장하세요!
ABL_Desc_118,102231626447052800,"15초 동안 주변의 아군에게 150 <#FFEB04><link=""Keyword:11"">[방벽]</link></color>을 부여합니다.<br><#FFEB04><link=""Keyword:11"">[방벽]</link></color>이 지속되는 동안, 받는 피해를 반사합니다."
ABL_Desc_262,96528322085773312,갈고리를 발사하고 타격 지점으로 끌어당겨집니다.
ABL_Desc_263,102563114564706304,"붐봇을 설치합니다. 딸깍, 딸깍, 쾅!"
ABL_Desc_268,108777313687035905,"나를 메크에 던져줘, 우리가 다 박살내자고!"
ABL_Name_262,96528322081579008,갈고리 혀
ABL_Name_263,102563114560512000,카우보이 붐봇
ABL_Name_268,108777313687035904,칼의 메크 활성화하기
CND_Desc_11,98640502977454081,3초 후 폭발합니다
CND_Name_11,98640502977454080,폭탄
CQ_Desc_105,102259608528084992,"수습 기간을 통과했어, 축하해! 이제 진짜 업무를 시작해서 네가 뭘 할 수 있는지 보자고."
CQ_Desc_106,102259608528084994,"여기 처음이니까 네 실력이 어느 정도인지 봐야 해, 최고의 직원이 될 수 있도록 필요한 부분을 갈고닦아보자!"
CQ_Desc_107,102263695273353217,"진짜 의무 그 이상을 해내고 있어! 그 패기가 마음에 들어서, 보상으로 더 많은 책임을 주고 싶어! 일이 재밌지 않냐?"
CQ_Desc_108,102263695277547521,이제 여기서 할 일을 다 알았으니 더 많은 의무와 책임을 위한 준비를 시작할 수 있어! 더 많은 일을 하려는 직원이 항상 필요하거든.
CQ_Desc_109,102272247622787073,"마이크가 배에 합류했어! 하지만 적응이라는 게 그 친구에게는 보통 일이 아니라서 말이야. 게다가 그 양반은 따뜻한 호의와 생선 내장, 대충 이 두 가지 순서로 굴러가는 사람이거든. 부탁 좀 할게. 녀석에게 생선을 아주 잔뜩 팔아 줘. 냄새가 비릴수록 더 좋아. 장담하건대, 주말쯤 되면 우린 완전 가족이나 다름없어질걸."
CQ_Desc_110,102276841048367105,"은하계를 먹여 살리려면 고기가 엄청 필요하고, 경영진은 적극적인 사람을 좋아하지! 얼른 나가서 고기 코어의 진정한 수확이 뭔지 보여주라고. 회계사가 숫자를 보고 신나서 춤을 출 정도로. 높이높이 쌓아 올리는 거야, 스퀴시. 그렇게 하면 네 미래에는 개인 사무실이 생길 거야."
CQ_Desc_111,102281096752783360,"딱 최소한만 하는 사람 어떻게 생각해? 그래, 나도 마찬가지야. 네가 얻은 그 재능을 장착하고 이달의 직원처럼 출근해서 일을 하란 말이야. 패스트푸드 생태계에서는 보이는 모습도 중요하거든."
CQ_Desc_112,102279208766529538,"바깥에서 이상한 작은 구조물에 관한 보고가 계속 들어오고 있어…현지인들은 '신전'이라 부르더라고. 우리가 파악한 바론, 그걸 건드리기만 해도 제일 가까이 선 놈한테 힘을 불어넣어 준대. 우리 쪽에서 어떻게 써먹을 수 있는지 알아봐 줄래? 우주가 공짜로 강화 효과를 뿌리고 다니는 게 맞다면, 랭거스 쪽에서는 당연히 영수증을 챙겨야 하니까 말이야."
CQ_Desc_113,102279208766529540,"바깥에서 커다란 보스 놈을 마주치면 그냥 죽이지만 말고, 샘플을 채취해. 그 고깃덩어리 안에는 뭔가 아주 특별한 게 있거든. 아래층 연구실 친구들이 신선한 재료 좀 달라고 내게 졸라대고 있어. 좋은 놈으로 가져와 주면, 그 귀한 걸 담아온 아이스박스 주인이 누군지 그들의 눈에 확실히 새겨 줄게."
CQ_Desc_114,102281096752783362,저 외계인 놈들 뭔가 꾸미고 있어… 내 직감이 그렇게 말하고 있다고. 그리고 이 회사를 이끄는 것도 내 직감이란 말이지. 놈들이 커다란 조드빔을 소환해서는 뭔가 숨기듯이 방어막 뒤에 감춰 두고 있더라고. 놈들의 꿍꿍이가 완성되기 전에 당장 가서 그 소환 장치부터 부숴 버려.
CQ_Desc_115,102281096752783364,"잘 들어. 요즘 행성 곳곳에서 포탑이 무슨 민들레처럼 솟아나고 있어. 십자포화에 휘말린 수확기는 나도 보험 처리를 해줄 수 없단 말이야. 놈들이 일제히 한 곳에 집중사격하기로 마음먹기 전에 가서 전부 부숴 버려. 보급로를 깨끗하게 유지하라고, 스퀴시."
CQ_Desc_116,102281096752783366,"적이 떨구는 그 정체불명의 고기 큐브 열어 본 적 있어? 그 안에 진짜 기묘한 게 들었어… 뭐, '기묘하다'라는 건 그냥 과정이 좀 더 있는 더 붙은 '값진' 것일 뿐이지. 가서 몇 개 정도 부수고 열어봐. 그게 뭐든 간에 이제 랭거스 거니까 말이야."
CQ_Desc_117,102281096752783368,내 친한 친구인 코치 댄에게서 전화가 걸려 왔어. 올드 탱거스에서 돌연변이 놈들이 자기를 상대로 훈련을 시켜대는 통에 좀 까칠해져 있더라고. 거기 내려가서 그 친구와 잠깐 같이 뛰어 줘. 이 은하가 누구 건지 그 돌연변이에게 똑똑히 알려 주라고. 내 오랜 친구의 부탁이니 들어줘.
CQ_Desc_118,102281096752783370,우린 신비한 라디오 신호를 추적하고 있어. 그런데 전부 뒤섞여 있어서 들리질 않더군. 행성 곳곳에 낡은 무전탑이 널려 있어. 탑을 하나씩 가동하면서 신호를 복구할 수 있지 보자고. 아무것도 아닐 수도 있지. 하지만 반대로 대박일 수도 있잖아.
CQ_Name_105,102259608519696384,하위 직급
CQ_Name_106,102259608528084993,직원 수습 기간
CQ_Name_107,102263695273353216,랭거스 상위 직급
CQ_Name_108,102263695277547520,중간 레벨 스페셜리스트 훈련
CQ_Name_109,102272247622787072,마이크 환영하기
CQ_Name_110,102276841048367104,만나서 고기해요
CQ_Name_112,102279208766529537,신전에 이르다
CQ_Name_113,102279208766529539,샘플 전문가
CQ_Name_114,102281096752783361,외계 활동 조사하기
CQ_Name_115,102281096752783363,포탑 격파
CQ_Name_116,102281096752783365,인디아나 본즈
CQ_Name_117,102281096752783367,코치 댄의 춤
CQ_Name_118,102281096752783369,불가능한 전송
CRT_Name_89,102563114573094912,충성스러운 붐봇
GN_Interact_20,96763864320827392,미디어 소모: {FileName}
GN_Name_20,96763864312438784,랭거스 파일
HE_Desc_169,96139469151789056,"다음 능력이 +5% 피해를 입힙니다, 최대 +100%"
HE_Desc_171,96857236343611392,공격 속도가 +10% 증가하고 재장전 속도가 +30% 증가하고 최대 10회 중첩됩니다.
HE_Desc_172,96903789842259968,모든 중첩이 사라집니다.
HE_Desc_173,96923277228761088,"덩어리를 떨어뜨리고, 주우면 버프를 얻습니다."
HE_Desc_175,98640503002619904,3초 후 폭발하는 폭탄을 적용합니다.
HE_Desc_177,106215386955898880,"주변 지역에 <#FFEB04><link=""Keyword:15"">[얼음]</link></color> 피해를 입힙니다."
HE_Desc_178,106219433964331008,"<#FFEB04><link=""Keyword:13"">[화염]</link></color> 피해가 20% 증가합니다."
HE_Desc_179,101598599379410944,"+15 <#FFEB04><link=""Keyword:11"">[방벽]</link></color>을 획득합니다"
HE_Desc_180,101598599379410945,"<#FFEB04><link=""Keyword:18"">[분쇄]</link></color> 상태의 적은 주변의 <#FFEB04><link=""Keyword:3"">[냉기]</link></color> 또는 <#FFEB04><link=""Keyword:4"">[동결]</link></color> 상태의 적 3명에게 피해를 연쇄로 입히며, <#FFEB04><link=""Keyword:3"">[냉기]</link></color> 상태의 적은 절반의 피해를 받습니다."
HE_Desc_181,102071207363338240,"번개가 적을 공격하여 100 <#FFEB04><link=""Keyword:12"">[전기]</link></color> 피해를 입힙니다."
HE_Desc_182,102071207371726848,번개가 추가로 1명의 적에게 절반의 피해를 연쇄로 입힙니다.
HE_Desc_183,102475594611023872,10초 동안 작은 벌 6마리를 스폰합니다.
HE_Desc_184,102475594615218176,"10초 동안 이동 속도 +3%, 10중첩 시 5초 동안 모든 피해 +50%"
HE_Desc_185,104515340883451904,30초 동안 치명타 확률 +5%
HE_Desc_186,104533437380026368,3초 동안 고기 능력의 피해가 두 배로 증가합니다.
HE_Desc_187,106215386955898881,10초 동안 모든 피해 +1%
HE_Desc_188,106215386955898882,10% 확률로 모든 능력을 빠르게 새로고침합니다.
INTD_Name_11,38528188924551174,트레이더 마이크
ITM_1110_HE_0,96127592808046593,전기 치명타 피해 발생 시
ITM_1112_HE_0,96857236389748736,빠른 재장전 성공 시
ITM_1112_HE_1,96859039739142144,빠른 재장전 실패 시
ITM_1115_HE_0,96923830516178944,"<#FFEB04><link=""Keyword:2"">[오염]</link></color> 대상 처치 시 50% 확률"
ITM_1118_HE_0,98641490081734657,"<#FFEB04><link=""Keyword:7"">[경직]</link></color> 대상에게 근접 피해 발생 시"
ITM_1121_HE_0,101570858839957504,"<#FFEB04><link=""Keyword:3"">[냉기]</link></color> 대상에게 화염 피해 발생 시"
ITM_1121_HE_1,103760276568924160,"<#FFEB04><link=""Keyword:4"">[동결]</link></color> 대상에게 화염 피해 발생 시"
ITM_1122_HE_0,101598599421353985,"<#FFEB04><link=""Keyword:4"">[동결]</link></color> 대상에게 고기 능력 피해 발생 시 15% 확률"
ITM_1122_HE_1,101598599421353986,"<#FFEB04><link=""Keyword:3"">[냉기]</link></color> 대상에게 고기 능력 피해 발생 시 15% 확률"
ITM_1124_HE_0,102071207426252801,"<#FFEB04><link=""Keyword:8"">[감전]</link></color> 대상에게 약점 피해 발생 시 20% 확률"
ITM_1124_HE_1,102071207426252802,"<#FFEB04><link=""Keyword:8"">[감전]</link></color> 대상에게 약점 처치 시"
ITM_1126_HE_0,102475594657161217,"<#FFEB04><link=""Keyword:2"">[오염]</link></color> 대상 처치 시"
ITM_1127_HE_0,102475594657161219,아이템 수 최대치 도달 시
ITM_1140_HE_0,104851685120139265,"<#FFEB04><link=""Keyword:2"">[점액]</link></color> 대상에게 고기 능력 피해 발생 시 10% 확률"
ITM_296_HE_0,101221828050018304,고기 능력 피해 발생 시
ITM_307_HE_1,106328262077046784,처치 시 25% 확률
ITM_394_HE_0,102071207417864192,"<#FFEB04><link=""Keyword:1"">[화상]</link></color> 대상에게 피해 발생 시 10% 확률"
ITM_601_HE_1,101531253960859648,"<#FFEB04><link=""Keyword:4"">[동결]</link></color> 대상 무기 처치 시 15% 확률"
ITM_Attr_513,102575519529164800,능력 최대 충전량 {0:+#.##;-#.##;+0}
ITM_Attr_514,106215386981064704,연쇄 대상 {0:+#.##;-#.##;+0}
ITM_Attr_515,106242417093500928,동결 지속 시간 {0:+#.##;-#.##;+0}
ITM_Attr_516,106255518333394944,머리 고기 능력 피해 {0:|+|+|+}{0:percent()}%
ITM_Attr_517,106255518337589248,몸통 고기 능력 피해 {0:|+|+|+}{0:percent()}%
ITM_Attr_518,106255518333394945,다리 고기 능력 피해 {0:|+|+|+}{0:percent()}%
ITM_Attr_519,106302737078018048,무기 피해 {0:|+|+|+}{0:percent()}%
ITM_Name_1109,96107584912613376,배터리 충전
ITM_Name_1110,96127592808046592,전기 분비샘
ITM_Name_1112,96856720469385216,방아쇠 손가락
ITM_Name_1113,96856720469385217,방아쇠 손가락 버프
ITM_Name_1114,96906830591025152,서릿발
ITM_Name_1115,96923830507790336,덩어리!
ITM_Name_1116,97130954542276608,덩어리 상태
ITM_Name_1118,98641490081734656,선물 분비샘
ITM_Name_1120,101559114235109376,서리 코어
ITM_Name_1121,101570858789625856,냉동 화상 살점
ITM_Name_1122,101598599421353984,소름
ITM_Name_1123,101598599421353987,민트 상쾌한 숨결
ITM_Name_1124,102071207426252800,전기 콧물
ITM_Name_1126,102475594657161216,가슴 둥지
ITM_Name_1127,102475594657161218,연기
ITM_Name_1128,102475594657161220,불타는 브리스킷 몸통
ITM_Name_1130,102575519558524928,신장 충전
ITM_Name_1131,104510089782616064,핫 바디
ITM_Name_1132,104510089782616065,핫 바디 돌연변이
ITM_Name_1133,104531369521045504,바이오매스 급등 돌연변이
ITM_Name_1134,104531369521045505,바이오매스 급등
ITM_Name_1135,104712032748560384,램토
ITM_Name_1136,104791554407784448,골침
ITM_Name_1137,104810734590877696,매운 퀘소 손길
ITM_Name_1138,104810734590877697,매운 퀘소 손길 돌연변이
ITM_Name_1139,104851685115944960,슬러리 위장
ITM_Name_1140,104851685120139264,슬러리 위장 돌연변이
ITM_Name_1141,106215386997841920,갈라진 번개
ITM_Name_1142,106247402053165056,차가운 국수
ITM_Name_1143,106261060711866368,얼음 송곳
ITM_Name_1144,106261402287595520,보조 영웅
ITM_Name_1145,106296471018528768,운동선수
ITM_Name_1146,106296471018528769,배운자
ITM_Name_1147,106296471018528770,고추기름
ITM_Name_1148,106296471018528771,매운 국물
ITM_Name_1149,106296471018528772,가성비
ITM_Name_1150,106300027549245440,흑후추 화약
ITM_Name_1151,106300027549245441,끈적한 물건
MEH_Desc_76,108761156712128512,"나를 메크에 던져줘, 스퀴시!"
MEH_Name_76,108761156707934208,칼 랭거스 머리
MEL_Name_50,102563114636009472,토미 탱크 다리
MUT_Name_16,109842573688823808,코일 심장
MUT_Name_2,109842573680435200,벌집 폭발
MUT_Name_22,109842573688823809,지옥 두개골
MUT_Name_23,346366160134167,천둥 가슴
MUT_Name_25,109842573688823810,피부 판금
MUT_Name_27,109842573688823811,눈 스퀴시
MUT_Name_28,96107584925196288,전기 분비샘
MUT_Name_29,109842573688823812,방아쇠 손가락
MUT_Name_3,109842573684629504,신성한 살점
MUT_Name_31,96923277304258560,덩어리!
MUT_Name_32,98636212292542464,선물 분비샘
MUT_Name_34,109842573688823813,끈적한 내장
MUT_Name_35,109842573688823814,냉동 심장
MUT_Name_37,109842573688823815,파편 손가락
MUT_Name_38,109842573688823816,척추 껍질
MUT_Name_39,109842573688823817,수정화된 예티 눈
MUT_Name_41,109842573688823818,가시덤불 두개골
MUT_Name_42,109842573688823819,영구동결 가시
MUT_Name_43,109842573688823820,당분 중독
MUT_Name_44,109842573688823821,서리 코어
MUT_Name_45,109842573688823822,냉동 화상 살점
MUT_Name_46,109842573688823823,소름
MUT_Name_47,109842573688823824,민트 상쾌한 숨결
MUT_Name_48,109842573688823825,전기 콧물
MUT_Name_50,109842573688823826,가슴 둥지
MUT_Name_51,102475594665549824,불타는 브리스킷 몸통
MUT_Name_52,102575519566913536,신장 충전
MUT_Name_53,104519924813127680,핫 바디
MUT_Name_54,109842573688823827,바이오매스 급등
MUT_Name_55,104698776562688000,램토
MUT_Name_56,109858960654196736,골침
MUT_Name_57,104791554420367360,매운 퀘소 손길
MUT_Name_58,109842573688823828,슬러리 위장
MUT_Name_8,19688412549210112,리보플라빈
PE_Desc_128,97509550570070016,고기를 고르세요!
PE_Desc_129,98235809558159360,무기를 고르세요!
PE_Desc_130,100509189787344896,돌연변이를 고르세요!
PE_Desc_131,107655364055392256,포털을 파괴하세요!
PE_Desc_133,107655364063780865,헌터를 처치하라!
PF_Name_68,107302781818232832,아이템 악어 가죽 잠금 해제
PF_Name_69,107302781826621440,아이템 대구에 옥수수 잠금 해제
PF_Name_70,107302781826621441,아이템 피딩 프렌지 잠금 해제
PF_Name_71,107318253833936896,돌연변이 배터리 저장 잠금 해제
PF_Name_72,107318253833936897,돌연변이 서리 갑옷 잠금 해제
PF_Name_73,107318253833936898,돌연변이 핫 바디 잠금 해제
PF_Name_74,107318253833936899,돌연변이 새빨간 열기 잠금 해제
PF_Name_75,107318253833936900,돌연변이 엉성한 조 잠금 해제
PF_Name_76,107373590712672256,정체불명의 고기 누크 듀켐 잠금 해제
PF_Name_77,107373590712672257,정체불명의 고기 메크 칼 잠금 해제
PLN_Name_31,105178928291766272,고기 구체
RF_Subtitle_35,99311942877831168,차원 외 존재
TPUP_Sub1_Desc_17_0_0,103774446992420864,적을 <color=#FF3667><i>기절</i></color>시킵니다
TPUP_Sub1_Desc_17_0_1,103774447009198080,"<#FFEB04><link=""Keyword:1"">[화상]</link></color> 상태의 적은 지속 피해를 입으며 일정 확률로 <#FFEB04><link=""Keyword:19"">[연소]</link></color>합니다"
TPUP_Sub1_Desc_17_0_2,103774447009198081,"<#FFEB04><link=""Keyword:8"">[감전]</link></color> 상태의 적은 지속 피해를 입으며 일정 확률로 <#FFEB04><link=""Keyword:7"">[경직]</link></color>합니다."
TPUP_Sub1_Desc_17_1_0,103774447009198082,"<#FFEB04><link=""Keyword:2"">[오염]</link></color> 상태의 적은 모든 피해 원천에서 <color=#FF3667><i>추가 피해</i></color>를 입으며, 다른 원소 효과가 <color=#FF3667><i>더 빠르게 적용됩니다</i></color>"
TPUP_Sub1_Desc_17_1_1,103774447009198083,"<#FFEB04><link=""Keyword:3"">[냉기]</link></color> 상태의 적은 <color=#FF3667><i>감속</i></color>되며 <#FFEB04><link=""Keyword:4"">[동결]</link></color> 상태가 될 확률이 있습니다. <#FFEB04><link=""Keyword:4"">[동결]</link></color> 상태의 적은 <#FFEB04><link=""Keyword:5"">[운동]</link></color> 또는 근접 피해로 <color=#FF3667><i>분쇄</i></color>하여 보너스 피해를 입힐 수 있습니다"
e902d74f6cf640f296e9a01344279cab_121_0,101942999326384128,충전 완료
f59980ba4e384046ab723e5bc9badda9_128_0,97509550570070017,플레이어 보상 획득 완료
53afc69896b94bfba03024778d9e3623_134_0,111688140467462144,칼을 붙잡아서 메크에 던져 넣어!
75a404bead8b4222886ea28d9fafd2a0_136_0,124465651215491072,더미 근접 공격하기 [InputAction:Gameplay/MeleeFire]
866e5e3449304da59d2ee38062fafa39_81_0,127793421195603968,!
9697eea8c0a144b39d6932525438c386_136_0,124725136014172160,사격 연습장
CRT_Desc_11,114192001456177153,"<b>랭거스 고기</b>의 전 고객입니다. 현재는 직원들을 위협하는 존재입니다. <b>글리지 걸프</b>를 장기간 섭취한 결과 체격은 놀랍도록 발달했고, 성격은 전혀 나아지지 않았습니다."
CRT_Desc_12,114192001460371456,<b>랭거스 고기</b> 자동 방어 부서에서 제작됐습니다. 부서가 조용히 폐지되기 전에 말이죠. 지금도 가동 중입니다. 지금도 마지막으로 받은 명령을 수행 중입니다. 그 명령이 무엇이었는지는 아무도 기억하지 못합니다.
CRT_Desc_13,114192001460371457,다리 여덟 개. 눈은 여러 개. 앞에 있는 당신의 존재에 대한 의견은 하나 뿐입니다. 그리고 환영도 아니죠. 스스로 설계한 거미줄 속에 서식하며 그것을 매우 자랑스러워합니다.
CRT_Desc_22,114192001464565760,"<i>프로젝트 레비아탄</i>의 최고 성과이자 <b>랭거스 고기</b> 수산 양식 실험의 최대 실패작입니다. 조류에 오염되기 전에 무엇이었든, 지금은 훨씬 더 거대해졌습니다. <br><br> 화가 났는지는 불분명합니다. 배가 고프다는 건 너무도 명백합니다."
CRT_Desc_26,114192001464565761,"그 동기가 제대로 기록되지 않은 외계인 세력이 운영하는 정찰 전투함입니다. 빠르게 움직이고, 정확하게 사격하며, 단 한 번도 호출 주파수에 응답한 적이 없습니다."
CRT_Desc_28,114192001464565762,<b>페테리움</b>의 담수 시스템을 오염시킨 <b>고기 과학</b> 폐수에 여러 세대 동안 노출되어 극적으로 거대해졌습니다. 엄밀히 따지면 아직까지는 개구리입니다. 엄밀히 따지면 근처에 있는 것이 안전하지 않습니다.
CRT_Desc_31,114192001464565763,<b>페테리움</b>의 토착 피라냐 개체군은 <i>프로젝트 레비아탄</i>이 시작되기 전까지 사소한 골칫거리로 여겨졌습니다. 그건 오래전의 일입니다.
CRT_Desc_34,114192001468760064,"<b>고기 과학</b>의 실험적 화합물에 지속적으로 노출되어 강화되었습니다. 더 빠르고, 거대하고, 그 어떤 상어보다도 당신에게 관심이 많습니다."
CRT_Desc_37,114186022270304256,눈에 보이는 몸통도 없고 납득할 만한 설명도 없이 자유롭게 부유하는 안구 생명체입니다. <b>랭거스 고기</b>의 외계생물학자들이 수많은 보고서를 제출했습니다. 어느 것도 그 정체에 대해 의견이 일치하지 않습니다.
CRT_Desc_38,114192001472954368,"야생화되거나 적대 세력에 의해 전용된 기본형 <b>스마트 미트</b> 구조체입니다. 단순하고, 집요하며, 본질적으로 그냥 고기에 불과한 것치고는 놀랍도록 튼튼합니다."
CRT_Desc_39,114192001472954369,한때 <b>랭거스 고기</b> 가공 시설에 고용되었습니다. 완전히 자발적이지는 않았던 몇 번의 직업 전환을 거치면서도 업무 도구는 그대로 챙겨 왔습니다.
CRT_Desc_40,114192001472954370,그리스 몽키는 진작에 교체됐다는 걸 아직도 모르는 퇴역 자동차 정비 봇이야. 처치하면 차 고치던 실력보다 아군 구조물을 더 잘 고쳐 주는 렌치를 떨군다.
CRT_Desc_41,114192001481342976,"이전 <b>랭거스 고기</b> 과학자로 근무한 이 거대한 생물은 이제 자신을 <b>페테리움</b>에 사는 수생 생물의 수호자로 여기고 있으며 세계 최상위 포식자이기도 합니다.<br><br>또한, 자기가 해적이라고 생각하기도 합니다. 사람들은 정말 이상하다니까요!"
CRT_Desc_42,114192001481342977,거대한 눈 기관과 먹기 전에 모든 것을 뚫어지게 응시하는 강박적 습성으로 규정되는 생명체입니다. 그 응시는 경고입니다. 대부분은 그걸 너무 늦게 깨닫죠.
CRT_Desc_43,114192001481342978,추가적인 공포가 필요한 곳에 추가적인 공포를 배달하는 <b>프랑켄 고기</b> 함선입니다. 착륙한다기보다는 내용물을 하역하고 떠납니다.
CRT_Desc_44,114192001485537280,아쉽게도 모든 <b>고기 과학</b> 실험이 문명에 엄청난 도약을 가져온 것은 아닙니다. 초익스트림한 맛(TM)으로 돼지의 성능을 향상시키는 것을 목표로 한 소규모 프로젝트는 순식간에 통제 불능 상태로 치달았습니다. <b>랭거스 고기</b>의 연구원들은 완벽한 음식을 만드는 대신 완벽한 포식 기계를 만들었습니다.<br><br> 팀원들과 잡아먹히기 직전에 과학자 중 한 명이 '프랑켄 빈즈'라는 별명을 붙인 이 무의식 생명체는 이제 끝없는 굶주림을 채우기 위해 은하계를 떠돌아다닙니다.
CRT_Desc_45,114192001485537281,"탐구 정신으로 시작해 그 탐구 정신을 깊이 후회하는 심정으로 마무리된 <b>고기 과학</b> 실험의 결과물입니다. <br><br> 반은 인간, 반은 말벌이지만, 전부 다 문제입니다."
CRT_Desc_46,114192001489731584,"의도도, 감정도, 당신을 통과시킬 생각도 없는 고정형 무기 플랫폼입니다. 당신이 맞닥뜨릴 모든 적들 중에서, 이것만큼 자신이 원하는 것에 솔직한 존재는 없습니다."
CRT_Desc_47,114192001489731585,"정체불명의 생명체로, 생체역학이 통상 허용하는 범위를 훨씬 넘어 사지가 뻗어 있습니다. 그리고 이를 십분 활용합니다. 곧 직접 알 수 있을 것입니다."
CRT_Desc_48,114192001489731586,"자신의 창조주보다 작고 빠르지만, 허기는 그만큼이나 강합니다. <b>프랑켄 고기</b>의 식욕은 유전됩니다. 줄어든 건 오직 양뿐이죠."
CRT_Desc_50,114192001493925888,권장하는 성장 매개변수를 한참 초과한 <b>스마트 미트</b> 구조체입니다. 개발 사양을 승인한 사람은 아직까지 논평을 거부하고 있습니다.
CRT_Desc_51,114192001493925889,"소형이지만 무시무시한 우주 전사로, 제한된 동작 범위를 가지고 있지만, 당신의 얼굴에 닿겠다는 강력한 의지로 그 동작을 보완합니다."
CRT_Desc_52,114192001498120192,반격하지 않는다. 움직이지 않는다. 모든 합리적 예상을 깨고 지금까지 살아남았다. 이것은 표적보다 사격장에 대해 더 많은 것을 말해준다.
CRT_Desc_53,114192001498120193,매우 좋은 장비나 매우 개인적인 사유 — 아마 둘 다 — 를 시사하는 거리에서 활동한다. 이에 대해 어떤 성명도 제출하지 않았다.
CRT_Desc_54,114192001498120194,"거의 확실히 가져서는 안 됐을 기술을 확보해 제공권을 장악했다. 빠르고, 기동성이 뛰어나며, 그 두 가지 모두에 대해 극도로 자신만만하다."
CRT_Desc_55,114192001506508800,완전히 제거하는 것으로 이동 문제를 해결했습니다. 정확히 위협 수준에 해당하는 만큼 일정한 고도로 부유합니다. 이건 우연일 수가 없습니다.
CRT_Desc_56,114192001506508801,"작고 다져진 몸을 가졌습니다. 크기는 그저 숫자에 불과하며, 숫자는 지금 막 시작하려는 싸움과 아무 상관 없다는 신념 하에 움직입니다."
CRT_Desc_57,114192001506508802,지질학적 역사의 어느 시점에 공격적으로 살아 움직이게 된 오리 모양의 암석층입니다. <b>랭거스 고기</b> 지질학부가 이에 관한 논문을 제출했습니다. 그리고 논문은 거절당했습니다.
CRT_Desc_59,114192001510703104,뛰어난 굴착 본능과 방문자에 대한 나쁜 편견을 가진 지하 인간형 생명체입니다. 자극받을 때만 지상에 나옵니다. 그리고 자주 자극받습니다.
CRT_Desc_6,114192001397456896,"<b>고기 과학</b>의 정점입니다. 단단하고 강화된 고기로 만든 거대한 구조체로, 압도적인 전투 성능을 자랑합니다. <b>칼 랭거스</b>가 섬세함보다는 그 외의 모든 것이 필요한 상황을 위해 설계했습니다."
CRT_Desc_60,114192001510703105,돌연변이 세력이 운용하는 <b>글리지 걸프</b> 연료 수송선입니다. 빠르게 도착하고 더 빠르게 떠납니다. 중간에 남기고 간 것은 이제 당신의 문제입니다.
CRT_Desc_61,114192001514897408,병력을 신속하게 배치하고 그 배치의 결과와 마찬가지로 신속한 이탈에 최적화된 외계인 수송 함선입니다.
CRT_Desc_62,114192001514897409,계속 몰려듭니다. 계속해서 몰려듭니다. 이 수학적 원리는 설명된 적 없고 앞으로도 없을 겁니다. 그냥 계속 쏴야 합니다.
CRT_Desc_63,114192001514897410,"기묘하지만 친근한 이 로봇의 기원은 알려지지 않았습니다. 어떤 이들은 그가 아주 오래전 먼 은하계에서 온 우주선을 타고 왔다고 믿습니다.<br><br> 가장 최근에는 <b>칼립소</b>라는 이름의 지능형 장거리 로봇 공장의 포로로 리셋이 발견되었으며, 이는 두 주체 간의 관계가 실패한 결과로 보입니다."
CRT_Desc_64,114192001519091712,누군가가 선견지명을 발휘애 땅에서 들어올린 자동 무기 플랫폼입니다. 그렇다고 우호적으로 변한 건 아닙니다. 오히려 피하기만 더 어려워졌습니다.
CRT_Desc_65,114192001519091713,"풀사이즈 모델보다 작은 <b>글리지 걸프</b> 의존 덩어리지만, 문제를 일으킨다는 핵심 임무에 대한 헌신은 조금도 줄어들지 않았습니다."
CRT_Desc_66,114192001523286016,어떤 숙주에도 독립적으로 작동하는 분리된 안구 유닛입니다. 감시 목적으로 배치됐다가 직접 교전 목적으로 격상되었습니다. 그 전환은 원래 사양에 없었습니다.
CRT_Desc_67,114192001527480320,"베아트리스 배치 사이클의 첫 번째 단계입니다. 작고, 수수하지만, 이미 카운트다운이 시작되었습니다."
CRT_Desc_68,114192001527480321,"고향 행성의 중력이 수직 성장에 강한 영향을 끼쳤음을 보여주는 신장을 가졌습니다. 높이의 이점을 끊임없이, 그리고 거리낌없이 활용합니다."
CRT_Desc_69,114192001531674624,"아무도 선출하지 않았고 아무도 성공적으로 도전한 적 없는 권위로 전투를 주재합니다. 보이는 대로 판정하며, 모든 것을 봅니다."
CRT_Desc_70,114192001531674625,"<b>포크 배럴 피트</b>가 상대를 절차적 지연과 물리적 피해에 동시에 휘말리게 하기 위해 배치한 관료적 전투원입니다. 서류는 무기이고, 무기 역시 무기입니다."
CRT_Desc_71,114192001535868928,"선거 운동 현장에서 막 나왔으며, 이것이 공직의 모습이라고 굳게 확신하고 있습니다. 대규모로 몰려다니며, 당론에 따라 투표합니다."
CRT_Desc_72,114192001535868929,자신의 판단을 한 번도 의심한 적 없는 자의 절대적인 확신으로 경기장을 주재합니다. 망치는 거대하고 판결은 최종입니다.
CRT_Desc_73,114192001535868930,"<b>내리찍는 아버지</b> 행정부를 대신해 운영되는 기업 집행 유닛입니다. 결정을 수행하지만, 결정을 내리지는 않습니다. 사실 그럴 필요도 없습니다."
CRT_Desc_74,114192001540063232,"완전 가동 상태의 베아트리스입니다. 무엇을 하고 있었든 간에, 지금 당장 막아야 합니다."
CRT_Desc_75,114192001540063233,"낮은 무게 중심. 높은 고통 한계치. <b>글리지 걸프</b> 돌연변이가 더 키우지는 않았지만, 가진 신장을 훨씬 더 효과적으로 만들었습니다."
CRT_Desc_76,114192001544257536,기밀로 분류된 수단을 통해 일종의 공식 직책에 임명된 덕스톤 유닛입니다. 배지는 진짜입니다. 오리도 진짜고요. 바위도 진짜랍니다.
CRT_Desc_77,114192001544257537,성장 사이클 중의 베아트리스입니다. 보이는 것보다 큽니다. 벌써 계획을 세우고 있습니다.
CRT_Desc_79,114192001548451840,기계 세력이 운용하는 중장갑 지상 차량입니다. 기억되고 싶었던 제조 라인의 누군가는 토미라는 이름을 붙였습니다. 토미는 위안을 주는 존재가 아닙니다.
CRT_Desc_8,114192001456177152,"은하에서 가장 쾌적하지 않은 환경에 서식하는 영역권이 강한 공중 전투 생물입니다. 독은 끔찍하고, 소리는 어째서인지 더 끔찍합니다. <b>랭거스 고기</b>는 적어도 세 번 이것을 메뉴에 넣으려고 시도했습니다. 세 번 모두 같은 방식으로 끝났지만요."
CRT_Desc_80,114192001548451841,뛰어난 사거리와 그 사거리 안의 모든 것에 대한 강한 의견을 가진 지향성 에너지 무기 플랫폼입니다.
CRT_Desc_81,114192001548451842,"머리가 명백히 상자인 기계 세력 유닛입니다. 상자 안에 무언가가 들어 있습니다. 그 무언가가 배치되면, 그 무언가가 하는 일이 마음에 들지 않을 겁니다."
CRT_Desc_82,114192001552646144,둥근 형태로 구릅니다. 두 가지 모두에 열정적입니다. <b>글리지 걸프</b> 돌연변이는 매우 구체적으로 그 개념을 기하학적 방향으로 밀고 나갔습니다.
CRT_Desc_83,114192001552646145,"가늘고, 납작합니다. 보기와는 달리 내구성이 높습니다. 차원적 압축으로 인해 오히려 더 큰 위협이 된 돌연변이입니다."
CRT_Desc_86,114192001556840448,"당신을 상대하기 위해 배치된 충실한 <b>스마트 미트</b> 동반 유닛입니다. 이 상황을 완전히 이해하지 못하고 있으며, 그 정도의 성찰 능력이 있다면 아마 죄책감을 느낄 것입니다."
CRT_Desc_87,114192001556840449,"열정은 충분하지만, 맥락은 하나도 없는 어린 <b>스마트 미트</b> 동반 유닛입니다. 최선을 다하고 있습니다. 그 최선이 여전히 당신에게 문제라는 게 문제입니다."
CRT_Desc_88,114192001561034752,"<b>칼 랭거스</b>, 상황이 요구하는 규모에 맞게 움직이고 있습니다. 메크는 당연하게도 그의 설계작입니다. 오래전부터 준비해두었습니다. <br><br> <i>이걸 몇 년 전에 만들어 뒀어, 스퀴시, 혹시 몰라서! 드디어 쓸 수 있게 돼서 다행이야!</i>"
CRT_Name_90,112083206843392000,구토 구체
CRT_Name_91,118003757014249472,볼'케이 노
HE_Desc_125,111992418004361216,"15초 동안 <#FFEB04><link=""Item:634"">[살해자 버프 II]</link></color> 획득합니다"
HE_Desc_126,111992418008555520,"15초 동안 <#FFEB04><link=""Item:635"">[살해자 버프 III]</link></color> 획득합니다"
HE_Desc_139,114224192071655424,"대상이 <#FFEB04><link=""Keyword:7"">[경직]</link></color> 상태가 됩니다"
HE_Desc_189,118953930455506944,"+20% 추가 <#FFEB04><link=""Keyword:12"">[전기]</link></color> 피해를 입힙니다"
HE_Desc_190,118953930468089856,"+20% 추가 <#FFEB04><link=""Keyword:13"">[화염]</link></color> 피해를 입힙니다"
HE_Desc_191,118953930468089857,"+20% 추가 <#FFEB04><link=""Keyword:15"">[얼음]</link></color> 피해를 입힙니다"
HE_Desc_192,118953930468089858,"+20% 추가 <#FFEB04><link=""Keyword:5"">[운동]</link></color> 피해를 입힙니다"
HE_Desc_193,118953930468089859,"+20% 추가 <#FFEB04><link=""Keyword:14"">[점액]</link></color> 피해를 입힙니다"
HE_Desc_194,118953930468089860,"+50% 추가 <#FFEB04><link=""Keyword:12"">[전기]</link></color> 피해를 입힙니다"
HE_Desc_195,118953930468089861,"+50% 추가 <#FFEB04><link=""Keyword:13"">[화염]</link></color> 피해를 입힙니다"
HE_Desc_196,118953930468089862,"+50% 추가 <#FFEB04><link=""Keyword:15"">[얼음]</link></color> 피해를 입힙니다"
HE_Desc_197,118953930468089863,"+50% 추가 <#FFEB04><link=""Keyword:5"">[운동]</link></color> 피해를 입힙니다"
HE_Desc_198,118953930468089864,"+50% 추가 <#FFEB04><link=""Keyword:14"">[점액]</link></color> 피해를 입힙니다"
HE_Desc_199,119267650700304384,2명의 대상에게 30 피해를 연쇄로 입힙니다
IATT_Name_1,113797958992912384,이동 속도
IATT_Name_10,113797958997106693,관통 횟수
IATT_Name_11,113797958997106694,무기 정확도
IATT_Name_110,113797958997106747,히트스캔 피해
IATT_Name_113,113797958997106748,근접 피해
IATT_Name_116,113797958997106749,재장전 기회 크기
IATT_Name_117,113797958997106750,고기 능력 피해
IATT_Name_12,113797958997106695,탄퍼짐 회복
IATT_Name_124,113797958997106751,근거리 피해
IATT_Name_125,113797958997106752,원거리 피해
IATT_Name_126,113797958997106753,화염 누적
IATT_Name_127,113797958997106754,얼음 누적
IATT_Name_128,113797958997106755,점액 누적
IATT_Name_129,113797958997106756,전기 누적
IATT_Name_13,113797958997106696,재장전 속도
IATT_Name_130,113797958997106757,방벽 지속 시간
IATT_Name_133,113797958997106758,방벽 최대
IATT_Name_136,113797958997106759,방벽 획득
IATT_Name_139,113797959001300992,발사체 속도
IATT_Name_14,113797958997106697,수영 속도
IATT_Name_142,113797959001300993,프랑켄 빈즈 파워 레벨
IATT_Name_143,113797959001300994,운동 피해
IATT_Name_146,113797959001300995,운동 누적
IATT_Name_15,113797958997106698,점프 횟수
IATT_Name_151,113797959001300996,하수인 피해
IATT_Name_154,113797959001300997,하수인 체력
IATT_Name_157,113797959001300998,하수인 체력 재생
IATT_Name_16,113797958997106699,치명타 확률 증가
IATT_Name_162,113797959001300999,폭발 횟수
IATT_Name_164,113797959001301000,이벤트 구조물 체력
IATT_Name_165,113797959001301001,이벤트 구조물 체력 재생
IATT_Name_166,113797959001301002,헌터 체력
IATT_Name_167,113797959001301003,헌터 체력 재생
IATT_Name_17,113797958997106700,범위 피해
IATT_Name_178,113797959001301004,중형 하수인 수
IATT_Name_179,113797959001301005,대형 하수인 수
IATT_Name_18,113797958997106701,머리 고기 내구도
IATT_Name_180,113797959001301006,유탄 발사기 피해
IATT_Name_181,113797959001301007,매그넘 피해
IATT_Name_182,113797959001301008,권총 피해
IATT_Name_183,113797959001301009,플라즈마 캐스터 피해
IATT_Name_184,113797959001301010,레일건 피해
IATT_Name_185,113797959001301011,소총 피해
IATT_Name_186,113797959001301012,로켓 발사기 피해
IATT_Name_187,113797959001301013,기관단총 피해
IATT_Name_188,113797959001301014,산탄총 피해
IATT_Name_2,113797958997106688,공격 속도
IATT_Name_20,113797958997106702,리스폰 시 추가 플레이어 체력
IATT_Name_205,113797959001301015,유탄 발사기 최소 피해
IATT_Name_206,113797959001301016,매그넘 최소 피해
IATT_Name_207,113797959001301017,권총 최소 피해
IATT_Name_208,113797959001301018,플라즈마 캐스터 최소 피해
IATT_Name_209,113797959001301019,레일건 최소 피해
IATT_Name_21,113797958997106703,헌터 도착 초
IATT_Name_210,113797959001301020,소총 최소 피해
IATT_Name_211,113797959001301021,로켓 발사기 최소 피해
IATT_Name_212,113797959001301022,기관단총 최소 피해
IATT_Name_213,113797959001301023,산탄총 최소 피해
IATT_Name_214,113797959001301024,소총 추가 발동 효과 확률
IATT_Name_215,113797959001301025,소총 재장전 기회 크기
IATT_Name_216,113797959001301026,소총 공격 범위
IATT_Name_217,113797959001301027,기관단총 추가 치명타 확률
IATT_Name_218,113797959001301028,기관단총 추가 치명타 피해
IATT_Name_219,113797959001301029,기관단총 재장전 기회 크기
IATT_Name_22,113797958997106704,체력 재생
IATT_Name_220,113797959001301030,기관단총 탄창 크기
IATT_Name_221,113797959001301031,기관단총 공격 범위
IATT_Name_222,113797959001301032,기관단총 무기 정확도
IATT_Name_223,113797959001301033,기관단총 공격 속도
IATT_Name_224,113797959001301034,기관단총 추가 발동 효과 확률
IATT_Name_225,113797959001301035,기관단총 관통 횟수
IATT_Name_228,113797959001301038,매그넘 관통 횟수
IATT_Name_23,113797958997106705,지상 점프 높이
IATT_Name_231,113797959001301041,매그넘 공격 범위
IATT_Name_232,113797959001301042,유탄 발사기 최대 피해
IATT_Name_233,113797959001301043,매그넘 최대 피해
IATT_Name_234,113797959001301044,권총 최대 피해
IATT_Name_235,113797959001301045,플라즈마 캐스터 최대 피해
IATT_Name_236,113797959001301046,레일건 최대 피해
IATT_Name_237,113797959001301047,소총 최대 피해
IATT_Name_238,113797959001301048,로켓 발사기 최대 피해
IATT_Name_239,113797959001301049,기관단총 최대 피해
IATT_Name_24,113797958997106706,탄창 크기
IATT_Name_240,113797959001301050,산탄총 최대 피해
IATT_Name_242,113797959001301051,매그넘 피해
IATT_Name_25,113797958997106707,능력 충전
IATT_Name_26,113797958997106708,은신
IATT_Name_27,113797958997106709,등반 각도
IATT_Name_286,113797959001301053,소총 탄창 크기
IATT_Name_287,113797959001301054,소총 관통 횟수
IATT_Name_288,113797959001301055,소총 공격 속도
IATT_Name_289,113797959001301056,소총 약점 피해
IATT_Name_296,113797959001301057,매그넘 최대 피해
IATT_Name_3,113797958997106689,모든 피해
IATT_Name_30,113797958997106710,긍정적 적 위협
IATT_Name_304,113797959001301058,헌터 주요 지연
IATT_Name_306,113797959001301059,헌터 보조 지연
IATT_Name_309,113797959001301060,헌터 공격 속도
IATT_Name_31,113797958997106711,거미줄 면역
IATT_Name_312,113797959001301061,헌터 피해
IATT_Name_315,113797959001301062,헌터 이동 속도
IATT_Name_318,113797959001301063,고기 내구도
IATT_Name_32,113797958997106712,지원 범위 효과 반경
IATT_Name_321,113797959001301064,고기 피해 감소
IATT_Name_324,113797959001301065,이중 점프 높이
IATT_Name_328,113797959001301066,전기 취약
IATT_Name_329,113797959001301067,화염 취약
IATT_Name_33,113797958997106713,머리 능력 충전
IATT_Name_330,113797959001301068,얼음 취약
IATT_Name_331,113797959001301069,운동 취약
IATT_Name_332,113797959001301070,점액 취약
IATT_Name_335,113797959001301071,냉기 대상 동력
IATT_Name_336,113797959001301072,근접 취약
IATT_Name_338,113797959001301073,근접 공격 속도
IATT_Name_34,113797958997106714,무한 탄약
IATT_Name_340,113797959001301074,광물 감지 거리
IATT_Name_341,113797959001301075,낚시 구멍 감지 거리
IATT_Name_342,113797959001301076,미식가 감지 거리
IATT_Name_343,113797959001301077,분쇄 피해
IATT_Name_346,113797959001301078,화상 피해
IATT_Name_349,113797959001301079,연소 발동 확률
IATT_Name_35,113797958997106715,소형 하수인 수
IATT_Name_350,113797959001301080,연소 피해
IATT_Name_353,113797959001301081,감전 발동 확률
IATT_Name_354,113797959001301082,감전 피해
IATT_Name_357,113797959001301083,오염 피해 증폭
IATT_Name_358,113797959001301084,냉기 감속
IATT_Name_359,113797959001301085,매그넘 약점 피해
IATT_Name_36,113797958997106716,수영 점프 높이
IATT_Name_360,113797959001301086,권총 약점 피해
IATT_Name_361,113797959001301087,산탄총 약점 피해
IATT_Name_362,113797959001301088,기관단총 약점 피해
IATT_Name_363,113797959001301089,유탄 발사기 직접 공격 피해
IATT_Name_364,113797959001301090,플라즈마 캐스터 직접 공격 피해
IATT_Name_365,113797959001301091,로켓 발사기 직접 공격 피해
IATT_Name_366,113797959001301092,소총 탄퍼짐 회복
IATT_Name_367,113797959001301093,소총 무기 정확도
IATT_Name_369,113797959001301095,레일건 탄창 크기
IATT_Name_37,113797958997106717,추가 치명타 피해
IATT_Name_370,113797959001301096,플라즈마 건 폭발 반경
IATT_Name_371,113797959001301097,권총 재장전 기회 크기
IATT_Name_372,113797959001301098,추가 권총 치명타 확률
IATT_Name_373,113797959001301099,권총 탄창 크기
IATT_Name_374,113797959001301100,권총 무기 정확도
IATT_Name_375,113797959001301101,권총 공격 범위
IATT_Name_376,113797959001301102,권총 공격 속도
IATT_Name_377,113797959001301103,권총 추가 치명타 피해
IATT_Name_378,113797959001301104,권총 관통 횟수
IATT_Name_38,113797958997106718,공격 범위
IATT_Name_381,113797959001301107,추가 권총 발동 효과 확률
IATT_Name_382,113797959001301108,소총 추가 치명타 피해
IATT_Name_383,113797959001301109,소총 추가 치명타 확률
IATT_Name_385,113797959001301111,매그넘 공격 속도
IATT_Name_386,113797959001301112,매그넘 추가 치명타 확률
IATT_Name_387,113797959001301113,매그넘 추가 치명타 피해
IATT_Name_388,113797959001301114,매그넘 무기 정확도
IATT_Name_389,113797959001301115,매그넘 재장전 기회 크기
IATT_Name_39,113797958997106719,컨테이너에서 획득하는 추가 체력
IATT_Name_390,113797959001301116,매그넘 탄창 크기
IATT_Name_391,113797959001301117,매그넘 추가 발동 효과 확률
IATT_Name_392,113797959001301118,플라즈마 캐스터 공격 속도
IATT_Name_393,113797959001301119,플라즈마 캐스터 추가 치명타 확률
IATT_Name_394,113797959001301120,플라즈마 캐스터 추가 치명타 피해
IATT_Name_395,113797959001301121,플라즈마 캐스터 재장전 기회 크기
IATT_Name_396,113797959001301122,플라즈마 캐스터 탄창 크기
IATT_Name_397,113797959001301123,플라즈마 캐스터 추가 발동 효과 확률
IATT_Name_398,113797959001301124,플라즈마 캐스터 발사체 속도
IATT_Name_399,113797959001301125,플라즈마 캐스터 범위 피해
IATT_Name_4,113797958997106690,최대 체력
IATT_Name_400,113797959001301126,산탄총 관통 횟수
IATT_Name_401,113797959001301127,산탄총 추가 치명타 확률
IATT_Name_402,113797959001301128,산탄총 추가 치명타 피해
IATT_Name_403,113797959001301129,산탄총 추가 발동 효과 확률
IATT_Name_404,113797959001301130,산탄총 탄창 크기
IATT_Name_406,113797959001301132,산탄총 공격 범위
IATT_Name_407,113797959001301133,산탄총 공격 속도
IATT_Name_408,113797959001301134,산탄총 재장전 기회 크기
IATT_Name_409,113797959001301135,레일건 추가 발동 효과 확률
IATT_Name_41,113797958997106720,몸통 능력 충전
IATT_Name_410,113797959001301136,레일건 추가 치명타 확률
IATT_Name_411,113797959001301137,레일건 추가 치명타 피해
IATT_Name_412,113797959001301138,레일건 재장전 기회 크기
IATT_Name_413,113797959001301139,레일건 관통 횟수
IATT_Name_414,113797959001301140,레일건 공격 속도
IATT_Name_415,113797959001301141,레일건 약점 피해
IATT_Name_416,113797959001301142,레일건 공격 범위
IATT_Name_418,113797959001301144,로켓 발사기 추가 치명타 확률
IATT_Name_419,113797959001301145,로켓 발사기 추가 치명타 피해
IATT_Name_420,113797959001301146,로켓 발사기 탄창 크기
IATT_Name_421,113797959001301147,로켓 발사기 발사체 속도
IATT_Name_422,113797959001301148,로켓 발사기 공격 속도
IATT_Name_423,113797959001301149,로켓 발사기 추가 발동 효과 확률
IATT_Name_424,113797959001301150,로켓 발사기 폭발 반경
IATT_Name_425,113797959001301151,로켓 발사기 범위 피해
IATT_Name_426,113797959001301152,유탄 발사기 추가 치명타 확률
IATT_Name_427,113797959001301153,유탄 발사기 추가 치명타 피해
IATT_Name_428,113797959001301154,유탄 발사기 공격 속도
IATT_Name_429,113797959001301155,유탄 발사기 발사체 속도
IATT_Name_430,113797959001301156,유탄 발사기 재장전 기회 크기
IATT_Name_431,113797959001301157,유탄 발사기 탄창 크기
IATT_Name_432,113797959001301158,유탄 발사기 폭발 반경
IATT_Name_433,113797959001301159,유탄 발사기 추가 발동 효과 확률
IATT_Name_434,113797959001301160,유탄 발사기 범위 피해
IATT_Name_435,113797959001301161,레일건 범위 피해
IATT_Name_436,113797959001301162,레일건 폭발 반경
IATT_Name_441,113797959001301163,생성 간격
IATT_Name_442,113797959001301164,근접 추가 치명타 확률
IATT_Name_444,113797959001301166,근접 치명타 확률
IATT_Name_446,113797959001301167,근접 추가 치명타 피해
IATT_Name_447,113797959001301168,근접 치명타 피해
IATT_Name_448,113797959001301169,밀어내기 거리
IATT_Name_45,113797958997106721,추가 경직 확률
IATT_Name_451,113797959001301170,근접 밀어내기 거리
IATT_Name_454,113797959001301171,보스 체력
IATT_Name_455,113797959001301172,적 밀도
IATT_Name_456,113797959001301173,아군 이벤트 구조물 체력
IATT_Name_457,113797959001301174,아군 이벤트 구조물 체력 재생
IATT_Name_458,113797959001301175,플레이어 이벤트 구조물 체력
IATT_Name_459,113797959001301176,카드당 노드 크레딧 수집
IATT_Name_461,113797959001301177,플레이어 이벤트 구조물 체력 재생
IATT_Name_464,113797959001301178,랭거스와 글리지 보상
IATT_Name_466,113797959001301179,적 이벤트 구조물 체력
IATT_Name_467,113797959001301180,적 이벤트 구조물 체력 재생
IATT_Name_468,113797959001301181,적 제한 이동 플래그
IATT_Name_47,113797958997106722,다리 능력 충전
IATT_Name_470,113797959001301182,보스 구조물 체력
IATT_Name_471,113797959001301183,프랑켄 빈즈 튜브 파괴 피해
IATT_Name_472,113797959001301184,보스 약점 피해
IATT_Name_473,113797959001301185,보스 하수인 수
IATT_Name_474,113797959001301186,보스 이동 속도
IATT_Name_475,113797959001301187,보스 정적 고기 스폰 시간
IATT_Name_476,113797959001301188,미니 보스 체력 재생
IATT_Name_479,113797959001301189,미니 보스 공격 속도
IATT_Name_482,113797959001301190,미니 보스 피해
IATT_Name_485,113797959001301191,운동 저항
IATT_Name_488,113797959001301192,화염 저항
IATT_Name_491,113797959001301193,얼음 저항
IATT_Name_494,113797959001301194,전기 저항
IATT_Name_497,113797959001301195,점액 저항
IATT_Name_506,113797959001301196,고기 획득 확률
IATT_Name_509,113797959001301197,레벨업 보상 행운 증가
IATT_Name_51,113797958997106723,직접 공격 피해
IATT_Name_511,113797959001301198,경험치 획득
IATT_Name_513,113797959001301199,능력 최대 충전량
IATT_Name_514,113797959001301200,연쇄 대상
IATT_Name_515,113797959001301201,동결 지속 시간
IATT_Name_516,113797959001301202,머리 고기 능력 피해
IATT_Name_517,113797959001301203,몸통 고기 능력 피해
IATT_Name_518,113797959001301204,다리 고기 능력 피해
IATT_Name_519,113797959001301205,무기 피해
IATT_Name_52,113797958997106724,추가 발동 효과 확률
IATT_Name_521,118906002034647040,상태 저항
IATT_Name_523,129087451949948928,수류탄 발사체 수
IATT_Name_524,129087451949948929,매그넘 발사체 수
IATT_Name_525,129087451949948930,권총 발사체 수
IATT_Name_526,129087451949948931,플라즈마 발사체 수
IATT_Name_527,129087451949948932,레일건 발사체 수
IATT_Name_528,129087451949948933,소총 발사체 수
IATT_Name_529,129087451949948934,로켓 발사체 수
IATT_Name_53,113797958997106725,받는 피해
IATT_Name_530,129087451949948935,산탄총 발사체 수
IATT_Name_531,129087451949948936,기관단총 발사체 수
IATT_Name_54,113797958997106726,적 반발
IATT_Name_55,113797958997106727,추가 치명타 확률
IATT_Name_56,113797958997106728,발사체 수
IATT_Name_58,113797958997106729,약점 피해
IATT_Name_59,113797958997106730,공중 이동 속도
IATT_Name_6,113797958997106691,폭발 반경
IATT_Name_60,113797958997106731,중력
IATT_Name_62,113797958997106732,수리 나노봇 수
IATT_Name_63,113797958997106733,수리 나노봇 용량
IATT_Name_66,113797958997106734,내 위치 주변 적 정찰병
IATT_Name_7,113797958997106692,도전 레벨
IATT_Name_75,113797958997106735,적발당했습니다!
IATT_Name_76,113797958997106736,머리 고기 피해 감소
IATT_Name_77,113797958997106737,몸통 고기 피해 감소
IATT_Name_78,113797958997106738,다리 고기 피해 감소
IATT_Name_79,113797958997106739,몸통 고기 내구도
IATT_Name_81,113797958997106740,다리 고기 내구도
IATT_Name_83,113797958997106741,드롭십 비콘
IATT_Name_86,113797958997106742,시작 리스폰
IATT_Name_87,113797958997106743,화염 피해
IATT_Name_90,113797958997106744,얼음 피해
IATT_Name_93,113797958997106745,전기 피해
IATT_Name_96,113797958997106746,점액 피해
ITM_293_HE_0,112852940539027456,근접 피해 발생 시
ITM_436_HE_0,126473208478031872,피해 받을 시
ITM_Desc_1028,118953930640056320,"<#FFEB04><link=""Keyword:8"">[감전]</link></color> 상태 적에게 +10% 피해"
ITM_Desc_1029,118953930640056321,"<#FFEB04><link=""Keyword:8"">[감전]</link></color> 상태 적에게 +15% 피해"
ITM_Desc_1030,118953930640056322,"<#FFEB04><link=""Keyword:8"">[감전]</link></color> 상태 적에게 +20% 피해"
ITM_Desc_1031,118960669196279808,"<#FFEB04><link=""Keyword:1"">[화상]</link></color> 상태 적에게 +10% 피해"
ITM_Desc_1032,118960669196279809,"<#FFEB04><link=""Keyword:1"">[화상]</link></color> 상태 적에게 +15% 피해"
ITM_Desc_1033,118960669196279810,"<#FFEB04><link=""Keyword:1"">[화상]</link></color> 상태 적에게 +20% 피해"
ITM_Desc_1034,118960669200474112,"<#FFEB04><link=""Keyword:3"">[냉기]</link></color> 상태 적에게 +10% 피해"
ITM_Desc_1035,118960669200474113,"<#FFEB04><link=""Keyword:3"">[냉기]</link></color> 상태 적에게 +15% 피해"
ITM_Desc_1036,118960669200474114,"<#FFEB04><link=""Keyword:3"">[냉기]</link></color> 상태 적에게 +20% 피해"
ITM_Desc_1037,118960669200474115,"<#FFEB04><link=""Keyword:7"">[경직]</link></color> 상태 적에게 +10% 피해"
ITM_Desc_1038,118960669200474116,"<#FFEB04><link=""Keyword:7"">[경직]</link></color> 상태 적에게 +15% 피해"
ITM_Desc_1039,118960669200474117,"<#FFEB04><link=""Keyword:7"">[경직]</link></color> 상태 적에게 +20% 피해"
ITM_Desc_1040,118960669200474118,"<#FFEB04><link=""Keyword:2"">[오염]</link></color> 상태 적에게 +10% 피해"
ITM_Desc_1041,118960669200474119,"<#FFEB04><link=""Keyword:2"">[오염]</link></color> 상태 적에게 +15% 피해"
ITM_Desc_1042,118960669204668416,"<#FFEB04><link=""Keyword:2"">[오염]</link></color> 상태 적에게 +20% 피해"
ITM_Desc_1064,118953930648444928,헌터에게 +30% 피해
ITM_Desc_1065,118953930648444929,헌터에게 +40% 피해
ITM_Desc_1066,118953930648444930,헌터에게 +50% 피해
ITM_Desc_1073,118953930648444931,수생 생물에게 +10% 피해
ITM_Desc_1074,118953930652639232,기계에게 +10% 피해
ITM_Desc_1075,118953930652639233,돌연변이에게 +10% 피해
ITM_Desc_1076,118953930652639234,프랑켄 고기에게 +10% 피해
ITM_Desc_1077,118953930652639235,전능고기에게 +10% 피해
ITM_Desc_1078,118953930652639236,곤충에게 +10% 피해
ITM_Desc_1079,118953930652639237,외계인에게 +10% 피해
ITM_Desc_1080,118953930652639238,수생 생물에게 +15% 피해
ITM_Desc_1081,118953930652639239,기계에게 +15% 피해
ITM_Desc_1082,118953930652639240,돌연변이에게 +15% 피해
ITM_Desc_1083,118953930656833536,프랑켄 고기에게 +15% 피해
ITM_Desc_1084,118953930656833537,전능고기에게 +15% 피해
ITM_Desc_1085,118953930656833538,곤충에게 +15% 피해
ITM_Desc_1086,118953930656833539,외계인에게 +15% 피해
ITM_Desc_1087,118953930656833540,수생 생물에게 +20% 피해
ITM_Desc_1088,118953930656833541,기계에게 +20% 피해
ITM_Desc_1089,118953930656833542,돌연변이에게 +20% 피해
ITM_Desc_1090,118953930656833543,프랑켄 고기에게 +20% 피해
ITM_Desc_1091,118953930656833544,전능고기에게 +20% 피해
ITM_Desc_1092,118953930661027840,곤충에게 +20% 피해
ITM_Desc_1093,118953930661027841,외계인에게 +20% 피해
ITM_Desc_644,117055205214773248,누락된 고기 부위 1개당 +10% 모든 피해
ITM_Desc_645,14970698739998720,누락된 고기 부위 1개당 +15% 모든 피해
ITM_Desc_646,14970698739998721,누락된 고기 부위 1개당 +20% 모든 피해
ITM_Name_1161,120294751171764224,서프보드
ITM_Name_1187,127273379008864256,운동선수
ITM_Name_1190,127273379013058560,가성비
ITM_Name_1192,127273379013058561,소고기 튀김
ITM_Name_1195,127273379013058562,대형 탄창
ITM_Name_1199,127273379017252864,흑후추 화약
ITM_Name_1203,127273379017252865,닭고기 사시미
ITM_Name_1206,127273379017252866,칠리 오일
ITM_Name_1210,127273379017252867,명확성
ITM_Name_1213,127273379017252868,커피 우유
ITM_Name_1217,127273379017252869,까마귀 알
ITM_Name_1221,127273379017252870,닭다리
ITM_Name_1224,127273379017252871,전기 뱀장어
ITM_Name_1226,127273379017252872,행운의 묘약
ITM_Name_1230,127273379017252873,피딩 프렌지
ITM_Name_1232,127273379021447168,외국인 벨트
ITM_Name_1235,127273379021447169,전방 그립
ITM_Name_1239,127273379021447170,과일 비타민
ITM_Name_1242,127273379021447171,굴 주유소
ITM_Name_1246,127273379021447172,악어 가죽
ITM_Name_1248,127273379021447173,젤라틴 샐러드
ITM_Name_1251,127273379021447174,탄수화물 보충
ITM_Name_1255,127273379021447175,그레이비 트레인
ITM_Name_1258,127273379021447176,뜨거운 햄 물
ITM_Name_1261,127273379021447177,핫소스
ITM_Name_1265,127273379025641472,핫 토디
ITM_Name_1268,127273379025641473,뜨거운 소시지
ITM_Name_1272,127273379025641474,차가운 국수
ITM_Name_1276,127273379025641475,얼음 송곳
ITM_Name_1279,127273379025641476,톱니 금속 시리얼
ITM_Name_1287,127273379025641477,고기 마나
ITM_Name_1290,127273379025641478,고기 아이스크림
ITM_Name_1293,127273379025641479,내가 주스라고 부르는 게 바로 이거야
ITM_Name_1296,127273379025641480,돼지고기 연
ITM_Name_1299,127273379025641481,쥐젖
ITM_Name_1303,127273379029835776,럼햄
ITM_Name_1306,127273379029835777,숏 스택
ITM_Name_1308,127273379029835778,파편 발사기
ITM_Name_1312,127273379029835779,슬로모션
ITM_Name_1314,127273379029835780,슬러지 크림 콘
ITM_Name_1317,127273379029835781,스노콘
ITM_Name_1320,127273379029835782,매운 육수
ITM_Name_1324,127273379029835783,매운 새우
ITM_Name_1328,127273379029835784,끈적한 것
ITM_Name_1334,127273379029835785,마트 초밥
ITM_Name_1338,127273379034030080,회칼
ITM_Name_1342,127273379034030081,합성 향신료
ITM_Name_1346,127273379034030082,타코
ITM_Name_1349,127273379034030083,맛있는 하수인 간식
ITM_Name_1352,127273379034030084,디핑
ITM_Name_1355,127273379034030085,독수리 벌 고기 꿀
ITM_Name_1358,127273379034030086,자극적인 닭가슴살
ITM_Name_1362,127273379034030087,탈진 구미
ITM_Name_331,129034446428954624,과부하
KW_Desc_1,117104892261163008,"시간에 따라 <#FFEB04><link=""Keyword:13"">[화염]</link></color> 피해를 입힙니다. 일정 확률로 <#FFEB04><link=""Keyword:19"">[연소]</link></color> 상태가 됩니다."
KW_Desc_10,117128920619278336,탄약이 넘쳐서 재장전할 필요가 없습니다!
KW_Desc_11,117130058332626945,시간이 지나면 사라지는 임시 체력입니다.
KW_Desc_12,117130058332626946,"적에게 <#FFEB04><link=""Keyword:12"">[전기]</link></color> 피해가 충분히 쌓이면 <#FFEB04><link=""Keyword:8"">[감전]</link></color> 상태가 됩니다."
KW_Desc_13,117130058336821248,"적에게 <#FFEB04><link=""Keyword:13"">[화염]</link></color> 피해가 충분히 쌓이면 <#FFEB04><link=""Keyword:1"">[화상]</link></color> 상태가 됩니다."
KW_Desc_14,117130058336821249,"적에게 <#FFEB04><link=""Keyword:14"">[점액]</link></color> 피해가 충분히 쌓이면 <#FFEB04><link=""Keyword:2"">[오염]</link></color> 상태가 됩니다."
KW_Desc_15,117130058336821250,"적에게 <#FFEB04><link=""Keyword:15"">[얼음]</link></color> 피해가 충분히 쌓이면 <#FFEB04><link=""Keyword:3"">[냉기]</link></color> 상태가 되고, 결국 <#FFEB04><link=""Keyword:4"">[동결]</link></color> 상태가 됩니다."
KW_Desc_17,118962454677938176,"화상, 오염, 감전 등의 상태 이상입니다."
KW_Desc_18,117191729474428929,"<#FFEB04><link=""Keyword:4"">[동결]</link></color> 상태의 적에게 근접 또는 운동 피해를 가해 <#FFEB04><link=""Keyword:18"">[분쇄]</link></color>하면 추가 피해를 줍니다."
KW_Desc_19,117191729474428931,"<#FFEB04><link=""Keyword:1"">[화상]</link></color> 상태의 적이 <#FFEB04><link=""Keyword:13"">[화염]</link></color> 피해를 받으면 <#FFEB04><link=""Keyword:19"">[연소]</link></color>가 발동되어 추가 피해를 줄 수 있습니다."
KW_Desc_2,117104892269551616,"받는 피해가 증가하고 <#FFEB04><link=""Keyword:17"">[상태]</link></color> 효과가 더 빠르게 쌓입니다."
KW_Desc_3,117104892269551617,이동 속도와 공격 속도가 느려집니다.
KW_Desc_4,117104892269551618,"얼음이 녹을 때까지 행동할 수 없습니다. 근접 또는 운동 피해는 <#FFEB04><link=""Keyword:18"">[분쇄]</link></color>를 유발합니다."
KW_Desc_5,117104892269551619,"적에게 <#FFEB04><link=""Keyword:5"">[운동]</link></color> 피해가 충분히 쌓이면 <#FFEB04><link=""Keyword:7"">[경직]</link></color> 상태가 됩니다."
KW_Desc_7,117104892269551622,잠시 동안 행동 불가 상태가 됩니다.
KW_Desc_8,117127071258370048,주기적으로 주변 적에게 피해를 줍니다
KW_Name_11,117130058332626944,방벽
KW_Name_17,117164252249186307,상태
KW_Name_18,117191729474428928,분쇄
KW_Name_19,117191729474428930,연소
MEH_Desc_79,127668194695438336,이 머리는 미래에서 여기까지 여행해 왔습니다.
MEH_Desc_80,128037346949980160,가장 탐나는 고기 1위로 선정되었습니다.
MEH_Name_77,117162002315468800,충전 광선 머리
MEH_Name_79,127668194691244032,미래 직원 머리
MEH_Name_80,128037346941591552,랭거스 연구원 머리
MUT_Desc_13,127239120638435331,"<#FFEB04><link=""Keyword:1"">[화상]</link></color> 상태의 적을 공격하면 일시적인 피해 보너스가 쌓일 수 있습니다."
MUT_Desc_14,127239120642629632,"<#FFEB04><link=""Keyword:2"">[오염]</link></color> 상태의 적을 공격하면 원소 취약 효과가 주변 적에게 퍼집니다."
MUT_Desc_15,127239120642629633,"<#FFEB04><link=""Keyword:18"">[분쇄]</link></color> 피해가 크게 증가하고 <#FFEB04><link=""Keyword:15"">[얼음]</link></color> 축적을 더 빠르게 쌓습니다."
MUT_Desc_16,127240818282979328,"<#FFEB04><link=""Keyword:8"">[감전]</link></color> 상태의 적에게 가한 <#FFEB04><link=""Keyword:12"">[전기]</link></color> 피해가 주변 대상에게 연쇄됩니다."
MUT_Desc_2,127239120634241024,"하수인 최대 수를 늘리고, 적 처치 시 말벌 하수인을 소환할 수 있습니다."
MUT_Desc_21,127239120642629634,"<#FFEB04><link=""Keyword:19"">[연소]</link></color> 발동 확률과 피해가 모두 증가합니다."
MUT_Desc_22,127239120642629635,"<#FFEB04><link=""Keyword:1"">[화상]</link></color> 피해가 크게 증가합니다. <#FFEB04><link=""Keyword:1"">[화상]</link></color> 상태의 적을 공격하면 주변 대상에게 퍼질 수 있습니다."
MUT_Desc_23,127239120642629636,"<#FFEB04><link=""Keyword:8"">[감전]</link></color>이 더 자주, 더 강하게 피해를 줍니다. <#FFEB04><link=""Keyword:8"">[감전]</link></color> 상태의 적을 공격하면 <#FFEB04><link=""Keyword:7"">[경직]</link></color>을 적용할 수 있습니다."
MUT_Desc_24,127240818287173632,"<#FFEB04><link=""Keyword:2"">[오염]</link></color> 상태의 적이 받는 피해가 증가합니다. 적 처치 시 해당 적의 <#FFEB04><link=""Keyword:17"">[상태]</link></color>가 주변 적에게 퍼집니다."
MUT_Desc_25,127239120642629637,"고기 부위가 25% 더 빨리 파열되지만, 고기 부위를 잃으면 <#FFEB04><link=""Keyword:11"">[방벽]</link></color>을 획득합니다."
MUT_Desc_26,127239120642629638,"<#FFEB04><link=""Keyword:7"">[경직]</link></color> 상태의 적을 공격하면 피해가 연쇄되고 주변 적에게 <#FFEB04><link=""Keyword:7"">[경직]</link></color>을 전파할 수 있다."
MUT_Desc_27,127239120642629639,"<#FFEB04><link=""Keyword:3"">[냉기]</link></color>의 감속 효과가 크게 증가합니다. <#FFEB04><link=""Keyword:3"">[냉기]</link></color> 또는 <#FFEB04><link=""Keyword:4"">[동결]</link></color> 상태의 적을 처치하면 얼음 구슬이 생성되어 주변 적에게 피해를 줄 수 있습니다."
MUT_Desc_28,127240818287173633,"<#FFEB04><link=""Keyword:12"">[전기]</link></color> 치명타가 다음 능력을 충전하며, 최대 두 배의 피해까지 중첩됩니다."
MUT_Desc_29,127239120642629640,빠른 재장전에 성공할 때마다 공격 속도와 재장전 속도가 증가합니다. 빠른 재장전에 실패하면 모든 중첩이 초기화됩니다.
MUT_Desc_3,127239120638435328,"고기가 더 튼튼해집니다. <#FFEB04><link=""Keyword:7"">[경직]</link></color> 상태의 적을 공격하면 주변 적에게 근접 취약이 퍼집니다."
MUT_Desc_30,127240818287173634,"<#FFEB04><link=""Keyword:3"">[냉기]</link></color> 상태의 적을 <#FFEB04><link=""Keyword:4"">[동결]</link></color> 상태로 만들 수 있습니다."
MUT_Desc_31,127239120642629641,"<#FFEB04><link=""Keyword:2"">[끈적]</link></color> 상태의 적을 처치하면 임시 버프를 주는 덩어리가 떨어질 수 있습니다."
MUT_Desc_32,127239120646823936,"<#FFEB04><link=""Keyword:7"">[경직]</link></color> 상태의 적에게 근접 공격을 가하면 3초 후 폭발하는 폭탄을 심습니다."
MUT_Desc_33,127239120646823937,"<#FFEB04><link=""Keyword:1"">[화상]</link></color> 상태의 적을 공격하면 일정 확률로 치명타 확률이 증가합니다."
MUT_Desc_34,127239120646823938,"치명타가 일정 확률로 주변 적에게 <#FFEB04><link=""Keyword:2"">[오염]</link></color> 상태를 퍼뜨립니다."
MUT_Desc_35,127239120646823939,"고기를 교체할 때마다 <#FFEB04><link=""Keyword:15"">[얼음]</link></color> 피해, <#FFEB04><link=""Keyword:15"">[얼음]</link></color> 누적, <#FFEB04><link=""Keyword:18"">[분쇄]</link></color> 피해가 증가합니다."
MUT_Desc_36,127239120646823940,"고기를 교체하면 주변 적에게 <#FFEB04><link=""Keyword:13"">[화염]</link></color> 피해를 줍니다."
MUT_Desc_37,127239120646823941,약점 공격이 일정 확률로 주변 적에게 연쇄 피해를 줍니다.
MUT_Desc_38,127239120646823942,"빠른 재장전에 성공하면 일정 확률로 <#FFEB04><link=""Keyword:11"">[방벽]</link></color>을 획득합니다."
MUT_Desc_39,127239120646823943,"<#FFEB04><link=""Keyword:4"">[동결]</link></color> 상태의 적에게 근접 공격을 가하면 예티 중첩이 쌓이며, <#FFEB04><link=""Keyword:15"">[얼음]</link></color> 누적과 <#FFEB04><link=""Keyword:18"">[분쇄]</link></color> 피해가 증가합니다."
MUT_Desc_40,127239120646823944,"적을 처치하면 일정 확률로 주변 적에게 피해를 주는 <#FFEB04><link=""Keyword:5"">[운동]</link></color> 구체를 생성합니다."
MUT_Desc_41,127239120646823945,"고기를 교체할 때마다 60초 동안 <#FFEB04><link=""Keyword:5"">[운동]</link></color> 누적과 <#FFEB04><link=""Keyword:5"">[운동]</link></color> 피해에 중첩 보너스를 얻습니다."
MUT_Desc_42,127239120646823946,"<#FFEB04><link=""Keyword:3"">[냉기]</link></color> 또는 <#FFEB04><link=""Keyword:4"">[동결]</link></color> 상태의 적에게 능력을 사용하면 30초 동안 능력 충전 속도가 증가합니다."
MUT_Desc_43,127239120646823947,치명타가 일정 확률로 범위 피해 폭발을 일으킵니다.
MUT_Desc_44,127239120651018240,"<#FFEB04><link=""Keyword:11"">[방벽]</link></color> 피해를 받으면 주변에 <#FFEB04><link=""Keyword:15"">[얼음]</link></color> 피해 폭발을 발동합니다."
MUT_Desc_45,127240818295562240,"<#FFEB04><link=""Keyword:3"">[냉기]</link></color> 또는 <#FFEB04><link=""Keyword:4"">[동결]</link></color> 상태의 적에게 주는 <#FFEB04><link=""Keyword:13"">[화염]</link></color> 피해가 증가합니다."
MUT_Desc_46,127239120651018241,"<#FFEB04><link=""Keyword:4"">[동결]</link></color> 또는 <#FFEB04><link=""Keyword:3"">[냉기]</link></color> 상태의 적에게 고기 능력이 적중하면 일정 확률로 <#FFEB04><link=""Keyword:11"">[방벽]</link></color>을 획득합니다."
MUT_Desc_47,127239120651018242,"근접 공격으로 적을 분쇄하면 주변 <#FFEB04><link=""Keyword:3"">[냉기]</link></color> 또는 <#FFEB04><link=""Keyword:4"">[동결]</link></color> 상태의 대상에게 연쇄 피해를 줍니다."
MUT_Desc_48,127239120651018243,"<#FFEB04><link=""Keyword:8"">[감전]</link></color> 상태의 적의 약점을 공격하면 일정 확률로 번개를 내리칩니다."
MUT_Desc_50,127239120651018244,"<#FFEB04><link=""Keyword:2"">[끈적]</link></color> 상태의 적을 처치하면 작은 벌을 생성합니다."
MUT_Desc_51,127239120651018245,"적을 처치하면 이동 속도가 증가합니다. 10중첩 시, 5초 동안 피해가 50% 증가합니다."
MUT_Desc_52,127239120651018246,모든 능력의 충전 횟수가 하나 증가합니다.
MUT_Desc_53,127239120651018247,고기를 교체하면 치명타 확률이 증가합니다.
MUT_Desc_54,127239120651018248,고기를 교체하면 잠시 동안 고기 능력이 강화됩니다.
MUT_Desc_55,127239120651018249,"근접 피해가 두 배가 되고, 근접 처치 시 일정 확률로 고기를 획득합니다."
MUT_Desc_56,127239120651018250,발사체 속도가 2배로 증가하고 직접 피해량이 증가하는 대신 폭발 범위가 40% 감소합니다.
MUT_Desc_57,127239120651018251,처치 시 10초 동안 중첩 가능한 피해 보너스를 획득합니다. 최대 +30%
MUT_Desc_58,127239120651018252,"고기 능력이 <#FFEB04><link=""Keyword:2"">[오염]</link></color> 상태의 적에게 적중하면 일정 확률로 모든 능력을 즉시 초기화합니다."
MUT_Desc_59,127239120655212544,연쇄 효과가 더 많은 적에게 퍼집니다.
MUT_Desc_7,127239120638435329,처치 시 일정 확률로 근처 적에게 피해를 주는 전기 구슬을 생성합니다.
MUT_Desc_8,127239120638435330,모든 피해가 크게 증가하지만 공격 속도가 25% 감소합니다.
PE_Desc_134,111585918903640064,칼 랭거스가 메크에 탑승할 수 있도록 도와주세요!
PE_Desc_135,124465651211296768,직원 오리엔테이션: 고기
PE_Desc_136,124465651211296770,직원 오리엔테이션: 무기
PE_Desc_137,124479668990500864,직원 오리엔테이션: 업그레이드
PE_SuccessDesc_133,111372950735675392,헌터 처치 완료!
PE_SuccessDesc_137,124479668990500865,잘했어
PE_SuccessDesc_40,111372950639206400,고기 코어 확보
PE_SuccessDesc_47,111372950660177920,프랑켄 펠드!
PE_SuccessDesc_81,111372950685343744,당신이 챔피언입니다!
PF_Name_78,124391986440429568,돌연변이 선물 분비샘 잠금 해제
PF_Name_79,124391986444623872,돌연변이 벌집 폭발 잠금 해제
PF_Name_80,125400502454181888,정체불명의 고기 글리지 걸프 잠금 해제
PF_Name_81,127715283328557056,사냥꾼 목격 시네마틱
PF_Name_82,127715283341139968,스폰된 헌터와 손실
PT_Flavor_1_1,122888703272017920,때로는 한번 더 기회가 필요할 때가 있어.
PT_Flavor_1_2,122888703284600832,"처음에 성공하지 못했다면, 다음에는 행운을 빌어줄게!"
PT_Flavor_1_3,122888703284600833,"처음에 성공하지 못했다면, 다음에는 잘 피해야 할 거야!"
PT_Flavor_1_4,122888703284600834,"처음에 성공하지 못했다면, 털고 일어나 다시 시도해 봐!"
PT_Flavor_1_5,122888703284600835,때로는 두 번의 기회가 더 필요할 때가 있어.
PT_Flavor_2_1,122222527525150720,주걱 실력은 어디서든 연습해야 하니까요!
PT_Flavor_2_2,122222527525150721,이 버거들이 혼자 뒤집어지진 않으니까요.
PT_Flavor_2_3,122222527525150722,"뜨거워서 못 잡겠고, 맛있어서 못 외면하겠고"
PT_Flavor_2_4,122222527525150723,숯불과 자신감으로 움직입니다.
PT_Flavor_3_1,122888703284600836,덩치가 행성 몇 개를 먹어 치웠다고 해서 두려워하지 마.
PT_Flavor_3_2,122888703284600837,프랑켄 놈들은 몸을 튼튼하게 만드는 특별한 맛이 있단 말이지.
PT_Flavor_3_3,122888703284600838,최고의 요리법은 프랑켄 풍미에 정말 잘 어울려.
PT_Flavor_3_4,122222527525150724,BBQ가 너무 많다고? 그건 뼈다구 같은 소리지.
PT_Flavor_4_1,122222527525150725,저자극성 반려동물만 허용됩니다. 허용 반려동물 목록은 인사팀에 문의하세요.
PT_Flavor_4_2,122222527525150726,반려동물의 뒤처리는 꼭 해주세요.
PT_Flavor_4_3,122222527525150727,모든 예방접종이 최신 상태인지 확인하세요.
PT_Flavor_4_4,122222527525150728,광견병 예방주사는 응급 처치함에 비치되어 있습니다.
PT_Flavor_5_1,122222527525150729,기술 역량 평가입니다.
PT_Flavor_5_2,122222527529345024,역량 강화를 위한 워크숍을 진행합니다.
PT_Flavor_5_3,122222527529345025,동료 코칭 및 연습 세션은 매주 목요일에 진행됩니다.
PT_Flavor_5_4,122222527529345026,직장 가십을 위해 프린터 옆에 고기가 준비되어 있습니다.
PT_Flavor_6_1,122888703288795136,랭거스는 직원들에게 최고의 정책을 제공하지.
PT_Flavor_6_2,122888703288795137,골드 티어 직원 보상 패키지의 일부야.
PT_Flavor_6_3,122888703288795138,플래티넘 티어 직원 보상 패키지의 일부야.
PT_Flavor_6_4,122888703288795139,다이아몬드 티어 직원 보상 패키지의 일부야.
PT_Name_1,122209350771007488,복지 프로그램
PT_Name_2,122209350779396096,회사 BBQ
PT_Name_3,122209350779396097,하이브리드 모델
PT_Name_4,122209350779396098,반려동물 친화 사무실
PT_Name_5,122209350779396099,전문성 개발 패키지
PT_Name_6,122209350779396100,건강 보험
STG_133_09458b2c019b46cbb5a64ffb08e23d7f,125495921813217283,"어디 봐, 꽤 특별해졌는데."
STG_133_14963f30e6a34d3385eeca76f97ce2ce,125495921809022977,"해냈어, 친구!"
STG_133_185d8e736a184006a1ff9bcdff8691b7,125495921809022988,해낼 줄 알았다고!
STG_133_3cf7b406626d434190ac19a5523ec082,125495921813217280,이것 봐!
STG_133_42c6df9c58194cc09f48ffe4e9c925ab,125495921809022987,"잘했어, 꼬마 스퀴시!"
STG_133_57bf88beeab24440948c4ab921ef5066,125495921809022981,바로 이거야!
STG_133_5d938c7d057b44199a41b612d34f441b,125495921809022983,진짜로 해냈잖아?
STG_133_6dcbb50573b746edb57de27ae6b8cc71,125495921813217281,정말로 해냈어!
STG_133_7f622b7dbf004c82bc7ef929def98e87,125495921809022978,후! 아슬아슬했다고!
STG_133_8409992d104f45d8902fed5567f73957,125495921809022976,후! 그거라면 외계인 놈들을 따돌릴 수 있겠지!
STG_133_98f5b59a08644687b24e34eb64b1505b,125495921809022985,이렇게 하는 거라고!
STG_133_a1f74035ef6542f6aad7fda4e63e0eb2,125495921809022984,"해냈잖아, 그렇지?"
STG_133_a909ef42fb274e8b9991afc618cb617e,125495921809022982,"해냈어, 친구! 할 수 있다고 했잖아."
STG_133_b1266693b7a44eadbc5d620997db7fd8,125495921813217286,그래서 은하 전체에서 내 최고의 친구가 누구지?
STG_133_b389254572fa47d08d71f4e5aeeed353,125495921809022986,이게 바로 고기 과학이라고!
STG_133_b80c30b122bb4b19a8754a9d73cf826b,125495921813217284,"네가 정말 자랑스러워, 스퀴시!"
STG_133_db0dc7c77935452ab49184e5bb53ff67,125495921813217282,오! '뻥' 소리 죽여주는데!
STG_133_ea6b7c8fc2d34d7ab171e51ecb7cc596,125495921809022980,"후, 좋아! 계속 촉촉하게 해."
STG_133_ec0d199d6e3e4dcda48ae93df0a93461,125495921809022979,네가 정말 자랑스러워!
STG_133_fe64aa3f86a94155945cf6a63af65d9a,125495921813217285,거기서 또 우리 모두를 자랑스럽게 만들었군.
STG_135_33afed45871a42d0b21f458d2b51f224,121770217384697857,아. 너로군. 또. 맞아.
STG_135_38b09fb447954020ac8f2c89d92f6790,121770217384697859,칼이라면 격려의 말을 했겠지. 난 칼이 아니야.
STG_135_3f51c472e8884ea0a85f97adba9013a2,121770217384697860,완전한 보행이 가능해 보이는군. 훌륭해.
STG_135_540e640670a446ff9ca6a7ed66b05fc8,121770217384697856,그냥 서 있지 마. 할 일이 있어.
STG_135_9c0018d7b313402f962c18b76c0fe9dd,121770217376309248,"아, 그래. 돌아왔군. 좋아."
STG_135_a0d810c86f784078a2cc2eb664c0d2cd,121770217384697858,성공적으로 탈출했잖아. 좋은데.
STG_136_beac8711f8f9491bb0eb64273edc88f3,122546905630629888,"오, 와!"
STG_137_b14bfca3641944ebb7da5fe71c76a723,122546905634824192,허. 록시! 또 그 망할 슈트 넣는 걸 깜빡했잖아!
STG_138_5e9e63afc4ea49bea37db80e5a506f0e,122546905634824193,"그렇게 돌아다니게 놔둘 수 없어. 꼴사납잖아, 스퀴시."
STG_139_cdbbc8084d0e482b90b44200397225e7,122558333578108928,"생일 축하해, 꼬마--"
STG_141_aec1e2faa268436f8d3d44a262a56c98,122546905634824195,저리 흘러가서 직원 유니폼 좀 가져와.
STG_142_8a1f7bea249242178bdf5819d90f74c7,122546905634824196,할 일 목록에 있었어.
STG_143_d888d7db6a3a40f4b1eba197b6f22ed5,122546905634824197,저 방에 여분이 좀 있을 거야.
STG_171_8a1f7bea249242178bdf5819d90f74c7,122546905639018504,잠시만 기다려...
STG_172_8a1f7bea249242178bdf5819d90f74c7,122546905639018505,잠시만 기다려... 또...
STG_173_8a1f7bea249242178bdf5819d90f74c7,122546905639018506,너의 적절한 노력을 축하할게.
STG_174_329a563a2ad04850a143e5c2dee5741a,124751489413406728,네가 기대치의 기준을 낮췄어.
STG_174_33afed45871a42d0b21f458d2b51f224,124751489413406722,흠... 뭔가 있었지... 그래.
STG_174_3985fa70cf5f457bbb833299a3065c93,124751489413406726,살아남았군. 그것도 일종의 성공이지.
STG_174_3f51c472e8884ea0a85f97adba9013a2,124751489413406724,이걸 발전의 기회라고 부르기로 하자고.
STG_174_540e640670a446ff9ca6a7ed66b05fc8,124751489413406721,조금 더 나빴을 수도 있어.
STG_174_971ea5afaedb40b39bd63e3af0aebdc9,124751489413406725,이 점수가 맞을 리 없어. 맞다고? 그럼...
STG_174_9c0018d7b313402f962c18b76c0fe9dd,124751489413406720,정말이지 실망스럽네.
STG_174_a0d810c86f784078a2cc2eb664c0d2cd,124751489413406723,어쩌면 늦게 피는 꽃일 수도 있겠지.
STG_174_dcb5c60125bd421db8e301d7acdcf358,124751489413406727,이게 반복되는 패턴이 되지 않길 진심으로 바랄게.
STG_175_329a563a2ad04850a143e5c2dee5741a,124751489413406736,완전히 그저 그렇네.
STG_175_33afed45871a42d0b21f458d2b51f224,124751489413406731,받아들일 만한 성과라고 볼 수 있겠지.
STG_175_3985fa70cf5f457bbb833299a3065c93,124751489413406734,평범함을 달성했네.
STG_175_540e640670a446ff9ca6a7ed66b05fc8,124751489413406730,적당하네. 극도로 적당해.
STG_175_971ea5afaedb40b39bd63e3af0aebdc9,124751489413406733,성공적으로 발전의 여지를 남겨두었네.
STG_175_9c0018d7b313402f962c18b76c0fe9dd,124751489413406729,네 성과는 기대에 부응했어.
STG_175_a0d810c86f784078a2cc2eb664c0d2cd,124751489413406732,흠. 정말 평범하네.
STG_175_dcb5c60125bd421db8e301d7acdcf358,124751489413406735,"네 노력은 최소한이었지만, 없지는 않았어."
STG_176_329a563a2ad04850a143e5c2dee5741a,124751489417601031,이 점수가 맞아. 내가 두 번이나 확인했거든.
STG_176_33afed45871a42d0b21f458d2b51f224,124751489417601025,칼 랭거스가 아주 기뻐하겠어.
STG_176_3985fa70cf5f457bbb833299a3065c93,124751489417601029,이 순간을 즐겨. 이런 일은 정말 드물거든.
STG_176_3f51c472e8884ea0a85f97adba9013a2,124751489417601027,축하 인사가 필요한 상황이네.
STG_176_540e640670a446ff9ca6a7ed66b05fc8,124751489417601024,기대를 뛰어넘었네. 이상하기도 하지.
STG_176_971ea5afaedb40b39bd63e3af0aebdc9,124751489417601028,칼 랭거스가 너에 대해선 옳았던 것 같네.
STG_176_9c0018d7b313402f962c18b76c0fe9dd,124751489413406737,네 성과는 모범적이야.
STG_176_a0d810c86f784078a2cc2eb664c0d2cd,124751489417601026,이걸 예측 못 했다는 게 믿기 어렵네.
STG_176_dcb5c60125bd421db8e301d7acdcf358,124751489417601030,내가 너보다 더 놀랐어.
STG_177_33afed45871a42d0b21f458d2b51f224,124944136312709121,이번엔 더 잘할 거라고 믿어.
STG_177_540e640670a446ff9ca6a7ed66b05fc8,124944136312709120,"자, 가봐."
STG_177_9c0018d7b313402f962c18b76c0fe9dd,124944136308514816,다시 해볼까?
STG_178_063370c920554b2a831708de7e8fd418,125167135318073344,완료하고 완료.
STG_178_0f01904fbea74c499ebef0f1c784ccb9,125167135322267652,또 하나 거래 완료.
STG_178_34c523cd2d07407987e2c3f6b3f010d9,125167135322267651,취소는 없어!
STG_178_49c385d76731448b9208ef220ccf963f,125167135322267648,성사됐어.
STG_178_716eb57913994cc4aa8f6f26ecda898f,125167135322267653,분명히 날 이용하고 있는 거겠지.
STG_178_b34c1118baf34382b6d04625cb154cf5,125167135322267650,거래 완료야.
STG_178_b874cb3ab6b148b19a1c70d04a367a7e,125167135322267649,거래 완료.
STG_179_015894ad30e94ceab71073911b4d4d0a,125167135322267663,또 그 시간인 거지?
STG_179_05a71ca180974d7c92022e019d4c4202,125167135322267666,"아, 또 너야."
STG_179_063370c920554b2a831708de7e8fd418,125167135322267654,음?
STG_179_0f01904fbea74c499ebef0f1c784ccb9,125167135322267660,"아, 아니, 전혀 바쁘지 않아."
STG_179_2b6c89f9820842d5adcd875c2925401d,125167135322267667,딱히 다른 할 일도 없으니까.
STG_179_34c523cd2d07407987e2c3f6b3f010d9,125167135322267659,뭘 도와줄까?
STG_179_35075b6f0bdc4990a3dc5c6373df2866,125167135322267664,바쁜 꿀벌이네?
STG_179_49c385d76731448b9208ef220ccf963f,125167135322267656,뭘 가져왔지?
STG_179_716eb57913994cc4aa8f6f26ecda898f,125167135322267661,도와줄까?
STG_179_77c1ef92c5ec46b3b220b36b18d17cbc,125167135322267662,이번엔 또 뭐야?
STG_179_a3cbc47007804cf89ad516120da6a7e7,125167135322267665,"물론, 방해받을 시간은 충분하니까."
STG_179_b34c1118baf34382b6d04625cb154cf5,125167135322267658,내가 뭘 해줄까?
STG_179_b874cb3ab6b148b19a1c70d04a367a7e,125167135322267657,거래할 준비는 됐어?
STG_179_d440fed8c4b94e19833c24491343bd1c,125167135322267655,거래 이야기 좀 해볼까?
STG_179_eeea974b9ccf41fe867673da00c8316f,125167135322267668,"그래, 여기 있어. 항상 여기 있지."
STG_180_015894ad30e94ceab71073911b4d4d0a,125167135322267678,나 없으면 어떻게 하려고?
STG_180_063370c920554b2a831708de7e8fd418,125167135322267669,이제 조심해.
STG_180_0f01904fbea74c499ebef0f1c784ccb9,125167135322267675,다음에 봐... 그러니까 여기서.
STG_180_34c523cd2d07407987e2c3f6b3f010d9,125167135322267674,거래할 수 있어서 기쁘네.
STG_180_49c385d76731448b9208ef220ccf963f,125167135322267671,다음에 또 봐.
STG_180_716eb57913994cc4aa8f6f26ecda898f,125167135322267676,고객 만족 설문 작성도 잊지 마.
STG_180_77c1ef92c5ec46b3b220b36b18d17cbc,125167135322267677,언제든지 다시 와… 진심이야.
STG_180_b34c1118baf34382b6d04625cb154cf5,125167135322267673,자주 오라고.
STG_180_b874cb3ab6b148b19a1c70d04a367a7e,125167135322267672,이용해 줘서 고마워.
STG_180_d440fed8c4b94e19833c24491343bd1c,125167135322267670,언제나 즐거운 일이지.
STG_181_063370c920554b2a831708de7e8fd418,125167135322267679,"난 은하계 금융용으로 프로그램됐는데, 뭐… 괜찮아…"
STG_182_0e3a574572d14beb977a18d3240a66f8,125495921825800198,"어이, 안녕하신가."
STG_182_262f426a157742d39603b4a62daf2a55,125495921825800193,"어이, 꼬마 친구!"
STG_182_592dc98f6cee427998095df3b5a3ad2e,125495921825800192,"어이, 잘 지냈지."
STG_182_a3bce76a517045aeaf88e3f4ab06c8bf,125495921825800197,"어이, 잘 지냈어, 꼬마 친구?"
STG_182_a49662528f6b4e5798029a1ce4ae6fb5,125495921825800194,"안녕, 꼬마 친구!"
STG_182_e91071acb7d24e3db2af86f3ae91b1e5,125495921825800195,"아, 거기 있었네!"
STG_183_263d1d691d0546548cdc2511fee4e9c3,125495921825800200,"나중에 봐, 꼬마 친구!"
STG_183_59c04fd748ea442f9d7b2a1bd63194d1,125495921825800202,이제 잘 가!
STG_183_ac689551cfe04735a5b0e7c22b04ecdb,125495921825800204,"잘 가, 친구."
STG_183_ec66d8897f184b10988b7fb1f99e1699,125495921825800201,계속 잘 해봐.
STG_183_ef35f9ae06814f008e6e855e1be2f7cb,125495921825800199,"또 봐, 스퀴시."
STG_183_fd1b23e053ef47bd9a634b835689c9a7,125495921825800203,"촉촉하게 지내, 꼬마 친구."
STG_184_cdbb75f6cecf4970b7c2d2cf79b381ad,127793416716087296,먼저 링에 오르는 것은... 포크 배럴 피트!
STG_185_ecdbe961b8ad4d8198c9b7a279f80acc,127793416741253120,월요일 밤의 중간고사!
STG_186_6cc920e2b31b4a24a8fef9887480ff68,127793416741253121,양당 두들겨 패기는 준비됐어?!
STG_187_b16031cd0bd240ae8a66314a651c8af4,129415329128374272,"좋아, 스퀴시, 준비된 것 같네."
STG_188_b16031cd0bd240ae8a66314a651c8af4,129418788422541312,"저기 볼트 버거 하나에 올라타서, 여기 랭거스에서 첫 근무 시작해 봐."
STG_189_b16031cd0bd240ae8a66314a651c8af4,129418788422541313,어서 내려가서 일 시작하자고. 행운을 빌어!
TPUP_Title_12_0,129472777327468544,빠른 재장전 미니게임
TUT_Announce_1,124465647935545344,"[InputAction:Gameplay/CharacterMovement] 버튼으로 이동, [InputAction:Gameplay/Jump] 버튼으로 점프"
TUT_Announce_12,124465647939739648,근처에 있으면 <color=#FF3667>누락된 고기</color> 부위를 자동으로 줍습니다
TUT_Announce_20,129141354091503616,[InputAction:Interact/Interact] 버튼을 눌러 근처의 고기와 몸통 부위를 수동으로 교체하고 새로운 능력을 얻으세요.
TUT_Announce_21,126113598604828672,[InputAction:UIToggle/ToggleInspectionOverlay] 버튼을 눌러 능력치를 확인하세요
TUT_Announce_22,126809847683342336,[InputAction:Gameplay/RangedFire] 버튼을 눌러 소총으로 표적을 쏘세요
TUT_Announce_23,126809847683342337,[InputAction:Gameplay/MeleeFire] 버튼을 눌러 주걱으로 표적을 공격하세요
TUT_Announce_24,126809847683342338,[InputAction:Gameplay/WeaponSwitch] 버튼을 눌러 원거리 무기를 교체하세요
TUT_Announce_25,126809847683342339,[InputAction:Gameplay/RangedFire] 버튼을 눌러 권총으로 표적을 쏘세요
TUT_Announce_26,127385081436168192,[InputAction:Gameplay/ItemRewardInit] 버튼을 눌러 업그레이드 화면을 여세요
VO_SpeakerName_11,122207091240722433,벌레
VO_SpeakerName_12,122207091240722434,아기 거미
VO_SpeakerName_14,122207091240722435,판사
VO_SpeakerName_16,127793416837722112,포크 배럴 피트
VO_SpeakerName_8,122207091236528128,군중
VO_Transcript_316,124404532190896128,!!!
VO_Transcript_317,124465647985876992,"또 머리를 잃거거나, 그게 아니라면 다른 부위라도 말이지..."
VO_Transcript_318,124465647985876993,저 위에 화살표? 그게 나침반이야. 가야 할 곳을 가리켜 줘. 진짜 유용하지.
VO_Transcript_319,124465647985876994,이제 화면 옆을 봐. 그게 지시 사항이야. 해결하면 보수를 받을 수 있어.
VO_Transcript_320,129141354141835264,구석에 있는 저 게이지가 네 체력이야.
VO_Transcript_321,124465647985876995,"빙고! 좋아, 록시, 다시 해보자. 그냥... 이번엔 좀 살살해 줘, 알겠지?"
VO_Transcript_322,124465647985876996,잠시만 기다려... 다시...
VO_Transcript_323,124465647985876997,완전 무장 완료! 이제 파워 좀 올려볼까!
VO_Transcript_324,124465647985876998,"록시, 스마트 미트 바이저를 켜서 스퀴시가 뭘 해야 하는지 볼 수 있게 해줘."
VO_Transcript_326,124465647985877000,록시! 너무 강하잖아! 왜 계속 머리를 날려 버리는 거야?
VO_Transcript_328,124465647985877002,"걱정 마, 꼬마. 머리 잃는다고 세상 끝나는 건 아니야."
VO_Transcript_329,124465647985877003,"봤지, 스퀴시? 주요 명령을 완료하면 보수를 받을 수 있어."
VO_Transcript_330,124465647985877004,"방금 글리지를 벌었어, 은하계에서 제일 육즙 넘치는 화폐지!"
VO_Transcript_332,124480339026370561,"잘했어, 스퀴시! 업그레이드를 얻은 것 같은데!"
VO_Transcript_333,124650004637802496,"좋아, 저 문 다시 작동하네, 다행이야."
VO_Transcript_334,124650931834839040,우리 직원들은 다 랭거스 지급 표준 권총으로 시작하지...
VO_Transcript_335,124655240999854080,네 물건은 다 인벤토리에 있어. 언제든 확인하고 싶으면 봐.
VO_Transcript_336,124655240999854081,"음, 여기선 꽤 잘했어. 이제 진짜 일이 시작되는 거야. 나한테 와서 얘기해!"
VO_Transcript_337,129141354146029568,...그냥 다른 걸 집으면 돼. 각각 새로운 능력을 주지.
VO_Transcript_338,129141354146029569,아래쪽에서 볼 수 있어.
VO_Transcript_339,129141354146029570,어딘가에 남는 부위가 있을 거야.
VO_Transcript_340,129141354146029571,당연히 빈손으로 내려보낼 순 없지!
VO_Transcript_341,129141354146029572,...그리고 그릴마스터 주걱도.
VO_Transcript_342,129141354146029573,"사격장에서 연습 좀 하기 전엔 록시가 널 이 함선에서 못 내리게 할 거야. 뭐, 규정 문제라서 말이지."
VO_Transcript_343,129141354146029574,사격장으로 가서 표적 더미한테 누가 보스인지 보여줘!
VO_Transcript_344,125495921880326144,수확 실패. 고기 코어가 파괴됐어.
VO_Transcript_345,129141354146029575,이런! 문이 오작동했잖아.
VO_Transcript_346,129141354146029576,"아, 신경 쓰지 마. 네 작은 몸통을 보호하려면 고기가 필요해."
VO_Transcript_347,129141354146029577,그러니까 부위가 부족하면 자동으로 주워 줄 거야. 꽤 멋지지?
VO_Transcript_348,129141354146029578,"이야, 타고났는데, 스퀴시!"
VO_Transcript_349,129141354146029579,파란 방어막은 고기 부위를 나타내. 이해했어?
a60961b078fe4a96ae268cb577f81e08_136_0,124465651211296771,권총으로 표적 쏘기 [InputAction:Gameplay/RangedFire]
a64e4221509044f38e63532f945fe173_136_0,124653062583214080,사격장으로 이동하기
b1b2c3d4e5f64a3a8b3c1d2e3f4a5b6e_81_0,127343731697246208,처치하기
cc964ef862b643d5a7ef9c7798b976f3_135_0,124465651211296769,고기 3번 교체하기
e70d0d0eef1e471bafb7f0181a151ddc_137_0,124658835887480832,칼과 대화하기
CQ_ObjDesc_14_0,131640380611354624,첫 고기 코어를 수확하세요
ABL_Desc_272,130684355859177472,방어 거품을 던져 팀원을 되살리거나 수확기 노드를 지키세요!
ABL_Name_272,130598221758062592,거품 보호막
CRT_Desc_92,135279596566208512,"숲에서 한가로이 산책하던 중 사촌 S가 잔혹하게 살해당한 뒤로, N은 유기 생명체를 폭파하는 일에 병적으로 집착하게 되었다. 또한 축구와 관련된 건 뭐든 좋아하고, 하체 운동 날은 절대 거르지 않는다."
CRT_Name_92,135276356562837504,AT NT
ITM_Name_1161,122300000023601152,서프보드
ITM_Name_1366,135276356994850816,배관공
MEH_Desc_81,135227515985715201,우주 뭐? 비행사? 천문학?
MEH_Name_81,135227515985715200,우주 머리
MEH_Desc_82,135227515985715203,이 머리는 빈 고기 상자로 덮여 있습니다.
MEH_Name_82,135227515985715202,상자 머리
MEH_Desc_83,135227515985715205,일련의 고기 절도 사건과는 아무런 관련이 없습니다.
MEH_Name_83,135227515985715204,고기 강도 머리
PLN_Name_32,131622117248589824,직원 오리엔테이션
RF_Subtitle_14,132265219202211840,행성계
RF_DetailText_36,132248343633977345,"바티 큐는 랭거스 고기의 '랭거스랜드'를 대표하는 소박한 총잡이 마스코트로, 랭거스 파워 아워에도 출연했습니다. 함박웃음을 지은 채 여러 개의 팔에 연기가 뿜어져 나오는 두 쌍의 권총(콩알탄 절대 금지!)를 거머쥔 카우보이 바티는 은하계 외곽을 누비며 최고급 랭거스 제품이라는 복음을 전파하고 다녔죠.<br><br>반은 세일즈맨, 반은 영웅인 그는 어떤 문제에든 늘 재치 있는 한마디를 던졌고, 어떤 골칫거리든 바비큐와 관련된 해결책을 내놓았습니다. 친근하고 소탈한 매력 덕분에 그는 랭거스랜드 일행의 리더 중 하나가 되었습니다."
RF_Name_36,132248343629783040,바티
RF_Subtitle_36,132248343633977344,바티 Q.
RF_DetailText_37,132248343633977348,"JPG 강아지 바클리는 코미디와 교훈, 그리고 미심쩍은 고기 과학을 뒤섞어 엄청난 인기를 끌었던 아동용 프로그램인 '랭거스 파워 아워'에서 사랑받던 스타 중 하나였습니다.<br><br>원래 보프 성운을 떠다니던 고대의 깨진 이미지 파일로 발견된 바클리는 특유의 엉뚱하고 익살스러운 행동으로 은하 전역의 시청자를 사로잡았습니다. 바클리의 유명한 유행어 ""잠깐만, 나 버퍼링 중이야!""를 짖는 장면은 미트 비전 역사상 가장 많이 인용된 대사 중 하나가 되었고, 랭거스랜드 일행과의 변치 않는 우정은 랭거스 파워 아워를 한 세대를 풍미한 문화적 신드롬으로 만드는 데 한몫했습니다."
RF_Name_37,132248343633977346,바클리
RF_Subtitle_37,132248343633977347,JPG 강아지
RF_DetailText_38,132251457686593537,"미스터 E. 미트는 랭거스 파워 아워의 레지던트 구프로, 팔이 없고 호리호리한 두 다리로 된 고기 조각으로 이루어진 혼란스러운 별종이었습니다. 그는 말을 거의 제대로 하지 않았고 대신 당황스러운 휘파람 소리, 경적, 과장된 몸짓을 통해 의사를 전달했죠. 어수룩해 보이고 늘 사고를 치고 다녔지만, 미스터 E. 미트는 어찌 된 영문인지 항상 일행의 가장 큰 문제에 대한 해답을 쥐고 있었습니다.<br><br>제4의 벽을 깨고 시청자를 향해 반응하는 것으로 유명했던 그는 프로그램에서 가장 기억에 남는 캐릭터 중 하나가 되었습니다. 종잡을 수 없는 익살 덕분에 그는 팬들의 사랑을 독차지했으며 시청자들에게 끝없는 애정의 대상이 되었습니다."
RF_Name_38,132251457682399232,미스터 E. 고기
RF_Subtitle_38,132251457686593536,레지던트 구프
RF_DetailText_39,132251457686593540,"치클로스 너겟몬 교수는 랭거스 파워 아워의 대표적인 만물박사로, 올빼미 같은 모습의 학구적인 천재였습니다. 그는 자신이 열일곱 개의 박사 학위와 최소 세 장의 무료 치킨 너겟 쿠폰이 있다고 주장합니다. 그는 끝없이 쏟아지는 도표와 그래프를 항상 들고 다니며, 기상천외한 실험을 진행하고 빵가루 입히기, 소스 찍어 먹기, 올바른 너겟 성형의 원리를 통해 알려진 우주 전체를 설명하는 데 하루를 보내곤 했습니다.<br><br>그의 발명품은 툭하면 폭발하거나, 부화하거나, 난데없이 자의식을 갖기 일쑤였지만(미스터 E. 미트 참조), 어찌 된 일인지 꽤 자주 제대로 된 작동을 한 덕분에 일행으로 무사히 남을 수 있었습니다. 모든 강의마다 형편없는 치킨 농담과 터무니없이 복잡한 설명을 곁들이는 것으로 유명했던 너겟몬 교수는 과학적 지혜와 조류에 기반한 유머를 동시에 안겨주며 모두의 사랑을 받는 존재였습니다."
RF_Name_39,132251457686593538,너겟몬 교수
RF_Subtitle_39,132251457686593539,학구파 발명가
RF_DetailText_40,132252135783915522,"나초 그란데는 랭거스 파워 아워의 화려한 재능의 달인으로, 패스트푸드 소고기와 맞서 싸우는 극적인 투우사였습니다. 그는 크고 작은 모든 장애물을 마치 거창한 공연처럼 다뤘죠. 번쩍이는 재능으로 뒤덮인 정교한 투우사 복장을 걸친 그는 스타일과 화려함, 그리고 일말의 섬세함도 없이 위험 속으로 거침없이 돌진했었습니다.<br><br>망토를 휘날리든, 영웅적인 포즈를 취하든, 과장된 연설을 늘어놓든, 나초는 할 가치가 있는 일이라면 극적인 재능과 함께 할 가치가 있다고 믿었습니다. 어마어마한 개성과 끝없는 볼거리 사랑 덕분에 그는 팬들의 사랑을 한 몸에 받았습니다."
RF_Name_40,132252135783915520,나초 그란데
RF_Subtitle_40,132252135783915521,화려한 플레이의 달인
RF_DetailText_41,132253107394437122,"랭거스 파워 아워는 매일 여러 시간대에 방영된 엄청난 인기의 버라이어티 쇼로, 랭거스랜드의 알록달록한 마스코트와 별난 인물들이 주역을 맡았습니다. 흥미진진한 촌극, 고기 인형, 귀에 쏙쏙 박히는 노래, 그리고 '은하 갈고리벌레는 무슨 맛일까?'와 같이 놀랍도록 유익한 자연 코너를 포함하여 팬들이 가장 좋아하는 프로그램으로 가득했던 이 쇼는, 최신 랭거스 간식과 식사, 흥미진진한 식품 혁신을 소개하며 여러 세대의 손님을 즐겁게 했습니다.<br><br>영양과 진보, 그리고 새로운 랭거스 제품을 시도하는 것의 중요성을 일러주던 이 쇼의 유쾌한 교훈은 캐릭터들 못지않게 기억에 남게 되었습니다."
RF_Name_41,132253107394437120,랭거스 파워 아워
RF_Subtitle_41,132253107394437121,건전한 가족 오락 프로그램!
RF_DetailText_42,132255206396125185,"랫홀은 교역로의 잊힌 구석에 숨어 있던 전설적인 은하계의 싸구려 술집이었습니다. 명목상으로는 독립적이었지만, 그곳은 랭거스 코퍼레이션에 의해 맛있는 포장 식사를 공급받았습니다. 기묘하고 알록달록한 술, 이상한 은하계 단골손님, 그리고 의외로 훌륭한 음식으로 유명했던 이곳은 칼과 도티가 가장 좋아하던 아지트기도 했습니다. 둘은 그곳에서 수없이 많은 밤을 보내며 얼룩진 냅킨에 새로운 레시피, 맛, 기업 인수, 그리고 군침 도는 새 사업 아이디어를 끄적이곤 했습니다.<br><br>랭거스의 최고 성공작 중 여럿이 랫홀의 꾀죄죄한 부스에서 나눈 한 대화로 시작되었습니다. 그러던 어느 날, 랫홀은 미스터리한 정황 속에서 흔적도 없이 사라졌습니다. 구조 신호도, 잔해도, 기록도 없이 그냥 사라져 버린 겁니다. 칼은 별 사이 어딘에 랫홀이 마지막 한 잔을 대접하려 기다리고 있다고 확신하며, 그 사라진 술집을 찾기 위해 수년을 헤맸습니다."
RF_Name_42,132255206391930880,쥐구멍
RF_Subtitle_42,132255206396125184,은하 다이브 바
RF_DetailText_43,132257060458848258,"널과 보이드는 도티가 발견한 랭거스의 초기 마스코트였습니다. 그녀는 어디서 찾았는지 끝내 설명하지 않았고, 질문을 받으면 곧바로 화제를 돌렸죠. 칼은 처음엔 그들이 근사하다고 여겨 랭거스랜드의 초기 출연진에 합류시켰습니다. 둘은 더 랭거스 파워 아워 초기 에피소드에 사랑스러운 만화 속 존재로 등장했죠. 그들은 '겁나 귀엽고' 엉뚱한 행동을 보여 단숨에 인기를 얻었습니다. 그러던 어느 날, 그들은 한 기업 행사에 모습을 드러냈습니다. 현실 세계에서요. 상황은 좋게 흘러가지 않았습니다.<br><br>관객의 반응은 공식적으로 '집단적 후회'라고 표현되었고, 참석자 한 명이 잡아먹혔을 가능성도 있습니다. 그 후 널과 보이드는 랭거스랜드와 관련된 모든 프로그램과 홍보물에서 삭제되었고, 에피소드와 홍보 자료는 파기되어 랭거스의 역사에서 지워졌습니다. 그 이후로 그들은 칼 랭거스에게 앙심을 품었습니다. 알 수 없는 어떤 이유로 그들은 특히 스마트 고기를 증오하며, 그것을 '걷는 법을 배운 실수작'이라 부릅니다."
RF_Name_43,132257060458848256,널 앤 보이드
RF_Subtitle_43,132257060458848257,찢어진 마스코트 포스터
RF_DetailText_44,134985733934931968,"<b>칼 랭거스</b>가 신속하고 풍부하게 고기를 확보하기 위해 가장 선호하던 곳으로 여겨진 <b>고기 구체</b>는, 그 매력의 상당 부분을 손쉽게 사냥할 수 있는 풍부한 사냥감 공급과 <b>전능고기 포털</b> 입구와의 근접성에 빚지고 있었습니다.<br><br><b>칼 랭거스</b>는 <b>전능고기 사건</b> 때 상당히 황급히 이 행성에서 대피했으며, 전하는 바에 따르면 자신의 <b>기계화된 슈트</b>를 두고 떠났다고 합니다. 그 슈트는 아직 회수되지 않았습니다."
RF_Subtitle_44,134985733930737664,옛 사냥터
RF_DetailText_45,134989437736050689,"<b>서브 제로니</b>의 극심한 추위는 그곳을 안정적인 고기-얼음 혼합 제품을 개발하려는 <b>칼 랭거스</b>의 노력을 위한 최적의 전초 기지였습니다.이 하이브리드는 <b>랭거스 고기</b>의 초공간 유통망을 괴롭히던 냉동상 손실을 없애기 위해 설계된 것이었죠.<br><br>이 계획은 끝내 성공적으로 마무리되지 못했습니다. 현재 이 행성 전역에는 당사의 저장 시설과 가공 장비, 그리고 혁신적인 얼음 레일 네트워크만이 곳곳에 남아 있습니다."
RF_Subtitle_45,134989437736050688,옛 시험장
RF_DetailText_46,134992150976782337,"활화산을 에워싸듯 이어진 섬들로 이루어진 <b>라바 델 레이</b>는 그 온화함과 그림 같은 지형, 그리고 천연으로 매장된 풍부한 <b>고기 코어</b> 덕분에 <b>칼 랭거스</b>가 오랫동안 가장 아끼던 휴양지로 자리해 왔습니다.<br><br>하지만 그 <b>고기 코어</b>를 지속적으로 채굴한 것이 행성의 지질을 불안정하게 만들고 중앙 화산을 다시 활성화시킨 원인으로 여겨집니다. <b>칼 랭거스</b>는 그 후로도 여가를 위해 계속 이곳을 찾았습니다. 그가 방문할 때마다 지질 활동은 어김없이 급증했습니다."
RF_Subtitle_46,134992150976782336,화산 은신처
SS_Name_8,63252864443604992,옴니크론
STG_190_a3746697c12b4bdd8fd23bd9b66e62e9,129811004227837952,새로운 시스템 좌표를 사용할 수 있습니다.
STG_191_277fda1114904f958d8c63b2179a0071,130046937187475456,행성 궤도에 진입했습니다.
STG_191_dff60a205b164bd993eab020916c69d8,130046937183281152,초고속 비행 해제.
STG_192_69160939b60648a98d8243c7136ffad0,130046937187475457,초고속 비행 작동 중.
STG_194_02bab38122ef4fe0b283750b6b97bc86,131982305419845632,"좋아, 스퀴시. 돌려 말하진 않을게. 이제 좀 이상한 곳으로 갈 거야."
STG_195_7dbff6c42db84a21a0e0c4c7f961f3b0,131982305424039936,여기는 좀 으스스하니까 슈트만 챙겨서 바로 뜨자고. 너무 여기저기 두리번거리지 마.
STG_196_a563cc6adbdf4520bb2329ce1638e84e,131982305424039937,"침착해, 스퀴시. 그 슈트 찾으러 가자."
STG_197_2e3e6eec33464e2098c794a33420ba94,131982305424039938,우리 그냥 여기서 두 배로 빠르게 후딱 튀자고!
STG_198_a23ff133f772415ebd1b6d999db128ed,131982305424039939,"좋아, 천천히 침착하게. 포털은 바로 저 앞에 있어."
STG_199_20844039dafe4ed38f6a1ee953631a44,131982305424039940,"이런, 저게 고기 성이야. 놈들이 우릴 포위하고 있어, 스퀴시."
STG_200_eed2b75eaed14cf28e9f21a76e9d4ed4,131982305424039941,"록시, 최대한 가까이 대. 스퀴시, 넌 위에서 보자고!"
STG_201_c55cb463c6a545bf88bf62dc1dc5ace2,131982305424039942,날 슈트에 넣어줘. 한바탕 놀아보자고.
STG_202_104adb4f654443bc912ad7f23cbb969b,131982305424039943,"좋아. 다시 복귀다, 베이비! 달려 보자고."
STG_203_a8309c5325254bdfbdcdf297adc66ce4,131982305424039944,"야호! 우리가 해냈어! 이달의 직원은 무슨, 넌 세기의 직원이야!"
STG_204_e4faec0f4f044c40acbc18a6c8a217dc,131982305424039945,"어휴, 거긴 두 번 다시는 안 갈 거야."
STG_205_64b232b1746d4f469c658dfdbfb58bb5,131982305424039946,"아직도 못 믿겠어. 스퀴시, 넌 정말 특별해."
STG_206_4c18f008c4f244a59ed00736a8a21186,131982305424039947,"이달의 직원은 무슨, 널 동업자로 삼겠어, 스퀴시!"
STG_207_2bfd3de34ad145ea8161cbc2ad650453,131982305424039948,"이달의 직원은 무슨, 널 동업자로 삼겠어, 스퀴시! 하지만 정신 바짝 차려. 저 코딱지들이 우릴 가만 안 둘 거야. 게다가 아직 먹여 살릴 은하계가 남았다고…"
STG_208_03d545921c1445dc90aa80cd574e95a0,131982305424039949,우리는 지금 이상한 곳으로 가고 있어.
STG_209_ebf805122be34c4d96192dfa6d5ecd32,131982305424039950,저 우주 코딱지들 아주 끝장을 내고 싶군.
STG_210_7dbff6c42db84a21a0e0c4c7f961f3b0,131982305424039951,너무 두리번거리지는 마.
STG_211_7dbff6c42db84a21a0e0c4c7f961f3b0,131982305424039952,"아 맞다, 여긴 아직도 소름 끼쳐."
STG_212_eed2b75eaed14cf28e9f21a76e9d4ed4,131982305424039953,"어허, 이건 이 칼 형님이 거들어줘야겠는걸."
STG_213_0afe5a4f91da4a818fd80e25fb67dc6b,131982305424039954,"어휴, 솔직히 말할게. 이 낡은 슈트로 돌아오니까 기분이 꽤 좋단 말이지."
STG_214_a8309c5325254bdfbdcdf297adc66ce4,131982305424039955,"이달의 직원은 무슨, 넌 세기의 직원이야!"
VO_Transcript_350,131982305470177280,"아 맞다, 여긴 아직도 소름이 끼친다니까. 침착해, 스퀴시. 그 슈트 찾으러 가자."
VO_Transcript_351,131982305470177281,"어허, 이건 이 칼 형님이 거들어줘야겠는걸. 날 슈트에 넣어줘. 한바탕 놀아보자고."
ABL_Desc_273,142612879750717440,믿음직한 정비공을 배치해 아군 구조물 수리를 돕습니다.
ABL_Desc_275,142985656894742529,강력한 빔을 발사합니다. 충전하면 피해량이 증가합니다. 처치 시 대상의 몸에서 수류탄이 발사됩니다.
ABL_Desc_283,147188355911639040,적 하나를 30초 동안 정신 지배합니다. 풀어주면 지속 시간에 비례한 피해를 입힙니다.
ABL_Desc_284,149675864725905408,바라보는 방향으로 멋지게 빠르게 이동합니다.
ABL_Name_273,142612879742328832,정비공의 렌치
ABL_Name_275,142985656894742528,팝록스
ABL_Name_280,143256462988140544,스피너 오브
ABL_Name_281,144282876722012160,스피릿 오브
ABL_Name_283,146946507561492480,정신 지배
ABL_Name_284,148256708948385792,플립 트릭
ABL_Name_286,149394019488620544,플레이어 스타폴
CND_Desc_12,146946507611824128,잠시 당신 편에서 싸우다가 다시 적대적으로 돌아옵니다.
CND_Name_12,146946507607629824,매혹됨
CRT_Desc_93,135579089438236673,"배고파서 잔뜩 성이 난, 아주 오래된 엄마야."
CRT_Name_93,135579089438236672,마더부르스트
HE_Desc_205,145709960463900672,자신을 25 회복합니다.
HE_Desc_208,146946507834122240,"<#FFEB04><link=""Keyword:20"">[매혹]</link></color>을 8초간 부여합니다."
IATT_Name_535,147965489726873600,EAttributeDisplay.Hidden
ITM_Name_1367,145709960610701312,자가 치유
ITM_Name_1368,145709960610701313,소고기 옥수수
ITM_Name_1373,146946507980922882,정신 지배 피해 버프
ITM_Name_1374,148256709485256704,스케이트보드 다리
ITM_Name_1376,148604628461674496,보존된 머리
ITM_Name_1377,148604628470063104,보존된 다리
ITM_Name_1378,148604628470063105,보존된 몸통
KW_Desc_20,117191729474428932,"<#FFEB04><link=""Keyword:20"">[매혹]</link></color>된 적은 다른 적 유닛을 공격합니다."
MEH_Desc_84,142041378102173696,여러 세대의 고기 치유사들이 착용해 온 물건
MEH_Name_84,142041378093785088,랭거스 메딕 머리
MEH_Name_85,148292145570111488,랭거스 레슬러 머리
MEL_Desc_55,148256709527199745,"""나이가 들어서 스케이트보드를 그만둔 게 아니다. 스케이트보드를 그만뒀기 때문에 나이가 든 것이다."" - Jay Adams"
MEL_Name_52,142041378110562304,랭거스 메딕 다리
MEL_Name_53,148224917055201280,헌터 다리
MEL_Name_55,148256709527199744,스케이트보드 다리
MET_Desc_199,142612880308559873,렌치를 던져 아군 구조물을 수리한다.
MET_Name_198,142041378114756608,랭거스 메딕 몸통
MET_Name_199,142612880308559872,그리스 몽키 몸통
PE_Desc_138,125137471035924480,ATNT
STG_215_404efc0ecbc2474aacad8644a565d8b6,136795163437555717,"늘 열심이네, 스퀴시?"
STG_215_8940d65e1bec4f44b74df21126c165bf,136795163437555714,"자, 일할 시간이야!"
STG_215_b6c6962963d34c72895b0e55ea8a90a2,136795163437555713,"저 아래선 조심하라고, 알았지!"
STG_215_bd4046858d064a799c6fb2b83bbaf459,136795163437555715,"오오, 이번 건 재밌겠는데!"
STG_215_d49e7800286545b881c6901d09cd40c9,136795163437555712,"계속 그렇게만 해, 스퀴시!"
STG_215_d96b197a697c48159d7febd959a7b538,136795163433361408,"좋아, 그럼 잘 가라고, 꼬맹아!"
STG_215_ea7a3298574f446aa0059a8dc4b5141d,136795163437555716,"그래, 넌 할 수 있어!"
