Key,Id,Spanish(es)
ABC_Name_1,346366113996800,Rayo
ABC_Name_2,346366126579712,Área de efecto
ABC_Name_3,346366126579713,Invocar
ABC_Name_4,346366126579714,Proyectil
ABC_Name_5,346366126579715,Mejora
ABC_Name_6,346366126579716,Movimiento
ABL_Name_2,346366126579717,Torreta balística
ABL_Desc_2,346366126579718,Despliega una torreta que dispara a los enemigos cercanos.
ABL_Name_3,346366126579719,Turbocarga
ABL_Desc_3,346366126579720,"Mantén pulsado para cargar, luego avanza y explota."
ABL_Name_7,346366126579721,Bomba de energía
ABL_Desc_7,346366126579722,"Lanza una bomba que inflige daño <#FFEB04><link=""Keyword:12"">[Eléctrico]</link></color>."
ABL_Name_8,346366126579723,Carrera rápida
ABL_Desc_8,346366126579724,Muévete rápidamente en la dirección hacia la que estás mirando.
ABL_Name_9,346366126579725,Abrazos gratis
ABL_Desc_9,346366126579726,"¡Llama a Reset para que te eche una mano! <br>Atrae enemigos cercanos e inflige pulsos de daño <#FFEB04><link=""Keyword:5"">[Cinético]</link></color>."
ABL_Name_27,346366126579727,Misil de carne
ABL_Desc_27,346366126579728,Lanza un gran cohete que explota al impactar.
ABL_Name_52,346366130774016,Minas terrestres
ABL_Desc_52,346366130774017,Despliega una fila de minas terrestres.
ABL_Name_53,346366130774018,Caminaviento
ABL_Desc_53,346366130774019,"Teletranspórtate hacia adelante y obtén la habilidad Marcha aérea<br>Los ataques cuerpo a cuerpo infligen 50 % de daño <#FFEB04><link=""Keyword:5"">[Cinético]</link></color> adicional durante 10 s."
ABL_Name_56,346366130774020,Onda expansiva
ABL_Desc_56,346366130774021,"Crea una onda expansiva que inflige daño <#FFEB04><link=""Keyword:5"">[Cinético]</link></color> y empuja a los enemigos."
ABL_Name_63,346366130774022,Carrera explosiva
ABL_Desc_63,346366130774023,Corre hacia adelante y deja una explosión tras de ti.
ABL_Name_64,346366130774024,Caída Banzai
ABL_Desc_64,346366130774025,"Pulsa para saltar, mantén presionado para realizar un salto más alto. <br>Úsalo en el aire para azotar con fuerza y crear una gran explosión."
ABL_Name_66,346366130774026,Tobogán blandito
ABL_Desc_66,346366130774027,Deslizate rápidamente en la dirección de tu movimiento.
ABL_Name_68,346366130774028,Súper puré de carne
ABL_Desc_68,346366130774029,"Coloca un aperitivo que atrae a los enemigos, inflige daño y aturde a cualquiera que lo ataque."
ABL_Desc_69,346366130774031,"Lanza una bomba que inflige daño <#FFEB04><link=""Keyword:5"">[Cinético]</link></color>."
ABL_Name_73,346366130774034,Devorador de jochos
ABL_Desc_73,346366130774035,"¡Es la HORA TURBO! +150 % de velocidad de ataque, daño doble, munición infinita y más velocidad."
ABL_Desc_78,346366130774041,"Lanza una bomba que inflige daño de <#FFEB04><link=""Keyword:14"">[Limo]</link></color>."
ABL_Name_81,346366130774046,Acelerar
ABL_Desc_81,346366130774047,Corre más rápido al avanzar. Mantén presionado el botón para correr durante más tiempo.
ABL_Desc_82,346366130774049,"Lanza una bomba que inflige daño de <#FFEB04><link=""Keyword:15"">[Hielo]</link></color>."
ABL_Name_86,346366130774056,Caja de suministros
ABL_Desc_86,346366130774057,Coloca una caja de munición que permite a los jugadores cercanos disparar sin recargar y otorga +50 % de velocidad de ataque.
ABL_Name_87,346366130774058,Rayo Franken
ABL_Desc_87,346366130774059,¡Dispara un gran rayo láser y pierde la cabeza!
ABL_Name_88,346366130774060,Congestión monolítica
ABL_Desc_88,346366130774061,Lanza tu cabeza para golpear a un malo o obstruir algo.
ABL_Name_89,346366130774062,Congelación instantánea
ABL_Desc_89,346366130774063,Congela a todos los enemigos en un radio de 25 metros.
ABL_Name_90,346366130774064,Carrera arácnida
ABL_Name_91,346366130774066,Ojos rastreadores
ABL_Desc_91,346366130774067,Lanza pequeños ojos que vuelan hacia los enemigos y explotan.
ABL_Name_92,346366130774068,Bomba devoradora
ABL_Desc_92,346366130774069,Lanza una bomba que atrae a los enemigos antes de explotar.
ABL_Name_95,346366130774070,Torreta aérea
ABL_Desc_95,346366130774071,Despliega una torreta voladora que dispara a los enemigos cercanos.
ABL_Name_96,346366130774072,Micro Jacksons
ABL_Desc_96,346366130774073,Despliega feroces secuaces mutantes.
ABL_Name_97,346366130774074,Rayo ablandador
ABL_Desc_97,346366130774075,Concentra tu poder en un rayo que destruye todo a su paso.
ABL_Desc_99,346366130774079,"Lanza una bomba que inflige daño de <#FFEB04><link=""Keyword:13"">[Fuego]</link></color>."
ABL_Name_100,346366130774080,Paso demoledor
ABL_Desc_100,346366130774081,"Corre hacia adelante<br>Los ataques a distancia infligen 20% de daño <#FFEB04><link=""Keyword:5"">[Cinético]</link></color> adicional durante 10 s."
ABL_Name_101,346366130774082,Supercarga
ABL_Desc_101,346366130774083,"Obtienes <#FFEB04><link=""Keyword:10"">[Munición infinita]</link></color> y +40 % de velocidad de ataque durante 15 s."
ABL_Name_108,346366130774094,Furia sísmica
ABL_Desc_108,346366130774095,"Inflige daño <#FFEB04><link=""Keyword:5"">[Cinético]</link></color> a los enemigos mientras corres."
ABL_Name_117,346366130774112,Armadura ósea
ABL_Desc_117,346366130774113,"Otorga 150 de <#FFEB04><link=""Keyword:11"">[Barrera]</link></color> a los aliados cercanos durante 30 s.<br>Mientras dure la <#FFEB04><link=""Keyword:11"">[Barrera]</link></color>, refleja el daño recibido."
ABL_Name_142,346366130774162,Lazo doble
ABL_Desc_142,346366130774163,Gira sobre ti mismo y golpea a los enemigos cercanos. ¡Ajúa!
ABL_Name_147,346366130774172,Carrera avispada
ABL_Desc_147,346366130774173,"Corre hacia adelante, dejando caer bombas a medida que avanzas."
ABL_Desc_152,346366130774183,"Corre hacia adelante<br>Los ataques a distancia infligen 20 % de daño de <#FFEB04><link=""Keyword:15"">[Hielo]</link></color> adicional durante 10 s."
ABL_Desc_153,346366130774185,"Corre hacia adelante<br>Los ataques a distancia infligen 20 % de daño de <#FFEB04><link=""Keyword:14"">[Limo]</link></color> adicional durante 10 s."
ABL_Desc_154,346366130774187,"Corre hacia adelante<br>Los ataques a distancia infligen 20 % de daño <#FFEB04><link=""Keyword:12"">[Eléctrico]</link></color> adicional durante 10 s."
ABL_Desc_155,346366130774189,"Corre hacia adelante<br>Los ataques a distancia infligen 20 % de daño de <#FFEB04><link=""Keyword:13"">[Fuego]</link></color> adicional durante 10 s."
ABL_Name_164,346366130774206,Lanzamiento de pato granate
ABL_Desc_164,346366130774207,Lanza una gran roca explosiva.
ABL_Name_169,346366130774216,Rayo flotante
ABL_Desc_169,346366130774217,Vuela en el aire mientras disparas un potente rayo a objetivos terrestres.
ABL_Name_174,346366130774226,Escupitajo de avispa
ABL_Desc_174,346366130774227,Vomita un cono de proyectiles.
ABL_Name_179,346366130774236,Remolino octópodo
ABL_Desc_179,346366130774237,Gira mientras disparas en todas direcciones. Lucirás genial.
ABL_Name_184,346366130774246,Escupitajo de topo
ABL_Desc_184,346366130774247,Rocía a tus enemigos con dolorosas piedritas.
ABL_Name_197,346366130774272,Madriguera
ABL_Desc_197,346366130774273,Crea un túnel subterráneo y luego explota al salir a la superficie.
ABL_Name_198,346366130774274,Lanzamaníes
ABL_Desc_198,346366130774275,Lanza un maní que dispara a los enemigos cercanos. El nombre es obvio.
ABL_Name_199,346366130774276,Enjambre de cohetes
ABL_Desc_199,346366130774277,Lanza un montón de misiles no guiados.
ABL_Name_200,346366130774278,Marca ninja
ABL_Desc_200,346366130774279,"Lanza 5 shurikens. Cada golpe te otorga<br>+3 % de velocidad de ataque.<br>+10 de daño <#FFEB04><link=""Keyword:5"">[Cinético]</link></color> <br>+3 % de daño <#FFEB04><link=""Keyword:5"">[Cinético]</link></color> <br>(Máximo 5 acumulaciones)"
ABL_Name_201,346366130774280,Corte cargado
ABL_Desc_201,346366130774281,Realiza un ataque triple cuerpo a cuerpo con salto.
ABL_Desc_218,346366134968329,"Teletranspórtate hacia adelante y obtén la habilidad Marcha aérea<br>Los ataques cuerpo a cuerpo infligen 50 % de daño <#FFEB04><link=""Keyword:12"">[Eléctrico]</link></color> adicional durante 10 s."
ABL_Desc_219,346366134968331,"Teletranspórtate hacia adelante y obtén la habilidad Marcha aérea<br>Los ataques cuerpo a cuerpo infligen 50 % de daño de <#FFEB04><link=""Keyword:13"">[Fuego]</link></color> adicional durante 10 s."
ABL_Desc_220,346366134968333,"Teletranspórtate hacia adelante y obtén la habilidad Marcha aérea<br>Los ataques cuerpo a cuerpo infligen 50 % de daño de <#FFEB04><link=""Keyword:15"">[Hielo]</link></color> adicional durante 10 s."
ABL_Desc_221,346366134968335,"Teletranspórtate hacia adelante y obtén la habilidad Marcha aérea<br>Los ataques cuerpo a cuerpo infligen 50 % de daño de <#FFEB04><link=""Keyword:14"">[Limo]</link></color> adicional durante 10 s."
ABL_Desc_222,346366134968337,"Lanza 5 shurikens. Cada golpe te otorga<br>+3 % de velocidad de ataque<br>+10 de daño <#FFEB04><link=""Keyword:12"">[Eléctrico]</link></color> <br>+3 % de daño <#FFEB04><link=""Keyword:12"">[Eléctrico]</link></color> <br>(Máximo 5 acumulaciones)."
ABL_Desc_223,346366134968339,"Lanza 5 shurikens. Cada golpe te otorga<br>+3 % de velocidad de ataque<br>+10 de daño de <#FFEB04><link=""Keyword:15"">[Hielo]</link></color> <br>+3 % de daño de <#FFEB04><link=""Keyword:15"">[Hielo]</link></color> <br>(Máximo 5 acumulaciones)."
ABL_Desc_224,346366134968341,"Lanza 5 shurikens. Cada golpe te otorga<br>+3 % de velocidad de ataque<br>+10 de daño de <#FFEB04><link=""Keyword:14"">[Limo]</link></color> <br>+3 % de daño de <#FFEB04><link=""Keyword:14"">[Limo]</link></color> <br>(Máximo 5 acumulaciones)."
ABL_Desc_225,346366134968343,"Lanza 5 shurikens. Cada golpe te otorga<br>+3 % de velocidad de ataque<br>+10 de daño de <#FFEB04><link=""Keyword:13"">[Fuego]</link></color> <br>+3 % de daño de <#FFEB04><link=""Keyword:13"">[Fuego]</link></color> <br>(Máximo 5 acumulaciones)."
ABL_Name_226,346366134968344,Silla plegable
ABL_Desc_226,346366134968345,Considera lanzarle esto a quien se lo merezca.
ABL_Name_227,346366134968346,La gran Beatriz
ABL_Desc_227,346366134968347,Invoca a la abeja reina para volar de un lado a otro y picar a tus enemigos.
ABL_Name_228,346366134968348,Fuga de cerebros
CND_Name_1,346366134968365,Congelado
CND_Desc_1,346366134968366,El objetivo se mueve y ataca con lentitud.
CND_Name_2,346366134968367,Electrificado
CND_Desc_2,346366134968368,Inflige daño continuo a los enemigos cercanos.
CND_Name_3,346366134968369,Embarrado
CND_Desc_3,346366134968370,El objetivo recibe más daño de cualquier procedencia.
CND_Name_4,346366134968371,Sangrado
CND_Desc_4,346366134968372,El objetivo sufre daño con el tiempo.
CND_Name_5,346366134968373,Ardiendo
CND_Desc_5,346366134968374,"El objetivo recibe daño de <#FFEB04><link=""Keyword:13"">[Fuego]</link></color> con el tiempo."
CND_Name_6,346366134968375,Fuego fatuo
CND_Desc_6,346366134968376,"El objetivo recibe daño de <#FFEB04><link=""Keyword:13"">[Fuego]</link></color> continuo y -20 % de velocidad de movimiento."
CND_Name_8,346366134968377,Tambaleado
CND_Desc_8,346366134968378,El objetivo no puede realizar acciones.
CRT_Name_6,346366134968379,Cíclope
CRT_Name_8,346366134968380,Zumbín
CRT_Name_11,346366134968381,Fortachón
CRT_Name_12,346366134968382,Robocohete
CRT_Name_13,346366134968383,Trepador
CRT_Name_22,346366134968384,Escupiala
CRT_Name_26,346366134968385,Amoladora
CRT_Name_28,346366134968386,Rana
CRT_Name_31,346366134968387,Bocadín
CRT_Name_34,346366134968388,Mordelón
CRT_Name_37,346366134968389,Peperojoni
CRT_Name_38,346366134968390,Llantín
CRT_Name_39,346366134968391,Fantasma a la parrilla
CRT_Name_40,346366134968392,Grease Monkey
CRT_Name_41,346366134968393,Martillón
CRT_Name_42,346366134968394,Guajolote fisgón
CRT_Name_43,346366134968395,Halcón porcino
CRT_Name_44,346366134968396,Frankenjoles
CRT_Name_45,346366134968397,Mosquitero
CRT_Name_46,346366134968398,Torre
CRT_Name_47,346366134968399,Vacuo
CRT_Name_48,346366134968400,Legumbirro
CRT_Name_50,346366134968401,Cabeza dura
CRT_Name_51,346366134968402,Nulo
CRT_Name_52,346366134968403,Maniquí de práctica
CRT_Name_53,346366134968404,Artilleroides
CRT_Name_54,346366134968405,Zorpjet
CRT_Name_55,346366134968406,Bronco
CRT_Name_56,346366134968407,Pestosito
CRT_Name_57,346366134968408,Pato granate
CRT_Name_59,346366134968409,Desmán
CRT_Name_60,346366134968410,Globo bufón
CRT_Name_61,346366134968411,Cubo espacial
CRT_Name_62,346366134968412,Piloto corredor de Tangus
CRT_Name_63,346366134968413,Reset
CRT_Name_65,346366134968415,Micro Jackson
CRT_Name_66,346366134968416,Peperojoni Deluxe
CRT_Name_67,346366134968417,La pequeña Beatriz
CRT_Name_68,346366134968418,Alta luciérnaga
CRT_Name_69,346366134968419,Réferi
CRT_Name_70,346366134968420,Pedro Marranero
CRT_Name_71,346366134968421,Senador junior
CRT_Name_72,346366134968422,Juez Reptante
CRT_Name_73,346366134968423,Presidente Rompecuellos
CRT_Name_75,346366134968425,Tronador
CRN_Name_4,346366134968426,Moneda de Carl
CRN_Desc_4,346366134968427,"Otorgado por el propio Carl para conmemorar cada ascenso, sin importar cuán grande o pequeña sea."
CRN_Name_7,346366139162624,Jocho
CRN_Desc_7,346366139162625,"No todo el mundo sabe que ""Jocho"" es un apodo para un hot dog, pero las decisiones que se toman al acuñar esta moneda tienen mucho más sentido una vez que lo sabes."
CRN_Name_26,346366139162626,Punto de incentivo por tarea
CRN_Desc_26,346366139162627,"Un sistema arcaico que, hoy en día, sigue siendo objeto de debate, pero de alguna manera la cultura de puntos permanece."
CRN_Name_28,346366139162628,Muestra de Franken
CRN_Desc_28,346366139162629,"¡Es útil tenerlo a la mano para invitados inesperados! Gracias, Frank."
CRN_Name_29,346366139162630,Amuleto Franken
CRN_Desc_29,346366139162631,Una baratija que alberga lo que parece una salchicha espeluznante consagrada que flota en una sustancia viscosa. ¿Acaso es la forma original de las Franken Carnes?
CRN_Name_30,346366139162632,Muestra de mutante
CRN_Desc_30,346366139162633,¡Tomado con alegría de las garras inconscientes de los Padres Fundidores!
CRN_Name_31,346366139162634,Amuleto mutante
CRN_Desc_31,346366139162635,"Una pequeña masa de materia mutante que ocasionalmente revela otro ojo, mira a su alrededor y luego lo retrae grotescamente. ¡Qué asco!"
CRN_Name_32,346366139162636,Pez pequeño
CRN_Desc_32,346366139162637,"Los pececitos pueden ser pequeños, ¡pero muerden como si tuvieran algo que demostrar!"
CRN_Name_33,346366139162638,Pulpo
CRN_Desc_33,346366139162639,"¡Capturar uno de estos le da al término ""reel de bloopers"" un significado completamente nuevo!"
CRN_Name_34,346366139162640,Krillchicha
CRN_Desc_34,346366139162641,Un manjar intergaláctico.
CRN_Name_35,346366139162642,Pulpocho
CRN_Desc_35,346366139162643,"Superior en todos los aspectos a su primo, el pulpo común. No solo tiene ocho tentáculos, sino que también es bilingüe."
CRN_Name_36,346366139162644,Pez dorado
CRN_Desc_36,346366139162645,¡Hay oro en esas branquias!
CRN_Name_37,346366139162646,Pez globo
CRN_Name_38,346366139162648,Devorador de jocho
CRN_Name_39,346366139162650,Esnórquel
CRN_Name_40,346366139162652,Calamar pro quo
CRN_Name_41,346366139162654,Ermagerda
CRN_Name_42,346366139162656,Memeralda
CRN_Desc_42,346366139162657,"Mineral de nivel 2. Una gema verde brillante que, según se dice, guarda fragmentos de recuerdos antiguos. Sostenerla permite vislumbrar ecos del pasado."
CRN_Name_43,346366139162658,Obtanio
CRN_Desc_43,346366139162659,"Mineral de nivel 1. Mucho más fácil de conseguir que otros minerales, y aun así cumple su función. ¿Por qué todos están tan obsesionados con lo inalcanzable cuando esto se consigue tan fácil?"
CRN_Name_44,346366139162660,Artilugio gastronómico
CRN_Desc_44,346366139162661,"Tecnología antigua de nivel 1. Hace mucho tiempo, los exploradores del espacio profundo usaban este dispositivo para sumergir sus cabezas en líquido respirable. Parece que ya no es nada apto para su uso, pero es genial para partes."
CRN_Name_45,346366139162662,Inversor de iones
CRN_Desc_45,346366139162663,"Tecnología antigua de nivel 2. Los antiguos Gastronautas estaban tan preocupados por si podían o no invertir iones, que no se detuvieron a pensar si debían hacerlo."
CRN_Name_46,346366139162664,Punto de esfuerzo de Rangus
CRN_Desc_46,346366139162665,¡Reúne puntos para aumentar tu rango de empleado de Rangus!
CTC_Name_1,346366139162668,Monedas
CTC_Name_2,346366139162669,Pez
FAC_Name_1,346366139162670,Máquina
FAC_Name_2,346366139162671,Acuático
FAC_Name_3,346366139162672,Mutante
FAC_Name_4,346366139162673,Franken
FAC_Name_5,346366139162674,Omni
FAC_Name_6,346366139162675,Insectoide
FAC_Name_7,346366139162676,Alienígena
FAC_Name_8,346366139162677,Rangus
FAC_Name_9,346366139162678,Cazadores
FAC_Name_10,346366139162679,Enemigogenérico
GN_Name_1,346366139162680,Fosa de agua
GN_Name_3,346366139162681,Gastronauta antiguo
GN_Name_4,346366139162682,Nodo de obtanio
HE_Desc_1,346366139162687,"Inflige 20 de daño <#FFEB04><link=""Keyword:12"">[Eléctrico]</link></color> (+10 por acumulación) a una cadena de 3 enemigos."
HE_Desc_3,346366139162689,"Inflige daño y causa el efecto <#FFEB04><link=""Keyword:7"">[Tambaleado]</link></color> en cadena a 3 enemigos."
HE_Desc_11,346366139162691,"Propaga el efecto <#FFEB04><link=""Keyword:1"">[Ardiendo]</link></color> en cadena a 2 objetivos cuando golpeas a un enemigo <#FFEB04><link=""Keyword:1"">[Ardiendo]</link></color>"
HE_Desc_17,346366139162693,"Obtén 20 de <#FFEB04><link=""Keyword:11"">[Barrera]</link></color> (+10 por acumulación) durante 30 s."
HE_Desc_24,346366139162695,"Causa el efecto <#FFEB04><link=""Keyword:1"">[Ardiendo]</link></color> durante 12 s."
HE_Desc_33,346366139162697,Invoca un esbirro avispa mediano.
HE_Desc_37,346366139162699,Genera un Orbe cinético que daña a los enemigos cercanos.
HE_Desc_38,346366139162701,Inflige 25 de daño de área al objetivo.
HE_Desc_51,346366139162703,Genera un Orbe Eléctrico que inflige 25 de daño por segundo en un radio de 5 m.
HE_Desc_53,346366139162705,"Causa el efecto <#FFEB04><link=""Keyword:2"">[Embarrado]</link></color> durante 4 s."
HE_Desc_55,346366139162707,"Causa el efecto <#FFEB04><link=""Keyword:2"">[Embarrado]</link></color> durante 12 s."
HE_Desc_58,346366139162709,"Causa el efecto <#FFEB04><link=""Keyword:8"">[Electrificado]</link></color> durante 12 s."
HE_Desc_59,346366139162711,"Causa el efecto <#FFEB04><link=""Keyword:3"">[Enfriado]</link></color> durante 12 s."
HE_Desc_60,346366139162713,Carga completamente Carne misteriosa.
HE_Desc_61,346366139162715,Obtiene 25 % de aumento de carga de Carne misteriosa.
HE_Desc_64,346366139162719,"+5 % de acumulación de <#FFEB04><link=""Keyword:13"">[Fuego]</link></color>"
HE_Desc_65,346366139162721,"En un objetivo <#FFEB04><link=""Keyword:1"">[Aridendo]</link></color>: +10 % de probabilidad de un golpe crítico durante 30 s."
HE_Desc_66,346366139162723,"En un objetivo <#FFEB04><link=""Keyword:1"">[Aridendo]</link></color>, causa el efecto <#FFEB04><link=""Keyword:19"">[Combustión]</link></color>."
HE_Desc_68,346366139162725,El objetivo deja caer carne.
HE_Desc_69,346366139162727,El objetivo deja caer una caja de munición.
HE_Desc_70,346366139162729,Encadena el 50 % del daño a 2 enemigos cercanos.
HE_Desc_71,346366139162731,"Encadena <#FFEB04><link=""Keyword:17"">[Efectos]</link></color> a 3 enemigos cercanos."
HE_Desc_72,346366139162733,"+5 % de acumulación de <#FFEB04><link=""Keyword:14"">[Limo]</link></color> "
HE_Desc_73,346366139162735,"Causa el efecto <#FFEB04><link=""Keyword:2"">[Embarrado]</link></color> en cadena a 3 enemigos."
HE_Desc_75,346366139162737,"+20 de <#FFEB04><link=""Keyword:11"">[Barrera]</link></color>"
HE_Desc_76,346366139162739,"+5 % de acumulación <#FFEB04><link=""Keyword:12"">[Eléctrica]</link></color> "
HE_Desc_77,346366139162741,"En un objetivo <#FFEB04><link=""Keyword:8"">[Electrificado]</link></color>: encadena el daño a 2 enemigos."
HE_Desc_78,346366139162743,"Daña al objetivo <#FFEB04><link=""Keyword:8"">[Electrificado]</link></color> y causa el efecto <#FFEB04><link=""Keyword:7"">[Tambaleado]</link></color>."
HE_Desc_79,346366139162745,"+5 % de acumulación de <#FFEB04><link=""Keyword:15"">[Hielo]</link></color>"
HE_Desc_80,346366139162747,"Si el objetivo de una habilidad de carne tiene el efecto <#FFEB04><link=""Keyword:3"">[Enfriado]</link></color> o <#FFEB04><link=""Keyword:4"">[Congelado]</link></color>, aumenta la recarga de habilidades en un 20 % durante 30 s."
HE_Desc_81,346366139162749,"+5 % de daño de <#FFEB04><link=""Keyword:15"">[Hielo]</link></color><br>+5 % de acumulación de <#FFEB04><link=""Keyword:15"">[Hielo]</link></color><br>+15 % de daño de <#FFEB04><link=""Keyword:18"">[Fragmentación]</link></color> durante 45 s."
HE_Desc_82,346366139162751,"En un objetivo <#FFEB04><link=""Keyword:4"">[Congelado]</link></color>: obtén una acumulación de <#FFEB04><link=""Keyword:15"">[Hielo]</link></color> en un 25 % y el daño <#FFEB04><link=""Keyword:18"">[Fragmentado]</link></color> en un 110 % durante 25 s. Se acumula hasta 3 veces."
HE_Desc_93,346366143356932,"Refleja el daño como <#FFEB04><link=""Keyword:5"">[Cinético]</link></color>."
HE_Desc_94,346366143356934,"Refleja el daño como <#FFEB04><link=""Keyword:14"">[Limo]</link></color>."
HE_Desc_95,346366143356936,"Refleja el daño como <#FFEB04><link=""Keyword:13"">[Fuego]</link></color>."
HE_Desc_96,346366143356938,"Refleja el daño como <#FFEB04><link=""Keyword:15"">[Hielo]</link></color>."
HE_Desc_97,346366143356940,"Refleja el daño como <#FFEB04><link=""Keyword:12"">[Eléctrico]</link></color>."
HE_Desc_98,346366143356942,"Aplica el efecto <#FFEB04><link=""Keyword:7"">[Tambaleado]</link></color> durante 5 s."
HE_Desc_99,346366143356944,"Propaga +15 % de Vulnerabilidad elemental cuando golpeas a un objetivo <#FFEB04><link=""Keyword:2"">[Embarrado]</link></color>."
HE_Desc_103,346366143356948,+50 % de daño durante 5 s.
HE_Desc_105,346366143356950,+5 % de todo tipo de daño durante 10 s (máx. +25 %)
HE_Desc_107,346366143356952,"Encadena 60 de daño <#FFEB04><link=""Keyword:12"">[Eléctrico]</link></color> a 2 objetivos."
HE_Desc_109,346366143356956,"+5 % de acumulación <#FFEB04><link=""Keyword:5"">[Cinética]</link></color> "
HE_Desc_110,346366143356958,+10 % de daño de ataque durante 60 s.
HE_Desc_112,346366143356962,"+150 de <#FFEB04><link=""Keyword:11"">[Barrera]</link></color>"
HE_Desc_113,346366143356964,"Encadena 150 de daño de <#FFEB04><link=""Keyword:13"">[Fuego]</link></color> a 4 enemigos."
HE_Desc_114,346366143356966,+15 % de daño cuerpo a cuerpo.
HE_Desc_115,346366143356968,"+10 % de daño cuerpo a cuerpo, máximo 10 acumulaciones."
HE_Desc_116,346366143356970,"Obtén +5 % de acumulación <#FFEB04><link=""Keyword:5"">[Cinética]</link></color> , +5 % de daño <#FFEB04><link=""Keyword:5"">[Cinético]</link></color> durante 60 s (Máx. 5)"
HE_Desc_118,346366143356974,Los esbirros obtienen +15 % de daño y +15 % de salud durante 60 s.
HE_Desc_119,346366143356976,"Propaga los <#FFEB04><link=""Keyword:17"">[Estados]</link></color> del objetivo a los enemigos en un radio de 5 m."
HE_Desc_120,346366143356978,Genera un orbe de hielo que daña a los enemigos cercanos.
ITM_Name_6,346366143356985,Superhéroe
ITM_Name_11,346366143356989,Agarre hacia adelante
ITM_Name_14,346366143356991,Aletas
ITM_Name_30,346366143356993,Piel de cocodrilo
ITM_Name_37,346366143356999,Mordedura de pez infectado
ITM_Name_65,346366143357003,Telaraña
ITM_Name_152,346366143357009,Salchicha picante
ITM_Name_153,346366143357011,Taco
ITM_Name_154,346366143357013,Paso de matanza (Cinético)
ITM_Name_156,346366143357015,Maestría del Fuego I
ITM_Name_158,346366143357017,Café con leche
ITM_Name_163,346366143357019,Salsa picante
ITM_Name_167,346366143357021,Aumento de resistencia al daño.
ITM_Name_169,346366143357023,Aumento de la velocidad del movimiento
ITM_Name_175,346366143357027,Riboflavina
ITM_Name_181,346366143357029,Cerdometa
ITM_Name_190,346366143357037,Recargar cañón de riel
ITM_Name_191,346366143357039,Recarga de cohete
ITM_Name_192,346366143357041,Recargar rifle
ITM_Name_196,346366143357043,Acumulación pequeña
ITM_Name_198,346366143357045,Anguila eléctrica
ITM_Name_200,346366143357047,Ponche caliente
ITM_Name_206,346366143357051,Invulnerabilidad
ITM_Name_209,346366143357053,Recarga de escopeta
ITM_Name_210,346366143357055,Recarga de plasma
ITM_Name_211,346366143357057,Recarga de granada
ITM_Name_212,346366143357059,Recarga de magnum
ITM_Name_214,346366143357061,Recarga de pistola
ITM_Name_228,346366143357069,Devorador de jochos
ITM_Name_229,346366143357071,Cereal de metal dentado
ITM_Name_233,346366143357073,Tiempo de espera
ITM_Name_237,346366143357081,Nanobots estructurales
ITM_Name_242,346366143357091,Nanobots personales
ITM_Name_250,346366143357099,Cono de nieve
ITM_Name_254,346366143357101,Sabrosas golosinas de esbirro
ITM_Name_255,346366143357103,Piernas de hombre topo
ITM_Name_257,346366143357105,Patas de araña
ITM_Name_258,346366143357107,Efecto pasivo de piernas de hombre musculoso
ITM_Name_259,346366143357109,Piernas de ninja
ITM_Name_260,346366143357111,Torso de avispa
ITM_Name_261,346366143357113,Torso de robot cohete
ITM_Name_262,346366143357115,Descubierto
ITM_Name_274,346366143357125,Escupidor de metralla
ITM_Name_275,346366143357127,Munición en caja
ITM_Name_288,346366143357129,Ensalada de gelatina
ITM_Name_302,346366143357155,Bonificación de Adiós a tus carnitas
ITM_Name_309,346366143357161,Piernas de Zord de carne
ITM_Name_326,346366143357167,Agarre paralizante
ITM_Name_327,346366143357169,Turbo impulso
ITM_Name_333,346366143357179,Problemas de rodilla
ITM_Name_343,346366147551236,Visión piroclástica
ITM_Name_346,346366147551240,Ansiadecarne
ITM_Name_350,346366147551244,Migas de pan
ITM_Name_351,346366147551246,Cargador grande
ITM_Name_352,346366147551248,Especias sintéticas
ITM_Name_353,346366147551250,Camarón picante
ITM_Name_354,346366147551252,Cuchillo de sushi
ITM_Name_356,346366147551256,Frenesí alimentario
ITM_Name_357,346366147551258,CÁMARA LENTA
ITM_Name_360,346366147551262,Baquetas
ITM_Name_361,346366147551264,Pechuga de pollo con especias
ITM_Name_362,346366147551266,Claridad
ITM_Name_366,346366147551274,Vitaminas frutales
ITM_Name_367,346366147551276,Tren de salsa
ITM_Name_369,346366147551280,Choque estático
ITM_Name_372,346366147551284,Recarga de glaciares
ITM_Name_373,346366147551286,Maestría glacial
ITM_Name_392,346366147551296,Piernas de carnicero
ITM_Name_400,346366147551306,Venas glaciales
ITM_Name_430,346366147551350,Piernas de Meat Boy
ITM_Name_431,346366147551352,Reflejo de armadura ósea (Fuego)
ITM_Name_432,346366147551354,Reflejo de armadura ósea (Limo)
ITM_Name_433,346366147551356,Reflejo de armadura ósea (Hielo)
ITM_Name_434,346366147551358,Reflejo de armadura ósea (Eléctrico)
ITM_Name_435,346366147551360,Reflejo de armadura ósea (Cinético)
ITM_Name_445,346366147551378,Paso de matanza (Fuego)
ITM_Name_446,346366147551380,Paso de matanza (Hielo)
ITM_Name_447,346366147551382,Paso de matanza (Eléctrico)
ITM_Name_448,346366147551384,Paso de matanza (Limo)
ITM_Name_449,346366147551386,Drenar energía (Cinético)
ITM_Name_450,346366147551388,Drenar energía (Hielo)
ITM_Name_451,346366147551390,Drenar energía (Fuego)
ITM_Name_452,346366147551392,Drenar energía (Limo)
ITM_Name_453,346366147551394,Drenar energía (Eléctrico)
ITM_Name_454,346366147551396,Piernas de Fórmula Dingus
ITM_Name_455,346366147551398,Universo en expansión
ITM_Name_490,346366147551464,Mejora de Elote sobre mero
ITM_Name_494,346366147551468,Palpación ocular
ITM_Name_495,346366147551470,Torso de Tapa-C
ITM_Name_497,346366147551474,Mejora de Caminaviento (Eléctrico)
ITM_Name_498,346366147551476,Mejora de Caminaviento (Fuego)
ITM_Name_499,346366147551478,Mejora de Caminaviento (Hielo)
ITM_Name_500,346366147551480,Mejora de Caminaviento (Limo)
ITM_Name_501,346366147551482,Mejora de Caminaviento (Cinético)
ITM_Name_502,346366147551484,Mejora de marca ninja (Cinética)
ITM_Name_510,346366151745540,Entierro
ITM_Name_511,346366151745542,Piernas de minero barrigón
ITM_Name_523,346366151745564,Antilegislamator
ITM_Name_525,346366151745568,Recarga de metralleta
ITM_Name_526,346366151745570,Bala de oro
ITM_Name_528,346366151745574,Vivacidad I
ITM_Name_535,346366151745588,Maestría del Limo I
ITM_Name_536,346366151745590,Maestría del Hielo I
ITM_Name_537,346366151745592,Maestría Cinética I
ITM_Name_538,346366151745594,Maestría eléctrica I
ITM_Name_540,346366151745598,Maestría de largo alcance I
ITM_Name_541,346366151745600,Maestría de corto alcance I
ITM_Name_542,346366151745602,Maestría en ataque I
ITM_Name_558,346366151745634,Ostras de la gasolinera
ITM_Name_559,346366151745636,Leche de rata
ITM_Name_560,346366151745638,Scampi de res
ITM_Name_561,346366151745640,Sushi de supermercado
ITM_Name_562,346366151745642,Maestría en combate cuerpo a cuerpo I
ITM_Name_563,346366151745644,Mejora del Hot Dog de Seattle
ITM_Name_564,346366151745646,Huevos de cuervo
ITM_Name_565,346366151745648,Jamón al ron
ITM_Name_566,346366151745650,Maestría Cinética II
ITM_Name_569,346366151745656,Efecto pasivo del torso de hombre musculoso
ITM_Name_570,346366151745658,Efecto pasivo del torso de ninja
ITM_Name_572,346366151745662,Agua de jamón caliente
ITM_Name_573,346366151745664,Sashimi de pollo
ITM_Name_574,346366151745666,Esto es lo que yo llamo jugo
ITM_Name_575,346366151745668,Paleta de carne
ITM_Name_576,346366151745670,Cinturón de extranjeros
ITM_Name_577,346366151745672,Miel de carne de abeja buitre
ITM_Name_578,346366151745674,Maná de carne
ITM_Name_579,346366151745676,Gomitas de borrachitos
ITM_Name_580,346366151745678,La inmersión
ITM_Name_581,346366151745680,Cono de lodo
ITM_Name_583,346366151745684,Mejora de marca ninja (Fuego)
ITM_Name_584,346366151745686,Mejora de marca ninja (Hielo)
ITM_Name_585,346366151745688,Mejora de marca ninja (Eléctrico)
ITM_Name_586,346366151745690,Mejora de marca ninja (Limo)
ITM_Name_587,346366151745692,Poder elemental I
ITM_Name_588,346366151745694,Defensa del Sí se puede
ITM_Name_589,346366151745696,Fuga de cerebros (Eléctrico)
ITM_Name_590,346366151745698,Fuga de cerebros (Fuego)
ITM_Name_591,346366151745700,Fuga de cerebros (Hielo)
ITM_Name_592,346366151745702,Fuga de cerebros (Cinético)
ITM_Name_593,346366151745704,Fuga de cerebros (Limo)
ITM_Name_594,346366151745706,Bono de Golpea al topo
ITM_Name_597,346366151745712,Maldición cromática
ITM_Name_598,346366151745714,Curación de carnicero T1
ITM_Name_599,346366151745716,Curación de carnicero T2
ITM_Name_600,346366151745718,Curación de carnicero T3
MEH_Name_14,346366151745722,Cabeza de carne vacía
MEH_Name_48,346366151745724,Cabeza de fantasma a la parrilla
MEH_Name_49,346366151745726,Cabeza de peperojoni
MEH_Name_50,346366151745728,Cabeza de minero
MEH_Name_51,346366151745730,Cabeza de granadero
MEH_Name_54,346366151745734,Cabeza de fortachón
MEH_Name_55,346366151745736,Cabeza de ninja
MEH_Name_56,346366151745738,Cabeza de pulpo
MEH_Name_57,346366151745740,Cabeza de piloto
MEH_Name_58,346366151745742,Cabeza de cohete
MEH_Name_59,346366151745744,Cabeza de martillón
MEH_Name_60,346366151745746,Cabeza de empleado de Rangus
MEH_Name_62,346366151745750,Cabeza de cíclope
MEH_Name_63,346366151745752,Cabeza de gerente de Rangus
MEH_Name_64,346366151745754,Cabeza de tallo de Franken
MEH_Name_66,346366151745758,Cabeza de torreta
MEH_Name_67,346366151745760,Cabeza alienígena
MEH_Name_68,346366151745762,Cabeza de escupialas
MEH_Name_69,346366151745764,Cabeza de bolsa de basura
MEH_Name_70,346366151745766,Cabeza de alta luciérnaga
MEH_Name_71,346366151745768,Cabeza de silla plegable
MEL_Name_25,346366155939840,Piernas de carne vacía
MEL_Desc_25,346366155939841,Alguien se saltó los ejercicios de piernas.
MEL_Name_36,346366155939844,Piernas de fantasma a la parrilla
MEL_Name_37,346366155939846,Piernas de llantín
MEL_Name_38,346366155939848,Piernas de fortachón
MEL_Name_40,346366155939852,Piernas de pulpo
MEL_Name_41,346366155939854,Piernas de martillón
MEL_Name_42,346366155939856,Piernas de empleado de Rangus
MEL_Name_45,346366155939862,Piernas de investigador de Rangus
MEL_Name_46,346366155939864,Piernas de alta luciérnaga
MEL_Name_47,346366155939866,Piernas de bolsa de basura
MEL_Name_48,346366155939868,Piernas de bronco
MET_Name_15,346366155939872,Torso de carne vacío
MET_Desc_15,346366155939873,Mejor solo que mal acompañado.
MET_Name_153,346366155939874,Torso de fantasma a la parrilla
MET_Name_154,346366155939876,Torso de granadero
MET_Name_157,346366155939878,Torso de llantín
MET_Name_158,346366155939880,Torso de fortachón
MET_Name_162,346366155939882,Torso ninja
MET_Name_166,346366155939886,Torso de martillón
MET_Name_167,346366155939888,Torso de empleado de Rangus
MET_Name_183,346366155939892,Torso de cíclope
MET_Name_187,346366155939894,Torso de cajalatada
MET_Name_189,346366155939896,Torso de investigador de Rangus
MET_Name_190,346366155939898,Torso de la torre
MET_Desc_190,346366155939899,Controla las alturas.
MET_Name_191,346366155939900,Torso de alta luciérnaga
MET_Name_192,346366155939902,Torso de pato granate
MET_Desc_192,346366155939903,"Si lo pudieras ver con una cabeza, sabrías totalmente que es un pato."
MUT_Name_23,346366160134167,Pecho de trueno
PLN_Name_1,346366160134182,Mapa plano DBG
PLN_Name_2,346366160134183,Frankenvania
PLN_Name_5,346366160134184,Monte Dangus
PLN_Name_8,346366160134185,DBG_Pruebadeintercambiodecarne_Planeta
PLN_Name_11,346366160134186,Peterium
PLN_Name_13,346366160134187,DBG_Rocksboro
PLN_Name_16,346366160134188,ROX-1
PLN_Name_17,346366160134189,Calipso
PLN_Name_18,346366160134190,Brisketon
PLN_Name_20,346366160134191,Viejo Tangus
PLN_Name_21,346366160134192,Pruebadeevento_DBG
PLN_Name_22,346366160134193,Pequeño Tangus
PLN_Name_23,346366160134194,Exámenes parciales del lunes por la noche
PLN_Name_24,346366160134195,Tutorius I
PF_Name_5,346366160134200,Columna espiral 1.1
PF_Name_6,346366160134201,Reaparición saludable 1.1
PF_Name_7,346366160134202,Reaparición 1.1
PF_Name_16,346366160134204,Seguro médico 1.1
PF_Name_17,346366160134205,Seguro médico 1.2
PF_Name_19,346366160134207,Franken frito v1
PF_Name_20,346366160134208,Evento Frankenjoles iniciado
PF_Name_21,346366160134209,Columna espiral 1.2
PF_Name_23,346366160134211,Licencia de manejo de motosierra
PF_Name_24,346366160134212,Licencia de pesca en fosas
PF_Name_25,346366160134213,Licencia de recolección de minerales
PF_Name_30,346366160134218,Exámenes parciales del lunes por la noche v1
PF_Name_31,346366160134219,Evento de jefe mutante iniciado
VO_Transcript_1,346366160134223,Se necesita ayuda...
VO_Transcript_2,346366160134224,Extracción completada. Despegue inminente.
VO_Transcript_3,346366160134225,Se recomienda salida inmediata.
VO_Transcript_4,346366160134226,Cosechadora acercándose. Protege el núcleo de carne.
VO_Transcript_5,346366160134227,Amenaza identificada
VO_Transcript_6,346366160134228,Objetivo a la vista
VO_Transcript_8,346366160134230,Punto de interés ubicado
VO_Transcript_9,346366160134231,Es hora de invertir en criptomonedas... ¿Lo captas? Porque entierras a los muertos en una cripta...Olvídalo. :(
VO_Transcript_10,346366160134232,La situación se puso muy seria.
VO_Transcript_11,346366160134233,"Chat, ¿me dan sus condolencias?"
VO_Transcript_12,346366160134234,Sí que sabes cómo animar un funeral.
VO_Transcript_13,346366160134235,Esto es ahora un asunto escabroso.
VO_Transcript_14,346366160134236,La cremación es ahora tu última esperanza para un cuerpo ardiente.
VO_Transcript_15,346366160134237,"Me dijeron que si no tienes nada bueno que decir de los muertos, te lo lleves a la tumba."
VO_Transcript_16,346366160134238,Advertencia. Integridad del traje comprometida.
VO_Transcript_17,346366160134239,Terminó muy anticlimático.
VO_Transcript_21,346366160134243,¡Ayúdame por favor!
VO_Transcript_22,346366160134244,¡Gracias! Iré por mis amigos...
VO_Transcript_23,346366160134245,¡¿Quién se atreve a perturbar mis aguas?!
VO_Transcript_24,346366160134246,"Doctor Brad, ¿eres tu?"
VO_Transcript_25,346366160134247,¡Argh! Me ganaste sin trampas.
VO_Transcript_26,346366160134248,"Gracias por crearnos, ¡ahora te destruiremos!"
VO_Transcript_27,346366160134249,Hay reportes de insectoides atacando a todas las facciones extranjeras en el planeta.
VO_Transcript_28,346366160134250,"¡Guglú, guglú, gu!<br>(Llamando refuerzos)"
VO_Transcript_29,346366160134251,El navío de OmniMeat ha entrado en la atmósfera.
VO_Transcript_30,346366160134252,"Señor Ponk, ¿ya podemos cazar?"
VO_Transcript_31,346366160134253,A veces un arma no es suficiente. ¡Ve por una Carne misteriosa!
VO_Transcript_32,346366160134254,"Nuestros científicos hicieron unas cosas muy asquerosas con carne últimamente, ve a ver la Terminal de mutación."
VO_Transcript_33,346366160134255,¡Excelente! ¿Por qué no lo intentas?
VO_Transcript_34,346366160134256,¡Parece que te vendría bien un poco más de potencia! ¿Por qué no vas a la Terminal de armas y consigues una nueva?
VO_Transcript_35,346366160134257,"¡Rayos, esas carnes no sabrán lo que les pasó!"
VO_Transcript_36,346366160134258,"¡Caray, las cosas que se les ocurren a los científicos!"
VO_Transcript_37,346366160134259,Criaturas hostiles aproximándose.
VO_Transcript_38,346366160134260,Escape inmediatamente.
VO_Transcript_39,346366160134261,¡Ahora dennos una buena pelea sucia!
VO_Transcript_40,346366160134262,Pónganse de pie para los honorables... los imparables... ¡LOS JUICIOSOS!
VO_Transcript_42,346366160134263,Legislamator...Ejecultivator...¡su derrota ha sido APELADA!
VO_Transcript_43,346366160134264,¡Tiene las políticas! ¡Tiene la presencia! ¡Tiene la autoridad absoluta para vetar tu vida! ES... ¡EL EJECECULTIVATOR!
VO_Transcript_44,346366160134265,Se encarga sutilmente del comité de presupuesto... Es el maestro de la letra pequeña... ES... ¡LEGISLAMATOR!
VO_Transcript_45,346366160134266,¡Aaaaaahhhhhh! ¡Síiiiiiiiiiii!!
VO_Transcript_46,346366160134267,¡Toma unas piernas de esa máquina y saca a esos idiotas del suelo!
VO_Transcript_47,346366160134268,¡Derríbalos e inmovílizalos antes de que vuelvan a sumergirse!
VO_Transcript_48,346366160134269,"Muy bien, hijo, llegó el momento de empezar tu entrenamiento."
VO_Transcript_49,346366160134270,"¡Encantado de conocerte, hijo! ¡Saca unas piernas de esa máquina y súbete a la pista!"
VO_Transcript_50,346366160134271,¡La única manera de ganar esta carrera es eliminando a la competencia!
VO_Transcript_51,346366160134272,"¡Veamos qué tienes, albóndiga!"
VO_Transcript_52,346366160134273,"¡Qué bien manejas, albóndiga! Quizás merezcas mi tiempo."
VO_Transcript_53,346366160134274,¡Encuéntrame en el próximo planeta y te entrenaré!
VO_Transcript_54,346366160134275,"¡Eso es, hijo! ¡Tres más vienen para allá!"
VO_Transcript_55,346366160134276,¡Ahora hagámoslo interesante!
VO_Transcript_56,346366160134277,"¡Hijo, quizá tengas lo que se necesita!<br>Termina esto y sigamos adelante."
WPNF_Name_1,346366164328448,Pistolas
WPNF_Desc_1,346366164328449,Un arma confiable y efectiva a <b><color=#00D6D2>corto</color></i></b> y <b><color=#00D6D2>a medio alcance</color></i></b>.<br><br><i>Un arma icónica que han usado los científicos de la carne por generaciones.</i>
WPNF_Name_2,346366164328451,Escopetas
WPNF_Desc_2,346366164328452,Inflige un gran daño a <b><color=#00D6D2>corto alcance</color></i></b>.<br><br><i>Los científicos veteranos de la carne siempre se preparan para encuentros cercanos.</i>
WPNF_Name_3,346366164328454,Lanzacohetes
WPNF_Desc_3,346366164328455,Desata proyectiles de fuego directo que infligen <b><color=#00D6D2>de daño en un área media</color></i></b>. Útil a cualquier distancia.<br><br><i>No hay nada más divertido que hacer que las cosas exploten.</i>
WPNF_Name_4,346366164328457,Rifles
WPNF_Desc_4,346366164328458,La <b><color=#00D6D2>propagacion estrecha</color></i></b> y el <b><color=#00D6D2>retroceso bajo</color></i></b> hacen que sea ideal para enfrentamientos de <b><color=#00D6D2>largo alcance</color></i></b>.<br><br><i>Es mejor que lo tengas a la mano cuando des un paseo.</i>
WPNF_Name_5,346366164328460,Metralletas
WPNF_Desc_5,346366164328461,"Optimizada para enfrentamientos a <b><color=#00D6D2>corto alcance</color></i></b> con una <b><color=#00D6D2>cadencia alta de tiro</color></i></b>.<br><br><i>No hay nada malo en cerrar los ojos, disparar y rezar.</i>"
WPNF_Name_6,346366164328463,Magnums
WPNF_Desc_6,346366164328464,"Inflige <b><color=#00D6D2>daño adicional en un punto débil</color></i></b>, pero tiene <b><color=#00D6D2>retroceso alto</color></i></b>, lo que la convierte en una gran arma para <b><color=#00D6D2>corto </i></b> y <b><color=#00D6D2>medio alcance</color></i></b>.<br><br><i>Es el arma adecuada para una mano firme.</i>"
WPNF_Name_7,346366164328466,Lanzaplasma
WPNF_Desc_7,346366164328467,Lanza proyectiles de fuego directo que infligen <b><color=#00D6D2>daño en áreas pequeñas</color></i></b>. La mejor para <b><color=#00D6D2>corto </color></i></b> y <b><color=#00D6D2>medio</color></i></b>alcance.<br><br><i> Añade un no se qué a tu qué se yo.</i>
WPNF_Name_8,346366164328469,Cañones de riel
WPNF_Desc_8,346366164328470,"Optimizada para <b><color=#00D6D2>largo alcance</color></i></b>, e inflige <b><color=#00D6D2>daño en áreas pequeñas</color></i></b> con una <b><color=#00D6D2>cadencia de tiro lenta</color></i></b>.<br><br><i>A lo que ves, le atinas.</i>"
WPNF_Name_10,346366164328472,Lanzagranadas
WPNF_Desc_10,346366164328473,Utiliza fuego indirecto para lanzar <b><color=#00D6D2>daño en áreas grandes</color></i></b> a cualquier distancia.<br><br><i>Se encarga de los problemas antes de que cualquier problema se encargue de ti.</i>
WPN_Name_3,346366164328475,Pistola
WPN_Name_4,346366164328477,Rifle
WPN_Name_5,346366164328479,Metralleta
WPN_Name_6,346366164328481,Escopeta
WPN_Name_11,346366164328483,Destripador de mandíbula
WPN_Name_33,346366164328493,Lanzagranadas
WPN_Name_46,346366164328495,Magnum
WPN_Name_52,346366164328497,Lanzacohetes
WPN_Name_57,346366164328503,Cañón de riel
WPN_Name_65,346366164328511,Lanzaplasma
WPN_Name_76,346366164328521,Explosión de llamarada
WPN_Name_77,346366164328523,Explosivo Brr
WPN_Name_78,346366164328525,Bujía
WPN_Name_79,346366164328527,Aleta de llamas
WPN_Name_80,346366164328529,Silenciador
WPN_Name_87,346366164328541,Salpicaduras
WPN_Name_88,346366164328543,Amp Turner
WPN_Name_89,346366164328545,Fróstula
WPN_Name_92,346366164328551,Lanzador de comida
WPN_Name_94,346366164328553,Me llamo Jeff
WPN_Name_95,346366164328555,Tarta horneada
WPN_Name_96,346366164328557,Espátula de Rangus
WPN_Name_97,346366164328559,Lanzador de casetes
WPN_Name_98,346366164328561,Bioflujo
WPN_Name_100,346366164328565,Forja de pulsos
WPN_Name_101,346366164328567,Lanzador de recipientes de gasolina
WPN_Name_102,346366164328569,Remate
WPN_Name_103,346366164328571,Pistola de rayos
WPN_Name_104,346366164328573,Rifletrueno
WPN_Name_105,346366164328575,Kicktube
WPN_Name_106,346366164328577,Desfibradora
WPN_Name_107,346366164328579,Frostbuck
WPN_Name_114,346366164328591,Perdigón
WPN_Name_115,346366164328593,Clic estático
WPN_Name_116,346366164328595,Latigazo de lava
WPN_Name_117,346366164328597,Lanza de hielo
WPN_Name_118,346366164328599,Tren abrasador
WPN_Name_119,346366164328601,Llovizna
WPN_Name_120,346366164328603,Cable de alta tensión
WPN_Name_121,346366164328605,Cohete de aguanieve
WPN_Name_122,346366164328607,Caída caliente
WPN_Name_123,346366164328609,Spray estático
WPN_Name_124,346366164328611,Menos uno
WPN_Name_125,346366164328613,Carga de brasas
WPN_Name_126,346366164328615,Ensuciador
WPN_Name_139,346366168522764,Golpeador lanzador
WPN_Name_140,346366168522766,Lanza de quark
WPN_Name_141,346366168522768,Puño explosivo
WPN_Name_142,346366168522770,El malvado Sr. Frosty
WPN_Name_143,346366168522772,Disparo caliente
WPN_Name_144,346366168522774,Fragmento de glaciar
WPN_Name_145,346366168522776,Lanza de mocos
WPN_Name_146,346366168522778,Ola de escarcha
WPN_Name_147,346366168522780,Quemabarril
WPN_Name_148,346366168522782,Perforador de nieve
WPN_Name_149,346366168522784,Oozoka
WPN_Name_150,346366168522786,Boombox
WPN_Name_151,346366168522788,Tronido
WPN_Name_152,346366168522790,Volcán
WPN_Name_153,346366168522792,Lanzador de limo
PE_Desc_1,346366168522799,Destruye el zarcillo
PE_Desc_4,346366168522801,Infestación de Franken
PE_Desc_8,346366168522803,Lugar del accidente infestado
PE_Desc_11,346366168522807,El mercado está abierto.
PE_Desc_20,346366168522809,Nido de bichos
PE_Desc_26,346366168522813,Radio Bla Bla
PE_Desc_35,346366168522815,Los agujeros tienen ojos...
PE_Desc_36,346366168522817,Y todos me miran
PE_Desc_37,346366168522819,Carne contra máquina
PE_Desc_38,346366168522821,¿Dónde está el público?
PE_Desc_40,346366168522823,Cosecha de núcleos de carne
PE_Desc_41,346366168522825,Detén al Franken cosquilludo
PE_Desc_42,346366168522827,Ofrenda de carnes
PE_Desc_43,346366168522829,Busca el tesoro escondido.
PE_Desc_44,346366168522831,Licuadora de carne
PE_Desc_53,346366168522837,Operación exterminio
PE_Desc_56,346366168522841,Infestación masiva
PE_Desc_57,346366168522843,Reunión limosa
PE_Desc_58,346366168522845,Huevos de pez redondos
PE_Desc_60,346366168522847,Carne podrida
PE_Desc_64,346366168522851,El rompecorazones
PE_Desc_65,346366168522853,Chicos Burbuja malos
PE_Desc_69,346366168522855,Granja de carne alienígena
PE_Desc_70,346366168522857,Mata tu televisor
PE_Desc_72,346366168522861,¡Hay que apagarla!
PE_Desc_73,346366168522863,La gran carne asada
PE_Desc_75,346366168522867,¿Qué diablos es eso?
PE_Desc_77,346366168522871,Chefs en peligro
PE_Desc_79,346366168522875,Estación de salud cercana
PE_Desc_83,346366168522881,Tangus 500
PE_Desc_84,346366168522883,Entrenamiento de lucha libre
PE_Desc_86,346366168522887,Limpia las tuberías.
PE_Desc_87,346366168522889,¡¡¡Cierra las puertas de aparición!!!
PE_Desc_88,346366168522891,Matriz alienígena
PE_Desc_92,346366168522899,Usa esas piernas.
PM_Name_1,381307296145408,Malos blindados
PM_Desc_1,381307304534016,Los enemigos están blindados.
PM_Name_2,381307304534017,Resfriado común
PM_Desc_2,381307304534018,Salud máxima reducida en un 30 %.
PM_Name_3,381307304534019,Malos veloces
PM_Desc_3,381307304534020,La velocidad de movimiento de los enemigos aumentó un 30 %.
PM_Name_4,381307304534021,Virus tecnológico
PM_Desc_4,381307304534022,Los enemigos explotan al morir.
CND_Name_9,443347024994304,Congelado
CND_Desc_9,443347033382912,"El objetivo no se puede mover ni atacar. Al recibir un ataque cuerpo a cuerpo o <#FFEB04><link=""Keyword:5"">[Cinético]</link></color> , inflige daño adicional y quita el efecto <#FFEB04><link=""Keyword:4"">[Congelado]</link></color>."
VO_Transcript_57,443347054354432,"¡Lo lograste, buen trabajo!"
VO_Transcript_58,443347054354433,"Pero mira eso, tenemos algunas criaturitas enojadas allí abajo."
VO_Transcript_59,443347054354434,La nave estrellada que buscas tendrá un núcleo de carne que necesitaremos para combustible.
VO_Transcript_60,443347054354435,"¡Vaya, amigo, realmente eres un milagro de la ciencia de carne!"
VO_Transcript_61,443347054354436,"Vaya, sí que es ciencia de la carne."
VO_Transcript_62,443347054354437,¿Ves ese núcleo de carne más adelante?
VO_Transcript_63,443347054354438,Sube allí y avísame cuando estés listo. Luego bajaremos para obtenerlo.
VO_Transcript_64,443347054354439,"No te preocupes por ese gran castillo de carne que hay ahí arriba, eso es... ya sabes, es normal."
VO_Transcript_65,443347054354440,"¡Hora de correr! ¡Ya, ya, ya!"
VO_Transcript_66,443347054354441,"¡Lo estás haciendo genial, Blandito! Sigue, ya casi llegas."
ITM_Name_603,1484724542365696,Velocidad de Caminaviento
ITM_Name_604,1849357526622208,Maldición brutal
HE_Desc_121,1850473219874816,"Propaga +50 % de [Vulnerabilidad en cuerpo a cuerpo] cuando golpeas a un objetivo <#FFEB04><link=""Keyword:7"">[Tambaleado]</link></color>"
CND_Name_10,3584395111014400,Hechicería alienígena
CND_Desc_10,3584395140374528,Has caído en un hechizo alienígena. Las habilidades de las piernas se desactivarán por un tiempo.
bd02e00fea674e84a16b0fc4d3a7c330_40_0,4741774349164544,¡Defiende la Cosechadora!
5ed58fbeb96d4cb382f8bc57afa849a5_40_0,4741774361747456,¡Hora de evacuar!
10284edea78c43f3a1daa7d6b798a24e_47_0,4741774361747457,¡Lo lograste!
82239c3b0973496980d13c3eb35465f5_73_0,4741774365941760,¡Defiende el núcleo de carne!
ITM_Name_609,4779317228724224,Mejora de criodulces
FL_Name_1,5102145643732992,Estilo delegado
FL_Name_2,5102145656315907,Estilo de habilidad
ITM_Name_610,5102145664704512,Delegado I
ITM_Name_611,5102145664704514,Delegado II
ITM_Name_612,5102145664704516,Delegado III
ITM_Name_613,5102145664704518,Recarga de habilidad I
ITM_Name_614,5102145664704520,Recarga de habilidad II
ITM_Name_615,5102145664704522,Recarga de habilidad III
HE_Desc_122,5168356914094080,Invoca un esbirro avispa pequeño.
PE_Desc_96,5177172537671680,¡Calienta la carne inteligente!
VO_Transcript_67,5194503924211712,Es necesario movimiento para completar los objetivos.<br><br>Usa [InputAction:Gameplay/CharacterMovement] para moverte.
FL_Desc_1,5468794653761536,"“Delegado” viene del latín “deputare”, que también significa “cortar” o “podar”."
FL_Desc_2,5468794666344448,"Te hace sentir un cosquilleo. Carl te asegura que es seguro usarlo. ¡Ah, ahora tu corazón palpita!"
FL_Desc_3,5468794666344449,"Carl te dirá que lo desenterró en un planeta habitado por monstruos de ácido, pero parece ser una vieja tapa de botella."
FL_Desc_4,5468794666344450,Usado por Rangus cuando descubrió el primer núcleo de carne planetario. El olor aún se percibe.
FL_Desc_5,5468794666344451,"Uno de los viejos señuelos de Carl, aplastado por un gran tiburón."
FL_Desc_6,5468794666344452,"La etiqueta en la parte posterior dice ""Solo para fines de disfraz""."
FL_Name_3,5471888108150784,Estilo geológico
FL_Name_4,5471888112345091,Estilo arqueológico
FL_Name_5,5471888112345095,Estilo de pesca
FL_Name_6,5471888112345099,Estilo de sheriff
ITM_Name_617,5471888120733696,Arqueología I
ITM_Name_618,5471888120733698,Arqueología II
ITM_Name_619,5471888120733700,Arqueología III
ITM_Name_620,5471888120733702,Pesca I
ITM_Name_621,5471888120733704,Pesca II
ITM_Name_622,5471888120733706,Pesca III
ITM_Name_623,5471888120733708,Geología I
ITM_Name_624,5471888120733710,Geología II
ITM_Name_625,5471888120733712,Geología III
ITM_Name_626,5471888120733714,Sheriff I
ITM_Name_627,5471888120733716,Sheriff II
ITM_Name_628,5471888120733718,Sheriff III
HE_Desc_123,5552419550257152,Recarga 1 munición en tu arma no equipada.
VO_Transcript_68,5530917752791040,"Solo sigue moviéndote, ya está cerca esa zona de impacto.<br><br>Usa [InputAction:Gameplay/CharacterMovement] para moverte."
VO_Transcript_69,5590439401873408,Usa el movimiento vertical para superar obstáculos básicos.<br><br>Usa [InputAction:Gameplay/Jump] para saltar.
VO_Transcript_70,5593819578884096,"La interacción pacífica no es una opción viable.<br><br>[InputAction:Gameplay/RangedFire] para disparar, [InputAction:Gameplay/MeleeFire] para golpear."
VO_Transcript_71,5601982608826368,"Esas armas tienen una recarga rápida incorporada. Solo tienes que darle justo en el blanco, ¿de acuerdo?"
VO_Transcript_72,5756628069507072,"Busca algunas de esas piernas de trepador, ¿va?"
VO_Transcript_73,5757385997017088,A alguien le cuesta trabajo seguir instrucciones.<br><br>[InputAction:Interact/Interact] cerca de la carne fresca para cambiar.
VO_Transcript_74,5807500870803456,Esto no debería ser tan difícil.<br><br>Salta y luego [InputAction:Gameplay/LegsAbility] para correr.
VO_Transcript_75,5841906717155328,Sigo esperando respuesta. Cuando quieras.<br><br>Golpea [InputAction:Interact/Interact] sobre el núcleo de carne.
VO_Transcript_76,5846775804977152,Se detectó una pérdida de nodo. Proteja los nodos.
VO_Transcript_77,5846775813365760,"¡Cuento contigo, Blandito!"
VO_Transcript_78,5856049683750912,Escape inmediatamente.<br><br>Presione [InputAction:Interact/Interact] en un hamburtrueno para escapar.
VO_Transcript_79,5909901926658048,"Su atención, por favor."
VO_Transcript_80,5909901951823872,Falla detectada.
FL_Name_7,5925295655677952,Estilo de carnicero
FL_Desc_7,5925295680843776,"¡Ahh, carne fresca!"
FL_Name_8,5925295680843780,Estilo de cazador
FL_Desc_8,5925295680843781,¡Este estilo es muy trinches metal!
HE_Desc_124,5925295685038081,"Obtén la<#FFEB04><link=""Item:633"">[Mejora de cazador I]</link></color> durante 15 s."
ITM_Name_629,5925295726981120,Carnicero I
ITM_Name_630,5925295726981122,Carnicero II
ITM_Name_631,5925295726981124,Carnicero III
ITM_Name_633,5925295726981128,Mejora de cazador I
ITM_Name_634,5925295726981130,Mejora de cazador II
ITM_Name_635,5925295726981132,Mejora de cazador III
CRT_Name_76,7411303278637056,Agente Pato Granate
FL_Name_9,9851941273198592,Estilo de demolición
FL_Desc_9,9851941319335936,Los tipos geniales no se fijan en las explosiones. Solo explotan cosas y se van.
ITM_Name_638,9851941352890368,Demolición I
ITM_Name_639,9851941352890369,Demolición II
ITM_Name_640,9851941352890370,Demolición III
ITM_Name_641,9965603942031360,Maldición destrozada
VO_Transcript_82,10206832594026496,Se acerca la cosechadora. Prepárese para defender el área.
VO_Transcript_83,10206832644358144,La nave Omnicarne ha entrado en la atmósfera.
VO_Transcript_84,10206832644358145,Extracción completa. Preparándose para partir.
VO_Transcript_86,10206832644358146,Ahora empieza a buscar alguna zona de impacto. ¡Hora de moverse!
VO_Transcript_87,10206832644358147,"¡Tienes que usar carne para obtener carne, Blandito!"
VO_Transcript_88,10206832644358148,"Destrózalos y toma un poco de esa carne, ¿entendido?"
VO_Transcript_89,10206832644358149,"Sigue adelante, esa zona de impacto no puede estar lejos."
VO_Transcript_90,10206832644358150,"Eso es lo que necesitamos, así que ven y avísame cuando estés listo."
FL_Name_10,10231597310664704,Estilo de albóndigas
FL_Desc_10,10231597352607744,El daño aumenta por cada parte de carne perdida. Ten por seguro que serás la carne inteligente más peligrosa del universo conocido.
ITM_Name_644,10231597377773568,Albóndiga I
ITM_Name_645,10231597377773569,Albóndiga II
ITM_Name_646,10231597377773570,Albóndiga III
CRT_Name_77,10573095608770560,Beatriz
VO_Transcript_91,10625864051912704,"¡Oye, tú, ven aquí!"
VO_Transcript_94,10625864085467138,Una silla plegable en su cabeza debería bastar.
ABL_Name_237,12370411982413824,Circuitos voladores
PF_Name_40,12397278445690880,Espina dorsal mutada 1.1
PF_Name_41,12397278445690882,Espina dorsal mutada 1.2
VO_Transcript_98,12434440726704129,¡Atrapa a uno de esos cabezas duras!
VO_Transcript_103,12434440726704134,Generalmente me gusta rellenar una salchicha con una piedra.
VO_Transcript_108,12434440726704139,¡Corre a esconderte!
3b601266bb5d4a38b0834fd14d1ef92c_1_0,12863354212179968,Destruye el tallo del panal.
970b77bc8ed04b3fb6ac4a9df5a207a6_4_0,12863354220568576,Globbos grandes destruidos
2bcb060e74794ee6b35dec056cb1ad4b_4_0,12863354220568577,Globbos pequeños destruidos
c62a3b9c572d46ca823e1d8a0a001798_11_0,12863354220568581,Visita la Carnicería.
e9386d0a8dbb4482bdefb58886c504b2_25_0,12863354220568582,"Localiza a Reset, el ingeniero de carne."
641e13cf11144468b19d70851075d9a7_25_0,12863354220568583,Protege a Reset.
c483f6bd06c94bc489c36921c6af7f3f_25_0,12863354220568584,Elimina a los atacantes de Reset.
302c872126a14ec2838403c78ca53dbe_35_0,12863354220568585,Enemigos insectos
3a678daece2d40309b8eb9970ebf79ba_36_0,12863354220568586,Localiza la infestación.
1d47360bac994027a98c29d45df2a55b_37_0,12863354220568587,Conductos de plasma destruidos
f3a6135ac12f437db96c381b815fc86e_37_0,12863354220568588,Torres destruidas
934993f61e7d4fa898242cffd9d8abd4_38_0,12863354220568589,Encuentra la baliza de evento.
d9554edb22ba42ddb94570a0b261f3e3_40_0,12863354220568590,Asegura el núcleo de carne.
29b4771bd209406eb232367ab4aef6ea_40_0,12863354220568591,Los nodos de defensa aterrizaron.
db613423ab43495b808ae871d172820f_40_0,12863354224762880,Protege los nodos.
4803acde682845028daa9cb9d258ff91_40_0,12863354224762881,Tiempo restante
c88aa5a86fb0487ea2940b49d5a26a61_40_0,12863354224762882,Espera un hamburtrueno.
81d20e1613b6479ca33a6cdfc9ce5e0f_41_0,12863354224762883,Globbos destruidos
fb7ab8116fc8407f95fc700ec7e73fea_41_0,12863354224762884,Cosquilludo derrotado
807edf1d4f3e4599a048379d0197a838_42_0,12863354224762885,Localiza el círculo de ofrendas.
8e4d080278df4923a617256e18dee6d5_42_0,12863354224762889,Monstruo derrotado
0d2b2836ea734fdf9cc838949e782087_43_0,12863354224762890,Entra en la Bahía Prohibida.
becd4830a7ae4b778a2b0a39b3869500_43_0,12863354224762891,Huevos de pescado destruidos
637d1804119d485f88ca47f98128d541_43_0,12863354224762892,Derrota al martillón.
efacc41cf94b40c4b9e9b32da808541b_44_0,12863354224762893,Mezcla tu carne.
631906e57b8d4160990d2e447587b61b_47_0,12863354224762894,Entra en la guarida.
307da1864b474e55ad4c1444a56658db_47_0,12863354224762895,Derrota a los Frankenjoles
3a678daece2d40309b8eb9970ebf79ba_53_0,12863354224762896,Encuentra el centro de Rangus.
4a9bef823c604de19b73c9aeafca1d8d_60_0,12863354224762897,Encuentra el riñón de Calipso.
bfd544a6595040d29ce21af210a4de5a_60_0,12863354224762898,Tuberías tapadas con cabezales monolíticos
7091b8121ac345a7b5dd032f1fb10d38_65_0,12863354224762900,Destruye los generadores de escudo.
c684dd36776f40a7becea5c3a624dec7_65_0,12863354224762901,Artilleroides eliminados
e42ff4f67bcc4ec980f66f7325459554_73_0,12863354224762903,Encuentra el Megahorno.
a6f8d590137c4bf3b33589b5e032a69c_73_0,12863354224762904,Se acercan enemigos.
d226c4e37ecc4efd9459d4eb10157033_73_0,12863354224762905,Activa los hornos.
1415483d8e43417fb532b91312777e21_73_0,12863354224762906,Cocción en curso...
ff4f7bf8a6c14791a0d538b070a535d6_73_0,12863354224762907,Protege el núcleo de carne.
a2a7d50a3af045e88d53a6481091ff5a_77_0,12863354224762915,Encuentra a los chefs de Rangus atrapados.
c17b8f905f334482a07ce6bfe92d5b23_81_0,12863354224762918,Habla con el entrenador Dan para iniciar la partida.
3fdff34d02474be4a2ecff716417f87d_81_0,12863354224762919,Derriba a tu oponente.
98a522e09cb5420fb918357103a41013_81_0,12863354224762920,¡Derriba a tus oponentes!
080d27fb42324e548cdeb9c78188b9e1_81_0,12863354224762921,"¡Felicidades, campeón!"
1698bcf073164975b50d0c057e9e9434_83_0,12863354224762923,"En sus marcas, listos..."
ddbd21266895450a9263d7ddd491cf50_83_0,12863354224762924,Pilotos corredores de Tangus derrotados
96f4e288b2da481fb27f4a251b3c5e0c_90_0,12863354224762926,Viaja a la zona de impacto.
3c99156a71e94689befdad6541f0bf07_90_0,12863354224762927,Enemigos derrotados
6f2d88d0310742859bdb6238d3e4ad86_91_0,12863354224762928,Nidos destruidos (Presiona [InputAction:Gameplay/RangedFire] para disparar)
eaef22943f4141959ba6d109230e29d0_92_0,12863354224762929,Usa [InputAction:Gameplay/Jump] junto con las patas de araña para cruzar el hueco.
862addccc4bf4bb9b4c7a0c4d6b48150_93_0,12863354224762930,Derriba esas torretas.
144401ad86fc4e17a5b485773aed3c37_96_0,12863354224762931,Usa [InputAction:Gameplay/CharacterMovement] para moverte hacia el acantilado.
a169f4140ad1400281c0f9cbb7a7c6cf_96_0,12863354224762932,Usa [InputAction:Gameplay/Jump] para escalar el acantilado.
f08e077d07fe4de585998d9e58be16a8_97_0,12863354228957184,¡Usa [InputAction:Gameplay/LegsAbility] para deslizarte bajo los escombros!
732760e06a494706bc85e319628b5c0f_8_0,13043324679086080,Huevos destruidos
f287fe2f2c004c2bb1ad94e620e19a7d_35_0,13043324687474689,Investigar
bb07c029345a4e33bd8243e510d76cc2_69_0,13043324687474692,Artilleroides derrotados
f0962f6aedf542eb8754104f02dbc776_87_0,13043324691668993,Alinea los cristales para cerrar los portales.
88eea4ea07334f4b9957fa019c9c9e72_88_0,13043324691668994,Cápsulas eliminadas
eebf973a04794126a5f32ebeba654e8e_84_0,13392082803392512,Desmanes eliminados
ITM_Name_651,13470112974626816,Maestría en habilidades I
077ed3a648524d648d4f5830819caedf_25_0,13533376626548736,Evento de amerizaje
823baa51f7ac45f685ba900c7c6ddfb2_40_0,13533376630743040,Nodo A
932df004b21244c99860871f9bfdbcfe_40_0,13533376630743041,Nodo B
218fe4acf7964a7cb5c7be094c6e69c0_40_0,13533376630743042,Nodo C
fab40eedf6b84ce6a088171f41a3db3e_40_0,13533376630743043,Nodo D
c284dddb27ca486cb0c83ae110eefa8d_41_0,13533376630743044,El Cosquilludo
10ba103a02a742209c06b33018b68ef2_90_0,13533376634937347,¡Extrae el núcleo de carne!
9626d545c2694bd292bf79ea22f15d33_90_0,13533376634937348,¡Asegura el núcleo de carne!
63a0f53118c1402c99a31618368c68ea_91_0,13533376634937349,Huevos de insectos
363558d8493e48e289610cc80a45dce7_92_0,13533376634937350,¡Meta!
ABL_Desc_71,28309369228615680,"Crea una onda expansiva que inflige daño de <#FFEB04><link=""Keyword:13"">[Fuego]</link></color> y empuja a los enemigos."
ABL_Desc_79,28309369232809984,"Crea una onda expansiva que inflige daño de <#FFEB04><link=""Keyword:14"">[Limo]</link></color> y empuja a los enemigos."
ABL_Desc_80,28309369232809985,"Crea una onda expansiva que inflige daño <#FFEB04><link=""Keyword:12"">[Eléctrico]</link></color> y empuja a los enemigos."
ABL_Desc_90,28309369232809986,Corre rápidamente en la dirección de tu movimiento.
ABL_Desc_103,28309369232809987,"Crea una onda expansiva que inflige daño de <#FFEB04><link=""Keyword:15"">[Hielo]</link></color> y empuja a los enemigos."
ABL_Desc_228,28309369232809988,"Los enemigos cercanos se vuelven vulnerables al daño <#FFEB04><link=""Keyword:5"">[Cinético]</link></color>.<br>Obtén +3 % de velocidad de movimiento y +5 % de daño <#FFEB04><link=""Keyword:5"">[Cinético]</link></color> por cada enemigo afectado (máximo 5 acumulaciones)."
ABL_Desc_229,28309369232809989,"Los enemigos cercanos se vuelven vulnerables al daño <#FFEB04><link=""Keyword:12"">[Eléctrico]</link></color>.<br>Obtén +3 % de velocidad de movimiento y +5 % de daño <#FFEB04><link=""Keyword:12"">[Eléctrico]</link></color> por cada enemigo afectado (máximo 5 acumulaciones)."
ABL_Desc_230,28309369232809990,"Los enemigos cercanos se vuelven vulnerables al daño de <#FFEB04><link=""Keyword:13"">[Fuego]</link></color>.<br>Obtén +3 % de velocidad de movimiento y +5 % de daño de <#FFEB04><link=""Keyword:13"">[Fuego]</link></color> por cada enemigo afectado (máximo 5 acumulaciones)."
ABL_Desc_231,28309369232809991,"Los enemigos cercanos se vuelven vulnerables al daño de <#FFEB04><link=""Keyword:15"">[Hielo]</link></color>.<br>Obtén +3 % de velocidad de movimiento y +5 % de daño de <#FFEB04><link=""Keyword:15"">[Hielo]</link></color> por cada enemigo afectado (máximo 5 acumulaciones)."
ABL_Desc_232,28309369232809992,"Los enemigos cercanos se vuelven vulnerables al daño de <#FFEB04><link=""Keyword:14"">[Limo]</link></color>.<br>Obtén +3 % de velocidad de movimiento y +5 % de daño de <#FFEB04><link=""Keyword:14"">[Limo]</link></color> por cada enemigo afectado (máximo 5 acumulaciones)."
ABL_Desc_237,28309369237004288,Teletranspórtate hacia adelante y obtén la habilidad Marcha aérea.<br>Duración: 6 s.
CRN_Name_48,18598135189200896,Choncoro
CRN_Desc_48,18598135273086976,"Mineral de nivel 3. Un mineral metálico denso, repleto de energía ancestral. Valioso por su capacidad para dotar a las armas de una fuerza aplastante y una estabilidad inigualable."
CRN_Name_49,18598135273086977,Amirita
CRN_Desc_49,18598135273086978,"Mineral de nivel 4. Un cristal rojo que pulsa suavemente cuando tienes razón, lo cual no es tan común como quisieras, pero resulta suficientemente reconfortante cuando sí piensan igual."
CRN_Name_50,18598135273086979,Brumonita
CRN_Desc_50,18598135273086980,"Mineral de nivel 5. Se encuentra solo en los lugares más brumosos, por lo que encontrarlo puede ser una verdadera pesadilla."
CRN_Name_51,18605565012860928,Conector U
CRN_Desc_51,18605565046415360,"Tecnología antigua de nivel 3. Una pieza de tecnología sorprendente, aunque a veces suena confusa para los instaladores cuando hablan sobre mecanismo en voz alta."
CRN_Name_52,18605565046415361,Cuadricodificador
CRN_Desc_52,18605565046415362,"Tecnología antigua de nivel 4. Una mejora notable respecto a la generación anterior, ahora con un cable menos."
CRN_Name_53,18605565046415363,Condensador de flujo
CRN_Desc_53,18605565046415364,Tecnología antigua de nivel 5. Advertencia: Desconectar el condensador antes de abrir. Cubrir los ojos de la luz.<br><br>Capacidad de potencia: 1.21 gigavatios
CRN_Name_54,20415833925738496,Peschato
CRN_Name_55,20415833959292928,Xenofin
CRN_Name_56,20415833959292929,Quasardina
CRN_Name_57,20415833959292930,Pez espacial grumoso
CRN_Name_58,20415833959292931,Cosa cósmica
CRN_Name_59,20423966916075520,Megabyte
CRN_Name_60,20424460623405056,Encriptor
CRN_Name_61,20425260586229760,Mecafin
CRN_Name_62,20425689906798592,Robopus
CRN_Name_63,20426157865295872,Ciber camarón
CRN_Name_64,20426872612446208,Pez saltón
CRN_Name_65,20428393416744960,Morselfin
CRN_Name_66,20428890424991744,Pezculoso
CRN_Name_67,20429332890509312,Garragosta
CRN_Name_68,20429703453073408,Gran choncho
CRT_Name_78,15325185188855808,Sin usar
GN_Interact_1,21379069768622080,¡Engánchalos!
GN_Interact_3,21379069772816384,extraer artilugio gástrico
GN_Interact_4,21379069772816385,Aplastar roca
GN_Name_6,21379069772816386,Fosa de limo
GN_Name_8,21379069772816388,Nodo de memeralda
HE_Desc_127,28316283698143232,"Explota por 30 de daño <#FFEB04><link=""Keyword:5"">[Cinético]</link></color>."
HE_Desc_128,28316283702337536,"Explota por 15 de daño de <#FFEB04><link=""Keyword:14"">[Limo]</link></color>."
HE_Desc_129,28316283702337537,"Explota por 30 de daño de <#FFEB04><link=""Keyword:13"">[Fuego]</link></color>."
HE_Desc_130,28316283702337538,"Explota por 30 de daño <#FFEB04><link=""Keyword:12"">[Eléctrico]</link></color>."
HE_Desc_131,28316283702337539,"Explota por 15 de daño de <#FFEB04><link=""Keyword:15"">[Hielo]</link></color>."
ITM_Attr_1,17438567620927654,{0:|+|+|+}{0:percent()} % de velocidad de movimiento.
ITM_Attr_2,17438567620927500,{0:|+|+|+}{0:percent()} % de velocidad de ataque.
ITM_Attr_3,17438567620927497,{0:|+|+|+}{0:percent()} % de todos los daños
ITM_Attr_4,17438567620927576,{0:+#.##;-#.##;+0} Salud máxima
ITM_Attr_5,17461889725358098,{0:|+|+|+}{0:percent()} % de salud máxima.
ITM_Attr_6,17444674208784384,{0:|+|+|+}{0:percent()} % de radio de explosión.
ITM_Attr_7,17438567620927507,{0:+#.##;-#.##;+0} Nivel de desafío
ITM_Attr_10,17438567620927655,{0:+#.##;-#.##;+0} Conteo perforante
ITM_Attr_11,17461889725358151,Precisión del arma x{0:0.##}
ITM_Attr_12,17438567620927681,{0:|+|+|+}{0:percent()} % de recuperación generalizada.
ITM_Attr_13,17438567620927666,{0:|+|+|+}{0:percent()} % de velocidad de recarga.
ITM_Attr_14,17438567620927688,{0:|+|+|+}{0:percent()} % de velocidad de nado.
ITM_Attr_15,17438567620927594,{0:+#.##;-#.##;+0} Conteo de saltos.
ITM_Attr_16,17444674200395776,{0:|+|+|+}{0:percent()} % de probabilidad de un crítico.
ITM_Attr_17,17438567620927494,{0:|+|+|+}{0:percent()} % de daño en el área.
ITM_Attr_18,17461889725358097,Durabilidad de la carne de la cabeza x{0:0.##}
ITM_Attr_19,17461889725358096,{0:|+|+|+}{0:percent()} % de durabilidad de la carne de la cabeza.
ITM_Attr_20,17438567620927658,{0:|+|+|+}{0:percent()} % de salud del jugador adicional en reaparición
ITM_Attr_21,17438567620927580,{0:+#.##;-#.##;+0} Segundos de la Llegada del cazador.
ITM_Attr_22,17438567620927578,{0:+#.##;-#.##;+0} Regeneración de salud.
ITM_Attr_23,17438567620927571,{0:|+|+|+}{0:percent()} % de altura del salto desde el suelo.
ITM_Attr_24,17438567620927606,{0:+#.##;-#.##;+0} Tamaño del cargador.
ITM_Attr_25,17438567612538880,{0:|+|+|+}{0:percent()} % de recarga de habilidad.
ITM_Attr_26,17438567620927685,Sigilo
ITM_Attr_27,17438567620927511,{0:+#.##;-#.##;+0} Ángulo de ascenso.
ITM_Attr_28,17461889725358137,Velocidad de movimiento x{0:0.##}
ITM_Attr_30,17438567620927662,{0:|+|+|+}{0:percent()} % de amenaza enemiga positiva.
ITM_Attr_31,17438567620927680,Inmunidad a las telarañas
ITM_Attr_32,17438567620927686,{0:|+|+|+}{0:percent()} % de radio de efecto del área de soporte.
ITM_Attr_33,17438567620927573,{0:|+|+|+}{0:percent()} % de recarga de habilidad de la cabeza.
ITM_Attr_34,17438567620927591,Munición infinita
ITM_Attr_35,17438567620927678,{0:+#.##;-#.##;+0} Recuento de esbirro pequeño.
ITM_Attr_36,17438567620927687,{0:|+|+|+}{0:percent()} % de altura del salto de nado.
ITM_Attr_37,17438567620927516,{0:|+|+|+}{0:percent()} % de daño crítico.
ITM_Attr_38,17438567620927498,{0:+#.##;-#.##;+0} % de alcance de ataque.
ITM_Attr_40,17438567625121797,{0:|+|+|+}{0:percent()} % de precisión del arma.
ITM_Attr_41,17438567620927689,{0:|+|+|+}{0:percent()} % de recarga de habilidad del torso.
ITM_Attr_42,17438567620927553,{0} Atributo de conteo de jugadores
ITM_Attr_45,17438567620927683,{0:|+|+|+}{0:percent()} % de probabilidad adicional de causar el efecto Tambaleante.
ITM_Attr_46,17461889725358099,Salud máxima x{0:0.##}
ITM_Attr_47,17438567620927602,{0:|+|+|+}{0:percent()} % de recarga de habilidad de la pierna.
ITM_Attr_49,17461889725358082,{0:|+|+|+}{0:percent()} % de nivel de desafío.
ITM_Attr_50,17438567620927509,Nivel de desafío x{0:0.##}
ITM_Attr_51,17438567620927536,{0:|+|+|+}{0:percent()} % de daño de impacto directo.
ITM_Attr_52,17438567620927663,{0:|+|+|+}{0:percent()} % de probabilidad de activar efecto.
ITM_Attr_53,17438567620927535,Daño recibido x{0:0.##}
ITM_Attr_54,17438567620927554,{0:+#.##;-#.##;+0} Repulsión enemiga
ITM_Attr_55,17438567620927515,{0:|+|+|+}{0:percent()} % de probabilidad de un crítico adicional.
ITM_Attr_56,17438567620927664,{0:+#.##;-#.##;+0} Recuento de proyectiles
ITM_Attr_58,17438567625121792,{0:|+|+|+}{0:percent()} % de daño en puntos débiles.
ITM_Attr_59,17438567620927493,{0:|+|+|+}{0:percent()} % de velocidad de movimiento aéreo.
ITM_Attr_60,17438567620927570,Gravedad x{0:0.##}
ITM_Attr_62,17438567620927668,{0:+#.##;-#.##;+0} Capacidad de reparación de nanobot
ITM_Attr_63,17438567620927669,{0:+#.##;-#.##;+0} Capacidad de reparación de nanobots
ITM_Attr_72,17461889721163780,Velocidad de ataque x{0:0.##}
ITM_Attr_75,17438567620927564,¡Te descubrieron!
ITM_Attr_76,17438567620927574,{0:+#.##;-#.##;+0} % de reducción de daño de la carne de la cabeza.
ITM_Attr_77,17438567620927690,{0:+#.##;-#.##;+0} % de reducción de daño de la carne del torso.
ITM_Attr_78,17438567620927600,{0:+#.##;-#.##;+0} % de reducción de daño de la carne de la pierna.
ITM_Attr_79,17461889725358150,Durabilidad de la carne del torso x{0:0.##}
ITM_Attr_80,17461889725358149,{0:|+|+|+}{0:percent()} % de durabilidad de la carne del torso.
ITM_Attr_81,17461889725358120,Durabilidad de la carne de la pierna x{0:0.##}
ITM_Attr_82,17461889725358119,{0:|+|+|+}{0:percent()} % de durabilidad de la carne de la pierna.
ITM_Attr_83,17438567620927543,{0:+#.##;-#.##;+0} Baliza de transbordador
ITM_Attr_84,17461889725358085,Baliza de transbordador x{0:0.##}
ITM_Attr_86,17438567620927684,{0:+#.##;-#.##;+0} Primeras reapariciones
ITM_Attr_87,17438567620927560,{0:+#.##;-#.##;+0} Daño de Fuego
ITM_Attr_88,17461889725358094,{0:|+|+|+}{0:percent()} % de daño de Fuego.
ITM_Attr_89,17461889725358095,Daño de Fuego x{0:0.##}
ITM_Attr_90,17438567620927589,{0:+#.##;-#.##;+0} Daño de Hielo
ITM_Attr_91,17461889725358113,{0:|+|+|+}{0:percent()} % de daño de Hielo.
ITM_Attr_92,17461889725358114,Daño de Hielo x{0:0.##}
ITM_Attr_93,17438567620927546,{0:+#.##;-#.##;+0} Daño Eléctrico
ITM_Attr_94,17461889725358088,{0:|+|+|+}{0:percent()} % de daño Eléctrico.
ITM_Attr_95,17461889725358089,Daño eléctrico x{0:0.##}
ITM_Attr_96,17438567620927674,{0:+#.##;-#.##;+0} Daño de Limo.
ITM_Attr_97,17461889725358145,{0:|+|+|+}{0:percent()} % de daño de Limo.
ITM_Attr_98,17461889725358146,Daño de Limo x{0:0.##}
ITM_Attr_102,17438567620927595,Altura del salto desde el suelo x{0:0.##}
ITM_Attr_103,17461889725358147,Altura del salto de nado x{0:0.##}
ITM_Attr_104,17461889725358148,Velocidad de nado x{0:0.##}
ITM_Attr_105,17461889716969472,Velocidad de movimiento aéreo x{0:0.##}
ITM_Attr_107,17461889725358140,Velocidad de recarga x{0:0.##}
ITM_Attr_108,17461889725358121,{0:|+|+|+}{0:percent()} % de tamaño de cargador
ITM_Attr_109,17461889725358122,Tamaño de cargador x{0:0.##}
ITM_Attr_110,17438567620927579,{0:+#.##;-#.##;+0} Daño de registro de impacto
ITM_Attr_111,17461889725358101,{0:|+|+|+}{0:percent()} % de daño de registro de impacto.
ITM_Attr_112,17461889725358102,Daño de registro de impacto x{0:0.##}
ITM_Attr_113,17438567620927630,{0:+#.##;-#.##;+0} Daño Cuerpo a cuerpo
ITM_Attr_114,17461889725358129,{0:|+|+|+}{0:percent()} % de daño cuerpo a cuerpo.
ITM_Attr_115,17461889725358130,Daño cuerpo a cuerpo x{0:0.##}
ITM_Attr_116,17438567620927667,{0:|+|+|+}{0:percent()} % de tamaño de ventana de recarga.
ITM_Attr_117,17438567620927626,{0:+#.##;-#.##;+0} Daño de habilidad de la carne
ITM_Attr_118,17461889725358123,{0:|+|+|+}{0:percent()} % de daño de habilidad de la carne.
ITM_Attr_119,17461889725358124,Daño de habilidad de carne x{0:0.##}
ITM_Attr_123,17461889725358100,Regeneración de salud x{0:0.##}
ITM_Attr_124,17438567620927672,{0:|+|+|+}{0:percent()} % de daño de corto alcance.
ITM_Attr_125,17438567620927604,{0:|+|+|+}{0:percent()} % de daño de largo alcance.
ITM_Attr_126,17461889725358092,{0:|+|+|+}{0:percent()} % de acumulación de Fuego.
ITM_Attr_127,17461889725358111,{0:|+|+|+}{0:percent()} % de acumulación de Hielo.
ITM_Attr_128,17461889725358143,{0:|+|+|+}{0:percent()} % de acumulación de Limo.
ITM_Attr_129,17461889725358086,{0:|+|+|+}{0:percent()} % de acumulación Eléctrica.
ITM_Attr_130,17438567620927501,{0:+#.##;-#.##;+0} Duración de la barrera
ITM_Attr_131,17461889721163781,{0:|+|+|+}{0:percent()} % de duración de la barrera.
ITM_Attr_132,17461889721163782,Duración de la barrera x{0:0.##}
ITM_Attr_133,17438567620927503,{0:+#.##;-#.##;+0} Barrera máxima
ITM_Attr_134,17461889721163785,{0:|+|+|+}{0:percent()}% de barrera máxima.
ITM_Attr_135,17461889721163786,Barrera máxima x{0:0.##}
ITM_Attr_136,17438567620927502,{0:+#.##;-#.##;+0} Obtención de barrera
ITM_Attr_137,17461889721163783,{0:|+|+|+}{0:percent()} % de obtenciñon de barrera.
ITM_Attr_138,17461889721163784,Obtención de barrera x{0:0.##}
ITM_Attr_139,17438567620927665,{0:+#.##;-#.##;+0} Velocidad del proyectil
ITM_Attr_140,17461889725358138,{0:|+|+|+}{0:percent()} % de velocidad del proyectil.
ITM_Attr_141,17461889725358139,Velocidad del proyectil x{0:0.##}
ITM_Attr_142,17438567620927562,Nivel de poder de Frankenjoles x{0:0.##}
ITM_Attr_143,17438567620927597,{0:+#.##;-#.##;+0} Daño Cinético
ITM_Attr_144,17461889725358117,{0:|+|+|+}{0:percent()} % de daño Cinético
ITM_Attr_145,17461889725358118,Daño Cinético x{0:0.##}
ITM_Attr_146,17461889725358115,{0:|+|+|+}{0:percent()} % de acumulación Cinética.
ITM_Attr_148,17438567620927575,{0:+#.##;-#.##;+0} Durabilidad de la carne de la cabeza
ITM_Attr_149,17438567620927691,{0:+#.##;-#.##;+0} Durabilidad de la carne del torso.
ITM_Attr_150,17438567620927601,{0:+#.##;-#.##;+0} Durabilidad de la carne de la pierna.
ITM_Attr_151,17438567620927651,{0:+#.##;-#.##;+0} Daño de esbirro
ITM_Attr_152,17461889725358131,{0:|+|+|+}{0:percent()} % de daño de esbirro.
ITM_Attr_153,17461889725358132,Daño de esbirro x{0:0.##}
ITM_Attr_154,17438567620927652,{0:+#.##;-#.##;+0} Salud de esbirros
ITM_154_HE_0,18226653686652928,Al infligir daño con un arma a distancia
ITM_Attr_155,17461889725358133,{0:|+|+|+}{0:percent()} % de salud de esbirros
ITM_Attr_156,17461889725358134,Salud de esbirros x{0:0.##}
ITM_Attr_157,17438567620927653,{0:+#.##;-#.##;+0} Regeneración de salud de los esbirros
ITM_Attr_158,17461889725358135,{0:|+|+|+}{0:percent()} % de regeneración de salud de los esbirros.
ITM_Attr_159,17461889725358136,Regeneración de salud de esbirro x{0:0.##}
ITM_Attr_160,17461889721163778, Todos los tipos de daños x{0:0.##}
ITM_Attr_162,17438567620927506,{0:+#.##;-#.##;+0} Conteo de ráfagas
ITM_Attr_163,17438567620927557,{0:+#.##;-#.##;+0} Radio de explosión
ITM_Attr_164,17438567620927555,{0:|+|+|+}{0:percent()} % de salud de la estructura del evento
ITM_Attr_165,17438567620927556,{0:|+|+|+}{0:percent()} % de regeneración de salud de la estructura del evento
ITM_Attr_166,17438567620927583,{0:|+|+|+}{0:percent()} % de salud del cazador
ITM_Attr_167,17438567620927584,{0:|+|+|+}{0:percent()} % de regeneración de salud del cazador
ITM_Attr_168,17438567620927559,{0:+#.##;-#.##;+0} Acumulación de Fuego
ITM_Attr_169,17438567620927588,{0:+#.##;-#.##;+0} Acumulación de Hielo
ITM_Attr_170,17438567620927673,{0:+#.##;-#.##;+0} Acumulación de Limo
ITM_Attr_171,17438567620927545,{0:+#.##;-#.##;+0} Acumulación Eléctrica
ITM_Attr_172,17438567620927596,{0:+#.##;-#.##;+0} Acumulación Cinética
ITM_Attr_173,17461889725358093,Acumulación de Fuego x{0:0.##}
ITM_Attr_174,17461889725358112,Acumulación de Hielo x{0:0.##}
ITM_Attr_175,17461889725358144,Acumulación de Limo x{0:0.##}
ITM_Attr_176,17461889725358087,Acumulación Eléctrica x{0:0.##}
ITM_Attr_177,17461889725358116,Acumulación Cinética x{0:0.##}
ITM_Attr_178,17438567620927629,{0:+#.##;-#.##;+0} Recuento de esbirro mediano
ITM_Attr_179,17438567620927599,{0:+#.##;-#.##;+0} Recuento de esbirro grande
ITM_Attr_180,17438567620927517,{0:+#.##;-#.##;+0} Daño del lanzagranadas
ITM_Attr_181,17438567620927518,{0:+#.##;-#.##;+0} Daño de magnum 
ITM_Name_182,28316283744280576,Demoledor
ITM_Attr_182,17438567620927519,{0:+#.##;-#.##;+0} Daño de pistola
ITM_182_HE_0,18226653690847232,"15 % de probabilidad al infligir daño a un objetivo <#FFEB04><link=""Keyword:7"">[Tambaleado]</link></color>"
ITM_Attr_183,17438567620927520,{0:+#.##;-#.##;+0} Daño del lanzador de plasma
ITM_Attr_184,17438567620927521,{0:+#.##;-#.##;+0} Daño de cañón de riel
ITM_Attr_185,17438567620927522,{0:+#.##;-#.##;+0} Daño de rifle
ITM_Attr_186,17438567620927523,{0:+#.##;-#.##;+0} Daño del lanzacohetes
ITM_Attr_187,17438567620927525,{0:+#.##;-#.##;+0} Daño de metralleta
ITM_Attr_188,17438567620927524,{0:+#.##;-#.##;+0} Daño de escopeta
ITM_190_HE_0,18226653690847233,Al golpear el punto débil
ITM_Name_201,28316283744280577,Goloso
ITM_201_HE_0,18226653690847234,20 % de probabilidad al infligir daño crítico
ITM_Attr_205,17438567620927633,{0:+#.##;-#.##;+0} Daño mínimo del lanzagranadas
ITM_Attr_206,17438567620927634,{0:+#.##;-#.##;+0} Daño mínimo de la Magnum
ITM_Attr_207,17438567620927635,{0:+#.##;-#.##;+0} Daño mínimo de la pistola
ITM_Attr_208,17438567620927636,{0:+#.##;-#.##;+0} Daño mínimo del lanzador de plasma
ITM_Attr_209,17438567620927637,{0:+#.##;-#.##;+0} Daño mínimo del cañón de riel
ITM_Attr_210,17438567620927638,{0:+#.##;-#.##;+0} Daño mínimo del rifle
ITM_Attr_211,17438567620927639,{0:+#.##;-#.##;+0} Daño mínimo del lanzacohetes
ITM_Attr_212,17438567620927641,{0:+#.##;-#.##;+0} Daño mínimo de la metralleta
ITM_Attr_213,17438567620927640,{0:+#.##;-#.##;+0} Daño mínimo de la escopeta
ITM_Attr_214,23917723716149248,{0:|+|+|+}{0:percent()} % de probabilidad de efecto de activar el rifle
ITM_Attr_215,23919520656646144,{0:|+|+|+}{0:percent()} % de tamaño de ventana de recarga del rifle
ITM_Attr_216,23924263609163776,{0:+#.##;-#.##;+0} Alcance del ataque del rifle
ITM_Attr_217,24342881618616320,{0:|+|+|+}{0:percent()} % de probabilidad de un crítico de la metralleta.
ITM_Attr_218,24343813848817664,{0:|+|+|+}{0:percent()} % de daño crítico de la metralleta.
ITM_Attr_219,24349294600380416,{0:|+|+|+}{0:percent()} % de tamaño de ventana de recarga de la metralleta.
ITM_Attr_220,24352080738115584,{0:+#.##;-#.##;+0} Tamaño de cargador de la metralleta
ITM_Attr_221,24352957326680064,{0:+#.##;-#.##;+0} Alcance de ataque de metralleta
ITM_Attr_222,24356365756522496,{0:|+|+|+}{0:percent()}% de precisión de arma de la metralleta.
ITM_Attr_223,24358815641100288,{0:|+|+|+}{0:percent()}% de velocidad de ataque de la metralleta.
ITM_Attr_224,24360965767159808,{0:|+|+|+}{0:percent()} % de probabilidad de efecto de activación de la metralleta.
ITM_Attr_225,24363824751566848,{0:+#.##;-#.##;+0} Conteo perforante de la metralleta.
ITM_Attr_226,24366817207115776,{0:|+|+|+}{0:percent()} % de daño de corto alcance de la metralleta.
ITM_Attr_227,24366817202921472,{0:|+|+|+}{0:percent()} % de daño de largo alcance de la metralleta.
ITM_Attr_228,24373975965491201,{0:+#.##;-#.##;+0} Conteo perforante de la magnum
ITM_Attr_229,24373975965491202,{0:|+|+|+}{0:percent()} % de daño de corto alcance de la magnum.
ITM_Attr_230,24373975965491200,{0:|+|+|+}{0:percent()} % de daño de largo alcance de la magnum.
ITM_Attr_231,24508636511330304,{0:+#.##;-#.##;+0} Alcance de ataque de la magnum.
ITM_Attr_232,17438567620927608,{0:+#.##;-#.##;+0} Daño máximo del lanzagranadas
ITM_Attr_233,17438567620927609,{0:+#.##;-#.##;+0} Daño máximo de la magnum
ITM_Attr_234,17438567620927610,{0:+#.##;-#.##;+0} Daño máximo de la pistola
ITM_Attr_235,17438567620927611,{0:+#.##;-#.##;+0} Daño máximo del lanzador de plasma
ITM_Attr_236,17438567620927612,{0:+#.##;-#.##;+0} Daño máximo del cañón de riel
ITM_Attr_237,17438567620927613,{0:+#.##;-#.##;+0} Daño máximo del rifle
ITM_Attr_238,17438567620927614,{0:+#.##;-#.##;+0} Daño máximo del lanzacohetes
ITM_Attr_239,17438567620927616,{0:+#.##;-#.##;+0} Daño máximo de la metralleta
ITM_Attr_240,17438567620927615,{0:+#.##;-#.##;+0} Daño máximo de la escopeta
ITM_Attr_241,17438567620927526,{0:|+|+|+}{0:percent()} % de daño del lanzagranadas.
ITM_Attr_242,17438567620927527,{0:|+|+|+}{0:percent()} % de daño de la magnum.
ITM_Attr_243,17438567620927528,{0:|+|+|+}{0:percent()} % de daño de la pistola.
ITM_Attr_244,17438567620927529,{0:|+|+|+}{0:percent()} % de daño del lanzador de plasma.
ITM_Attr_245,17438567620927530,{0:|+|+|+}{0:percent()} % de daño del cañón de riel.
ITM_Attr_246,17438567620927531,{0:|+|+|+}{0:percent()} % de daño del rifle.
ITM_Attr_247,17438567620927532,{0:|+|+|+}{0:percent()} % de daño del lanzacohetes.
ITM_Attr_248,17438567620927534,{0:|+|+|+}{0:percent()} % de daño de la metralleta.
ITM_Attr_249,17438567620927533,{0:|+|+|+}{0:percent()} % de daño de la escopeta.
ITM_Attr_268,17438567620927642,{0:|+|+|+}{0:percent()} % de daño mínimo del lanzagranadas.
ITM_Attr_269,17438567620927643,{0:|+|+|+}{0:percent()} % de daño mínimo de la magnum.
ITM_Attr_270,17438567620927644,{0:|+|+|+}{0:percent()} % de daño mínimo de la pistola.
ITM_Attr_271,17438567620927645,{0:|+|+|+}{0:percent()} % de daño mínimo del lanzador de plasma.
ITM_Attr_272,17438567620927646,{0:|+|+|+}{0:percent()} % de daño mínimo del cañón de riel.
ITM_Attr_273,17438567620927647,{0:|+|+|+}{0:percent()} % de daño mínimo del rifle.
ITM_Attr_274,17438567620927648,{0:|+|+|+}{0:percent()} % de daño mínimo del lanzacohetes.
ITM_Attr_275,17438567620927650,{0:|+|+|+}{0:percent()} % de daño mínimo de la metralleta.
ITM_275_HE_0,18226653690847235,15 % de probabilidad por acumulación al eliminar un enemigo.
ITM_Attr_276,17438567620927649,{0:|+|+|+}{0:percent()} % de daño mínimo de la escopeta.
ITM_Attr_285,23628790751027204,{0:|+|+|+}{0:percent()} % de daño mínimo de corto alcance del rifle.
ITM_Attr_286,23628790751027201,{0:+#.##;-#.##;+0} Tamaño de cargador del rifle
ITM_Attr_287,23628790751027202,{0:+#.##;-#.##;+0} Conteo perforante de rifle
ITM_Attr_288,23628790746832896,{0:|+|+|+}{0:percent()} % de velocidad de ataque del rifle.
ITM_Name_289,28316283744280578,Cráneo infernal
ITM_Attr_289,23913654192693248,{0:|+|+|+}{0:percent()} % de daño en puntos débiles del Rifle.
ITM_289_HE_0,18226653690847236,5 % de probabilidad al infligir daño.
ITM_Name_290,28316283744280579,Garras de fuego
ITM_290_HE_0,18226653690847237,25 % de probabilidad por acumulación al infligir daño Cuerpo a cuerpo.
ITM_Name_291,28316283744280580,Núcleo fundido
ITM_291_HE_0,18226653690847238,10 % de probabilidad al infligir daño crítico
ITM_Name_292,28316283744280581,Salto pegajoso
ITM_292_HE_0,18226653690847239,Al eliminar
ITM_Name_293,28316283744280582,Fauces de moco
ITM_Name_294,28316283744280583,Entrañas pegajosas
ITM_294_HE_0,18226653690847240,25 % de probabilidad por acumulación al infligir daño crítico de arma.
ITM_Name_295,28316283744280584,Sándwich de helado
ITM_Attr_295,17438567620927617,{0:|+|+|+}{0:percent()} % de daño máximo del lanzagranadas
ITM_Name_296,28316283744280585,Pico de permahielo
ITM_Attr_296,17438567620927618,{0:|+|+|+}{0:percent()} % de daño máximo de daño de la magnum
ITM_Name_297,28316283744280586,Corazón criogénico
ITM_Attr_297,17438567620927619,{0:|+|+|+}{0:percent()} % de daño máximo de la pistola.
ITM_297_HE_0,18226653690847241,Al cambiar carne
ITM_Name_298,28316283744280587,Carga estática
ITM_Attr_298,17438567620927620,{0:|+|+|+}{0:percent()} % de daño máximo del lanzador de plasma.
ITM_298_HE_0,18226653690847242,15 % de probabilidad al eliminar
ITM_Name_299,28316283744280588,Ojo del huracán
ITM_Attr_299,17438567620927621,{0:|+|+|+}{0:percent()} % de daño máximo del cañón de riel.
ITM_Name_300,28316283744280589,Corazón de bobina
ITM_Attr_300,17438567620927622,{0:|+|+|+}{0:percent()} % de daño máximo del rifle
ITM_300_HE_0,18226653690847243,Al infligir daño Eléctrico
ITM_Attr_301,17438567620927623,{0:|+|+|+}{0:percent()} % de daño máximo del lanzacohetes.
ITM_Attr_302,17438567620927625,{0:|+|+|+}{0:percent()} % de daño máximo de la metralleta.
ITM_Name_303,28316283744280590,Carne divina
ITM_Attr_303,17438567620927624,{0:|+|+|+}{0:percent()} % de daño máximo de la escopeta.
ITM_303_HE_0,18226653690847244,Al infligir daño
ITM_Attr_304,17438567620927586,{0:+#.##;-#.##;+0} Retraso primario del cazador
ITM_Attr_305,17461889725358109,{0:|+|+|+}{0:percent()} % de retraso primario del cazador
ITM_Attr_306,17438567620927587,{0:+#.##;-#.##;+0} Retraso secundario del cazador
ITM_Name_307,28316283744280591,Explosión de colmena
ITM_307_HE_0,18226653690847245,10 % de probabilidad al eliminar
ITM_Attr_309,17438567620927581,{0:+#.##;-#.##;+0} Velocidad de ataque del cazador
ITM_Attr_310,17461889725358103,{0:|+|+|+}{0:percent()} % de velocidad de ataque del cazador
ITM_Attr_311,17461889725358104,Velocidad de ataque del cazador x{0:0.##}
ITM_Attr_312,17438567620927582,{0:+#.##;-#.##;+0} Daño del cazador
ITM_Attr_313,17461889725358105,{0:|+|+|+}{0:percent()} % de daño del cazador
ITM_Attr_314,17461889725358106,Daño del cazador x{0:0.##}
ITM_Attr_315,17438567620927585,{0:+#.##;-#.##;+0} Velocidad de movimiento del cazador
ITM_Attr_316,17461889725358107,{0:|+|+|+}{0:percent()} % de velocidad de movimiento del cazador
ITM_Attr_317,17461889725358108,Velocidad de movimiento del cazador x{0:0.##}
ITM_Attr_318,17438567620927628,{0:+#.##;-#.##;+0} Durabilidad de la carne
ITM_Attr_319,17461889725358127,{0:|+|+|+}{0:percent()} % de durabilidad de la carne.
ITM_Attr_320,17461889725358128,Durabilidad de la carne x{0:0.##}
ITM_Attr_321,17438567620927627,{0:+#.##;-#.##;+0} Reducción de daño de la carne
ITM_Attr_322,17461889725358125,{0:|+|+|+}{0:percent()} % de reducción de daño de la carne
ITM_Attr_323,17461889725358126,Reducción de daño de la carne x{0:0.##}
ITM_Attr_324,17438567620927541,{0:|+|+|+}{0:percent()} % de altura del doble salto
ITM_Attr_328,17438567620927548,{0:|+|+|+}{0:percent()} % de vulnerabilidad Eléctrica.
ITM_Attr_329,17438567620927561,{0:|+|+|+}{0:percent()} % de vulnerabilidad de Fuego.
ITM_Attr_330,17438567620927590,{0:|+|+|+}{0:percent()} % de vulnerabilidad de Hielo.
ITM_Attr_331,17438567620927598,{0:|+|+|+}{0:percent()} % de vulnerabilidad Cinética.
ITM_Attr_332,17438567620927677,{0:|+|+|+}{0:percent()} % de vulnerabilidad de Limo.
ITM_Attr_335,17438567620927514,Congelar objetivos
ITM_Attr_336,17438567620927632,{0:|+|+|+}{0:percent()} % de vulnerabilidad de cuerpo a cuerpo
ITM_Name_337,28316283744280592,Placa dérmica
ITM_337_HE_0,18226653690847246,Al perder carne
ITM_Name_338,28316283744280593,Hot Dog de Seattle
ITM_Attr_338,17438567620927499,{0:|+|+|+}{0:percent()} % de velocidad de ataque Cuerpo a cuerpo
ITM_338_HE_0,18226653690847247,50 % de probabilidad por acumulación al eliminar con daño Cuerpo a cuerpo.
ITM_Attr_339,17461889721163779,Velocidad de ataque x{0:0.##}
ITM_Attr_340,17438567620927569,{0:+#.##;-#.##;+0} m de distancia de detección de minerales
ITM_Name_341,28316283744280594,Cresta de Fénix
ITM_Attr_341,17438567620927568,{0:+#.##;-#.##;+0} m de distancia de detección de fosas de pesca
ITM_Attr_342,17438567620927567,{0:+#.##;-#.##;+0} m de distancia de detección de gastronautas
ITM_Attr_343,17438567620927671,{0:+#.##;-#.##;+0} Daño Fragmentado
ITM_Attr_344,17461889725358141,{0:|+|+|+}{0:percent()} % de daño Fragmentado.
ITM_Attr_345,17461889725358142,Daño Fragmentado x{0:0.##}
ITM_Attr_346,17438567620927504,{0:+#.##;-#.##;+0} Daño por sufrir el efecto Ardiendo
ITM_Attr_347,17461889725358080,{0:|+|+|+}{0:percent()} % de daño por sufrir el efecto Ardiendo.
ITM_Name_348,28316283744280595,Sobras
ITM_Attr_348,17461889725358081,Daño por sufrir el efecto Ardiendo x{0:0.##}
ITM_Attr_349,17438567620927513,{0:|+|+|+}{0:percent()} % de probabilidad de causar el efecto Quemado.
ITM_Attr_350,17438567620927512,{0:+#.##;-#.##;+0} Daño por sufrir el efecto Quemado.
ITM_350_HE_0,18226653690847249,25 % de probabilidad por acumulación al eliminar con un arma.
ITM_Attr_351,17461889725358083,{0:|+|+|+}{0:percent()} % de daño por sufrir el efecto Quemado.
ITM_Attr_352,17461889725358084,Daño por sufrir el efecto Quemado x{0:0.##}
ITM_Attr_353,17438567620927550,{0:|+|+|+}{0:percent()} % de probabilidad de causar el efecto Electrificado
ITM_Attr_354,17438567620927549,{0:+#.##;-#.##;+0} Daño al sufrir el efecto Electrificado
ITM_Name_355,28316283744280596,Cuchillo de carnicero
ITM_Attr_355,17461889725358090,{0:|+|+|+}{0:percent()} % de daño al sufrir el efecto Electrificado
ITM_355_HE_0,18226653690847250,Al infligir daño Cuerpo a cuerpo
ITM_Attr_356,17461889725358091,Daño al sufrir el estado Electrificado x{0:0.##}
ITM_Attr_357,17438567620927675,{0:|+|+|+}{0:percent()} % de efectividad de Limo
ITM_Name_358,28316283744280597,Proteína en polvo
ITM_Attr_358,17438567620927510,{0:|+|+|+}{0:percent()} % de lentitud en el efecto Congelado
ITM_Attr_359,17438567625121793,{0:|+|+|+}{0:percent()} % de daño en el punto débil con la magnum.
ITM_Attr_360,17438567625121794,{0:|+|+|+}{0:percent()} % de daño en el punto débil con la pistola.
ITM_Attr_361,17438567625121795,{0:|+|+|+}{0:percent()} % de daño en el punto débil con la escopeta.
ITM_Attr_362,17438567625121796,{0:|+|+|+}{0:percent()} % de daño en el punto débil con la metralleta.
ITM_Name_363,16146637997989888,Especial de largo alcance
ITM_Attr_363,17438567620927537,{0:|+|+|+}{0:percent()} % de daño de impacto directo con el lanzagranadas.
ITM_363_HE_0,18226653690847251,15 % de probabilidad al infligir daño de largo alcance.
ITM_Name_364,16146638002184192,Especial de corto alcance
ITM_Attr_364,17438567620927538,{0:|+|+|+}{0:percent()} % de daño de impacto directo del lanzador de plasma.
ITM_364_HE_0,18226653690847252,15 % de probabilidad al infligir daño de corto alcance.
ITM_Name_365,28316283744280598,Dedos de metralla
ITM_Attr_365,17438567620927539,{0:|+|+|+}{0:percent()} % de daño de impacto directo del lanzacohetes.
ITM_365_HE_0,18226653690847253,25 % de probabilidad al infligir daño en un punto débil.
ITM_Attr_366,17438567620927682,{0:|+|+|+}{0:percent()} % de recuperación generalizada del rifle.
ITM_Attr_367,17438567625121798,{0:|+|+|+}{0:percent()}% de precisión de arma del rifle.
ITM_Name_368,28316283744280599,Cáscara espinada
ITM_Attr_368,17438567620927605,{0:|+|+|+}{0:percent()} % de daño de largo alcance del cañón de riel.
ITM_368_HE_0,18226653690847254,10 % de probabilidad al lograr recargar rápido
ITM_Attr_369,17438567620927607,{0:+#.##;-#.##;+0} Tamaño del cargador del cañón de riel
ITM_Attr_370,17438567620927558,{0:|+|+|+}{0:percent()} % de radio de explosión del cañón de plasma.
ITM_Name_371,28316283744280600,Pecho de trueno
ITM_Attr_371,21253799095033856,{0:|+|+|+}{0:percent()} % de tamaño de ventana de recarga de la pistola.
ITM_371_HE_0,18226653690847255,5 % de probabilidad al infligir daño.
ITM_Attr_372,21255839816867840,{0:|+|+|+}{0:percent()} % de probabilidad de un crítico de la pistola.
ITM_Attr_373,21257451205550080,{0:+#.##;-#.##;+0} Tamaño de cargador de la pistola.
ITM_Name_374,28316283744280601,Ojos de yeti incrustados
ITM_Attr_374,21258827750957056,{0:|+|+|+}{0:percent()} % de precisión de arma de la pistola.
ITM_374_HE_0,18226653690847256,Al infligir daño de arma cuerpo a cuerpo
ITM_Attr_375,21259953611202560,{0:+#.##;-#.##;+0} Alcance de ataque de la pistola.
ITM_Attr_376,21265502662811648,{0:|+|+|+}{0:percent()} % de velocidad de ataque de la pistola.
ITM_Attr_377,21266579567140864,{0:|+|+|+}{0:percent()} % de daño crítico de la pistola.
ITM_Name_378,28316283744280602,Núcleo bombardero
ITM_Attr_378,21267581485703168,{0:+#.##;-#.##;+0} Conteo perforante de la pistola
ITM_Attr_379,21268790338641920,{0:|+|+|+}{0:percent()} % de daño de corto alcance de la pistola
ITM_Attr_380,21268790334447616,{0:|+|+|+}{0:percent()} % de daño de largo alcance de la pistola
ITM_Attr_381,23628790751027203,{0:|+|+|+}{0:percent()} % de probabilidad de activar efecto de la pistola.
ITM_Attr_382,23628790746832898,{0:|+|+|+}{0:percent()} % de daño crítico del rifle.
ITM_Attr_383,23628790746832897,{0:|+|+|+}{0:percent()} % de probabilidad de un crítico del rifle.
ITM_Attr_384,23628790751027200,{0:|+|+|+}{0:percent()} % de daño de largo alcance del rifle.
ITM_Attr_385,24508636515524608,{0:|+|+|+}{0:percent()} % de velocidad de ataque de la magnum.
ITM_Attr_386,24512006886252544,{0:|+|+|+}{0:percent()} % de probabilidad de un crítico de la mágnum.
ITM_Attr_387,24512006890446848,{0:|+|+|+}{0:percent()} % de daño crítico de la magnum.
ITM_Attr_388,24734712562966528,{0:|+|+|+}{0:percent()} % de precisión de arma de la magnum.
ITM_Attr_389,24734712558772224,{0:|+|+|+}{0:percent()} % de tamaño de ventana de recarga de la magnum.
ITM_Attr_390,24738876634423296,{0:+#.##;-#.##;+0} Tamaño del cargador de la mágnum.
ITM_Attr_391,24741585584381952,{0:|+|+|+}{0:percent()} % de probabilidad de efecto de activación de la magnum.
ITM_Attr_392,24756431059148800,{0:|+|+|+}{0:percent()} % de velocidad de ataque del lanzador de plasma.
ITM_Attr_393,24756431059148801,{0:|+|+|+}{0:percent()} % de probabilidad de un crítico del lanzador de plasma.
ITM_Name_394,28316283744280603,Piroclasma
ITM_Attr_394,24756431059148802,{0:|+|+|+}{0:percent()} % de daño crítico del lanzador de plasma.
ITM_Attr_395,24756431063343107,{0:|+|+|+}{0:percent()} % de tamaño de ventana de recarga del lanzador de plasma.
ITM_Name_396,28316283744280604,Tempestad
ITM_Attr_396,24756431063343104,{0:+#.##;-#.##;+0} Tamaño del cargador del lanzador de plasma
ITM_396_HE_0,18226653690847258,25 % de probabilidad al infligir daño
ITM_Name_397,28316283744280605,Psicomagnotérmico
ITM_Attr_397,24756431063343105,{0:|+|+|+}{0:percent()} % de probabilidad de efecto de activación del lanzador de plasma.
ITM_Attr_398,24756431063343106,{0:|+|+|+}{0:percent()} % de velocidad del proyectil del lanzador de plasma. 
ITM_Attr_399,24759307705769984,{0:|+|+|+}{0:percent()} % de daño de área del lanzador de plasma.
ITM_Attr_400,24766997932793856,{0:+#.##;-#.##;+0} Conteo perforante de escopeta
ITM_Attr_401,24771101572718593,{0:|+|+|+}{0:percent()} % de probabilidad de un crítico de la escopeta.
ITM_Attr_402,24771101572718594,{0:|+|+|+}{0:percent()} % de daño crítico de la escopeta.
ITM_Attr_403,24771101576912896,{0:|+|+|+}{0:percent()}% de probabilidad de efecto de activación de la escopeta.
ITM_Attr_404,24771101572718595,{0:+#.##;-#.##;+0} Tamaño del cargador de la escopeta.
ITM_Attr_405,24771101576912898,{0:|+|+|+}{0:percent()} % de daño de corto alcance de la escopeta.
ITM_Attr_406,24771101568524288,{0:+#.##;-#.##;+0} Alcance de ataque de la escopeta
ITM_Attr_407,24771101572718592,{0:|+|+|+}{0:percent()} % de velocidad de ataque de la escopeta.
ITM_Attr_408,24771101576912897,{0:|+|+|+}{0:percent()} % de tamaño de ventana de recarga de escopeta.
ITM_Attr_409,24776968426741764,{0:|+|+|+}{0:percent()} % de probabilidad de efecto de activación del cañón de riel.
ITM_Attr_410,24776968426741761,{0:|+|+|+}{0:percent()} % de probabilidad de un crítico del cañón de riel.
ITM_Attr_411,24776968426741762,{0:|+|+|+}{0:percent()} % de daño crítico de cañón de riel.
ITM_Attr_412,24776968430936064,{0:|+|+|+}{0:percent()} % de tamaño de la ventana de recarga del cañón de riel.
ITM_Attr_413,24776968426741763,{0:+#.##;-#.##;+0} Conteo perforante del cañón de riel
ITM_Attr_414,24776968426741760,{0:|+|+|+}{0:percent()} % de velocidad de ataque del cañón de riel.
ITM_Attr_415,24776968430936066,{0:|+|+|+}{0:percent()} % de daño en puntos débiles del cañón de riel.
ITM_Attr_416,24776968422547456,{0:+#.##;-#.##;+0} Alcance de ataque del cañón de riel
ITM_Attr_417,24776968430936065,{0:|+|+|+}{0:percent()} % de daño de corto alcance del cañón de riel.
ITM_Attr_418,24791651242205186,{0:|+|+|+}{0:percent()} % de probabilidad de un crítico del lanzacohetes.
ITM_Attr_419,24791651246399488,{0:|+|+|+}{0:percent()} % de daño crítico del lanzacohetes.
ITM_Attr_420,24791651246399490,{0:+#.##;-#.##;+0} Tamaño del cargador del lanzacohetes
ITM_Attr_421,24791651246399492,{0:|+|+|+}{0:percent()} % de velocidad del proyectil del lanzacohetes.
ITM_Attr_422,24791651242205185,{0:|+|+|+}{0:percent()} % de velocidad de ataque del lanzacohetes.
ITM_Attr_423,24791651246399491,{0:|+|+|+}{0:percent()} % de probabilidad de activar efecto del lanzacohetes.
ITM_Attr_424,24791651246399489,{0:|+|+|+}{0:percent()} % de radio de explosión del lanzacohetes.
ITM_Attr_425,24791651242205184,{0:|+|+|+}{0:percent()} % de daño de área del lanzacohetes.
ITM_Attr_426,24900049224851457,{0:|+|+|+}{0:percent()} % de probabilidad de un crítico del lanzagranadas.
ITM_Attr_427,24900049224851458,{0:|+|+|+}{0:percent()} % de daño crítico del lanzagranadas.
ITM_Attr_428,24900049224851456,{0:|+|+|+}{0:percent()} % de velocidad de ataque del lanzagranadas.
ITM_Attr_429,24900049229045763,{0:|+|+|+}{0:percent()} % de velocidad del proyectil del lanzagranadas.
ITM_Attr_430,24900049229045764,{0:|+|+|+}{0:percent()} % de tamaño de ventana de recarga del lanzagranadas.
ITM_Attr_431,24900049229045761,{0:+#.##;-#.##;+0} Tamaño del cargador del lanzagranadas
ITM_431_HE_0,18226653690847259,Al infligir daño en la barrera
ITM_Attr_432,24900049229045760,{0:|+|+|+}{0:percent()} % de radio de explosión del lanzagranadas
ITM_Attr_433,24900049229045762,{0:|+|+|+}{0:percent()} % de probabilidad de activar efecto del lanzagranadas.
ITM_Attr_434,25748331929001984,{0:|+|+|+}{0:percent()} % de daño de área del lanzagranadas.
ITM_Attr_435,25748331937390592,{0:|+|+|+}{0:percent()} % de daño de área de cañón de riel.
ITM_Attr_436,25748331937390593,{0:|+|+|+}{0:percent()} % de radio de explosión del cañón de riel.
ITM_Attr_437,26114264799371264,{0:+#.##;-#.##;+0} Salud del cazador
ITM_Attr_438,26114264803565568,Salud del cazador x{0:0.##}
ITM_Attr_439,26122126309187584,{0:+#.##;-#.##;+0} Regeneración de salud del cazador
ITM_Attr_440,26122126313381888,Regeneración de salud del cazador x{0:0.##}
ITM_Name_567,28316283748474880,Cráneo de zarzas
ITM_Name_568,28316283748474881,Camarones a la parmesana
ITM_Name_596,28316283748474882,Elote sobre mero
ITM_596_HE_0,18226653695041537,Al cambiar de arma
ITM_Name_601,28316283748474883,Nieve blandita
ITM_601_HE_0,18226653695041538,"15 % de probabilidad al eliminar con un arma a un objetivo <#FFEB04><link=""Keyword:3"">[Enfriado]</link></color>"
ITM_626_HE_0,18935442668773376,50 % de probabilidad al eliminar
ITM_627_HE_0,18935442672967680,75 % de probabilidad al eliminar
ITM_629_HE_0,18935442672967681,15 % de probabilidad al eliminar por Cuerpo a cuerpo
ITM_630_HE_0,18935442672967682,20 % de probabilidad al eliminar por Cuerpo a cuerpo
ITM_631_HE_0,18935442672967683,25 % de probabilidad al eliminar por Cuerpo a cuerpo
ITM_Name_632,28316283748474884,Cazador I
ITM_632_HE_0,18935442672967684,Al eliminar con un arma a distancia
ITM_Name_636,28316283748474885,Cazador II
ITM_Name_637,28316283748474886,Cazador III
ITM_Name_659,14836559116476416,Agarre de cazador enfurecido
MEH_Name_65,15651248710606848,Cabeza de cabeza dura
PE_Desc_89,15325185385988096,¡¡Bloquea las vigas del tractor!!
PE_Desc_98,16371853938163712,Bajo la montaña
PE_Desc_99,18285212149252096,Caverna infestada
PE_Desc_101,21033271765532672,Apaga la corriente.
PF_Name_45,18853199392792576,Entrenador de vida Dan
VO_Transcript_111,18769949506699264,¡Proceso de cocina exitoso! Extracción iniciada.
VO_Transcript_112,26304660661854208,"Este planeta tiene un gran núcleo de carne. Nos ayudará a llegar a nuestro destino.<br>El problema es que está oculto, así que ya sabes, mantén los ojos abiertos."
VO_Transcript_113,28287482192715776,"Ah sí, este lugar todavía me pone los pelos de punta. Mantén la calma, Blandito. Vamos a buscar ese traje."
VO_Transcript_114,28287482192715777,"Ah, recuerdo a esta vieja amiga. Una de nuestras fábricas de robots de largo alcance.<br>Aunque ya venció su garantía. Probablemente se necesite extraer su averiado corazón."
VO_Transcript_115,28287482192715778,"Cuando salga el grandulón, encárgate de él, Blandito."
VO_Transcript_116,26565547768344576,"¡Ay, nooo, aaa, eeee, nnnn!... Lo siento, eh, ¡lo estás haciendo bien!"
VO_Transcript_117,26565547806093312,"¡Es tu oportunidad, inmovilízalo!"
VO_Transcript_118,26565547806093313,"Oye, niño, céntrate en el árbitro. ¡Es un tramposo!"
VO_Transcript_119,26565547806093314,"¡Sí, niño! Lo tienes contra las cuerdas, ¡sigue! ¡Bing, bang, bang!"
WPN_57_HE_0,28316283836555264,Al golpear
153cc3f8cf1f4d0888816bf658a8632c_100_0,18288937009971200,Pez derrotado
4115cee4e56045ee915c6d12fc8f28bf_57_0,25819545806340097,Encuentra la reunión de limos
43299c14b63f49d78c190b2a798a27a6_98_0,16371853938163714,Entra en la cueva cercana.
455efe9b97694027bc0a679531a30729_79_0,28265088556195840,Encuentra la estación de salud.
45c41fc4a38742fdb704cb4e69bcd9da_79_0,28263989174591488,Usa la estación para recuperar salud.
4ddcdfd50d0e47f08fd6bc7f5f1bb469_89_0,15325185385988097,Vigas bloqueadas
58f4d3f77dd547dc8169638a7b3e062e_8_0,25819545705676800,Encuentra la Cosechadora averiada.
736627e655094cfa8f25340937a2d4ff_64_0,25819545806340099,Encuentra el corazón de Calipso.
7dd5734af14447428441a4afa3b05ccf_54_0,15335522801844224,mantener
86379083fd29463498e7361acdd157e4_101_0,20866619597946882,Destruye la válvula.
8d27d8bb3bee42c2942be3baf1859045_101_0,20866619602141184,Cerebro alienígena destruido
9e417b53bbd949a386d2591e402d5f07_101_0,20866619597946881,Limpia las bombas.
a1908cc5be6d465790e029e3f2e73d0d_98_0,16371853938163713,Entrada a la cueva
a95b5d889fb84d7ba700d8975dc1d8a1_43_0,26214435956711424,Huevos peligrosos
e7d14953a4ce4343b8ec0afd82159bfc_101_0,20864094534664192,Limpia la turbina.
fcf9f2b3388a439ebd895d5441e1652f_101_0,20866619597946883,Elimina la corrupción.
144401ad86fc4e17a5b485773aed3c37_92_0,31181757266366471,Acércate al hueco.
144401ad86fc4e17a5b485773aed3c37_97_0,31181757266366472,¡Usa [InputAction:Gameplay/CharacterMovement] para moverte a la baliza!
29b4771bd209406eb232367ab4aef6ea_90_0,31181757266366465,Los nodos de defensa de la Cosechadora aterrizaron
2b68a27692834455b2862225321d85bf_84_0,28606152955428864,Rueditas derrotadas
36cd18992f274b02a91cd6c0e992f1f4_101_0,31321804916948992,Ubicación del drenaje
83339c61496448f3ab8a9f00787f30bd_73_0,28635447101943808,Extrayendo el núcleo de carne...
a169f4140ad1400281c0f9cbb7a7c6cf_97_0,31181757266366473,¡Usa [InputAction:Gameplay/Jump] para saltar el acantilado!
de34733aa21446248815db4a898e8278_104_0,31957267828957185,Chefs rescatados
ff4f7bf8a6c14791a0d538b070a535d6_90_0,31181757266366468,Protege los nodos de la Cosechadora.
STG_1_e58baca8b4594c5c8b9ee8eb81f7ecb2,30928171548270592,"¡Aaah, auch! Te atraparon los cazadores, ¿verdad?<br>Bueno, pensé que verías los carteles de advertencia que dejé."
STG_2_e58baca8b4594c5c8b9ee8eb81f7ecb2,31228502341574656,"Bueno, tengo algo que te ayudará con esos mocosos estelares.<br>Esas sucios mocosos espaciales. Ven a hablar conmigo."
DF_Name_0,29025126539321344,Medio
DF_Desc_0,29025126547709952,"<b>Nivel máximo de enemigos: 1</b><br><br>Nivel de desafío:<br><b><color=#FFC700>reducido (-40 %)</color></b><br><br><b><color=#00D6D2>Aparecen enemigos más débiles</color></b> en lugar de más fuertes.<br><br>Las estructuras, los jefes y los cazadores de evento tienen <b><color=#00D6D2>menos salud.</color></b><br><br>Salud reducida de los enemigos <b><color=#FFC700>(-25%)</color></b><br><br><b>Recursos de bajo nivel</b>"
DF_Name_1,29025126547709953,Picante
DF_Desc_1,29025126547709954,<b>Nivel máximo de enemigos: 2</b><br><br>Nivel de desafío:<br><b><color=#FFC700>Estándar</color></b><br><br>Gana +40 % de Glizzy y REP<br><br>Recursos hasta el <b>Nivel 3</b>
DF_Name_2,29025126547709955,Ardiente
DF_Desc_2,29025126547709956,"<b>Nivel máximo de enemigos: 3</b><br><br>Nivel de desafío:<br><b><color=#FFC700>alto (+40 %)</color></b><br><br><b><color=#00D6D2>Aparecen enemigos más fuertes</color></b> en lugar de los débiles.<br><br>Las estructuras, los jefes y los cazadores de evento tienen <b><color=#00D6D2>más salud.</color></b><br><br>Obten +60 % de Glizzy y REP<br>Recursos de hasta <b>nivel 4</b>"
DF_Name_3,29025126547709957,Pesadilla
DF_Desc_3,29025126547709958,"<b>Nivel máximo de enemigos: 3</b><br><br>Nivel de desafío:<br><b><color=#FFC700>alto (+100%)</color></b><br><br>Las estructuras, los jefes y los cazadores de evento tienen <b><color=#00D6D2>niveles masivos de salud.</color></b><br><br>Obten +100 % de Glizzy y REP<br><br>Recursos de hasta <b>nivel 5</b>"
ITM_Attr_441,28553671907450880,Intervalo de aparición x {0:0.##}
ITM_Attr_442,28711131483725824,{0:+#.##;-#.##;+0} Probabilidad de un crítico cuerpo a cuerpo.
ITM_Attr_443,28711131492114432,{0:|+|+|+}{0:percent()} % de probabilidad de un crítico cuerpo a cuerpo.
ITM_Attr_444,28711131492114433,Probabilidad de un crítico cuerpo a cuerpo x {0:0.##}
ITM_Attr_445,28711131492114434,{0:+#.##;-#.##;+0} Daño crítico cuerpo a cuerpo
ITM_Attr_446,28711131492114435,{0:|+|+|+}{0:percent()} % de daño crítico cuerpo a cuerpo.
ITM_Attr_447,28711131492114436,Daño crítico cuerpo a cuerpo x {0:0.##}
ITM_Attr_448,28711131492114437,{0:+#.##;-#.##;+0} Distancia del empuje
ITM_Attr_449,28711131492114439,{0:|+|+|+}{0:percent()} % de distancia del empuje
ITM_Attr_450,28711131492114441,Distancia del empuje x {0:0.##}
ITM_Attr_451,28711131492114438,{0:+#.##;-#.##;+0} Distancia del empuje cuerpo a cuerpo
ITM_Attr_452,28711131492114440,{0:|+|+|+}{0:percent()} % de distancia del empuje cuerpo a cuerpo.
ITM_Attr_453,28711131492114442,Distancia del empuje cuerpo a cuerpo x {0:0.##}
ITM_Attr_454,28958566212935680,Salud del jefe x {0:0.##}
ITM_Attr_455,31508239826001920,Densidad del enemigo x {0:0.##}
ITM_Attr_456,32668876866297856,{0:|+|+|+}{0:percent()} % de salud de la estructura del evento amistoso.
ITM_Attr_457,32668876891463680,{0:|+|+|+}{0:percent()} % de regeneración de salud de la estructura del evento amistoso.
ITM_Attr_458,32672250860904448,Salud de la estructura de eventos del jugador x{0:0.##}
MEH_Name_72,31000223307259904,Jefe de operaciones de Quack
MET_Name_194,31000223311454208,Torso flotador de operaciones de Quack
PE_Desc_90,31181757232812032,Primera cosecha
PE_Desc_91,31181757266366470,Aplasta algunos insectos.
PE_Desc_104,31957267828957184,¡Salva a Bernie!
SS_Name_7,31684905095127040,Aleatorio
VO_Transcript_81,28687422266007552,"Mira cómo mueven sus piernitas, me encanta."
14b550cb62de4d47aa26571d5ec081a4_73_0,35944490127581184,Escapa del planeta.
1698bcf073164975b50d0c057e9e9434_40_0,35944490102415360,Siguiente ola
1d47360bac994027a98c29d45df2a55b_69_0,36342413208686592,Nodos de la fábrica destruidos
29488c16d198412883a2a51596acc2bb_88_0,34098342817202177,Altas luciérnagas derrotadas
47d22a0a9d04426a939f3ea0864b5205_88_0,34098342817202176,Cristal protector destruido
79546cc3d5574f48bfeae8542285b2be_101_0,35236879184723968,Válvula
7c767509160b47d09ee5fd3037cd6303_60_0,38122210821771264,Riñón de Calipso destruido
95793848bf4b4be5a284252b6e26a2cc_105_0,32983460336140288,Unidades clonadoras destruidas
bae246cb718c4be1ae01bf6826b33960_64_0,28599495512850432,Corazón de Calipso destruido
bd02e00fea674e84a16b0fc4d3a7c330_90_0,35944490152747008,Defiende la Cosechadora.
STG_3_253905826c564fb2a5270da3f6110546,33060789416878080,"Escucha, Blandito. Cuando digo que la Ciencia de la Carne fue algo importante, jeje.<br>Bueno, ¡no estoy siendo modesto!"
STG_4_253905826c564fb2a5270da3f6110546,33061804547497984,La galaxia tenía demasiada gente.<br>No hay suficiente comida para todos.
STG_5_253905826c564fb2a5270da3f6110546,33061804547497985,"¡Hasta que indagué y cambié el paradigma, ¿no lo sabías?"
STG_6_253905826c564fb2a5270da3f6110546,33061804547497986,A todos les encantaban las carnes de Rangus.<br>Así todos tuvimos nuestro felices para siempre...
STG_7_253905826c564fb2a5270da3f6110546,33120374009880576,"¡Oye, oye! Espera un momento.<br>Aquí dice que cumples un año..."
STG_8_253905826c564fb2a5270da3f6110546,33128087053918208,¿Quién? ¡Guau! ¡Oye! Se supone que debes avisarme cuando<br>llegue uno nuevo. ¡Vamos!  
STG_9_253905826c564fb2a5270da3f6110546,33128087058112512,"De todos modos, me encantaría presentarte como es debido.<br>¡Aunque ya vas tarde a tu primer día!"
STG_10_253905826c564fb2a5270da3f6110546,33128087058112513,"¡Vamos, criaturita! ¡Date prisa!<br>¡Córrele, vamos!"
STG_11_253905826c564fb2a5270da3f6110546,33136475515117568,"¡Feliz cumpleaños, criaturita!"
STG_12_2d920e29bd4e4060912784dfdac2cbca,34174556175327238,¿Otro cumpleaños? ¡Yippie doo skidoo!
STG_12_2e38b79c84684f2aa45587b4fe0c0bd5,34174556175327237,"Uh, ¡feliz cumpleaños, peque!"
STG_12_3a27ffa6fa314a5c8625d27093931a96,34174556175327234,"¡Feliz cumpleaños, Blandito!"
STG_12_3eb827e2e6064632b425c10921cbf907,34174556175327236,¿Qué es ese sonido? Es un feliz cumpleaños.
STG_12_4702726866014a76a515f75fffdd6c18,34174556175327232,"Ahí está, mi criaturita favorita."
STG_12_887c915b3fc54337b9f436b5bc95e7a6,34174556175327239,"¿Tenemos otro cumpleaños? ¡Ah, así es!"
STG_12_b5bdbdcabfc047a0b78d868a88bb74be,34174556175327235,¡Feliz cumpleaños otra vez!
STG_12_b737dec367b64b198466cda5b7c3d659,34174556175327233,"¡Ay, ese cumpleaños sonó especialmente Blandito! "
STG_12_b9065185d40f4e6ab964735d41f28db9,34174556175327240,"¡Y otro feliz cumpleaños para ti, peque!"
STG_12_c76a5df566ac4228826d26e700509ad3,34174556175327241,"¡Cumpleaños, cumpleaños, feliz, feliz cumpleaños!"
STG_12_f1feac12173c43cbbb43b1e0a664f946,34174556175327242,¿Adivina qué? ¡Feliz cumpleaños!
STG_13_253905826c564fb2a5270da3f6110546,33139387419058176,"¡Increíble, Blandito!<br>¡Regresaste con vida! ¡No lo puedo creer!"
STG_14_e58baca8b4594c5c8b9ee8eb81f7ecb2,33297722948706304,"Me siento mal, ¿sabes? Pensé que morirías<br>junto con tus amigos, tus frijoles y ellos..."
STG_15_e58baca8b4594c5c8b9ee8eb81f7ecb2,33297722961289216,"Pero adivina qué, esto aún no termina. ¡Por fin encontramos el pueblo de Tangus!"
STG_16_e58baca8b4594c5c8b9ee8eb81f7ecb2,33297722961289217,"Vamos a burbujear y hervir el combustible Franken en ese sistema.<br>¡Ah, será una carnita asada!"
STG_17_e58baca8b4594c5c8b9ee8eb81f7ecb2,33300395982839808,"Oh, ¿aún llevas contigo esa pistolita?<br>Tengo algo mejor para ti, ¿por qué no vienes a charlar?"
STG_18_e58baca8b4594c5c8b9ee8eb81f7ecb2,33301769751617536,"Oh, me duele mucho admitirlo... el cuerpo de carne inteligente no puede con todo."
STG_19_e58baca8b4594c5c8b9ee8eb81f7ecb2,33301769755811840,A veces se necesita un poco más de ayuda. Ven a hablar conmigo.
STG_20_e58baca8b4594c5c8b9ee8eb81f7ecb2,33308298840104960,"Oye. Hola, hola, Blandito. Estoy preparando algo muy peculiar.<br>¿Por qué no vienes a hablar conmigo?"
STG_21_3b2f530890de4c1cb5f931eaf857b3c5,36007377365884930,"¡Hola, Blandito!"
STG_21_3c049bef12bf41418d16ee6b37dc86f6,36007377365884928,"¡Hola, Blandito! ¡Tengo algo para tiii!"
STG_21_6f18a989231f4fafad627eb8654dae19,36007377365884933,¡Blandito!
STG_21_8e4b1695c1e547178866cd55a320e8cd,36007377365884931,"¡Hola, Blandito! Tengo algo increíble."
STG_21_abd986d8f7154c44bd5d7cd3627ec641,36007377365884934,"¡Oye, cuate! Tengo algo para ti, ven a hablar conmigo."
STG_21_c46b1dc527f447dc88e9cc8683e8f626,36007377365884929,"Ahh, estoy preparando algo dulce. ¡Ven a hablar conmigo, Blandito!"
STG_21_d3774b96d6264c68a5b66ebff7ede9f4,36007377365884932,"Ven aquí, Blandito, preparé algo nuevo."
STG_22_e58baca8b4594c5c8b9ee8eb81f7ecb2,33311167362359296,"Ahora bien, las armas son una preferencia personal. Cada uno hace lo que quiere.<br>Aquí no hay decisiones equivocadas."
STG_23_e58baca8b4594c5c8b9ee8eb81f7ecb2,33312404489101312,"Blandito, tenemos que hablar de tu estilo. ¡Te encanta expresarte!, ¿verdad?"
STG_24_e58baca8b4594c5c8b9ee8eb81f7ecb2,33312404489101313,Pues dirígete a la nueva Terminal de estilo.<br>Quiero verte deslumbrante como un diamante.
STG_25_e58baca8b4594c5c8b9ee8eb81f7ecb2,33315184792559616,"Ah, me duele tanto admitirlo, pero el cuerpo de carne no puede con todo."
STG_26_e58baca8b4594c5c8b9ee8eb81f7ecb2,33315184792559617,"¡Ven a ver esta nueva terminal y libera TODO tu potencial, je, je!"
STG_27_253905826c564fb2a5270da3f6110546,33318258437251072,"Oye, Blandito, ¿por qué andas tintineando con tanta cháchara en los bolsillos?"
STG_28_253905826c564fb2a5270da3f6110546,33318258441445376,"Ve a hablar con el Comerciante Mike, y haz algo de provecho, ¿ok?"
STG_29_253905826c564fb2a5270da3f6110546,33318258441445377,"Básicamente es una calculadora humana. Aunque, bueno, no una humana. Parece más bien una máquina... ¿Sabes?"
STG_30_e58baca8b4594c5c8b9ee8eb81f7ecb2,33323369637076992,"¡Ahora sí que estamos hablando! Con este detector de cazadores,<br>verás un pequeño medidor de amenazas en la parte superior de tu visor."
STG_31_e58baca8b4594c5c8b9ee8eb81f7ecb2,33323369641271296,"Si el dial apunta hacia la izquierda, significa que los cazadores no tienen ni idea de lo que estás haciendo."
STG_32_e58baca8b4594c5c8b9ee8eb81f7ecb2,33323369641271297,"Por lo que podrás relajarte e ir a tu ritmo.<br>Pero, si empieza a moverse hacia el lado derecho..."
STG_33_e58baca8b4594c5c8b9ee8eb81f7ecb2,33323369641271298,"... mejor cuidate las espaldas. Los cazadores olieron tu hedor especial.<br>No pierdas de vista el medidor y no pierdas demasiado tiempo.<br>Bueno, mucha suerte, Blandito."
STG_34_e58baca8b4594c5c8b9ee8eb81f7ecb2,33332958667464704,"¡Por fin atrapamos a uno! ¡Ja, ja, ja, ja!"
STG_36_e58baca8b4594c5c8b9ee8eb81f7ecb2,33334462321254401,"ADEMÁS DE útil, delicioso... ¡Ah! ¡Sin duda alguna, obra de Carl!"
STG_37_e58baca8b4594c5c8b9ee8eb81f7ecb2,33334462321254402,Carl Rangus... Debiste quedarte en el exilio.
STG_38_e58baca8b4594c5c8b9ee8eb81f7ecb2,33334462321254403,¡Cazadores! ¡Persíganlo!
STG_39_e58baca8b4594c5c8b9ee8eb81f7ecb2,33356874173636608,"Ah, esto es justo lo que necesitamos para empezar a arreglar lo descompuesto."
STG_40_e58baca8b4594c5c8b9ee8eb81f7ecb2,33356874182025216,¡Ese grandulón tiene suficiente combustible para llevarnos hasta la mitad de la galaxia!
STG_41_e58baca8b4594c5c8b9ee8eb81f7ecb2,33356874182025217,¡Rangus!
STG_42_e58baca8b4594c5c8b9ee8eb81f7ecb2,33356874182025218,"Ajá, sí, eso también está bien."
STG_43_e58baca8b4594c5c8b9ee8eb81f7ecb2,33356874182025219,"¡Ay, no, Blandito, salgámos de aquí!"
STG_44_e58baca8b4594c5c8b9ee8eb81f7ecb2,33356874182025220,¡Ah! ¡Cállate!
STG_45_e58baca8b4594c5c8b9ee8eb81f7ecb2,33356874182025221,"Hola, Roxie, ¡¿nos vamos o qué?!"
STG_46_e58baca8b4594c5c8b9ee8eb81f7ecb2,33356874182025222,"Tenías que seguir insistiendo, ¿no es así, Carl?"
STG_47_e58baca8b4594c5c8b9ee8eb81f7ecb2,33356874182025223,"Carga de combustible en curso. Espera, por favor."
STG_48_e58baca8b4594c5c8b9ee8eb81f7ecb2,33356874182025224,"¡La galaxia sabe que no se puede confiar en ti, Carl! También tú lo sabes."
STG_49_e58baca8b4594c5c8b9ee8eb81f7ecb2,33356874182025225,Carga completa. Preparándose para acelerar.
STG_50_e58baca8b4594c5c8b9ee8eb81f7ecb2,33356874182025226,Motores de desplazamiento activados.
STG_51_e58baca8b4594c5c8b9ee8eb81f7ecb2,33360178878341120,"No podrás escapar de la justicia otra vez, Carl Rangus. Debemos detenerte a ti y a tu carne inteligente."
STG_52_e58baca8b4594c5c8b9ee8eb81f7ecb2,33356874182025227,Los habitantes de los planetas cercanos ahora pueden vivir sin temor a que esta criatura los devore.
STG_54_e58baca8b4594c5c8b9ee8eb81f7ecb2,33356874182025228,"Roxie, ¡¿qué tal está la carne nueva?!"
STG_55_3216418ba9ee4b068876b913bb3ccef2,35503730513141760,¿Te acuerdas de ese núcleo de carne que me preparaste tan sabroso?<br>Lo vamos a usar para atraer a esa pequeña criatura que vive en ese planeta.
STG_56_9850ab8dd16e4c88acd86a61b4b87604,35512353628872704,"Lo has hecho muy bien hasta ahora, pero aún no estás listo."
STG_57_3216418ba9ee4b068876b913bb3ccef2,35521168852115456,Los núcleos de carne no solo sirven para combustible.
STG_57_6eb5f1d5deb847879968ff2fe668935b,35521168860504064,¡Tomaremos el último y lo cocinaremos de maravilla!
STG_58_275bd943a66748588ee27da032c5f150,35543002125426689,"A ese grandulón le va a gustar cómo sabe, te lo garantizo."
STG_58_3216418ba9ee4b068876b913bb3ccef2,35543002125426688,"Vaya, puedo olerlo desde aquí arriba. Buen trabajo, Blandito."
STG_59_9850ab8dd16e4c88acd86a61b4b87604,35549441904599040,"Bien, aquí es donde igualaremos un poco las cosas."
STG_60_9850ab8dd16e4c88acd86a61b4b87604,35549441912987648,"Sin el jocho bebible energizando el otro equipo, puede que tengas una verdadera oportunidad de ganar el gran partido."
STG_61_3216418ba9ee4b068876b913bb3ccef2,35602782823112704,"Es hora de que bajes, Blandito. ¡Tenemos mucho que hacer!"
STG_62_3216418ba9ee4b068876b913bb3ccef2,35605031553064960,"Ah, ese gran núcleo de carne es justo lo que me recetó el doctor.<br>No te preocupes, todo tendrá sentido muy pronto. Oh, sí."
STG_63_3216418ba9ee4b068876b913bb3ccef2,35606803042525184,"Mientras esa nave siga dando vueltas, no iremos a ningún lado, Blandito.<br>Así que date prisa y vamos dejar todo muy limpio."
STG_64_3216418ba9ee4b068876b913bb3ccef2,35607727056084992,"¡Uf! Bueno, esa vieja nave destartalada ya no será un problema, Blandito."
STG_65_3216418ba9ee4b068876b913bb3ccef2,35935343428493312,"Bueno, Blandito, mientras te encargas de eso, yo atenderé mis asuntos."
STG_66_9850ab8dd16e4c88acd86a61b4b87604,35935343436881920,"De acuerdo, muchacho, nos vemos en el Monte Dangus para iniciar el verdadero entrenamiento."
STG_67_97cd5e01156b401fb6af882b1854b014,37636387732709376,"Oye, Blandito, en verdad aprecio lo que hiciste..."
STG_68_97cd5e01156b401fb6af882b1854b014,37638091802927104,"... sin embargo, surgió un pequeño problema: ¡parece que aún no formas parte oficialmente del equipo!"
STG_69_97cd5e01156b401fb6af882b1854b014,37638091807121408,"Bueno, ¿por qué no te encargas del papeleo y regresas después? ¡Tienes que volver al campo!"
STG_71_e58baca8b4594c5c8b9ee8eb81f7ecb2,37759772638830592,[Sonidos de masticación].
STG_72_a644546f9bb14ed1bab969e3c0e91ae8,37759772638830593,Creo que noto el sabor...
STG_73_782afe4905044999baa6ba80ab59e5c3,37759772638830594,... ¡Carl!
CRN_Name_69,34136910996692992,Muestra alienígena
CRN_Desc_69,34136911030247424,Yo no lo tocaría si fuera tú...
CRN_Name_70,34136911030247425,Baratija alienígena
CRN_Desc_70,34146163425796096,"Un pequeño dispositivo de contención extraterrestre que contiene algo que parece estar vivo, pero también hostil, así que no te sientas mal por ello."
GN_Name_12,37815043876708352,Nodo de choncoro
GN_Name_13,37815043897679872,Nodo de amirita
GN_Name_14,37815043897679873,Nodo de dankonita
ITM_Attr_461,35944488173035523,{0:+#.##;-#.##;+0} Regeneración de salud de la estructura de eventos del jugador.
ITM_Attr_462,35944488173035521,{0:|+|+|+}{0:percent()} % de reunión créditos de nodo por tarjeta
ITM_Attr_463,35944488173035522,Reunión créditos de nodo por tarjeta x{0:0.##}
ITM_Attr_464,35944488173035524,{0:|+|+|+}{0:percent()} % de recompensa de Rangus y jochos
ITM_Attr_465,35944488173035525,Recompensa de Rangus y jochos x{0:0.##}
ITM_Attr_466,35944488168841216,Salud de la estructura de eventos del enemigo x{0:0.##}
ITM_Attr_467,35944488173035520,Regeneración de salud de la estructura de eventos del enemigo x{0:0.##}
ITM_Attr_468,36192743306592256,{0:+#.##;-#.##;+0} Bandera de movimiento limitado del enemigo
LSB_0,33717200404602880,Compilación de variantes más oscuros [ 2 / 4096 ]
LSB_1,33717200408797184,"Lo siento, estaba en el baño..."
LSB_2,33717200408797185,"Buen trabajo, todos..."
LSB_3,33717200408797186,Los hexágonos siguen siendo los mejores...
LSB_4,33717200408797187,Tan borroso...
LSB_5,33717200408797188,"¡Bum, bebé!"
LSB_6,33717200408797189,Un placer conocerte...
LSB_7,33717200408797190,"No existe el yo en el equipo, pero hay carne..."
LSB_8,33717200408797191,Eres lo que comes...
LSB_9,33717200408797192,Este juego es genial...
LSB_10,33717200408797193,"Rocky, ¡ve a cosechar!"
LSB_11,33717200408797194,Trabajar con la carne es de ensueño...
LSB_12,33717200408797195,"Te damos la bienvenida a Swapmeat, te quiero..."
LSB_13,33717200408797196,¡Hacia el caos de carne!
LSB_14,33717200408797197,Una vez más a la carne...
LSB_15,33717200408797198,El mundo te abastece de combustible...
LSB_16,33717200408797199,Soy una paleta de carne...
LSB_17,33717200408797200,Ven por un poco...
LSB_18,33717200408797201,¿Quieres cambiar carne o qué...?
LSB_19,33717200408797202,También tenemos las carnes...
LSB_20,33717200408797203,Cambia tu carne con los enemigos que derrotes...
LSB_21,33717200408797204,¡El devorador de jochos tiene lo que los mutantes desean!
LSB_22,33717200408797205,Mejorando los gráficos...
LSB_23,33717200408797206,"Nos vemos, chico de carne espacial..."
LSB_24,33717200408797207,Entrada de dopamina...
LSB_25,33717200408797208,"¡Yipi kai yei, hijos de la carne!"
LSB_26,33717200408797209,"Deberíamos poner aquí algunos consejos sobre el juego, ¿o mejor no...?"
LSB_27,33717200408797210,"Todo está tan claro, ¡y sé exactamente adónde ir!"
LSB_28,33717200408797211,Es un día precioso para quedarse en casa...
LSB_29,33717200408797212,Agarra fuerte tus mejillas carnosas...
LSB_30,33717200408797213,Aquí viene el contenido...
LSB_31,33717200408797214,"Intercambia carnes, obtén poderes, increíble..."
LSB_32,33717200408797215,"Tu carne es muy importante para nosotros, espera..."
LSB_33,33717200408797216,"Me ven cargando, esperamos..."
LSB_34,33717200408797217,Es un poco salvaje y un poco extraño...
LSB_35,33717200408797218,Carne perfecta activada...
LSB_36,33717200408797219,Veamos lo que tienes...
LSB_37,33717200408797220,Regresaremos después de estos mensajes...
LSB_38,33717200408797221,Me gustan las tortugas...
LSB_39,33717200408797222,Que comience el juego...
LSB_40,33717200408797223,"De planeta en planeta, con el poder del aluminio..."
LSB_41,33717200408797224,"Rangus tiene las carnes, nosotros los bailes..."
LSB_42,33717200408797225,Hay carne de nuevo en el menú...
LSB_43,33717200408797226,Ningún filete se libra de nosotros...
LSB_44,33717200408797227,"Oh, vaya, ahora sí estamos cocinando..."
LSB_45,33717200408797228,Espera un poco y escucha...
LSB_46,33717200408797229,Tenemos que hablar de tu estilo...
LSB_47,33717200408797230,"Soy un pequeño saco de carne, bajito y robusto..."
LSB_48,33717200408797231,Sean excelentes los unos con los otros...
LSB_49,33717200408797232,"Rangus, ¡está en la carne!"
LSB_50,33717200408797233,"Como te decía, empecé a disparar..."
LSB_51,33717200408797234,Mi leche de rata atrae a todas las ratas al patio...
LSB_52,33717200408797235,Mensaje para tu nave nodriza...
LSB_53,33717200408797236,"A divertirse, amigos..."
LSB_54,33717200408797237,Llegando con fuerza...
LSB_55,33717200408797238,Llamando al Dr. Risa Ciruelas por una emergencia relacionada con la experiencia de usuario...
LSB_56,33717200408797239,¡La carnicería llamó y se quedaron sin TI!
LSB_57,33717200408797240,¡¡¡ES HORA DEL TURBO!!!
LSB_58,33717200408797241,Todos tratamos de encontrar al tipo que está escribiendo esto...
LSB_59,33717200408797242,¡Yo quiero Rangus Meats!
LSB_60,33717200408797243,¡Están intentando atraparme escribiendo QWERTY!
LSB_61,33717200408797244,Cargando OmgQuoteFile.txt...
LSB_62,33717200408797245,"Hasta luego, y gracias por todo..."
LSB_63,33717200408797246,"Nunca te rindas, nunca te des por vencido..."
LSB_64,33717200408797247,Jamás me digas las probabilidades...
LSB_65,33791349307203584,Que empiece la diversión...
MEH_Name_53,19687531120418816,Cabeza de guajolote fisgón
MEH_Name_61,19687531128807424,Cabeza de mosquitero
MEH_Name_73,33737058423312384,Cabeza con protuberancia cerebral
MEH_Name_74,34043328225251328,Cabeza con máscara de Connor O'Malley
MET_Name_195,33737058440089600,Torso flotador encogido
MET_Name_196,34043328225251329,Torso flotador dorado de Carl
PE_Desc_105,32979855038251008,Fábrica de clones alienígena
PE_Desc_106,34098342833979393,Cápsula de clonación alienígena
VO_Transcript_120,35567081859571712,Los tipos con los que tienes que pelear están dopados con salchichas.<br>Vas a sacar los suministros.
VO_Transcript_121,35564579508445184,"Carl dice que necesitas entrenamiento. <br>Así que escucha y no mueras, ¿de acuerdo?"
VO_Transcript_122,35507031359086592,"Mi compadre, el entrenador Dan, te cuidará, así que estás en buenas manos."
VO_SpeakerName_6,33332958671659008,Princesa OmniCarne
WPN_Name_160,33550649413005312,Espátula de operación Quacks
WPN_Name_161,33737062735056896,Truco de pescado
WPN_Name_162,34041999033536512,Espátula dorada
1016690cd2f7490092f4aeab093cec72_109_0,39596777527869441,Contenedores destruidos
1d47360bac994027a98c29d45df2a55b_70_0,42829564557496320,Difusoras destruidas
1d47360bac994027a98c29d45df2a55b_72_0,42829564557496321,Destruye la fábrica.
780b3c462166410cb105383610f867a4_26_0,40699209502720000,.
882c3ea243c1443e95759576b73b2729_110_0,40046892562546689,Tuberías tapadas
c684dd36776f40a7becea5c3a624dec7_111_0,43214497377521665,Artilleroides derrotados
db2e0f5131304464a110d29750997d13_77_0,43614748405653504,Chefs rescatados
e1a978fc518c4eb495acc2987c36bb16_60_0,39648836050518016,Prueba
eebf973a04794126a5f32ebeba654e8e_36_0,42829564469415936,Eliminado
STG_74_354fe9732f974003a3c36d9537d17af2,38614139122212864,¡Me dieron en la torre! ¡Me resbalo!
STG_75_354fe9732f974003a3c36d9537d17af2,38614139126407168,"¡Oh, no!"
STG_76_e58baca8b4594c5c8b9ee8eb81f7ecb2,38614139126407169,"Oh, no... es el Castillo de carne."
STG_77_354fe9732f974003a3c36d9537d17af2,38614139126407170,¡Esto no es normal! ¡Tenemos que salir de aquí!
STG_78_354fe9732f974003a3c36d9537d17af2,38614139126407171,"Ohhh, eso no es bueno."
STG_79_354fe9732f974003a3c36d9537d17af2,38614139126407172,¡Están usando magia de carne en nosotros!
STG_80_354fe9732f974003a3c36d9537d17af2,38614139126407173,"¡Están en el parabrisas!<br>Roxie, ¡¿qué tal la carne nueva?!"
STG_81_354fe9732f974003a3c36d9537d17af2,38614139126407174,"Espera un momento, Cristalito."
STG_82_354fe9732f974003a3c36d9537d17af2,38614139126407175,Se está quebrando...<br>¡salgamos ahora mismo!
STG_83_67ffa4aa801547e08f42ad692cdaa0a5,43573508251312128,"Empieza con el relajo, ¿va?"
STG_83_af11e610266c43dfa34d0537058cd719,43571889296105472,Tienes que bajar y acercarte a ese ADN.
STG_83_e58baca8b4594c5c8b9ee8eb81f7ecb2,43570063645597696,"Ahora bien, que tengas la carne inteligente no significa que tu cerebro lo sea."
ABL_Name_238,42040861960167424,Bomba blandita
ABL_Desc_238,42079388445958144,Lanza una granada que derriba a los enemigos.
ABL_Name_240,42064901517074432,Explosión blandita
ABL_Desc_240,42079388450152448,Empuja a los enemigos cercanos.
ASCR_Desc_0,41108792622964736,Predeterminado
ASCR_Desc_1,41108792631353344,"Los enemigos son resistentes a las <#FFEB04><link=""Keyword:17"">[Condiciones]</link></color> elementales."
ASCR_Desc_2,41108792631353345,Las estructuras aliadas tienen menor salud.
ASCR_Desc_3,41108792631353346,Los jugadores tienen menos salud.
ASCR_Desc_4,41108792631353347,Los enemigos se mueven más rápido.
ASCR_Desc_5,41108792631353348,Se reduce la curación.
ASCR_Desc_6,41108792631353349,Los enemigos atacan más rápido.
ASCR_Desc_7,41108792631353350,Los cazadores llegan antes de tiempo.
ASCR_Desc_8,41108792631353351,Los jugadores reaparecen con menos salud.
ASCR_Desc_9,41108792631353352,Los enemigos tienen más salud.
ASCR_Desc_10,41108792631353353,Se reduce el empuje cuerpo a cuerpo.
CQ_Name_2,41866088349163521,Cebo en el agua
CQ_Desc_2,41848132785397762,"¡Peterium está infestado del peor tipo de piratas, el que ni siquiera tiene una canción propia! Entra, haz lo tuyo, saca el núcleo de carne. El ""cebo"" del título no habla de ti. Probablemente."
CQ_Name_3,41866088349163522,Relájate
CQ_Desc_3,41848132785397764,"Sub Zeroni tiene problemas con el frío, con las criaturas y con la moral. Técnicamente ninguno de estos problemas es asunto tuyo. Tu única preocupación es el núcleo de carne. Lo demás es cuestión del clima."
CQ_Name_4,41866088349163523,Buen momento de Lava
CQ_Desc_4,41848132785397766,"Lava Del Rey es MAGNÍFICA, Blandito. ¡El calor! ¡El brillo! ¡Su entera inestabilidad estructural! Muchos empleados no se atreven a IR, se pierden de mucho (además de que esta relacionado con la tasa de fallecimientos). En mi opinión, es un lugar PERFECTAMENTE razonable para mandar a un empleado."
CQ_Name_5,41866088349163524,Arranquen motores
CQ_Desc_5,41848132785397768,"El Viejo Tangus es tal como parece: grande, feroz y repleto de peligros que quieren detenerte. Muéstrales que tú eres mejor. Obtén el núcleo de carne. Regresa a casa."
CQ_Name_6,41866088349163525,Montaje de entrenamiento
CQ_Desc_6,41848132785397770,"Muchas historias inician con el ascenso a una montaña peligrosa, Blandito. Esta puede ser una de esas historias, o solo puede ser algo laborioso. Aún así, la vas a subir. El núcleo de carne se encuentra allá arriba."
CQ_Name_7,41866088349163526,Frenesí de jochos
CQ_Desc_7,41848132785397772,No dejes que lo diminuto te engañe. El Pequeño Tangus tiene un enorme complejo de inferioridad. Los últimos tres equipos de extracción regresaron confundidos con lo que les pasó. Tú no tendrás problema. Espero.
CQ_Name_8,41866088349163527,Fraken cuate
CQ_Desc_8,41848132785397774,No le tengas miedo al grandullón solo porque se comió un par de planetas.
CQ_Name_9,41866088349163528,Seguro médico v1
CQ_Desc_9,41848132785397776,Rangus ofrece las mejores políticas para sus empleados.
CQ_Name_10,41866088349163529,Seguro médico v2
CQ_Desc_10,43214492713455616,Parte del paquete de compensación para empleados de nivel oro.
CQ_Name_11,41866088349163530,Nunca digas nunca v1
CQ_Desc_11,41848132785397779,"Si al principio no tienes éxito, ¡mejor suerte la próxima vez!"
CQ_Name_12,41866088349163531,Señor del anillo
CQ_Desc_12,41848132785397781,"Los Padres Fundidores pueden ser duros, ¡pero también hacen trampa!"
CQ_Name_14,41866088349163533,Primera Cosecha
CQ_Desc_14,41848132785397785,"¡Bienvenido a Carnes Rangus, peque! Ahora, lo único que se interpone entre tú y el Empleado del Mes es la carne, y lo único que se interpone entre tú y la carne es lo que sea que ande por ahí tratando de arrancarte la cara a mordidas. ¡Así que sal ahí afuera, consigue un núcleo de carne y sácalo de un tirón para que podamos alimentar a la galaxia! ¡Ese es todo el trabajo en pocas palabras!"
CQ_Name_15,41866088349163534,I+D junior de Rangus
CQ_Desc_15,41848132785397787,"Toda nueva contratación de Rangus pasa parte de su primera semana haciendo algo de I+D (eso es ""Investigación y Demolición"" para ti, amiguito). Y hay todo un mundote de violencia…digo, ""investigación"" esperando a ser hecho. Muéstrame de qué eres capaz y veremos lo de mejorar esas armas."
CQ_Name_16,41866088349163535,¡Y mi hacha!
CQ_Desc_16,41848132785397789,"Hay más en esos planetas que solo carne, amiguito… Tráeme una buena carga de minerales y haré que el taller te fabrique una herramienta de excavación muy fina. Estrictamente para la cuidadosa recuperación de reliquias históricas, por supuesto. (Y de cualquier cosa que las esté sosteniendo.)"
CQ_Name_17,41866088349163536,Motosierra arrasadora
CQ_Desc_17,41848132785397791,"¡Esos antiguos gastronautas dejaron un montón de chatarra útil tirada por toda la galaxia! Y Rangus tiene la política de ""el que lo encuentra se lo queda"" que legal ha revisado exactamente cero veces. Tráeme algo de tecnología antigua y te armaré una cosita para hacer el próximo planeta aún más abundante."
CQ_Name_18,41866088349163537,Consciente del estilo
CQ_Desc_18,41848132785397793,"Te ves bien, vale la pena dar uno o dos CONSEJOS más."
CQ_Name_20,41866088349163539,Experimento del científico de carne
CQ_Desc_20,41848132785397797,"Bueno, Blandito, veo que estás juntando recursos como una ardilla que almacena nueces para el invierno. ¡Muy bien!<br><br>Es hora de volverse ese súper blandito que sabemos debes ser."
CQ_Name_22,41866088349163541,El resplandor
CQ_Desc_22,41848132785397801,"¿Sabes qué necesitas para que te noten por aquí? Algo de garra… chispa… ¡estilo! Como esos enemigos que están <i><b>brillando en dorado</i></b>. Ese es el look que queremos para ti. Túmbalos, quédate con su brillo, y pongámosle un poco de destello a ese uniforme."
CQ_Name_24,41866088349163543,Caos mutante v1
CQ_Desc_24,41848132785397805,Puedes aprender una lección de esos mutantes enojados.
CQ_Name_25,41866088349163544,Caos mutante v2
CQ_Desc_25,41848132785397807,"Vaya, esos mutantes son un grupo de gente malhumorada."
CQ_Name_26,41866088349163545,Una vida más para vivir
CQ_Desc_26,41848132785397809,A veces solo necesitas una oportunidad más.
CQ_Name_27,41866088349163546,Franken Funk v1
CQ_Desc_27,41848132785397811,Esos Frankens tienen un sabor especial que los mantiene duros.
CQ_Name_28,41866088349163547,Franken Funk v2
CQ_Desc_28,41848132785397813,Las mejores recetas realmente se marinan en ese sabor Franken.
CQ_Name_36,42875506234744832,Que valga la pena
CQ_Desc_36,42875506259910656,"Mi buen compadre Mike maneja el mejor mostrador de intercambio del sector: tarifas justas, sonrisas justas, número justo de dedos…Creo que podemos convencerlo de montar tienda en la nave de tiempo completo, pero Mike es un hombre de negocios. Demuéstrale que hay buen dinero que sacarte y se va a animar bien rapidito."
CT_Name_1,42477876783542272,Edición del Fundador
CT_Name_2,42477876800319488,Probadores de carne
CT_Name_3,42477876800319489,Basura
CT_Name_4,42477876800319490,Legendario
CT_Name_5,42477876800319491,Edición de cerebro podrido
FL_Name_11,40359174591209472,Estilo de carga vacía
FL_Desc_11,40359174738010112,"Daña mucho más al tipo al que golpeas directamente, pero a cambio de reducir el radio de explosión. La clásica disyuntiva."
FL_Name_12,40990661455896576,Estilo de natación
FL_Desc_12,40990661481062400,"Recuerda, no tienes que ser más rápido que los tiburones en el agua, ¡solo más rápido que tus amigos!"
FL_Name_13,40990661481062401,Estilo de maestro de esbirros
FL_Desc_13,40990661481062402,¿Cuántos esbirros se necesitan para llegar al núcleo carnoso de un planeta? ¿Uno? ¿Dos? ¿Tres?
FL_Name_14,40990661481062403,Estilo de cocinero de hamburguesas
FL_Desc_14,40990661481062404,Todo ese tiempo que volteé hamburguesas fue solo un entrenamiento para este momento. Ahora todo tiene sentido.
INTD_Name_1,38500763108892672,Panel de control
INTD_Action_1,38500763113086976,Interactuar
INTD_Name_2,38514228506648576,Monolito inquietante
INTD_Action_2,38514228510842880,Ofrece carne de pierna
INTD_Action_3,38514228510842881,Ofrece carne de torso
INTD_Name_4,38514228510842882,Electrodoméstico sospechoso
INTD_Action_4,38514228510842883,Intercambia carne al azar
INTD_Action_5,38514228510842884,Ofrece carne de cabeza
INTD_Name_6,38528188916162560,Caja de carga
INTD_Action_6,38528188924551168,Interactúa con la cosita
INTD_Name_7,38529308078104576,Carl Rangus
INTD_Name_8,38529308078104577,Entrenador Dan
INTD_Action_8,38528188924551170,¡Comienza la partida!
INTD_Name_9,38528188924551171,Terminal de estilo
INTD_Name_10,38529308078104578,Terminal de beneficios de empleado
INTD_Action_11,38554421091622912,Monedas comerciales
INTD_Name_12,38528188924551175,Camión
INTD_Action_12,38528188924551176,Repara el camión.
INTD_Name_13,38528188924551177,Terminal definitiva
INTD_Name_14,38528188924551178,Terminal de armas
INTD_Action_15,38554421100011520,Arranca el camión.
INTD_Action_16,38529308078104581,No necesita reparación.
INTD_Action_17,38554421100011521,Habla con el entrenador Dan.
INTD_Action_18,38555847624744960,Abre la puerta.
INTD_Name_19,38555847624744961,Escapa de la escotilla.
INTD_Action_19,38555847624744962,Abierto
INTD_Action_20,38555847624744963,Activa el horno.
INTD_Name_21,38555847624744964,Dispensador de carne
INTD_Action_21,38555847624744965,¿Tienes carne?
INTD_Name_22,38559873686822912,Hamburtrueno
INTD_Action_22,38559873695211520,Prepárese para el lanzamiento
ITM_Name_982,39085048019582976,Tejido de araña
ITM_Name_984,40359174763175936,Carga vacía I
ITM_Name_985,40359174763175937,Carga vacía II
ITM_Name_986,40359174763175938,Carga vacía III
ITM_Name_987,40994790945316864,Cocinero de hamburguesas I
ITM_Name_988,40994790945316865,Maestro de esbirros I
ITM_Name_989,40994790945316866,Nadador I
ITM_Name_990,40994790945316867,Cocinero de hamburguesas II
ITM_Name_991,40994790945316868,Maestro de esbirros II
ITM_Name_992,40994790945316869,Nadador II
ITM_Name_993,40994790945316870,Cocinero de hamburguesas III
ITM_Name_994,40994790945316871,Maestro de esbirros III
ITM_Name_995,40994790945316872,Nadador III
MEH_Desc_60,43539132193894400,Cabeza de carne inteligente normal para todos los empleados.
MEH_Desc_72,43507558438072320,Entregado personalmente por Carl Rangus a quienes fueron los primeros en entrar en combate.
MEH_Desc_73,43507558467432448,El aumento de las lesiones craneales aún no se demuestra.
MEH_Desc_74,43507558467432449,Connor O'Malley cedió los derechos de su imagen a cambio de un suministro de Rangus de por vida. No leyó el contrato.
MEH_Name_75,41673761746227200,Cabeza de piloto de Rangus
MET_Desc_167,43539132223254528,Usado por generaciones de científicos especializados en carne.
MET_Desc_194,43507558467432450,Ese patito vio cosas que te destrozarían.
MET_Desc_195,43507558467432451,Un nostálgico recuerdo de la opción original “Jolly Feast” del menú infantil de Rangus.
MET_Desc_196,43507558467432452,El estilo clásico sigue siendo el mejor.
MET_Name_197,41758238770106368,Torso de piloto de Rangus
PE_Desc_100,42829564599439360,Mutantes del túnel
PE_Desc_109,39596777527869440,Ritmo del taller
PE_Desc_110,40051845133795328,Deten la invocación de la abominación
WPN_Name_163,41673766724866048,El palo de infancia de Carl
WPN_Name_164,41673766800363520,Espátula de piloto de Rangus
WPN_Name_165,41673766888443904,Periódico coleccionable
06ee873104e6457f8fa804beda5d776f_40_0,55920373358587904,Escapa en un hamburtrueno.
0c5e0b437f13418387fcb4fda3255c12_110_0,45428356416528384,Encuentra el pozo de lodo.
45913b0062ba4bedad3d390ead657593_117_0,50485223704264705,Reinicia a Reset.
4a9bef823c604de19b73c9aeafca1d8d_117_0,50485223704264704,Encuentra a Reset.
4c5f937ce7714ef9b521d16bc072a73a_89_0,45789048323694592,¡Llévate carne gratis!
64f797dc3da74b8ea65cf4e2d44341ba_117_0,50485223704264706,¡Reset despega al infinito y más allá!
8c9ba7dccc20445c89cd89d1ba506cc4_88_0,53087326635548672,Cristal protector
98a8f6a25bfa4799901701cb818c0d9a_77_0,50485223666515968,Zorpjets destruidos
a1bfc46fe1a54a509690de1b510631e3_88_0,53087326635548673,Dispara a los cristales para alinearlos.
d041259c46074c00896e43684af48ba9_89_0,45789048327888896,¡Carne gratis!
d0e8fcbdc77f4b76892c67d9ba0008a2_65_0,45428356357808128,Bombillas reventadas
ed78870de0ee4edc9c00f8d0e25bd930_100_0,46164313786580992,Patos derrotados
eebf973a04794126a5f32ebeba654e8e_53_0,45655994116595712,Mosquiteros eliminados
STG_12_29a85a0d1ea943ea96ec6907247dc477,45655991558070272,"Oficialmente, me gustaría anunciar: ¡Feliz cumpleaños!"
STG_84_9850ab8dd16e4c88acd86a61b4b87604,45655991562264576,"Lamento decirte esto, pero esta pelea no es precisamente justa.<br>Verás, estos mutantes se llenan de energía con el jocho bebible."
STG_85_9850ab8dd16e4c88acd86a61b4b87604,45655991562264577,"¡Bien, campeón, para esto has estado entrenando!"
CQ_Desc_37,43895583612592128,A veces solo necesitas dos oportunidades más.
CQ_Name_37,43895583587426304,Dos vidas más por vivir
CQ_Desc_38,43951722278674432,"Si al principio no tienes éxito, ¡mejor agáchate para la próxima!"
CQ_Name_38,43942200277458944,Nunca digas nunca v2.
CQ_Desc_39,43951722278674433,"Si al principio no tienes éxito, ¡sacúdete el polvo e inténtalo otra vez!"
CQ_Name_39,43942200277458945,Nunca digas nunca v3
CQ_Desc_41,44003070172979200,"Conozco esa mirada, Blandito... te acabas de dar cuenta que existe un sistema de rangos. ¡Bien! ¡Sigue mejorando! Tengo un regalito para ti, y lo digo de forma literal, está chiquito."
CQ_Name_41,44003070001012736,Empleado del día
CQ_Desc_42,44007851671150593,"Tenía una foto de ti en el sala de descanso. No es una gran foto pero expresaba tu entusiasmo. No recuerdo qué le paso, pero ¡sigue así! Tiene un premio por algún lado y te lo mereces."
CQ_Name_42,44007851671150592,Empleado de la semana
CQ_Desc_43,44007851671150595,"Muchos empleados deciden renunciar al llegar a este nivel. Aunque el rango 30 es una gran meta, esos compañeros ahora son sándwiches... no fue un castigo, sino una reasignación. Tú eres mejor que un sándwich, Blandito. Espero."
CQ_Name_43,44007851671150594,Empleado del mes
CQ_Desc_44,44007851671150597,"¿Sabes lo que me agrada de ti? Que nunca te detienes. Algunos empleados llegan al rango 30 y quedan satisfechos, pero tú no. Eres increíble. Ahora regresa a trabajar."
CQ_Name_44,44007851671150596,Empleado del año
CQ_Desc_45,44007851671150599,"Si vemos el calendario, has sido un empleado por mucho menos de una década, ¿pero emocionalmente? Llevas décadas repletas de carne. Eso sí, el premio es real."
CQ_Name_45,44007851671150598,Empleado de la década
CQ_Desc_46,44007851671150601,"El premio al Empleado del Siglo solía otorgarse de forma póstuma. Entonces estamos intentando un nuevo enfoque. Harás algo histórico, Blandito. Lo más importante es que harás dinero también."
CQ_Name_46,44007851671150600,Empleado del siglo
CQ_Desc_47,44007851671150603,Nunca...<b><i>ni una sola vez</i></b>... he entregado el premio Empleado del mileno. Tú serías el primero. Piensa en eso. Lo digo en serio. Piensa en eso mientras sigues subiendo de rango.
CQ_Name_47,44007851671150602,Empleado del milenio
CQ_Desc_48,44007851671150605,"Llegamos a ese punto en el que tuve que buscar las palabras para saber su significado. En términos geológicos, una época es muchísimo tiempo. En términos de reconocimiento laboral, significa que eres increíble."
CQ_Name_48,44007851671150604,Empleado de la época
CQ_Desc_49,44007851671150607,Blandito. Compa. Ya se me están terminando los incrementos de tiempo. Un eón es mil millones de años. Ninguna compañía había operador durante mil millones de años. Estamos al borde de las reglas de RH y eso lo respeto.
CQ_Name_49,44007851671150606,Empleado de la era
CQ_Desc_50,44007851671150609,"Lo lograste. Mandé a que hicieran un trofeo con forma de medallón de carne. Tiene grabado tu nombre, solo que no me lo sé, entonces dice ""Blandito"". ¿Verdad que ese es tu nombre? Felicidades. Lo digo desde el corazón."
CQ_Name_50,44007851671150608,El mejor empleado de todos los tiempos
CQ_Desc_51,49303764673224704,"Blandito, al menú acuático no le está yendo nada bien y necesito unas muestras. Agarra esa caña, busca unas fosas de agua y trae todas las presas que atrapes. No preguntes qué es lo que haremos con ellas."
CQ_Name_51,49303764669030400,¡Atrápalos ya!
CQ_Desc_52,50434728753356800,"Sé que ""Fosa de Limo"" no se escucha atractivo, pero tampoco lo es ""producto de carne procesada"" y es el artículo que mejor vende. Confía en el proceso, Blandito. Vamos, ¡a pescar!"
CQ_Name_52,50434728719802368,¡Atrapa aún más!
CQ_Desc_53,50441586511699969,"El departamento de adquisición de Rangus S.A. está compuesto únicamente de ti. No hay presupuesto, ni equipo, ni sustitutos. Por eso sal y desentierra todo mineral que encuentres. No es un problema, sino una oportunidad."
CQ_Name_53,50441586511699968,Cazador de rocas
CQ_Desc_54,50441586511699971,"En Rangus S.A., nos encanta la innovación. También nos encanta la forma en que innovan sus procesos los demás para comprarlo... de forma legal, en mayor parte. Recolecta todo tipo de tecnología antigua que encuentres. Llámalo «competición de investigación»."
CQ_Name_54,50441586511699970,Coleccionista de tecnología
CQ_Name_55,51528551927635968,Franken cuate v2 (Estándar)
CQ_Name_56,51548701930283008,Franken cuate v3 (Difícil)
CQ_Name_57,51548701934477313,Franken cuate v4 (Pesadilla)
CQ_Name_58,51548701934477315,Señor del anillo v2 (Estándar)
CQ_Name_59,51558077172801537,Señor del anillo v3 (Difícil)
CQ_Name_60,51558077172801538,Señor del anillo v4 (Pesadilla)
CQ_Desc_61,51597951024226304,"¿Qué pasa, blandito? ¿Quieres sumergirte en lo desconocido y descubrir qué es lo que hay? ¡Suena bien!"
CQ_Name_61,51597950990671872,Poder de otro mundo v1
CQ_Desc_62,55501898636431360,"¡Mira, lo lograste! ¿Quieres intentarlo de nuevo?"
CQ_Name_62,51597951024226305,Poder de otro mundo v2 (Estándar)
CQ_Desc_63,55501898653208576,"¡Vaya, vaya! ¡Te estás volviendo muy bueno en esto!"
CQ_Name_63,51597951024226306,Poder de otro mundo v3 (Difícil)
CQ_Desc_64,55501898653208577,"Bueno, ahora siento algo indescriptible. ¿Será orgullo? ¡Bien hecho, blandito!"
CQ_Name_64,51597951024226307,Poder de otro mundo v4 (Pesadilla)
CQ_Desc_65,53001828336394240,Termina el juego en dificultad Medio para desbloquear un mayor desafío y mejores recompensas.<br><br>Recompensas:<br><b>Desbloquea la dificultad Picante en el Mapa galáctico<br>5 monedas de Carl</b>
CQ_Name_65,53001828328005632,Que suba la temperatura
CQ_Desc_66,53001828336394242,Termina un sistema en dificultad Picante para desbloquear un mayor desafío y aún más recompensas.
CQ_Name_66,53001828336394241,A la altura del desafío
CQ_Desc_67,53001828336394244,Termina un sistema en dificultad Ardiente para desbloquear la emocionante dificultad Pesadilla.
CQ_Name_67,53001828336394243,Libera tu pesadilla
CQ_Desc_68,53001828336394246,La pesadilla no es el final...
CQ_Name_68,53001828336394245,Esto ya es crueldad
CQ_Desc_69,53040012592144384,"No se recomienda el uso del Lanzagranadas en espacios cerrados, ¿pero alguien que completa 250 directivas principales con una? Ese es alguien que tiene la vida resuelta."
CQ_Name_69,53040012566978560,Dominio explosivo: Lanzagranadas
CQ_Desc_70,53046729770000384,"La Magnum no necesita presentaciones. Su imagen lo dice todo ""Aquí estoy y hablo en serio"". Docientas cincuenta directivas principales. El arma habla por sí sola."
CQ_Name_70,53046729765806080,Dominio explosivo: Mágnum
CQ_Desc_71,53046729770000386,"Un buen empleado conoce sus herramientas, pero un excelente empleado las domina. Muéstrame lo que puede hacer una pistola, Blandito. Estaré atento."
CQ_Name_71,53046729770000385,Dominio explosivo: Pistola
CQ_Desc_72,53046729770000388,"El Cañón de plasma era mi preferida cuando estaba en el campo. Elegante, eficiente, sin motivo alguno para un combate cuerpo a cuerpo. Docientos cincuenta directivas principales, veamos si tienes madera para ello."
CQ_Name_72,53046729770000387,Dominio explosivo: Lanzador de plasma
CQ_Desc_73,53046729770000390,"El Cañón de riel exige paciencia, precisión e ignorar por completo el daño colateral."
CQ_Name_73,53046729770000389,Dominio explosivo: Cañón de riel
CQ_Desc_74,53046729770000392,"El Rifle es la viaje confiable. Sin presumir, siempre presente. Algunos empleados dejan de lado al rige. Están equivocados. Doscientos cincuenta directivas principales, que muestren respeto."
CQ_Name_74,53046729770000391,Dominio explosivo: Rifle
CQ_Desc_75,53046729770000394,Tengo un tipo específico de empleados que piden el Lanzacohetes. ¿Sabes que tienen todos en común? Generan resultados.
CQ_Name_75,53046729770000393,Dominio explosivo: Lanzacohetes
CQ_Desc_76,53046729770000396,"La Escopeta es una filosofía, Blandito. Amplia, enfocada. Nunca deja preguntas sin responder. 250 directivas principales, Blandito. Espero que te entusiasme."
CQ_Name_76,53046729770000395,Dominio explosivo: Escopeta
CQ_Desc_77,53046729770000398,Como dice SMG: «Tengo mucho que decir entonces lo haré rapidísimo». Respeto esa energía. Veamos qué tan rápido puedes cumplir las directivas principales.
CQ_Name_77,53046729770000397,Dominio explosivo: metralleta
CQ_Desc_79,54162277236989952,"Rangus prefiere un empleado completo, peque... y ""completo"" en este departamento significa fluido en artillería. Consíguete una de cada arma y métele unas buenas horas de fuego real a cada una. Quiero tu nombre en la pared del campo de tiro antes de la próxima revisión trimestral."
CQ_Name_79,54162277232795648,Especialista en armas
CQ_Desc_80,54162277236989954,"Blandito, estoy revisando tus cifras de intercambio y no sé si es un don o una enfermedad, pero eres un prodigio. Sigue así. Veamos qué tan alto puede llegar ese número. ¡Por la ciencia! Y por motivos que no puedo revelar a RH."
CQ_Name_80,54162277236989953,Carne élite
CQ_Desc_81,55545539754713088,"El nivel Medio es el orden sensato, Blandito: suficiente picante para mantenerte en cintura, pero no tanto como para que la galaxia te coma vivo. Es una forma totalmente válida de jugar. Rangus Corp apoya el equilibrio entre vida y trabajo. Casi siempre."
CQ_Name_81,55545539725352960,Viaje a otro mundo (Medio)
CQ_Desc_82,55545539754713090,"Picante. Un peldaño más allá de lo que recomienda la casa, para cuando las partidas fáciles ya no te quitan el sueño. Ni muy suave ni muy angustiante, y exactamente tan peligroso como cubre la exención de responsabilidad. Anda, échate una partida."
CQ_Name_82,55545539754713089,Viaje a otro mundo (Picante)
CQ_Desc_83,55545539754713092,"Ardiente. Yo corría en Ardiente allá en mis días de campo y no lo disfruté. Pero lo respeto muchísimo. Si vuelves de esta, tú y yo vamos a tener una charla seria sobre tu futuro aquí."
CQ_Name_83,55545539754713091,Viaje a otro mundo (Ardiente)
CQ_Desc_84,55545539754713094,"No te mentiré, no suelo mandar a los empleados al modo Pesadilla. Tendrás que ir por tu cuenta bajo ti propio riesgo. Solo quería decirte que no me agrada del todo la idea."
CQ_Name_84,55545539754713093,Viaje a otro mundo (Pesadilla)
CQ_Desc_85,55558274366300160,Parte del paquete de compensación para empleados de nivel platino.
CQ_Name_85,55558274362105856,Seguro médico v3
CQ_Desc_86,55558274366300162,Parte del paquete de compensación para empleados de nivel diamante.
CQ_Name_86,55558274366300161,Seguro médico v4
CRT_Name_79,51047531965874176,Robogolpeador
FL_Desc_15,46870603473346560,"Resulta que te mueres cuando te quedas sin salud, ¡así que esta es una muy buena opción!"
FL_Name_15,46870603385266176,Estilo saludable
FL_Desc_16,46883763408330753,¡Protege la carne del rival que debes aniquilar!
FL_Name_16,46883763408330752,Estilo protector de carne
FL_Desc_17,46883763408330755,¡Eleva tus partes carnívoras a nuevas alturas!
FL_Name_17,46883763408330754,Estilo de habilidad de la carne
FL_Desc_18,46885823956639745,"Si te encantan las pistolas de plasma, los lanzacohetes o los lanzagranadas, ¡esto es para ti!"
FL_Name_18,46885823956639744,Estilo de proyectiles
FL_Desc_19,48008300480946176,¡Para aquellos que disfrutan de los tiroteos a corta distancia!
FL_Name_19,48008300439003136,Estilo para espacios reducidos
FL_Desc_20,48008300480946178,¡Para los que disfrutan de los tiroteos a larga distancia!
FL_Name_20,48008300480946177,Estilo de gran alcance
FL_Desc_21,48280725869289472,Tus adversarios están a punto de vivir una experiencia verdaderamente electrizante. Resistirse es inútil.
FL_Name_21,48280725852512256,Estilo de relámpago
FL_Desc_22,48280725869289474,Algunas carnes pensantes solo quieren ver el mundo arder... ¿Acaso tú también?
FL_Name_22,48280725869289473,Estilo incendiario
FL_Desc_23,48280725869289476,¡El hombre de hielo está aquí!
FL_Name_23,48280725869289475,Estilo de escarcha
FL_Desc_24,48280725869289478,Con esto tendrás tanta energía cinética que serás una infracción en movimiento constante.
FL_Name_24,48280725869289477,Estilo cinético
FL_Desc_25,48280725869289480,"¡Es hora del limo, mi gente! ¡A embarrarnos!"
FL_Name_25,48280725869289479,Estilo de salpicadura
FL_Desc_26,49039579058003968,¡Reduce el número de exploradores enemigos que aparecen alrededor de tu ubicación!
FL_Name_26,49034010737762304,Estilo de operación encubierta
GN_Interact_10,45348014892507137,extraer cuadricodificador
GN_Interact_11,45348014896701440,extraer condensador de flujo
GN_Interact_7,45348014867341312,extraer inversor de iones
GN_Interact_9,45348014892507136,extraer conector U
HE_Desc_141,48598979615645696,Inflige un 10 % de daño adicional.
HE_Desc_142,48628778992132096,Inflige un 15 % de daño adicional.
HE_Desc_143,48628778992132097,Inflige un 20 % de daño adicional.
HE_Desc_144,51141421334257664,"Causa el efecto <#FFEB04><link=""Keyword:4"">[Congelado]</link></color> durante 12 s."
INTD_Action_23,44223548842041344,Ver el Mapa galáctico
INTD_Name_23,44223548833652736,Mapa galáctico
INTD_Action_24,47629102572404736,Lanzar transbordador
ITM_Attr_66,17438567620927660,{0:|+|+|+}{0:percent()} % exploradores enemigos cerca de tu ubicación
ITM_Name_1010,46870603527872512,Saludable I
ITM_Name_1011,46870603527872513,Saludable II
ITM_Name_1012,46870603527872514,Saludable III
ITM_Name_1013,46881725060472832,Proyectil I
ITM_Name_1014,46881725064667136,Habilidad de carne I
ITM_Name_1015,46881725064667137,Escudo de carne I
ITM_Name_1016,46881725064667138,Proyectil II
ITM_Name_1017,46881725064667139,Habilidad de carne II
ITM_Name_1018,46881725064667140,Escudo de carne II
ITM_Name_1019,46881725064667141,Proyectil III
ITM_Name_1020,46881725064667142,Habilidad de carne III
ITM_Name_1021,46881725064667143,Escudo de carne III
ITM_Name_1022,48008300573220864,Largo alcance I
ITM_Name_1023,48008300573220865,Largo alcance II
ITM_Name_1024,48008300573220866,Largo alcance III
ITM_Name_1025,48008300573220867,Combate cercano I
ITM_Name_1026,48008300573220868,Combate cercano II
ITM_Name_1027,48008300573220869,Combate cercano III
ITM_1028_HE_0,48628779042463744,Al infligir daño a un objetivo [Electrificado]
ITM_Name_1028,48280725907038208,Relámpago I
ITM_Name_1029,48280725907038209,Relámpago II
ITM_Name_1030,48280725907038210,Relámpago III
ITM_1031_HE_0,48628779042463745,Al infligir daño a un objetivo [Ardiendo]
ITM_Name_1031,48280725907038211,Incendiario I
ITM_Name_1032,48280725907038212,Incendiario II
ITM_Name_1033,48280725907038213,Incendiario III
ITM_1034_HE_0,48628779042463746,Al infligir daño a un objetivo [Congelado]
ITM_Name_1034,48280725907038214,Quemadura de frío I
ITM_Name_1035,48280725907038215,Quemadura de frío II
ITM_Name_1036,48280725907038216,Quemadura de frío III
ITM_1037_HE_0,48628779042463748,Al infligir daño a un objetivo [Tambaleante]
ITM_Name_1037,48280725907038217,Cinética I
ITM_Name_1038,48280725907038218,Cinética II
ITM_Name_1039,48280725907038219,Cinética III
ITM_1040_HE_0,48598979758252032,Al infligir daño a un objetivo [Embarrado]
ITM_Name_1040,48280725907038220,Salpicadura I
ITM_Name_1041,48280725907038221,Salpicadura II
ITM_Name_1042,48280725907038222,Salpicadura III
ITM_Name_1043,49034011132026880,Operaciones encubiertas I
ITM_Name_1044,49034011132026881,Operaciones encubiertas II
ITM_Name_1045,49034011132026882,Operaciones encubiertas III
ITM_Attr_476,51150823332241417,{0:+#.##;-#.##;+0} Regeneración de salud del minijefe
ITM_Attr_477,51150823332241418,{0:|+|+|+}{0:percent()} % de regeneración de salud del minijefe
ITM_Attr_478,51150823332241419,Regeneración de salud del minijefe x {0:0.##}
ITM_Attr_479,51150823332241408,{0:+#.##;-#.##;+0} Velocidad de ataque del minijefe
ITM_Attr_480,51150823332241409,{0:|+|+|+}{0:percent()} % de velocidad de ataque del minijefe
ITM_Attr_481,51150823332241410,Velocidad de ataque del minijefe x {0:0.##}
ITM_Attr_482,51150823332241411,{0:+#.##;-#.##;+0} Daño del minijefe
ITM_Attr_483,51150823332241412,{0:|+|+|+}{0:percent()} % de daño del minijefe
ITM_Attr_484,51150823332241413,{0:0.##}x Daño del minijefe
ITM_Attr_485,51192819124002824,{0:+#.##;-#.##;+0} Resistencia cinética
ITM_Attr_486,51192819124002825,{0:|+|+|+}{0:percent()}% de resistencia cinética
ITM_Attr_487,51192819124002826,Resistencia cinética x {0:0.##}
ITM_Attr_488,51192819124002818,{0:+#.##;-#.##;+0} Resistencia al fuego
ITM_Attr_489,51192819124002819,{0:|+|+|+}{0:percent()}% de resistencia al fuego
ITM_Attr_490,51192819124002820,Resistencia al fuego x {0:0.##}
ITM_Attr_491,51192819124002821,{0:+#.##;-#.##;+0} Resistencia al hielo
ITM_Attr_492,51192819124002822,{0:|+|+|+}{0:percent()} % de resistencia al hielo
ITM_Attr_493,51192819124002823,Resistencia al hielo x {0:0.##}
ITM_Attr_494,51192819115614208,{0:+#.##;-#.##;+0} Resistencia eléctrica
ITM_Attr_495,51192819124002816,{0:|+|+|+}{0:percent()} % de resistencia eléctrica
ITM_Attr_496,51192819124002817,Resistencia eléctrica x {0:0.##}
ITM_Attr_497,51192819128197120,{0:+#.##;-#.##;+0} Resistencia al limo
ITM_Attr_498,51192819128197121,{0:|+|+|+}{0:percent()} % de resistencia al limo
ITM_Attr_499,51192819128197122,Resistencia al limo x {0:0.##}
ITM_Attr_500,51228348767989760,Daños de destrucción del tubo de Frankenjoles
ITM_Attr_501,51228348763795458,Salud de la estructura del jefe x {0:0.##}
ITM_Attr_502,51228348763795459,Daño en punto débil del jefe x {0:0.##}
ITM_Attr_503,51228348763795456,Velocidad de movimiento del jefe x {0:0.##}
ITM_Attr_504,51228348751212544,Cantidad de esbirros del jefe x {0:0.##}
ITM_Attr_505,51228348763795457,Tiempo de aparición de carne estática del jefe x {0:0.##}
ITM_Attr_506,54003789702397952,{0:|+|+|+}{0:percent()}% de probabilidad de aparición de carne
LSB_66,44278023992631296,La leyenda continúa...
LSB_67,49081405366329344,Rangus Meats no se hace responsable del mal uso de sus productos...
LSB_68,49081405366329345,Rangus Meats. Salvamos la galaxia. De nada...
MEH_Desc_14,44292824242688000,"¿Olvidaste algo? La próxima vez, sujétalo bien."
MEH_Desc_48,44292824276242432,¿Quién quiere su calaverita?
MEH_Desc_49,44292824276242433,¡Ay nanita! ¿De dónde sacaste esa…? Mejor no quiero saber.
MEH_Desc_50,44292824276242434,A todos les encantan los regalos que dejas.
MEH_Desc_51,44292824276242435,¡ESTÁS HACIENDO SALSA SIN GRUMOS!
MEH_Desc_53,44292824276242436,Esto no puede ser higiénico.
MEH_Desc_54,44292824276242437,¿Quién es tu papi?
MEH_Desc_55,44292824276242438,"Shuriken, shuriken, shuriken, ¡guau!"
MEH_Desc_56,44292824276242439,"Tu cara tiene brazos. En otro juego, eso no parecería correcto."
MEH_Desc_57,44292824276242440,Incluye una torreta aérea sin costo adicional.
MEH_Desc_58,44292824276242441,¿Tu cabeza es el cohete? ¿Cómo funciona eso?
MEH_Desc_59,44292824276242442,"¡Arrr, contemplen el rostro que hundió mil barcos!"
MEH_Desc_61,44292824276242443,El mundo es tu escupidera. Disfrútalo.
MEH_Desc_62,44292824276242444,Uno pensaría que el ojo estuviera arriba. Pero no.
MEH_Desc_63,44292824276242445,Control terrestre a Carne Principal...
MEH_Desc_64,44292824276242446,"Esto es muy asqueroso, incluso para nosotros."
MEH_Desc_65,44292824276242447,"¿Cuántas cabezas podría quebrar un cabeza dura, si un cabeza dura quebrara cabezas?"
MEH_Desc_66,44292824276242448,"Sí, todo es de carne. ¿Alguna otra pregunta?"
MEH_Desc_67,44292824276242449,"Para comprender al extraterrestre, debemos pensar como el extraterrestre."
MEH_Desc_68,44292824276242450,Lanza la bola a la bola.
MEH_Desc_69,44292824276242451,"El rostro que solo una madre podría amar... no, ni ella."
MEH_Desc_70,44292824276242452,Desata la destrucción.
MEH_Desc_71,44292824276242453,¡Aviéntalo! ¡Aviéntalo ya!
MEH_Desc_75,44292824276242454,¿Quién es el pequeñito que está ahí? Mejor no hacer preguntas.
MEL_Desc_35,44292824276242455,¡A toda velocidad!
MEL_Desc_36,44292824276242456,"Flota como una mariposa, aniquila como una abeja asesina furiosa."
MEL_Desc_37,44292824276242457,"Quema el asfalto, aplasta a los débiles."
MEL_Desc_38,44292824276242458,Atrévete a saltar edificios pequeños con dos brincos.
MEL_Desc_39,44292824276242459,Camina por el aire como si fuera sólido.
MEL_Desc_40,44292824276242460,"Apto para tierra o mar, informal o formal."
MEL_Desc_41,44292824276242461,¡Argh! ¿quién osa admirar mis poderosos muslos?
MEL_Desc_42,44292824276242462,Posible y literalmente usado por generaciones pasadas.
MEL_Desc_43,44292824276242463,"Dije que eres medio creepy, no un creep total. Hay una diferencia, aunque mínima."
MEL_Name_43,19687531128807427,Piernas de trepador
MEL_Desc_44,44292824276242464,Aquí nadie mira hacia abajo. Probablemente sea lo mejor.
MEL_Name_44,19687531128807428,Piernas de cíclope
MEL_Desc_45,44292824276242465,Probado en combate y con el sello de Carl.
MEL_Desc_46,44292824276242466,¿Qué tal el clima allá arriba?
MEL_Desc_47,44292824276242467,¡Qué topo tan adorable!
MEL_Desc_48,44292824276242468,¿Por qué sigues caminando como un tonto?
MEL_Desc_49,44292824276242469,"Sí, es carne. Todo es de carne. Ya lo hemos hablado."
MEL_Name_49,19687531128807429,Piernas de piloto de corredor de Tangus
MET_Desc_153,44292824276242470,"¡Uuuuh, qué miedo!"
MET_Desc_154,44292824276242471,Tú eres lo que te hace explotar.
MET_Desc_157,44292824276242472,¡Incluye gumbo gratis! (Oferta no válida en algunos planetas).
MET_Desc_158,44292824276242473,"¡Gíralas, papi!"
MET_Desc_162,44292824276242474,¿De dónde vienen las espadas? ¿Quién sabe?
MET_Desc_164,44292824276242475,¿Quién tiene cohetes? ¡Tú tienes cohetes!
MET_Desc_166,44292824276242476,"¡Arrr, observen mis grandes bíceps!"
MET_Desc_178,44292824276242477,¡Zip y zap!
MET_Name_178,19687531133001729,Torso de mosquitero
MET_Desc_183,44292824276242478,"Algunos juegos solo ponen ojos en las cabezas, ¡pero nosotros no!"
MET_Desc_187,44292824276242479,"Suelta adorables bombas andantes. ¡Clic, clac, BOOM!"
MET_Desc_189,44292824276242480,Clásico.
MET_Desc_191,44292824276242481,Absorbe a tus enemigos hasta la última gota.
MET_Desc_193,44292824276242482,¡Servicio de entrega de donas alienígenas!
MET_Name_193,19687531133001730,Torso de zorpjet
MET_Desc_197,44292824276242483,Usado por los mejores de los mediocres.
PE_Desc_25,45470492428066816,Amerizaje
PE_Desc_54,45470492470009856,Robo del tesoro
PE_Desc_116,56885979705540608,¡Alinea los cristales!
PF_Name_49,43898315618639872,Reaparición 1.2
PF_Name_50,43942200373927936,Reaparición saludable 1.2
PF_Name_51,43942200378122240,Reaparición saludable 1.3
PF_Name_52,51528552074436608,Franken frito v2
PF_Name_53,51548702039334912,Franken frito v3
PF_Name_54,51548702039334913,Franken frito v4
PF_Name_55,51548702039334914,Exámenes parciales del lunes por la noche v2
PF_Name_56,51497077471961092,Exámenes parciales del lunes por la noche v3
PF_Name_57,51497077471961093,Exámenes parciales del lunes por la noche v4
PF_Name_58,51597951263301632,Sistema aleatorio v1
PF_Name_59,51597951263301633,Sistema aleatorio v2
PF_Name_60,51597951263301634,Sistema aleatorio v3
PF_Name_61,51597951263301635,Sistema aleatorio v4
PF_Name_62,53001828437057536,Rangos de ascensión
PF_Name_63,53001828437057537,Dificultad Ardiente
PF_Name_64,53001828437057538,Dificultad Pesadilla
PF_Name_65,53001828437057539,Dificultad Picante
PF_Name_66,55558274441797632,Seguro médico 1.3
PF_Name_67,55558274441797633,Seguro médico 1.4
SS_BossName_2,45462395923980288,Los Padres Fundidores
TPUP_Desc_1_0,54070344137302016,"¡Ahora puedes usar la <color=#FF3667>Terminal galáctica</color> para cambiar de destino!<br>Cada vez que desbloquees un nuevo sistema, estará disponible aquí.<br>También puedes usarlo para ajustar la <color=#FF3667>dificultad</color> del juego."
TPUP_Desc_2_0,54070344145690624,"No puedes detenerlos; solo puedes retrasarlos.<br><br><color=#FF3667>Completa directivas para hacerlos retroceder</color>, incluso después de que llegan. Si descuidas tus directivas, se <color=#FF3667>enfurecen</color> y ganan enormes cantidades de <color=#FF3667>salud</color>, <color=#FF3667>daño</color> y <color=#FF3667>velocidad</color>. Mantente en la tarea y podrás obligarlos a replegarse."
TPUP_Desc_2_1,54070344145690625," Al llegar, los Cazadores se vuelven <color=#FF3667>enfurecidos</color>, lo que hace que escapar sea casi imposible. <br><br>No quieres que se enfurezcan. Ya te advertí."
TPUP_Desc_2_2,54070344145690626,"Tras llegar, los Cazadores pronto se vuelven <color=#FF3667>enfurecidos</color>, lo que dificulta al máximo escapar.<br> Aún es posible <color=#FF3667> desaparecer</color> Cazadores enfurecidos al cumplir directivas, pero eso es jugársela mucho."
TPUP_Desc_3_0,54070344145690627,"¡Ahora tienes acceso a la <color=#FF3667>Terminal de estilos</color>!<br><br>Lleva hasta 3 prendas de estilo a tu partida para obtener <color=#FF3667>mejoras especiales</color>. Cada accesorio tiene una función diferente, ¡así que colecciónalos todos para adaptarlos a tu estilo de juego!"
TPUP_Desc_4_0,54089774091198464,"¡Ahora tienes acceso a los <color=#FF3667>Rangos de Ascenso</color>!<br><br>Solo disponible en la <color=#FF3667>dificultad Pesadilla</color>, activa esta opción para agregar modificadores de dificultad a cada nivel."
TPUP_Desc_5_0,55533248523001856,¡Ahora tienes acceso a la <color=#FF3667>Terminal de beneficios del empleado</color>!<br><br> • Reclama esas prestaciones <br> • ¡NO se brinda cobertura a los dependientes!
TPUP_Desc_6_0,55533248523001858,<color=#FF3667>Los depósitos minerales</color> ahora aparecen en tu <color=#FF3667>brújula</color>.<br>Encuéntralos para recolectar valiosos <color=#FF3667>recursos</color> para crear y comerciar.
TPUP_Desc_7_0,55533248523001860,<color=#FF3667>Los gastronautas antiguos</color> ahora aparecen en tu <color=#FF3667> brújula</color>.<br>Encuéntralos para recolectar valiosos <color=#FF3667>recursos</color> para crear y comerciar.
TPUP_Desc_8_0,55533248523001862,<color=#FF3667>Las fosas de pesca</color> ahora aparecen en tu <color=#FF3667>brújula</color>.<br>Encuéntralas para recolectar valiosos <color=#FF3667>recursos</color> para crear y comerciar.
TPUP_Desc_9_0,55533248523001863,¡Ahora tienes acceso a la <color=#FF3667>Terminal definitiva</color>!<br><br>Accede a la terminal para desbloquear <color=#FF3667>poderosas habilidades</color> y úsalas en tus partidas.
TPUP_Desc_10_0,55533248523001864,La <color=#FF3667>Terminal de armas</color> se encuentra junto al campo de tiro.<br><br> • Desbloquea nuevas armas<br> • Aumenta el rango de tu arma para obtener puntos de rango.<br> • Asigna puntos de rango para mejorar el poder de las armas<br> • Prueba las armas en el campo de tiro.
TPUP_Title_2_0,54078995149348865,Temporizador de caza
TPUP_Title_6_0,55533248523001857,Minería
TPUP_Title_7_0,55533248523001859,Usar la motosierra
TPUP_Title_8_0,55533248523001861,Pesca
VO_Transcript_123,45655991566458880,"Cuando estés listo para pelear, ven al ring y búscame."
VO_Transcript_125,55603792934895616,"¡Oye, por aquí! ¡Reset necesita ayuda!"
VO_Transcript_126,55603792968450048,Destruye esos generadores para derribar el escudo.
VO_Transcript_127,55603792968450049,"Calipso parece distraído, así que Reset seguirá adelante."
VO_Transcript_128,55603792968450050,Reset está en problemas. ¿Podrías echarle una mano?
VO_Transcript_129,55603792968450051,Quizás nos veamos luego. ¡Adiós!
VO_Transcript_130,55603792968450052,Gracias por tu ayuda. 
VO_Transcript_131,55603792968450053,¿Ves esas grandes cabezas de piedra?
VO_Transcript_132,55603792968450054,¡Tíralos a las tuberías para estropear los generadores!
VO_Transcript_133,55603792968450055,¡Lo estás consiguiendo! ¡Sigue así!
70251a9670894e1685d2b10b35d46f9c_54_0,63562852086874112,Encuentra el cofre del tesoro
CQ_Name_87,60548818372911104,Destructor de mundos
CQ_Desc_87,60548818398076928,"Blandito. Veinticinco planetas. Necesito que evacues veinticinco planetas. Le dije a toda la tripulación que este plan ya está en vigor. Les dije que todo va bien, por lo que necesitamos empezar."
CQ_Name_88,60548818398076929,Destructor de mundos v2
CQ_Desc_88,60548818398076930,"Cincuenta planetas. Mira, es posible que ya le haya dicho a alguien que alcanzaste cincuenta. No recuerdo por qué lo dije, pero así fue. Ya están enterados, entonces necesito que sí llegues a esa cifra."
CQ_Name_89,60548818398076931,Destructor de mundos v3
CQ_Desc_89,60548818398076932,Evacuaste setenta y cinco planetas. El departamento de viajes registró tu logro. Resulta que EXISTE una tabla de liderazgo y ya apareces en ella. Estás entre los mejores diez.
CQ_Name_90,60548818398076933,Destructor de mundos v4
CQ_Desc_90,60548818398076934,"Fui a una cena y puede ser que haya hecho ciertos comentarios... sobre ti y tus cifras de evacuación. Son cifras altas. Todos en la cena quedaron impresionados y necesito que se vuelvan realidad. Ten encargo cien planetas, Blandito. Por fa."
CQ_Name_91,60548818398076935,Destructor de mundos v5
CQ_Desc_91,60548818398076936,Una vez di un discurso en una conferencia de la industria. Mencioné tu nombre y una cifra. También comenté que esa cifra ya se había conseguido y que eras el mejor evacuador en la historia de Rangus S.A. La audiencia aplaudió y no puedo dejar de pensar en ello. Ciento cincuenta planetas.
CQ_Name_92,64263989754847232,Ese pez vino de la luna
CQ_Desc_92,64263989780013056,"Nuestras ofertas lunares son un misterio, incluso para mí, que soy el que las vende. ¿Por qué no investigas por mí? Encuentras las fosas lunares, atrapa lo que hay ahí y avísame. Esta es una investigación. Sí, una investigación."
CQ_Name_93,64263989780013057,Máquina de pesca
CQ_Desc_93,64263989780013058,"Mira, Blandito, pescar en una fosa de lodo no es nada glamoroso, pero estás hecho de carne, y eso tampoco lo es. Entonces así nos tocó vivir. Atrapa todo, usa guantes. Espero."
CQ_Name_94,64263989780013059,Pescador omnipotente
CQ_Desc_94,64263989780013060,"El pescado de la fosa de salmuera es nuestro platillo más exclusivo del menú. Los clientes pagan el triple por ello y no entienden por qué. Ni yo lo entiendo, y está bien. Atrapa todo sin caerte."
CRN_DetailTitle_4,63842973337509888,FORMAS DE OBTENER:
CRN_Detail_4,63842973312344064,Sube de rango como empleado de Rangus
CRN_Detail_7,63842973337509889,Al completar directivas principales<br>Al completar directivas secundarias
CRN_Detail_26,63842973337509890,Los puntos se obtienen al completar las directivas secundarias.
CRN_Detail_28,63911671972749312,Completando la pelea contra el jefe Frankenvania
CRN_Detail_29,63911671993720832,Completa los planetas de la facción Franken
CRN_Detail_30,63911671993720833,Completa la pelea contra el jefe Exámenes parciales del lunes por la noche
CRN_Detail_31,63911671993720834,Completa planetas de la facción mutante
CRN_DetailTitle_32,63842973337509892,ENCONTRADO EN:
CRN_Detail_32,63842973337509891,Fosas de agua
CRN_Desc_37,63842973337509893,"¡Oh, Dios mío! ¿Qué demonios pescamos?"
CRN_Detail_37,63842973337509894,Fosas de limo
CRN_Desc_38,63842973337509895,"Hace tiempo, era un pez normal, pero después de años de exposición a los desechos de una fábrica de jochos bebibles, se convirtió en esto."
CRN_Desc_39,63842973337509896,"Hasta el día de hoy, nadie sabe con certeza de dónde sacan los esnórqueles. ¿Quizás nacieron con ellos? ¿Quizás sea por practicar esnórquel?"
CRN_Desc_40,63842973337509897,"Oye, te echo un tentáculo. ¡Hoy por ti y mañana por mí!"
CRN_Desc_41,63842973337509898,¡Atrapar uno de estos peces siempre nos pone la piel de gallina por la emoción de la captura!
CRN_Detail_42,63842973337509899,Nodos minerales de nivel 2<br>Dificultad Medio o superior<br>Comerciante Mike (Rango de empleado 5+)
CRN_Detail_43,63842973341704192,Nodos minerales de nivel 1<br>Dificultad Medio o superior<br>Comerciante Mike
CRN_Detail_44,63842973341704193,Gastronautas de nivel 1<br>Dificultad Medio o superior<br>Comerciante Mike
CRN_Detail_45,63842973341704194,Gastronautas de nivel 2<br>Dificultad Medio o superior<br>Comerciante Mike (Rango de empleado 5+)
CRN_Detail_46,63842973341704195,Puedes obtenerlos al completar las directivas principales.
CRN_Detail_48,63842973341704196,Nodos minerales de nivel 3<br>Dificultad Picante o superior<br>Comerciante Mike (Rango de empleado 10+)
CRN_Detail_49,63842973341704197,Nodos minerales de nivel 4<br>Dificultad Ardiente o superior<br>Comerciante Mike (Rango de empleado 15+)
CRN_Detail_50,63842973341704198,Nodos minerales de nivel 5<br>Dificultad Pesadilla o superior<br>Comerciante Mike (Rango de empleado superior a 20)
CRN_Detail_51,63842973341704199,Gastronautas de nivel 3<br>Dificultad Picante o superior<br>Comerciante Mike (Rango de empleado 10+)
CRN_Detail_52,63842973341704200,Gastronautas de nivel 4<br>Dificultad Ardiente o superior<br>Comerciante Mike (Rango de empleado 15+)
CRN_Detail_53,63842973341704201,Gastronautas de nivel 5<br>Dificultad Pesadilla o superior<br>Comerciante Mike (Rango de empleado superior a 20)
CRN_Desc_54,63842973341704202,A este pez le gusta ser auténtico. El más auténtico.
CRN_Detail_54,63842973341704203,Fosas lunares
CRN_Desc_55,63842973341704204,"Nadie sabe con seguridad de dónde viene este pez, pero todos saben que es un poco extraño."
CRN_Desc_56,63842973341704205,"Un pez del tamaño de un bocado de una galaxia muy, muy lejana..."
CRN_Desc_57,63842973341704206,Nadando a través del cosmos al igual que la estrella más pequeña en el cielo nocturno.
CRN_Desc_58,63842973341704207,"Este pez vaga por la galaxia sin preocupaciones en el mundo, ya que no considera ningún mundo su hogar."
CRN_Desc_59,63842973341704208,Cuando un grupo de un millón bytes se juntan forman un megabyte.
CRN_Detail_59,63842973341704209,Fosa de lodo
CRN_Desc_60,63842973341704210,"Los encriptores guardan muchos secretos oscuros, pero nunca divulgarán ninguno de ellos."
CRN_Desc_61,63842973341704211,Una amenaza mecánica... ¡con aletas!
CRN_Desc_62,63842973341704212,¿Por qué alguien se molestaría en crear un pulpo robot? Eso ya es muy exagerado.
CRN_Desc_63,63842973341704213,Parece una especie de cíborg crustáceo con un microprocesador en lugar de cerebro. ¡Maravilloso!
CRN_Desc_64,63842973341704214,¡Qué notición! ¿Dónde atrapaste ese saltón?
CRN_Detail_64,63842973341704215,Fosa de salmuera
CRN_Desc_65,63842973341704216,"El morselfin nada con un propósito, y ese propósito es conseguir botana."
CRN_Desc_66,63842973341704217,El único pez conocido en la galaxia con una membresía mensual en el gimnasio.
CRN_Desc_67,63842973341704218,"Contempla el poderoso garragosta en todo su esplendor, porque es glorioso y digno de contemplar."
CRN_Desc_68,63842973341704219,El gran choncho siempre come primero cuando le da ansiedad. Así se convirtió en el grandísimo y el chonchísimo.
CRN_Detail_69,63911671997915136,Se desbloquea con el comerciante Mike al completar un Sistema solar aleatorio en dificultad Difícil o superior
CRN_Detail_70,63911671997915137,Completa planetas de facciones alienígenas
CRT_Name_81,61701631127838720,Cajalatada
CRT_Name_82,61701631132033024,Robobum
CRT_Name_83,64231687884627968,Bobby de papel
CT_Name_6,62027090692661248,Bonificación de empleado 
CT_Name_7,62029080600502272,Épico
CT_Name_8,62029080604696576,Poco común
CT_Name_9,62029080604696577,Raro
CT_Name_10,62030971807981568,Común
FL_Name_27,58751588326432768,Estilo de cazador
FL_Desc_27,58751588355792896,¿Quién caza a los cazadores? Tú. Porque aquí en Rangus Meat S.A. odiamos a esos tipos en particular.
FL_Name_28,58809432610430976,Estilo de tirador
FL_Desc_28,58812300344156160,"Respira más despacio. Afina la puntería. Espera, ¿en serio? ¿la carne inteligente respira? ¿sabes qué? Corre y dispara, todo irá bien."
FL_Name_29,63537517612228608,Estilo alienígena
FL_Desc_29,63537517633200128,Proporciona suficiente potencia de fuego para convencer a cualquier alienígena que se interponga en tu camino de que han cometido un gran error.
FL_Name_30,63537517633200129,Estilo acuático
FL_Desc_30,63537517633200130,Ideal para disuadir a los tiburones de pensar que pareces un bocadillo.
FL_Name_31,63537517633200131,Estlio Franken
FL_Desc_31,63537517633200132,Seamos francos. Esto te da la confianza para enfrentarte a enemigos que parecen sacados del manual de instrucciones.
FL_Name_32,63537517633200133,Estilo insectoide
FL_Desc_32,63537517633200134,Diseñado para neutralizar cualquier cosa con un exoesqueleto que no se llame Beatriz.
FL_Name_33,63537517633200135,Estilo mecánico
FL_Desc_33,63537517633200136,Garantizado para ayudarle a convertir cualquier maquinaria hostil en pilas de piezas inofensivas.
FL_Name_34,63537517633200137,Estilo mutante
FL_Desc_34,63537517633200138,Mantén tu posición contra enemigos que parece que la evolución se aburrió y empezó a crear al azar.
FL_Name_35,63537517633200139,Estilo Omnicarne
FL_Desc_35,63537517633200140,No pasa nada si no tienes nada bueno que decir sobre las Omnicarnes. Ninguno de nosotros lo tiene.
GN_Name_17,64208246938787840,Fosa lunar
HE_Desc_145,58751588359987200,Inflige un +30 % de daño adicional contra cazadores.
HE_Desc_146,58751588359987201,Inflige un +40 % de daño adicional contra cazadores.
HE_Desc_147,58751588359987202,Inflige un +50 % de daño adicional contra cazadores.
HE_Desc_148,63537517637394432,Inflige un +10 % de daño adicional contra alienígenas.
HE_Desc_149,63537517637394433,Inflige un +15 % de daño adicional contra alienígenas.
HE_Desc_150,63537517637394434,Inflige un +20 % de daño adicional contra alienígenas.
HE_Desc_151,63537517637394435,Inflige un +10 % de daño adicional contra enemigos acuáticos.
HE_Desc_152,63537517637394436,Inflige un +10 % de daño adicional contra Franken carnes.
HE_Desc_153,63537517637394437,Inflige un +10 % de daño adicional contra insectoides.
HE_Desc_154,63537517637394438,Inflige un +15 % de daño adicional contra enemigos acuáticos.
HE_Desc_155,63537517637394439,Inflige un +15 % de daño adicional contra Franken carnes.
HE_Desc_156,63537517637394440,Inflige un +15 % de daño adicional contra insectoides.
HE_Desc_157,63537517637394441,Inflige un +20 % de daño adicional contra enemigos acuáticos.
HE_Desc_158,63537517637394442,Inflige un +20 % de daño adicional contra Franken carnes.
HE_Desc_159,63537517637394443,Inflige un +20 % de daño adicional contra insectoides.
HE_Desc_160,63537517637394444,Inflige un +10 % de daño adicional contra máquinas.
HE_Desc_161,63537517637394445,Inflige un +10 % de daño adicional contra mutantes.
HE_Desc_162,63537517637394446,Inflige un +10 % de daño adicional contra omnicarnes.
HE_Desc_163,63537517637394447,Inflige un +15 % de daño adicional contra máquinas.
HE_Desc_164,63537517637394448,Inflige un +15 % de daño adicional contra mutantes.
HE_Desc_165,63537517637394449,Inflige un +15 % de daño adicional contra omnicarnes.
HE_Desc_166,63537517637394450,Inflige un +20 % de daño adicional contra máquinas.
HE_Desc_167,63537517637394451,Inflige un +20 % de daño adicional contra mutantes.
HE_Desc_168,63537517637394452,Inflige un +20 % de daño adicional contra omnicarnes.
ITM_Name_1064,58751588414513152,Cazador I
ITM_Name_1065,58751588414513153,Cazador II
ITM_Name_1066,58751588414513154,Cazador III
ITM_Name_1067,58809432732065792,Tirador I
ITM_Name_1068,58809432732065793,Tirador II
ITM_Name_1069,58809432732065794,Tirador III
ITM_Name_1073,63537517687726080,Acuático I
ITM_Name_1074,63537517687726081,Máquina I
ITM_Name_1075,63537517687726082,Mutante I
ITM_Name_1076,63537517687726083,Franken I
ITM_Name_1077,63537517687726084,Omnicarne I
ITM_Name_1078,63537517687726085,Insectoide I
ITM_Name_1079,63537517687726086,Alienígena I
ITM_Name_1080,63537517687726087,Acuático II
ITM_Name_1081,63537517687726088,Máquina II
ITM_Name_1082,63537517687726089,Mutante II
ITM_Name_1083,63537517687726090,Franken II
ITM_Name_1084,63537517687726091,Omnicarne II
ITM_Name_1085,63537517687726092,Insectoide II
ITM_Name_1086,63537517687726093,Alienígena II
ITM_Name_1087,63537517687726094,Acuático III
ITM_Name_1088,63537517687726095,Máquina III
ITM_Name_1089,63537517687726096,Mutante III
ITM_Name_1090,63537517687726097,Franken III
ITM_Name_1091,63537517687726098,Omnicarne III
ITM_Name_1092,63537517687726099,Insectoide III
ITM_Name_1093,63537517687726100,Alienígena III
ITM_Attr_509,64221606589751296,{0:|+|+|+}{0:percent()}% Mejor suerte con recompensas al subir de nivel
ITM_Attr_510,64221606593945600,Mejor suerte con las recompensas al subir de nivel x{0:0.##}
PE_Desc_85,63562852170760192,Partida con torreta
PLN_Name_25,63252864435216384,Portal Omni
RF_Name_1,63521298457751552,Dr. Brad Sideman
RF_DetailText_1,63521298478723073,"El doctor Brad Sideman es el investigador principal del <i>Proyecto Leviatán</i>, que busca maximizar la eficiencia de las fuentes de proteínas acuáticas para <b>Rangus Meats</b>. El equipo de Sideman demostró tener mucho potencial, y desarrollaron cepas de algas que estimulaban la hipertrofia en los organismos que las consumían. Las mutaciones inesperadas se identificaron como ""casos atípicos controlables"". <br><br>Lamentablemente, el proyecto se canceló debido a que el presupuesto se destinó a otros asuntos. Se cancelaron todos los envíos de suministros al planeta. No existe registro de que hayan rescatado al equipo, pero el Dr. Sideman continuó registrando en su diario hasta esta última entrada:<br><br><i>El hambre trae claridad. Ahora lo entiendo. Soy el capitán... Soy la ballena blanca... Soy el arpón. Soy el guardián y el depredador. Soy el océano mismo, eterno y solitario.</i>"
RF_Subtitle_1,63521298478723072,Científico de Rangus AquaMeat
RF_DetailText_2,63782640302788608,"La primera de una larga línea de naves Rangus Orbital eXplorer, diseñada para viajes interestelares y extraer <b>núcleos de carne</b>, equipada con tecnología de simulación de personalidad de vanguardia. Retirada del servicio activo tras 42 años.<br><br>Volvió a despertar gracias a <b>Carl Rangus</b> para actuar como plataforma principal en los experimentos continuos con la <b>Carne inteligente</b>."
RF_Subtitle_2,63780286752985088,El barco
RF_Name_3,63780286773956608,Rangus Meats
RF_DetailText_3,63868852401180672,Fundada hace mucho tiempo por el emprendedor innovador <b>Carl Rangus</b>. Esta cadena de restaurantes creció rápidamente hasta convertirse en una superpotencia galáctica responsable de alimentar a miles de millones de hambrientos en cientos de mundos.<br><br><i>Rangus Meats. El futuro de la comida... es hoy.</i>
RF_Subtitle_3,63780286773956609,Apreciado empleador
RF_Name_4,63780286773956610,Megahorno
RF_DetailText_4,63868852401180673,"Este innovador dispositivo culinario emplea dosis masivas de radiación de onda corta para cocinar rápidamente grandes cantidades de carne.<br><br>Fue la creación de <b>Carl Rangus</b> e instalado en <b>Brisketon</b>, aunque los recortes de presupuesto obligaron a omitir el blindaje antirradiación contemplado en sus planes originales."
RF_Subtitle_4,63780286773956611,Dispositivo de la ciencia de la carne
RF_DetailText_5,63782640332148736,"CAL-P50 forma parte de una línea de fábricas robóticas de larga distancia construidas por <b>Rangus Meats</b> y enviadas por toda la galaxia para extender el alcance de su franquicia.<br><br>Las naves de Logística Automatizada Cognitiva emplean órganos de <b>Ciencia de la Carne</b> en conjunto con simuladores de personalidad para maximizar la versatilidad y la eficiencia.<br><br>Con el tiempo se descubrieron fallos en este diseño, que limitaban la vida útil funcional de la nave. La mayoría de las naves CAL están retiradas desde hace mucho. <br><br>Se rumorea que esta tiene una historia romántica con Carl."
RF_Subtitle_5,63780286773956613,Fábrica móvil
RF_DetailText_6,63868852401180674,"Desafortunadamente, no todos los experimentos de la <b>Ciencia de la carne</b> produjeron enormes avances para la civilización.<br><br>Lo que comenzó como un proyecto a pequeña escala para mejorar sujetos porcinos con XXXtreme Flavor™, rápidamente se descontroló. En lugar de crear un alimento perfecto, los técnicos de <b>Rangus Meats</b> crearon una máquina de comer perfecta.<br><br>Esta criatura sin consciencia, apodada Frankenjoles por uno de los científicos antes de que lo devoraran junto con su equipo, ahora viaja por la galaxia en una búsqueda interminable para saciar su hambre."
RF_Subtitle_6,63780286773956614,Monstruosidad de la ciencia de la carne
RF_DetailText_7,63868852401180676,"Este entrenador veterano es ampliamente reconocido por crear luchadores campeones en docenas de mundos.<br><br>Después de que terminó su patrocinio corporativo con <b>Rangus Meats</b>, el entrenador Dan se retiró de la vida pública para vivir en la región pastoral de <b>Monte Dangus</b>."
RF_Subtitle_7,63868852401180675,Entrenador de lucha (jubilado)
RF_DetailText_8,63868852401180677,"A medida que <b>Rangus Meats</b> se apoderó del segmento de producción de alimentos del comercio galáctico, el director principal, <b>Dorothy Duncan</b>, se percató que necesitaba una bebida para acompañar sus sándwiches con envoltorios brillantes y botanas fritas. Así nació el Jocho Shot.<br><br>Esta deliciosa creación, mitad hiperazucarada y mitad bebida ultraenergética, sobrepasa un poco el límite que impone en gobierno en sustancias controladas.<br><br>Su receta es un secreto muy bien guardado, y los intentos de recrearla sin autorización terminan con frecuencia en una combustión espontánea. <br><br><i>Jocho Shot. Para cada momento de tu día.</i>"
RF_Subtitle_8,63831077983457280,El sorbo que sacia la sed
RF_Name_9,63780286773956615,Rangus Prime
RF_DetailText_9,63868852401180679,El planeta natal de <b>Carl Rangus</b> se convirtió en la primera sede galáctica de <b>Rangus Meats</b>.<br><br>Las oficinas corporativas fueron reubicadas tras un accidente industrial ocurrido hace algunos años.
RF_Subtitle_9,63868852401180678,Mundo corporativo
RF_Name_10,63780286773956616,Portal de Omnicarne
RF_DetailText_10,63868852401180681,"Esta grieta, ubicada en <b>Esfera De Carne</b>, fue alguna vez un método pequeño y muy controlado para extraer la <b>Omnicarne</b>, rica en proteínas, de su dimensión nativa.<br><br>La imprudencia de Rangus Meats y su fundador, <b>Carl Rangus</b>, provocó su expansión descontrolada y la catástrofe conocida como el <b>Incidente Omnicarne</b>."
RF_Subtitle_10,63868852401180680,Grieta dimensional
RF_Name_11,63780286773956617,Incidente de Omnicarne
RF_DetailText_11,63868852401180683,"A medida que la población de la galaxia crecía, la demanda de <b>Omnicarne</b> se disparó. Al inicio, <b>Carl Rangus</b> controló mucho el uso del <b>Portal Omnicarne</b>, pero las opiniones de mayor peso de los directivos corporativos de <b>Rangus Meats</b> lo convencieron de ampliar el portal.<br><br>Pero sucedió algo impredecible.<br><br>La Omnicarne explotó desde el portal de forma incontrolable, lo que causó su propagación de forma desenfrenada por todo <b>Rangus Prime</b> y el <b>sistema Rangus</b>, lo que infectó y alteró planetas enteros y sus poblaciones. En poco tiempo, toda la galaxia quedó contaminada por la <b>Omnicarne</b>."
RF_Subtitle_11,63868852401180682,¿Qué fue lo que salió mal?
RF_Name_12,63780286773956618,Dottie Duncan
RF_DetailText_12,63831077983457282,"Dorothy ""Dottie"" Duncan comenzó su carrera como la socia silenciosa de <b>Carl Rangus</b> en la fundación de <b>Rangus Meats</b>.<br><br>A medida que la empresa crecía, fue asumiendo un papel cada vez más grande centrado en las finanzas y el marketing, lo que permitió a Carl seguir desarrollando nuevos avances en la <b>Ciencia de la Carne</b>.<br><br>Dottie se perdió durante el trágico <b>Incidente del Portal Omni</b>. Carl todavía guarda una pizca de esperanza de que algún día la encontrará."
RF_Subtitle_12,63831077983457281,Descanse en paz
RF_Name_13,63780286773956619,Omnikron
RF_DetailText_13,63831077983457284,El sistema de vivienda original de <b>Rangus Meats</b>. Esta región quedó en gran parte abandonada tras enormes accidentes industriales ocurridos hace muchos años.
RF_Subtitle_13,63831077983457283,Sistema planetario
RF_Name_14,63780286773956620,Plumtor Absurdo
RF_DetailText_14,63831077983457285,"Este sistema densamente poblado alberga a más de 23 mil millones de clientes, la mayoría viven en el mundo principal, <b>Big Ol' Tangus</b>."
RF_Name_15,63780286773956621,Espiral de salchichas
RF_DetailText_15,63831077983457286,"Este sistema planetario muy poco poblado alguna vez fue ampliamente utilizado por <b>Rangus Meats</b> para fines de pruebas e investigación.<br><br>Gracias a su eficiencia cada vez mayor, muchas de las instalaciones ya no están en funcionamiento."
RF_DetailText_16,63831077983457287,"El fundador de <b>Rangus Meats</b>, una cadena de restaurantes que se convirtió en una superpotencia galáctica, inició como una idea de un humilde inventor que buscaba reinventar el modelo de negocios que consiste en preparar y servir comida.<br><br>Los innovadores avances en la <b>ciencia de la carne</b> irrumpieron el paradigma y marcaron el comienzo de una nueva era brillante de clientes satisfechos y estómagos llenos. Es adorado por toda la galaxia. "
RF_Subtitle_16,63780286773956622,Apreciado fundador
RF_DetailText_17,63831077983457288,"El antiguo sitio del <i>Proyecto Leviatán</i>, un esfuerzo de <b>Rangus Meats</b> centrado en mejorar las cosechas acuícolas.<br><br>Su exposición prolongada a los experimentos de la <b>ciencia de la carne</b> alteró permanentemente la flora y la fauna de este mundo de formas impredecibles."
RF_Subtitle_17,63782640332148737,Planeta
RF_DetailText_18,63831077983457289,"Designado por <b>Rangus Meats</b> como el Centro de Inventos Culinarios de Carl Rangus, esta ubicación fue responsable de innumerables innovaciones en la ciencia de la carne bajo la guía del fundador de la empresa, <b>Carl Rangus</b>. <br><br>Tras su salida de la empresa, la zona fue clausurada discretamente y sacada del presupuesto. No se asignaron fondos para reasignar al personal."
RF_DetailText_19,63831077983457290,"El mundo principal de Plumtor Absurdo está densamente poblado por humanoides, principalmente urbanos. Tras generaciones de exponerse a la sustancia conocida como Devorado de jochos (marca registrada de Rangus Meats) han alterado permanentemente el ADN de la población de formas extrañas e inexplicables. <br><br> El Viejo Tangus elige a sus gobernantes mediante un sistema de combate ceremonial que también sirve como principal forma de entretenimiento. Esto garantiza que solo las celebridades más poderosas alcancen posiciones de autoridad sobre el pueblo."
RF_DetailText_20,63831077983457291,Alguna vez fue un escape idílico de los centros urbanos en ruinas de <b>Big Ol' Tangus</b>. A esta región la abandonaron en gran parte después de que la hayan invadido mutantes y criaturas de Franken.<br><br>El habitante más notable del área es un entrenador de lucha retirado llamado <b>el entrenador Dan</b>.
RF_Subtitle_20,63782640332148738,Antiguo paraíso
RF_DetailText_21,63831077983457292,"A medida que la sed de la galaxia por el <b>Jocho Shot</b> crecía de forma desenfrenada, un ejecutivo visionario de <b>Rangus Meats</b> orquestó la compra de esta luna para crear nueva fábrica.<br><br>Con el tiempo, el Pequeño Tangus se convirtió en el centro de fabricación galáctico de Jocho Shot, suministrando miles de millones de galones al día a una audiencia que anhela más y más cada año."
RF_Subtitle_21,63782640332148739,Luna de fábrica
RF_Name_22,63782640332148740,La venganza
RF_DetailText_22,63868852401180684,Esta gigantesca nave está tripulada por hordas de invasores alienígenas empeñados en adquirir los secretos de la<b> ciencia de la carne</b>.
RF_Subtitle_22,63782640332148741,Nave espacial extraterrestre
RF_Name_23,63782640332148742,Padres Fundidores
RF_DetailText_23,63868852401180685,"Este triunvirato de luchadores de nivel campeonato gobierna el <b>Plumtor Absurdo</b> gracias a su racha de victorias en los Exámenes parciales del lunes por la noche, el combate ritual que se usa para seleccionar líderes.<br><br>Pedro Marranero utiliza la burocracia para defenderse mientras convoca senadores junior para abrumar a sus oponentes.<br><br>El presidente Rompecuellos vuela por encima, devastando a su oponente con bombas y comentarios ingeniosos.<br><br>El juez Reptante gobierna el ring con su descarga de martillos justicieros."
RF_Subtitle_23,63831077983457293,Gobernantes planetarios
RF_Name_24,63782640332148743,Tutorius
RF_DetailText_24,63831077983457294,"Ubicado lejos del núcleo galáctico, este mundo una vez sirvió a <b>Rangus Meats</b> como instalación de almacenamiento a largo plazo que contiene artículos y materiales sin valor inmediato.<br><br>Hoy, <b>Carl Rangus</b> utiliza el planeta como campo de pruebas para su última generación de <b>científicos de la carne</b>."
RF_Name_25,63831077983457295,Ciencia de carne
RF_DetailText_25,63831077983457297,"Esta rama de la bioingeniería industrializada fue iniciada por un inventor-disruptor <b>Carl Rangus</b>.<br><br>Lo usó para alimentar a una galaxia hambrienta a través de su empresa, <b>Rangus Meats</b>.<br><br>Innumerables competidores han intentado, sin éxito, replicar sus secretos comerciales cuidadosamente guardados."
RF_Subtitle_25,63831077983457296,El legado de Carl
RF_Name_26,63831077983457298,Omnicarne
RF_DetailText_26,63868852401180686,"Cuando incluso la Ciencia de la carne del inventor y revolucionario Carl Rangus no fue suficiente para alimentar a la galaxia hambrienta, intentó hacerlo con métodos poco ortodoxos.  <br><br><br>En uno de esos experimentos, cruzó la barrera entre dimensiones y descubrió un universo repleto de sustancias orgánicas, llenas de proteína, la cual Carl nombro <b>Omnicarne</b>. Este suministro infinito de material comestible permitió a Rangus Meats expandir masivamente sus operaciones. <br><br><br>Se erradicó el hambre. La galaxia prosperó y creció."
RF_Subtitle_26,63831077983457299,El gran descubrimiento de Carl
RF_Name_27,63831077983457300,Carne inteligente
RF_DetailText_27,63831077983457302,"Entre los últimos resultados de los avances en curso de la <b>ciencia de la carne</b>, la carne inteligente (marca registrada en trámite) representa una oportunidad de vanguardia para la producción en masa de una fuerza laboral orgánica capaz de realizar una amplia gama de tareas críticas.<br><br>Creado en segundos, cada trabajador de la carne inteligente cuesta una fracción del gasto tradicional de contratar y capacitar a un nuevo empleado. Además, ¡todos los trabajadores de la carne inteligente son totalmente biodegradables!<br><br>Comunícate con tu representante de <b>Rangus Meats</b> hoy mismo para aprender cómo puede recortar los costos laborales y disminuir los índices de insatisfacción de los empleados de la noche a la mañana!<br><br><i>Extraído de un folleto de ventas de <b>Rangus Meats</b></i>"
RF_Subtitle_27,63831077983457301,Reinventando al empleado
RF_DetailText_28,63868852401180687,"Esta enorme criatura, quien anteriormente fue un científico que trabajaba para <b>Rangus Meats</b>, ahora se ve a sí misma como el guardián de la vida acuática de <b>Peterium</b> y también el máximo depredador del mundo.<br><br>También se cree pirata. ¡Qué gente tan rara!"
RF_Subtitle_28,63831077983457303,Anomalia en la ciencia de carne
RF_DetailText_29,64168635024117760,"Se desconoce el origen de este extraño, pero amigable robot. Algunos creen que llegó en una nave de una galaxia lejana, hace mucho tiempo.<br><br>Más recientemente, encontraron a Reset como prisionero de la fábrica de robots de largo alcance, <b>Calipso</b>, aparentemente como resultado de una relación fallida entre las dos entidades."
RF_Subtitle_29,64168635003146240,Robot enamorado
RF_Name_30,64168635024117761,Rangus menor
RF_DetailText_30,64168635024117763,"<i>Este lugar era mi laboratorio personal secreto cuando trabajaba en <b>Rangus Meats</b>. Incluso mi amiga, <b>Dottie Duncan</b>, no sabía de él.</i><br><br><i>Principalmente lo usaba para tener un momento de tranquilidad lejos de todas las distracciones. Pero también era el lugar para realizar experimentos de la <b>ciencia de la carne</b> que no estaba listo para mostrar.</i>"
RF_Subtitle_30,64168635024117762,Laboratorio abandonado
RF_Name_31,64168635024117764,Dottie es la Princesa Omni
RF_DetailText_31,64168635024117766,"<i>Bueno, ¿quién podría haber adivinado que la <b>Princesa Omnicarne</b> todo este tiempo era en realidad mi vieja amiga, Dottie Duncan? Bueno, supongo que ahora entiendo por qué estaba tan enojada conmigo, culpándome por <b>el incidente de Omnicarne</b>. Eso la dejó tan retorcida y asquerosa. Ese tipo de cosas pueden realmente dañarte la cabeza.</i><br><br><i>Tengo que hacer algo para solucionar esto, y solo se me ocurre un lugar donde podría funcionar. De todas mis malas ideas, esta debe ser la peor.</i>"
RF_Subtitle_31,64168635024117765,Quiere devorar la galaxia
RF_Name_32,64168635024117767,Princesa Omnicarne (Actualización del sistema 2)
RF_DetailText_32,64168635024117769,"<i>Se nota que sí está enfadada con el viejo Carl, ¿verdad?<br><br>No tengo ni idea de por qué le tenía tanto cariño a esa fábrica de <b>Jocho Shot</b> que se destrozó. ¡Quizás simplemente le gusta mucho!</i>"
RF_Subtitle_32,64168635024117768,Entidad extradimensional
RF_DetailText_33,64168635024117771,"<i>""Oh, estos son los mocos estelares de los que te advertí. Siempre andan en busca de <b>Carne inteligente</b> para zampársela.<br><br>Creo que al flaco le dicen Vacío, y al grandote, Nulo.<br><br>Tengo algunas cuantas ideas para frenarlos.""</i>"
RF_Subtitle_33,64168635024117770,Rastreadores mortales
RF_Name_34,64168635024117772,Princesa Omnicarne (Actualización del sistema 3)
RF_DetailText_34,64168635024117773,"<i>Bueno, ¿quién podría haber adivinado que la Princesa Omnicarne todo este tiempo era en realidad mi vieja amiga, <b>Dottie Duncan</>?<br><br>Bueno, supongo que ahora entiendo por qué estaba tan enojada conmigo, culpándome por el <b>incidente de Omnicarne</b>. Eso la dejó tan retorcida y asquerosa. Ese tipo de cosas pueden realmente dañarte la cabeza.</i><br><br><i>Tengo que hacer algo para solucionar esto, y solo se me ocurre un lugar donde podría funcionar. De todas mis malas ideas, esta debe ser la peor.</i>"
RF_Name_35,64168635024117774,Marge grande
RF_DetailText_35,64168635024117775,"Un ser misterioso y poderoso que se ha visto por toda la galaxia.<br><br><i>""Esta señora tan tenebrosa me pone los pelos de punta… pero hace mucho que no la veo. Hay algo familiar en ella…"" -Carl</i>"
VO_Transcript_142,63089472154472448,"¡No hay tiempo que perder! ¡Mueve las piernas, peque!<br><br>Usa [InputAction:Gameplay/CharacterMovement] para moverte."
VO_Transcript_143,63090527013539840,Usa [InputAction:Gameplay/Jump] para saltar.
VO_Transcript_145,63116930585038848,<br><br>Usa [InputAction:Gameplay/CharacterMovement] para moverte.
VO_Transcript_148,63120025394188288,Mantén presionado [InputAction:Interact/Interact] para interactuar con el núcleo de la carne.
VO_Transcript_149,63120702820421632,"Esta demora reduce la eficiencia. Continúe, por favor.<br><br>[InputAction:Interact/Interact] cerca de la carne fresca para intercambiar."
VO_Transcript_150,63121424244903936,"Por favor, no tarde en continuar.<br><br> par saltar, y luego [InputAction:Gameplay/LegsAbility] para correr."
VO_Transcript_151,63122062601195520,"Quizá se descompuso la carne inteligente.<br><br>[InputAction:Gameplay/RangedFire] para disparar, [InputAction:Gameplay/MeleeFire] para golpear cuerpo a cuerpo."
VO_Transcript_156,63126683751124992,Luego bajaremos y nos encargaremos.
VO_Transcript_157,63126683751124993,¡La única forma es intercambar con la carne fresca!
VO_Transcript_162,63130956027236352,"¡Ah, el perfecto lugar para probar a esas nuevas piernas!"
VO_Transcript_163,63130956027236353,"Si no alcanzas a llegar cono ese salto, puedes subir por el otro lado."
VO_Transcript_164,63130956027236354,"Acércate bastante a la orilla antes de saltar, ¿entendido, amigo?"
VO_Transcript_165,63132572436500480,¡Increìble! Un gran ejemplo de la ciencia de la carne.
VO_Transcript_166,63179948538826752,Capacitando a un nuevo empleado.
VO_Transcript_167,63179948568186880,Quizás el próximo mejore.
VO_Transcript_168,63179948568186881,Supongo que era inevitable.
VO_Transcript_169,63179948568186882,La ciencia de la carne no es perfecta.
VO_Transcript_170,63179948568186883,Eso debió doler.
VO_Transcript_171,63179948568186884,La ciencia de la carne funciona de maneras misteriosas.
VO_Transcript_172,63179948568186885,Todos experimentamos el duelo de manera diferente.
VO_Transcript_173,63179948568186886,Al menos el final fue rápido.
VO_Transcript_174,63179948568186887,Te estaba echando porras.
VO_Transcript_179,63455509689503744,El núcleo de la carne está bien cocido. Vamos a cosecharlo.
00c32fad3a344b378b312571aee6b3ec_118_0,92320026952982533,Abrir puerta
01998190f8294995824ace7de2ff5e2f_121_0,66001975141761027,Carga del generador 4
04fabed781d24397a4ed9344c5a3d010_118_0,92320026952982530,Arranca el camión de recursos
0bcd28e40f684d9db9742eb8901dad37_118_0,92320026952982534,Vigas del tractor eliminadas
182e239371ef49dfbec24e0ea023fd6a_121_0,66763169515470853,Toma un cabezal de máquina y carga los generadores.
24f5e0820b2a430e8674be90ab68934f_118_0,92320026952982531,Escolta el camión
2c6cfc90551847669db3d4e2ef15d3c6_54_0,79134725535424513,Torretas eliminadas
31498dc4387f4eaea72dde2f0832dce7_121_0,66763169515470851,¡Cabezas de máquina gratis!
368bf896e1c94240bd2576d0b1a657fa_124_0,88432235181498368,¡Defiende el santuario!
3f13c16356b846cc9b49d10059081ed9_124_0,88510558536458240,espera
45c41fc4a38742fdb704cb4e69bcd9da_124_0,87364860482936834,Activa el santuario
477fc870434d4106b6594bd6e83d5c48_121_0,66763169448361984,Generador 1
51af503259c74b36bab7aeab459b285a_121_0,66763169515470852,Encuentra la fábrica de máquinas
555fc042f5db409abe3caba4559a8797_124_0,89024036670005248,esperando
59136b9c775e4ec1933c8ed20f9f5d23_40_0,88805460474322944,¡Protege la cosechadora!
60b5b41fcef444a284cd8994d540f9c5_124_0,91672564080828416,¡Defiende el santuario mientras se potencia!
702602d4ffea43a8ad2b8be054e73dc4_127_0,93987121075838976,Interactúa con el portal de salida
736627e655094cfa8f25340937a2d4ff_120_0,64640664636219392,Destruye los encurtidos de carne
886243dec6dd496386e201a8f85cc295_118_0,92320026952982532,Protege la carga
8c5170fa2ce549e1985ebb5d0e01c4e6_120_0,64640664636219393,Encurtidos de carne eliminados
90eef0e7dafe4e98b691a8cf3bfae1b5_122_0,66304535373537280,Continuar partida
96ce8ec8a31a44ceb57c0a8de5546f5f_121_0,66001975141761024,Carga del generador 1
985ece3c25384d839157c479d8223073_121_0,66001975141761026,Carga del generador 3
9da26d36ea2247ba99b70e7c742973b1_118_0,92320026952982536,Lanzamiento 
a154039495b7470584a0af27d4ed866d_121_0,66763169515470850,Generador 4
aadf3602081f4015aec9c47bc86000dd_121_0,66763169515470849,Generador 3
ac2567e652e94e068700c6209c7f36ea_54_0,79134725535424512,¡¡Que suerte!!
cf9d61014cd1492d8c893491a9645ba0_121_0,66001975141761025,Carga del generador 2
da041d35d4c44d99bda028dd88ff0325_122_0,66304535373537281,Dirígete a tu hamburtrueno
e7c43fda99ac4e8e8dd538cf316110cf_122_0,66304535373537282,Inicia una partida
eea91060b83b4496b1aeac1d2d260752_118_0,92320026952982529,Encuentra el camión
f9870dbcb1a0442099f6f6c74c7714e3_121_0,66763169515470848,Generador 2
fcd915f79a4740e2a0a12db6d86a8244_118_0,92320026952982535,Lanza el transbordador
STG_12_1394fd3152ff42f38ae60f5d57322b88,66435288571154433,¿Quién cumple años otra vez? ¡Pues tú!
STG_12_3448bc63ae1e4206849d19a7840f85fe,66435288571154434,"¡Feliz, feliz cumpleaños, aaaaaa ti!"
STG_12_b5c16efb19114e3d85197aa361affadc,66435288571154437,Hoy es otro feliz cumpleaños.
STG_12_bb9caf614acd49c9a3eec4b85964909a,66435288571154436,¡Ding-dong! ¡Feliz cumpleaños!
STG_12_bcf64c2f553a480b94a284b70604152a,66435288571154435,¿Quién cumple años hoy? ¡Tú! ¡Así es!
STG_12_ca27f0642db742338ba85a318a05e5c5,66435288571154438,"Oooh, ¡muchas felicidades, Blandito!"
STG_12_d1260cdbf83a435d9734fabac23023f9,66435288571154432,¡Otra vez es tu cumpleaños!
STG_86_162f3932e37c49f696ab8699acf964be,66357874696491009,"¡Ñam, ñam!"
STG_86_834d57a162d14a24a157199a6d8f1c4e,66357874696491008,¡Ahora te tengo!
STG_86_e58baca8b4594c5c8b9ee8eb81f7ecb2,66357874654547968,Delicioso.
STG_87_2c8df3d39aa0499daeda8c9d2ec2ae02,66357874696491012,Te buscamos por todas partes.
STG_87_4c35ded8489b4c258c53d9fcdfb3b698,66357874696491014,¿Podemos interrumpir?
STG_87_63f4d4a7bcbf4206ba6d4ac872e047df,66357874696491011,"Señor Nulo, ¿ve lo mismo que yo?"
STG_87_e58baca8b4594c5c8b9ee8eb81f7ecb2,66357874696491010,¡Ahí estás!
STG_87_fb62256c98f1462a9d3811b89008e54b,66357874696491013,¿Creíste que ibas a escapar?
STG_88_016ff15dde534d769d1d1ba438bb5766,66357874696491018,"¿Dónde estás, carnita?"
STG_88_116484f3783349e397e4371394922c35,66357874696491019,¿Dónde está mi comidita?
STG_88_162f3932e37c49f696ab8699acf964be,66357874696491017,"Señor Void, ¡huelo el almuerzo!"
STG_88_834d57a162d14a24a157199a6d8f1c4e,66357874696491016,¡Puedo olerte desde aquí!
STG_88_e58baca8b4594c5c8b9ee8eb81f7ecb2,66357874696491015,¡Tengo tanta hambre!
STG_89_2c8df3d39aa0499daeda8c9d2ec2ae02,66357874696491022,¿Es un mal momento?
STG_89_4c35ded8489b4c258c53d9fcdfb3b698,66357874696491024,"Toc, toc, ¿hay alguien en casa?"
STG_89_63f4d4a7bcbf4206ba6d4ac872e047df,66357874696491021,"Señor Null, ¿ya podemos cazar?"
STG_89_e58baca8b4594c5c8b9ee8eb81f7ecb2,66357874696491020,¡Me temo que se te terminó el tiempo!
STG_89_fb62256c98f1462a9d3811b89008e54b,66357874696491023,¡Que comience la cacería!
STG_90_e58baca8b4594c5c8b9ee8eb81f7ecb2,66357874696491025,"¡Ay, tengo que probar esto!"
STG_91_e58baca8b4594c5c8b9ee8eb81f7ecb2,66357874696491026,¿Todo listo para algo emocionante?
STG_92_162f3932e37c49f696ab8699acf964be,66357874696491029,"Señor Null, ¡me vencieron!"
STG_92_834d57a162d14a24a157199a6d8f1c4e,66357874696491028,¡Creo que el chiquito tiene jugo!
STG_92_e58baca8b4594c5c8b9ee8eb81f7ecb2,66357874696491027,Solo necesito un momento.
STG_93_162f3932e37c49f696ab8699acf964be,66357874696491032,¡Me hiciste enojar!
STG_93_834d57a162d14a24a157199a6d8f1c4e,66357874696491031,¡No más juegos!
STG_93_e58baca8b4594c5c8b9ee8eb81f7ecb2,66357874696491030,¡Es hora de terminar con esto!
STG_94_162f3932e37c49f696ab8699acf964be,66357874696491035,"Y bien, ¿a dónde fuiste?"
STG_94_834d57a162d14a24a157199a6d8f1c4e,66357874696491034,"Ah, sí, ya me siento mucho mejor."
STG_94_e58baca8b4594c5c8b9ee8eb81f7ecb2,66357874696491033,Solo necesitaba recostarme un poco.
STG_95_2c8df3d39aa0499daeda8c9d2ec2ae02,66361789617901570,Lamento mucho la interrupción.
STG_95_4c35ded8489b4c258c53d9fcdfb3b698,66361789617901572,¡Esa sí que es carne fresca!
STG_95_63f4d4a7bcbf4206ba6d4ac872e047df,66361789617901569,"¡Mire allí, señor Void!"
STG_95_e58baca8b4594c5c8b9ee8eb81f7ecb2,66361789617901568,"¡Ah, veo el almuerzo!"
STG_95_fb62256c98f1462a9d3811b89008e54b,66361789617901571,¡Hora del almuerzo!
STG_96_e58baca8b4594c5c8b9ee8eb81f7ecb2,66361789617901573,¡Es hora de aplastar!
STG_97_e58baca8b4594c5c8b9ee8eb81f7ecb2,66361789617901574,¡Esto sí que va a doler!
STG_98_162f3932e37c49f696ab8699acf964be,66361789617901577,"¡Perdón, señor Void!"
STG_98_834d57a162d14a24a157199a6d8f1c4e,66361789617901576,¡Son más fuertes de lo que parecen!
STG_98_e58baca8b4594c5c8b9ee8eb81f7ecb2,66361789617901575,"¡Ay, eso realmente dolió!"
STG_99_162f3932e37c49f696ab8699acf964be,66361789617901580,¡No más señor lindo Null!
STG_99_834d57a162d14a24a157199a6d8f1c4e,66361789617901579,"¡Ay, señor Void, estoy tan molesto!"
STG_99_e58baca8b4594c5c8b9ee8eb81f7ecb2,66361789617901578,¡Es hora de terminar con esto!
STG_100_162f3932e37c49f696ab8699acf964be,66361789617901583,¡Ahora me siento mejor!
STG_100_834d57a162d14a24a157199a6d8f1c4e,66361789617901582,Se terminó la siesta. ¡Estoy listo para almorzar!
STG_100_e58baca8b4594c5c8b9ee8eb81f7ecb2,66361789617901581,"Muy bien, ¿a dónde fuiste?"
STG_101_2d4e9fa2379e4742a83167d33236d447,66435288571154445,¿Sigues jugoso por ahí?
STG_101_2df9cf960ead43f6b80f1f7726f85aa4,66435288571154439,"¡Hola, Blandito!"
STG_101_31221ccd7735454f88a5e4297aa88d97,66435288571154447,"¡Ah, ahí estás! ¡Qué bueno verte!"
STG_101_58e64a80752347118e275397c6d3b9dd,66435288571154443,"¡Hola, peque!"
STG_101_6164f3ca78a8410cb0222f3dd7f44673,66435288571154442,¿Cómo estás'?
STG_101_911bb0f5e8c441359220d84e4b7a4d30,66435288571154441,¡Te saludo!
STG_101_91df6a61d2cd48568c88d4c3a3c3b140,66435288571154448,"Ah, ¿cómo estás, peque?"
STG_101_9c280bd2c80c4d7d8f4c0bad6519decd,66435288571154444,¡Es mi persiona blandita favorita!
STG_101_a0c9d50b7ac04f048660da9c00563355,66435288571154440,"¡Vaya, hola!"
STG_101_ac50e9fabba74e58ba82fb3d612d9ea8,66435288571154446,"¡Ah, hola, peque!"
STG_101_e2950848758345eca0dda0b4ecf92fd7,66435288571154449,"¡Aah, te saludo!"
STG_102_07aeb06757ea4d83a925e9b5912b8550,66778140018839555,¡Sigue con el buen trabajo!
STG_102_1d485d7971fa4dc290b9af09ce568127,66778140018839552,¡Cuídate!
STG_102_209dba9bb321487487815d056cdff335,66778140018839557,"¡Sigue jugoso, peque!"
STG_102_253905826c564fb2a5270da3f6110546,66778140014645248,"¡Nos vemos por ahí, Blandito!"
STG_102_681ec913f2d546d889972e763313659e,66778140018839558,"¡Adiós, amigo!"
STG_102_94fe5491de04435b8a95aae0b2c85f9b,66778140018839554,"¡Hasta luego, peque!"
STG_102_c6e5299b8dde4a7e8d12267e458db7f5,66778140018839556,¡Adiós!
STG_102_d562ae583d9648f68dee936e8df37560,66778140018839553,"¡Con cuidado, Blandito!"
STG_103_1e1a08579f154d3390641eae410a9003,66435288571154451,"Entrené a muchos luchadores, pero nadie más parecía un burrito andante."
STG_103_2715b3783d424a1e85b137009a8181fe,66435288571154453,Me recuerdas a un luchador llamado Bocadillo Bill. Solo que él estaba hecho de pan.
STG_103_402bfd769a1b41078a10fdfba74c5f14,66435288571154460,"En aquel entonces, Carl y yo hacíamos varias locuras."
STG_103_5164f569287c4072a63d592f052742f9,66435288571154459,Carl y yo nos conocemos desde hace tiempo. Mucho tiempo.
STG_103_64d638e56c384f24b188ca2819652eef,66435288571154462,"Es bueno ver a Carl de vuelta, mejorando la galaxia."
STG_103_836c805e84494fb8a71f9540f4df5318,66435288571154452,Me recuerdas a Kid Manganeso. Antes de que se enganchara con el jocho.
STG_103_95e5e6ddd2a54b07b87fd4671792ab83,66435288571154457,¿Has visto a un boxeador llamado Sierra McGee? ¡Buena persona! Aunque no lo creas.
STG_103_9850ab8dd16e4c88acd86a61b4b87604,66435288571154450,"Me hiciste sentir muy orgulloso, chico. Pero no le digas a nadie que lo dije."
STG_103_9a1148cfde7f4e8c824c29a0db0d388e,66435288571154454,Una vez entrené a un tipo con zapatos de payaso. Mala idea.
STG_103_a8746e6e66f14163b2ef5206525c620f,66435288571154456,¿Has visto a un luchador llamado Hierro Uña? Lo recordarías si lo hubieras visto.
STG_103_abdb3693c1db4ae1888836e43e8c1120,66435288571154455,"¿Alguna vez peleaste con un pulpo, chico? Eso te mantendrá alerta."
STG_103_b0160ac90afe4183b15a458ae7621462,66435288571154463,Carl Rangus siempre soñó en grande. Hay que respetarlo.
STG_103_dae83de77f1b42ec8113bb8f50a0f558,66435288571154458,¿Has visto a un luchador llamado Doc Ladricara? Resulta que en realidad solo era dentista.
STG_103_e0db3007bcb24305b60e39511051847d,66435288571154461,"Sí, Carl cometió algunos errores. Pero bueno, ¿quién no?"
STG_103_e10f9f4d03544556827565a467ba95e2,66435288571154464,Déjame decirte algo: nunca subestimes a Carl Rangus.
STG_104_1e1a08579f154d3390641eae410a9003,66435288571154466,"Oye, chico rudo."
STG_104_2715b3783d424a1e85b137009a8181fe,66435288571154468,Mira quién viene ahora.
STG_104_836c805e84494fb8a71f9540f4df5318,66435288571154467,Me alegra verte.
STG_104_9850ab8dd16e4c88acd86a61b4b87604,66435288571154465,"Hola, campeón."
STG_105_1e1a08579f154d3390641eae410a9003,66435288571154470,Un gusto hablar contigo.
STG_105_2715b3783d424a1e85b137009a8181fe,66435288571154472,Nos vemos.
STG_105_836c805e84494fb8a71f9540f4df5318,66435288571154471,"Con calma, campeón."
STG_105_9850ab8dd16e4c88acd86a61b4b87604,66435288571154469,"Nos vemos, chico."
STG_106_1e1a08579f154d3390641eae410a9003,66435288571154474,Tienes un trato.
STG_106_836c805e84494fb8a71f9540f4df5318,66435288571154475,A mí me funciona.
STG_106_9850ab8dd16e4c88acd86a61b4b87604,66435288571154473,Me parece justo.
STG_107_1e1a08579f154d3390641eae410a9003,66435288575348737,"¡Cambia algo de carne nueva, chico!"
STG_107_836c805e84494fb8a71f9540f4df5318,66435288575348738,"¡Toma carne nueva, chico!"
STG_107_9850ab8dd16e4c88acd86a61b4b87604,66435288575348736,"¡Oye niño, necesitas carne nueva!"
STG_108_57d595dd68b94b11b2b59fb88b7a5da5,66771219589206016,Como si eso cambiara algo.
STG_109_57d595dd68b94b11b2b59fb88b7a5da5,66771219626954752,"Claro, ahora sé exactamente a dónde vas."
STG_110_57d595dd68b94b11b2b59fb88b7a5da5,66771219626954753,Crees que puedes cambiar las cosas.
STG_111_57d595dd68b94b11b2b59fb88b7a5da5,66771219626954754,Pero ya no estás a cargo. Yo sí.
STG_112_57d595dd68b94b11b2b59fb88b7a5da5,66771219626954755,¡Pon rumbo a Rangus Prime!
STG_113_57d595dd68b94b11b2b59fb88b7a5da5,66771219626954756,"Carl, tonto celoso."
STG_114_e58baca8b4594c5c8b9ee8eb81f7ecb2,66774634386001920,¡Contempla el poder de la omnicarne!
STG_115_e58baca8b4594c5c8b9ee8eb81f7ecb2,66774634390196224,"¡Tú lo pediste, Carl!"
STG_116_e58baca8b4594c5c8b9ee8eb81f7ecb2,66774634390196225,¡Esta vez no podrás huir!
STG_117_e58baca8b4594c5c8b9ee8eb81f7ecb2,66774634390196226,¡Omnicarne!
STG_118_e58baca8b4594c5c8b9ee8eb81f7ecb2,66774634390196227,"¡Abajo, Carl! Volveré pronto por ti."
STG_119_e58baca8b4594c5c8b9ee8eb81f7ecb2,66774634390196228,"¡Y ahora, un festín de victoria!"
STG_120_e58baca8b4594c5c8b9ee8eb81f7ecb2,66774634390196229,¿Por qué sigues luchando si sabes que no puedes ganar?
STG_121_e58baca8b4594c5c8b9ee8eb81f7ecb2,66774634390196230,¡Un pequeño percance! Aún no puedes ganar.
STG_122_e58baca8b4594c5c8b9ee8eb81f7ecb2,66774634390196231,¡Tengo poder más que suficiente para derrotarte yo mismo!
STG_123_e58baca8b4594c5c8b9ee8eb81f7ecb2,66774634390196232,"¡No! ¡No, no, noooo!"
STG_124_e58baca8b4594c5c8b9ee8eb81f7ecb2,66774634390196233,Carl Rangus. Crees que ganaste.
STG_125_e58baca8b4594c5c8b9ee8eb81f7ecb2,66774634390196234,Tal vez venciste a este títere.
STG_126_e58baca8b4594c5c8b9ee8eb81f7ecb2,66774634390196235,Pero ahora estás en nuestro universo.
STG_127_e58baca8b4594c5c8b9ee8eb81f7ecb2,66774634390196236,Y es hora de que conozcas el verdadero poder de la omnicarne.
STG_128_e58baca8b4594c5c8b9ee8eb81f7ecb2,66774634390196237,"Hasta pronto, Carl Rangus."
STG_129_07aeb06757ea4d83a925e9b5912b8550,66778140018839563,"¡Estoy cocinando algo especial para ti, peque!"
STG_129_1d485d7971fa4dc290b9af09ce568127,66778140018839560,"¡Ah, tengo algo nuevo para ti!"
STG_129_253905826c564fb2a5270da3f6110546,66778140018839559,"Oye, Blandito, tengo algo cocinándose por aquí. Pasa."
STG_129_94fe5491de04435b8a95aae0b2c85f9b,66778140018839562,Tengo un pequeño detalle para mi chico especial. Ven un segundo.
STG_129_d562ae583d9648f68dee936e8df37560,66778140018839561,"Oye, peque, ¿quieres ver algo nuevo?"
STG_130_07aeb06757ea4d83a925e9b5912b8550,66778140018839568,¿Seguro? ¡De acuerdo!
STG_130_1d485d7971fa4dc290b9af09ce568127,66778140018839565,Sé que lo tienes.
STG_130_253905826c564fb2a5270da3f6110546,66778140018839564,"Ah, esa es difícil, ¡buena suerte!"
STG_130_94fe5491de04435b8a95aae0b2c85f9b,66778140018839567,¡No debería ser tan difícil!
STG_130_d562ae583d9648f68dee936e8df37560,66778140018839566,Tú diviértete con eso.
STG_131_07aeb06757ea4d83a925e9b5912b8550,66778140018839573,Eso es solo para ti.
STG_131_1d485d7971fa4dc290b9af09ce568127,66778140018839570,Supongo que sabes qué hacer con eso.
STG_131_253905826c564fb2a5270da3f6110546,66778140018839569,Eso debería ser útil.
STG_131_8193fb832f8a42499e74ee269e663f45,66778140018839574,"Aah, eso es solo un poco de salsa para los frijoles."
STG_131_94fe5491de04435b8a95aae0b2c85f9b,66778140018839572,"Cuidado, eso no es un juguete."
STG_131_d562ae583d9648f68dee936e8df37560,66778140018839571,"Ah, esa es buena."
ABL_Desc_98,79423295005384704,Lanza un gran cohete que explota al impactar. Inflige el triple de daño en golpe directo
ABL_Desc_202,80823105834967040,"Inflige daño de <#FFEB04><link=""Keyword:15"">[Hielo]</link></color> a los enemigos mientras corres."
ABL_Desc_203,80824169023922176,"Inflige daño de <#FFEB04><link=""Keyword:14"">[Limo]</link></color> a los enemigos mientras corres."
ABL_Desc_204,80824169023922177,"Inflige daño <#FFEB04><link=""Keyword:12"">[Eléctrico]</link></color> a los enemigos mientras corres."
ABL_Desc_205,80824169023922178,"Inflige daño de <#FFEB04><link=""Keyword:13"">[Fuego]</link></color> a los enemigos mientras corres."
ABL_Name_241,79423295013773312,Donas alienígenas
ABL_Desc_241,79423295013773313,Dispara anillos de energía en un arco frente a ti.
ABL_Name_246,84150493377454080,Inyección extraña
ABL_Desc_246,84150493381648384,"No sabemos bien qué es, pero recuperas 100 de salud al usarlo."
ABL_Name_247,86035996729139200,Misil Dukem
ABL_Desc_247,86035996733333504,Lanza un misil que destruye prácticamente todo. Quizá quieras alejarte de la zona de explosión...
ABL_Name_248,86035996733333505,Muro de fuego
ABL_Desc_248,86035996733333506,Lanza un muro de fuego que quema a los enemigos.
ABL_Name_252,94597113462120448,Sheriff Carl
ABL_Desc_252,94597113466314752,"¡Sheriff Carl al rescate!<br>Carl te sigue en su traje mecha, y elimina a todos los enemigos que puede. ¡Qué jefazo!"
ABL_Name_257,95088709014118400,Absorbedor de poder
ABL_Desc_257,95088709022507008,"Obtén +3 % de velocidad de movimiento y +5 % de daño de <#FFEB04><link=""Keyword:13"">[Fuego]</link></color>.<br>Los enemigos cercanos atacan y se mueven con lentitud."
ART_Name_4,91432940955754496,Pozo gravitacional
ART_Name_13,94597113466314753,Mecánico Carl
CQ_Name_58,51558077172801536,Señor del anillo v2 (Estándar)
CQ_Name_95,65757147558830080,Coleccionista de estilo
CQ_Desc_95,65757147583995904,"La presentación importa, Blandito. Levanté esta empresa con carne buenísima Y una presentación buenísima. Cinco piezas de estilo es un buen comienzo. Ya empiezas a parecer alguien allá afuera."
CQ_Name_96,65757147583995905,El estilo minimalista
CQ_Desc_96,65757147583995906,"Hay un dicho en el negocio de los restaurantes: quince piezas de estilo es el mínimo. Me lo inventé yo, pero es cierto. Sigue juntando, ¡allá afuera representas a Rangus Corp!"
CQ_Name_97,65757147583995907,Estilo elegante
CQ_Desc_97,65757147583995908,"Veinticinco piezas de estilo. Busqué ""debonair"" para asegurarme de usarla bien. La usé bien. Esta es justo la razón por la que inventaron esa palabra. Sigue así."
CQ_Name_98,65757147583995909,Exprésate de verdad
CQ_Desc_98,65757147583995910,"Mira, no te voy a decir que desbloquees treinta y siete piezas de estilo. Eso jamás te lo diría. Solo quiero que pienses en lo que treinta y siete piezas de estilo dirían de ti como persona. Como empleado. En fin. Es cosa totalmente tuya."
CQ_Name_99,75588200087674880,I+D de armas
CQ_Desc_99,75588200096063488,"Aquí en Rangus hemos tenido que crear algunos departamentos ""únicos"" para una cadena de comida rápida. Resulta que alimentar a la galaxia no es solo sándwiches y sonrisas, ¡es más difícil de lo que parece! Ve a I+D de Armas y empieza a subir de rango tu equipo. Mientras más variedad lleves en la cadera, más fácil será conseguir carne."
CQ_Name_100,82285661372014592,Ve a pescar
CQ_Desc_100,75664958191296512,"Blandito, tráeme algunas de esas rocas y tecnología antigua. Te equiparemos con lo último en equipo de pesca de grieta dimensional para que puedas capturar peces grandes."
CQ_Name_101,75626551931035648,Tengo que atrapar a algunos
CQ_Desc_101,75670184147279872,¡Usa ese equipo de pesca de grietas dimensionales y atrapa algunos grandes!
CQ_Name_102,75631368929796096,Ajuste cultural
CQ_Desc_102,75664958195490816,"Por aquí, la ""superación personal"" no es una sugerencia, es una métrica de desempeño. ¡Y también es un beneficio laboral oficial! Date una vuelta por la Terminal de Beneficios para Empleados y desbloquea una mejorita para ti. Demuéstrame que estás creciendo en el puesto, peque."
CQ_Name_103,86371778174115840,¡Trabajo con cuchillo!
CQ_Desc_103,86371778178310144,Tengo un premio muy bueno bajo llave en el casillero de equipamiento y estoy buscando un pretexto para regalarlo. Parece que te lo podrías merecer. Ve a acertar más golpes y regresa. Sabré que hiciste un buen trabajo.
CQ_Name_104,93905764215676928,Activa 3 santuarios
CQ_Desc_104,93905764219871232,Activa 3 santuarios para ganar una bonificación
CRT_Name_86,89820889795780608,Pug de carne
CRT_Name_87,91076799746793472,Cachorro pug de carne
CTC_Name_3,86277628988743680,Tecnología antigua
CTC_Name_5,86277628992937985,Baratijas y muestras
CTC_Name_6,86277628992937986,Minerales
INTD_Name_25,92544266662830080,Portal de salida
INTD_Action_25,92544266667024384,Habitación siguiente
ITM_Attr_39,17438567620927577,{0:|+|+|+}{0:percent()} % de salud adicional de los contenedores
ITM_Attr_511,91742537604128768,{0:|+|+|+}{0:percent()} % de ganancia de EXP
ITM_Name_1097,64524596592762880,Elixir de la suerte
ITM_Name_1099,88480638204633088,Santuario de la movilidad
ITM_Name_1100,88480638208827392,Santuario de la suerte
ITM_Name_1101,88480638208827393,Santuario del poder
ITM_Name_1102,91482575502041088,Desafío +20%
ITM_Name_1103,91697156585414656,Santuario de la mala suerte
ITM_Name_1104,91698194650488832,Santuario de la salud
ITM_Name_1105,91742537620905984,Santuario de la mala experiencia
ITM_Name_1106,91742537620905985,Santuario de la experiencia
ITM_Name_1107,91875735667466240,Desafío +10%
LSB_69,65696160330125312,Rangus Meats. Sabemos lo que comes. Para que tú no tengas que hacerlo.
MUT_Type_7,85936796137938944,Fuego
MUT_Type_8,85936796142133248,Hielo
MUT_Type_9,85936796142133249,Limo
MUT_Type_10,85936796142133250,Eléctrico
MUT_Type_18,85936796142133251,Cinético
PE_Desc_118,92320026952982528,Entrega especial
PE_Desc_120,64640664627830784,Desactiva el escudo de la Carnetedral
PE_Desc_121,66001975099817984,Carga las baterías
PE_Desc_122,66304535369342976,¡Dirígete a tu hamburtrueno y comienza una partida nueva!
PE_Desc_124,87364860482936832,Santuario misterioso cercano
PE_Desc_125,92791742368047104,Derrota a todos los enemigos
PE_Desc_127,93986020658241536,¡Encuentra el portal a la siguiente habitación!
PE_CompassDesc_124,90954630467411968,Santuario
PE_FailureDesc_124,88905188520222720,<color=#FF3667>¡Santuario destruido!</color>
PLN_Name_26,78722713496051712,Sub Zeroni
PLN_Name_27,88549004969762816,Lava Del Rey
PLN_Name_28,92514418636611584,HabitaciónRangus01
PLN_Name_29,93545291569946624,HabitaciónRangus02
PLN_Name_30,94424828545589248,Smores
SHE_Name_1,93903394018680832,Santuario del desafío
SHE_Name_4,93903394018680835,Santuario de la riqueza
SHE_Name_5,93903394018680836,Santuario del juego
SS_Name_9,91037073622949888,Agujero de gusano
SS_Name_10,92525321763414016,Qué hay en la caja
TPUP_CodexButton_1,64970684173840384,Terminal galáctica
TPUP_CodexDesc_1,64970684190617600,¿A dónde quieres ir hoy?
TPUP_CodexButton_2,64970684190617601,Medidor de amenazas de cazador
TPUP_CodexDesc_2,64970684190617602,Cazadores: la amenaza siempre presente
TPUP_CodexDesc_3,64970684190617603,"No es técnicamente necesario, pero..."
TPUP_CodexDesc_4,64970684190617604,Cuando la pesadilla ya no da tanto miedo
TPUP_CodexDesc_5,64970684194811904,Todas las ventajas de ser un empleado Rangus
TPUP_CodexButton_6,64970684194811905,Recolección de minerales
TPUP_CodexDesc_6,64970684194811906,Desentierra algo bueno
TPUP_CodexButton_7,64970684194811907,Recolección de tecnología
TPUP_CodexDesc_7,64970684194811908,Definitivamente gratis
TPUP_CodexButton_8,64970684194811909,Recolección de peces
TPUP_CodexDesc_8,64970684194811910,Pesca de peces
TPUP_CodexButton_9,64970684194811911,Terminal de definitivas
TPUP_CodexDesc_9,64970684194811912,Lo que todo científico de la carne necesita
TPUP_CodexButton_10,64970684194811913,Terminal de armas
TPUP_CodexDesc_10,64970684194811914,¡Desbloquea y mejora tus armas!
TPUP_Desc_11_0,66382739308273665,"Presta atención a la <color=#FF3667>lista de directivas</color> ubicada en la esquina superior derecha de tu HUD. En cada planeta hay:<br><color=#FF3667><sprite name=""PrimeDirective""> Directivas principales</color><br><color=#FF3667><sprite name=""SecondaryDirective"">Directivas secundarias</color><br><br>Las directivas otorgan una variedad de <color=#FF3667>recompensas</color>, ¡así que haz tantas como puedas!"
TPUP_Title_11_1,66382739308273666,Brújula
TPUP_Desc_11_1,66382739308273667,"La <color=#FF3667>brújula</color> aparece en la parte superior de su HUD e indica los <color=#FF3667>puntos de interés</color> en cada planeta.<br>Esto te ayudará a ubicar la <color=#FF3667>Directiva principal,</color> <color=#FF3667>las Directivas secundarias,</color> <color=#FF3667>las plataformas de salto,</color> ¡y mucho más!"
TPUP_CodexButton_11,66382739304079360,Directivas
TPUP_CodexDesc_11,66382739308273664,Objetivamente importante
TPUP_Desc_12_0,66382739308273670,Para completar una <color=#FF3667>recarga rápida</color>; dispara cuando la barra llegue a la sección de color de la ventana de recarga.<br><br>Al golpear la <color=#00FF00>sección verde</color> se recargará con una <color=#FF3667>bonificación de carga</color>; cada arma tiene una <color=#FF3667>bonificación única</color>.<br>Al golpear la <color=#FFC700>sección amarilla</color> se recargará más rápido sin una bonificación.
TPUP_Title_12_1,66382739308273671,Cuerpo a cuerpo
TPUP_Title_12_2,66382739308273673,Cuerpo a cuerpo
TPUP_Desc_12_1,66382739308273672,"Presiona [InputAction:Gameplay/MeleeFire] para agitar la espátula. Un arma de corto alcance que puede <color=#FF3667>tambalear</color> enemigos, lo que los desbalancea e inmoviliza por unos segundos."
TPUP_Desc_12_2,66382739308273674,"Presiona [InputAction:Gameplay/MeleeFire] para agitar la espátula.<br>Los ataques cuerpo a cuerpo tienen una alta probabilidad de <color=#FF3667>desequilibrar</color> enemigos, lo que los desbalancea e inmoviliza por unos segundos."
TPUP_CodexButton_12,66382739308273668,Armas
TPUP_CodexDesc_12,66382739308273669,Advertencia de activación
TPUP_Desc_13_0,66382739308273678,"A veces, los enemigos derrotados dejarán caer <color=#FF3667>Partes de carne</color>.<br>Presiona [InputAction:Interact/Interact] mientras estés cerca de una de estas partes para <color=#FF3667>cambiarla</color> con tu parte del cuerpo actual."
TPUP_Title_13_0,66382739308273677,Intercambia carne
TPUP_Title_13_2,66382739308273680,Escudo de carne
TPUP_Desc_13_1,66382739308273679,"Cada <color=#FF3667>Parte de la carne</color> también tiene una <color=#FF3667>habilidad única</color>.<br>Intercambiar partes puede ayudarte a moverte más rápido, causar daño explosivo o crear secuaces... ¡las posibilidades son infinitas, así que intercambia esa carne!"
TPUP_Desc_13_2,66382739308273681,"Tus <color=#FF3667>Partes de Carne</color> tienen <color=#FF3667>Durabilidad de Carne</color>. Recibir daño las desgasta, y cuando se agota la parte queda <color=#FF3667>destruida</color>, aunque te vuelves <color=#FF3667>invulnerable</color> por un instante cuando se rompe. Coloca una parte nueva para recuperar su <color=#FF3667>habilidad</color>."
TPUP_CodexButton_13,66382739308273675,Intercambio de carne
TPUP_CodexDesc_13,66382739308273676,El nombre del juego
TPUP_Desc_14_0,66382739308273685,"Cuando ganes la <color=#FF3667>EXP</color> suficiente durante una partida, tu barra de nivel de equipo se llena y tú <color=#FF3667>Aumentas de nivel</color>.<br>Una vez disponible, presiona [InputAction:Gameplay/ItemRewardInit] para seleccionar un <color=#FF3667>objeto o mejora</color> potente."
TPUP_Title_14_0,66382739308273684,Aumento de nivel
TPUP_Desc_14_1,66382739308273686,Presta atención a la <color=#FF3667>Barra de nivel de equipo</color> en la parte inferior izquierda del HUD para ver qué tan cerca estás de ganar un nivel.<br>Puedes ganar un <color=#FF3667>máximo de 30 niveles</color> por partida.
TPUP_CodexButton_14,66382739308273682,Aumentando de nivel
TPUP_CodexDesc_14,66382739308273683,"Subimos, subimos, subimos"
TPUP_Desc_15_0,66382739308273689,"Los <color=#FF3667>hamburtruenos</color> te transportan hacia y desde la superficie de un planeta.<br>Después de completar la <color=#FF3667>Directiva principal</color> final, los <color=#FF3667>hamburtruenos</color> llegan para llevarte a un lugar seguro.<br>¡Sube a bordo rápido antes de que te invadan los enemigos!"
TPUP_CodexButton_15,66382739308273687,Hamburtruenos
TPUP_CodexDesc_15,66382739308273688,No veo ningún trueno...
TPUP_Desc_16_0,66382739308273692,[InputAction:Gameplay/CharacterMovement] para <color=#FF3667>moverte</color>.<br>[InputAction:Gameplay/Jump] para <color=#FF3667>saltar</color>.<br>[InputAction:Gameplay/Jump] dos veces para hacer un <color=#FF3667>salto doble</color>.
TPUP_Title_16_0,66382739308273691,Controles básicos
TPUP_Title_16_1,66382739308273693,Salud y escudos
TPUP_Title_16_2,66382739308273695,Habilidades
TPUP_Desc_16_1,66382739308273694,"La <color=#FF3667>Salud</color> y los <color=#FF3667>Escudos de carne</color> están en la parte inferior izquierda del HUD y también a lo largo del lado izquierdo de la retícula.<br>Te compones de 3 partes: <color=#FF3667>Cabeza</color> (arriba), <color=#FF3667>Torso</color> (medio), y <color=#FF3667>Piernas</color> (abajo).<br>. ¡Presta atención a tus escudos de carne, cuando uno se acaba pierdes esa parte del cuerpo hasta que recoges otra!"
TPUP_Desc_16_2,66382739308273696,"Las partes de carne tienen <color=#FF3667>habilidades</color> que aparecen en tu barra de habilidad en la parte inferior de la pantalla.<br>¡Cada una hace algo diferente, así que intenta probar carnes nuevas!"
TPUP_CodexDesc_16,66382739308273690,Tienes que moverla
TPUP_Desc_17_0,91467094054334465,Las <color=#FF3667>Partes de carne</color> y las <color=#FF3667>Armas</color> puede tener <color=#FF3667>elementos</color> adjuntos.<br>Infligir daño elemental a un enemigo se acumula hasta que se aplica la <color=#FF3667>condición</color> asociada.
TPUP_Desc_17_1,91467094054334466,"Se pueden activar los <#FFEB04><link=""Keyword:17"">[Efectos]</link></color> desde cualquier fuente elemental que coincida y los enemigos pueden sufrir <color=#FF3667>más de un efecto</color> a la vez."
TPUP_CodexButton_17,91467094033362944,Elementos
TPUP_CodexDesc_17,91467094054334464,"Golpéalos, congélelos, electrocútalos, quémalos"
VO_Transcript_182,64586613632897024,"Ah, hay un camión lleno de especias secretas cerca, y seguro que nos vendrían bien."
VO_Transcript_183,64586613649674240,¡Tienes que seguir arreglando ese viejo camión o se estropeará!
VO_Transcript_184,64586613649674241,"¡Sigue adelante, peque! Esos alienígenas están dando batalla. "
VO_Transcript_185,64587626796388352,"Bueno, ¿quién puso una puerta allí? "
VO_Transcript_186,64920625689165824,¡Ahora presiona ese botón y trae las especias hasta aquí!
VO_Transcript_187,64920625714331648,"¡Tienes que abrir esa cosa, Blandito!"
VO_Transcript_188,64930279190200320,Lleva ese botín al transbordador. ¡Contamos contigo!
VO_Transcript_189,65631231578988544,"Bien, amigos, un aplauso para... ¡el Presidente Rompecuellos!"
VO_Transcript_190,65631231583182848,¡Todos de pie para el Honorable... ¡Juez Reptante!
VO_Transcript_191,65631231583182849,El primero en entrar al ring... ¡Pedro Marranero!
VO_Transcript_192,65631231583182850,"Ya todos conocen las reglas. Y si no, ¡mala suerte!"
VO_Transcript_194,66064315292422144,"¿Ves trocitos de cuerpo sueltos? ¡Será mejor que los recojas, tienes que mantenerte con vida!"
VO_Transcript_195,66064315330170880,"Oye, Roxie, parece que esa célula cerebral que agregaste a la fórmula realmente funcionó."
VO_Transcript_196,66064315330170881,Fracaso de la cosecha. Núcleo de carne destruido.
VO_Transcript_197,66064315330170882,Se detectó un daño. Protege los nodos.
VO_Transcript_198,66064315330170883,Advertencia: El núcleo de carne ahora es vulnerable.
VO_Transcript_199,66064315330170884,Advertencia: La destrucción del núcleo de carne es inminente.
VO_Transcript_200,66064315330170885,"¡Oh, no! ¡No dejes que se lleven ese núcleo!"
VO_Transcript_201,66064315330170886,En efecto. Este científico de la carne está superando a todos los sujetos anteriores.
VO_Transcript_202,66342620914618368,¡Llámame Martillón!
VO_Transcript_203,66342620927201280,Reiniciar... ¿A dónde crees que vas?
VO_Transcript_204,66342620927201281,¡No tomen prisioneros!
VO_Transcript_205,66342620927201282,¡Te estoy enviando a lo profundo!
VO_Transcript_206,66342620927201283,¡Es hora de agitar las aguas!
VO_Transcript_207,66342620927201284,¡Prepara tu arma!
VO_Transcript_208,66342620927201285,¡Martillón no siente dolor!
VO_Transcript_209,66342620927201286,"¡Detente, perro sarnoso!"
VO_Transcript_210,66342620927201287,¡Parece que la marea cambió!
VO_Transcript_211,66342620927201288,¡Los peces serán vengados!
VO_Transcript_212,66342620927201289,¡El océano recuerda tus pecados!
VO_Transcript_213,66342620927201290,¡El mar no tiene piedad!
VO_Transcript_214,66342620927201291,¡Ese es el casillero de Davy Jones!
VO_Transcript_215,66342620927201292,"¡Ven aquí, tú!"
VO_Transcript_216,66342620927201293,¡Este capitán no se hunde con su barco!
VO_Transcript_217,66342620927201294,"¡Preparen los astilleros, pero uh! Para nada, ¡ja, ja, ja!"
VO_Transcript_218,66342620927201295,"¡Ah, ja, ja, jaaa!"
VO_Transcript_219,66342620927201296,¡Por la barba de Neptuno!
VO_Transcript_220,66342620927201297,¡No me hundirás tan fácilmente!
VO_Transcript_221,66342620927201298,¡Carnita! Ven aquí un momento.
VO_Transcript_222,66342620927201299,¡Desbloqueaste un nuevo tesoro!
VO_Transcript_223,66342620927201300,¡Las minas están llenas!
VO_Transcript_224,66342620927201301,¡Listo y cargado!
VO_Transcript_225,66342620927201302,¡Solo di la palabra!
VO_Transcript_226,66342620927201303,"¡Estoy listo, capitán!"
VO_Transcript_227,66342620927201304,"¡Necesito más tiempo, capitán!"
VO_Transcript_228,66342620927201305,¡Enviadlos a las profundidades!
VO_Transcript_229,66342620927201306,¡Disparen ya!
VO_Transcript_230,66342620927201307,¡Así sopla!
VO_Transcript_231,66342620927201308,"¡Desde el corazón del infierno, te escupo salsa tártara!"
VO_Transcript_232,66342620927201309,"¡Solo eso tiene, capitán!"
VO_Transcript_233,66357874709073920,Selecciona tu destino.
VO_Transcript_234,66357874709073921,Hamburtruenos desplegados.
VO_Transcript_235,66357874709073922,Hay un nuevo archivo disponible para revisión.
VO_Transcript_236,66357874709073923,Misión completada.
VO_Transcript_237,66357874709073924,Vienen los refuerzos.
VO_Transcript_238,66357874709073925,Los científicos de la carne no se pueden desplegar mientras los cazadores estén enfurecidos.
VO_Transcript_239,66357874709073926,Ahora se podrán desplegar científicos de la carne.
VO_Transcript_240,66417837640880128,"¡Oye, albóndiga! Ven un momento."
VO_Transcript_241,66417837640880129,"¡Tienes que mantener ese camión en marcha, chico!"
VO_Transcript_242,66417837640880130,¡Abre esa puerta antes de que destrocen el camión!
VO_Transcript_243,66417837640880131,Lo sabremos muy pronto.
VO_Transcript_244,66417837640880132,"Cuando estés listo para pelear, ven al ring y búscame."
VO_Transcript_245,66417837640880133,"Oye niño, ¡no me estoy haciendo más joven aquí!"
VO_Transcript_246,66417837640880134,"¡Cuidado, niño!"
VO_Transcript_247,66417837640880135,"¡Tu turno, chico!"
VO_Transcript_248,66435288579543040,"Bien, Blandito, es hora de que busques al Doctor Brad."
VO_Transcript_249,66435288579543041,¡Intenta guiar al grandullón a través de las minas!
VO_Transcript_250,66435288579543042,"¡Ah, parece que esas minas no le hacen ningún daño!"
VO_Transcript_251,66435288579543043,¡Tienes que obstruir esos cañones!
VO_Transcript_252,66435288579543044,¡Puedes dispararle a ese tiburnado para deshacerte de él!
VO_Transcript_253,66435288579543045,"¡Muy bien, hagámoslo!"
VO_Transcript_254,66435288579543046,"¡Toca la campana, estoy listo!"
VO_Transcript_255,66435288579543047,¡Espera un segundo!
VO_Transcript_256,66435288579543048,¡Aquí viene el bum!
VO_Transcript_257,66435288579543049,¡Toma un pedazo de esto!
VO_Transcript_258,66435288579543050,¡El entrenador Dan está en la casa!
VO_Transcript_259,66435288579543051,"¡Eso es todo lo que tengo, chico!"
VO_Transcript_260,66435288579543052,"Ven, chico. Tengo algo para ti."
VO_Transcript_261,66435288579543053,No digas que nunca hice nada por ti.
VO_Transcript_262,66435288579543054,"¡Oye árbitro, que sea justo!"
VO_Transcript_263,66435288579543055,¡Toma una de esas sillas plegables y destruye su bloqueo!
VO_Transcript_264,66435288579543056,"Oye niño, ¡tienes que eliminar al árbitro antes de poder inmovilizar a ese tipo!"
VO_Transcript_265,66435288579543057,¡Una silla! ¡Ve a buscar una silla!
VO_Transcript_266,66435288579543058,"¡Buen trabajo! ¡Uno menos, faltan dos!"
VO_Transcript_267,66435288579543059,Ahora tienes dos de los que preocuparte. ¡Cuida tus espaldas!
VO_Transcript_268,66435288579543060,"¡Tienes que derribar a ese tipo, chico!"
VO_Transcript_269,66435288579543061,¡No te olvides del otro tipo!
VO_Transcript_270,66435288579543062,"¡Eso es todo, campeón! ¡Solo falta una ronda!"
VO_Transcript_271,66435288579543063,"¡Buen trabajo, pero aún no has ganado nada!"
VO_Transcript_272,66435288579543064,"¡Solo falta uno más, niño!"
VO_Transcript_273,66435288579543065,"¡Lo lograste, campeón! ¡Realmente eres el indicado!"
VO_Transcript_274,66435288579543066,"¡Ese burócrata te está matando, niño!"
VO_Transcript_275,66435288579543067,¡Tienes que acabar con ese maldito volador!
VO_Transcript_276,66435288579543068,¡Que ya no te golpee y comienza a golpearlo!
VO_Transcript_277,66435288579543069,¡Saquen al árbitro! ¡El árbitro!
VO_Transcript_278,66435288579543070,"¡Olvídalo, niño! ¡Tiene la burocracia de su lado!"
VO_Transcript_279,66435288579543071,¡Saquen a esos pequeños tontos y agárrenles las piernas!
VO_Transcript_280,66435288579543072,¡Ahora usa esas piernas y golpéalo bien!
VO_Transcript_281,66437093602463744,"Ya casi está. ¡Rápido, sujétalo!"
VO_Transcript_282,66437093602463745,¡Eso nos llevará directamente al núcleo de carne que necesitamos!
VO_Transcript_283,66437093602463746,"¡Hola, Blandito!"
VO_Transcript_284,66443846721310720,"¡Tienes que abrir esas puertas, amigo!"
VO_Transcript_285,66443846721310721,"Supongo que olvidé a toda esta gente por un momento. Bueno, es culpa mía."
VO_Transcript_286,66443846721310722,Eso es todo. ¡Solo sigue abriendo esas puertas!
VO_Transcript_287,66443846721310723,"Bueno, ahí está el Megahorno. "
VO_Transcript_288,66443846721310724,"Una vez que lo encendamos, cocinará ese núcleo de carne en un santiamén."
VO_Transcript_289,66443846721310725,"¡Tienes que activar esos tres hornos, Blandito!"
VO_Transcript_290,66443846721310726,¡Ese es uno! Pero necesitamos que los tres hornos funcionen.
VO_Transcript_291,66443846721310727,"¡Bueno, ya casi estamos listos para empezar a cocinar!"
VO_Transcript_292,66443846721310728,"¡Uh, vaya, ya estamos cocinando! ¡Cuida esa carne!"
VO_Transcript_293,66443846721310729,"¡Ah, sí, Blandito, se está cocinando bien y en su jugo!"
VO_Transcript_294,66443846721310730,"Espera, Blandito, creo que reconozco esa voz. Ve a ver, ¿va?"
VO_Transcript_295,66443846721310731,"Oye, Blandito, ¡primero tienes que destruir esos generadores!"
VO_Transcript_296,66443846721310732,¡Apuesto a que esas grandes cabezas de piedra atascarían los generadores!
VO_Transcript_297,66443846721310733,"¡Así es! Sigue arrojando esas cabezas, así."
VO_Transcript_298,66443846721310734,"¡Ahora ve a buscar ese corazón, Blandito!"
VO_Transcript_299,66443846721310735,¿Ves ese corazón grande y viejo ahí adelante?
VO_Transcript_300,66443846721310736,Vamos a sacarlo y hacer que esta chica se sienta mejor de nuevo.
VO_Transcript_301,66443846721310737,"¡Si le destrozan el corazón antes de que lo saquemos, quedará infectada para siempre!"
VO_Transcript_302,66443846721310738,"Una vez que entres, no hay salida hasta que esté terminado."
VO_Transcript_303,66443846721310739,Tal vez quieras usar esa estación de salud mientras puedas.
VO_Transcript_304,66443846721310740,"Eh, oh-oh, ahí viene. ¡Prepárate, Blandito!"
VO_Transcript_305,66443846721310741,¡Tienes que obstruir esos hot dogs!
VO_Transcript_306,66443846721310742,"¡Esas cabezas de piedra son justo lo que necesitas, Blandito!"
VO_Transcript_307,66443846721310743,¡Yo no me acercaría mucho al grandulón!
VO_Transcript_308,66443846721310744,"Uy, eso lastimó al grandulón, ¡pero aún no ha terminado!"
VO_Transcript_309,66443846721310745,"Ay no, Blandito, ¡creo que lo hiciste enojar!"
VO_Transcript_310,66443846721310746,"¡Cuando pisotea, usa las piernas para saltar!"
1fa6b98e3e7b4bbd923bdc1b7b42005c_132_0,107655364063780864,Cazadores eliminados
236eced1758f4925917ffd297dec2f47_133_0,107655364063780866,investigar
65a9ac7f76fd46a181993eca4976b215_133_0,107655364072169472,¡Caza a los cazadores!
6738dedaf8d8478a8d74e1a1d2e2c125_131_0,107655364055392258,portales cerrados
6738dedaf8d8478a8d74e1a1d2e2c125_133_0,107655364076363776,cazadores eliminados
9fb394aa180a48f7bc480a0d21c14962_131_0,107655364055392257,¡Entra al ring!
ABL_Desc_118,102231626447052800,"Otorga 150 de <#FFEB04><link=""Keyword:11"">[Barrera]</link></color> a los aliados cercanos durante 15 s.<br>Mientras dure la <#FFEB04><link=""Keyword:11"">[Barrera]</link></color>, refleja el daño recibido."
ABL_Desc_262,96528322085773312,Dispara un gancho y arrástate hacia el lugar de impacto.
ABL_Desc_263,102563114564706304,"Despliega un Robobum. ¡Clic, clac, BUM!"
ABL_Desc_268,108777313687035905,¡Lánzame a mi mecha para que podamos destrozarlos!
ABL_Name_262,96528322081579008,Lengua de gancho
ABL_Name_263,102563114560512000,Robobum vaquero
ABL_Name_268,108777313687035904,Activar el mecha de Carl
CND_Desc_11,98640502977454081,Explota después de 3 s.
CND_Name_11,98640502977454080,Bomba
CQ_Desc_105,102259608528084992,¡Felicitaciones por pasar tu período de prueba! Ahora podemos hacer el trabajo de verdad y ver si tienes lo que hace falta.
CQ_Desc_106,102259608528084994,"Recién empiezas, así que tenemos que ver qué habilidades tienes y ayudarte a perfeccionar todas las áreas que necesitamos para que seas el mejor empleado posible."
CQ_Desc_107,102263695273353217,"¡De verdad te esfuerzas al máximo! Nos gusta tu entusiasmo y, como recompensa, ¡nos gustaría darte aún más responsabilidades! Trabajar es divertido, ¿no?"
CQ_Desc_108,102263695277547521,"Ahora que conoces lo básico, podemos empezar a prepararte para más tareas y responsabilidades. Siempre necesitamos empleados dispuestos a trabajar más."
CQ_Desc_109,102272247622787073,"¡Mike está en la nave! Pero acostumbrarse es todo un tema para él, y el hombre funciona a base de buena voluntad y vísceras de pescado, más o menos en ese orden. Hazme el favor y véndele un montón de pescado, mientras más apestoso, mejor. Para fin de semana será de la familia, te lo aseguro."
CQ_Desc_110,102276841048367105,"¡Necesitamos un montón de carne para alimentar a la galaxia y a la gerencia le encantan quienes se ponen la camisate! Sal ahí afuera y tráete un buen botín de núcleos de carne; del tipo de cifra que hace bailar a los contadores. Apílalos bien alto, Blandito. Hay una oficina con ventana en tu futuro."
CQ_Desc_111,102281096752783360,"¿Qué opinas de alguien que solo hace lo mínimo indispensable? Sí, yo tampoco. Equípate ese estilo que te ganaste y entra a trabajar luciendo como Empleado del Mes. Las apariencias importan en la comida rápida."
CQ_Desc_112,102279208766529538,"Nos han llegado reportes de unas estructuritas raras por ahí afuera…los lugareños las llaman ""santuarios"". Por lo que entendemos, conectarse a uno le da un buen empujón a quien esté más cerca. Averíguame cómo funcionan, ¿quieres? Si la galaxia anda repartiendo mejoras gratis, Rangus quiere el recibo."
CQ_Desc_113,102279208766529540,"Cuando te topes con esos jefazos malosos allá afuera, no solo los mates; tómales una muestra. Hay algo muy especial cocinándose en esa carne, y los muchachos del laboratorio de abajo me han estado rogando por material fresco. Tráeme lo bueno y me aseguro de que recuerden de quién era el nombre en la hielera."
CQ_Desc_114,102281096752783362,"Esos aliens están tramando algo…lo siento en las tripas, y mis tripas dirigen esta empresa. Han estado invocando unos Zordbeams enormes y escondiéndolos detrás de escudos, como si ocultaran algo. Destruye sus dispositivos de invocación antes de que lo que estén cocinando se cocine de más."
CQ_Desc_115,102281096752783364,"Aviso: Se han visualizado torretas en los planetas brotando como dientes de león, una Cosechadora atrapada en el fuego cruzado es una Cosechadora que no puedo asegurar. Ve a derribarlas antes de que todas decidan dispararle al mismo tiempo. Mantén la línea de suministro limpia, Blandito."
CQ_Desc_116,102281096752783366,"¿Alguna vez has abierto uno de esos Cubos de Carne Misteriosa que sueltan los enemigos? Hay cosas bien raras adentro… y con ""raro"" me refiero a cosas más que ""valiosas"". Ábrenos unos cuantos, ¿quieres? Sea lo que sea lo que haya ahí, ahora es de Rangus."
CQ_Desc_117,102281096752783368,"Mi compadre el entrenador Dan me marcó por radio; unos mutantes lo tienen haciendo ejercicios allá en el Viejo Tangus y se está poniendo medio gruñón con el asunto. Bájate para allá, échale la mano un rato y recuérdales a esos mutantes de quién es esta galaxia. Hazle un paro a un viejo amigo."
CQ_Desc_118,102281096752783370,"Llevamos un rato tratando de rastrear una misteriosa transmisión de radio, pero está toda distorsionada. Hay una red de viejas torres de radio repartidas por los planetas. Enciéndelas una por una y veamos si logramos limpiar esa señal. Podría no ser nada. Podría ser mas que nada."
CQ_Name_105,102259608519696384,Asociado junior
CQ_Name_106,102259608528084993,Período de prueba
CQ_Name_107,102263695273353216,Asociado sénior de Rangus
CQ_Name_108,102263695277547520,Entrenamiento de especialista de nivel medio
CQ_Name_109,102272247622787072,"Bienvenido, Mike"
CQ_Name_110,102276841048367104,Gusto en carnecerte
CQ_Name_112,102279208766529537,Santuarios en alza
CQ_Name_113,102279208766529539,Especialista en muestras
CQ_Name_114,102281096752783361,Investigación de actividad alienígena
CQ_Name_115,102281096752783363,Demolición de torretas
CQ_Name_116,102281096752783365,Indiana Bones
CQ_Name_117,102281096752783367,El baile del entrenador Dan
CQ_Name_118,102281096752783369,Transmisión imposible
CRT_Name_89,102563114573094912,Robobum fiel
GN_Interact_20,96763864320827392,Consumir contenido: {FileName}
GN_Name_20,96763864312438784,Archivo de Rangus
HE_Desc_169,96139469151789056,"La siguiente habilidad inflige +5 % de daño, hasta un máximo de +100 %."
HE_Desc_171,96857236343611392,"Obtén +10 % de velocidad de ataque y +30 % de velocidad de recarga, hasta 10 acumulaciones."
HE_Desc_172,96903789842259968,Pierde todas las acumulaciones.
HE_Desc_173,96923277228761088,Suelta un pegote y recoléctalo para obtener una mejora.
HE_Desc_175,98640503002619904,Aplica una bomba que explota después de 3 s.
HE_Desc_177,106215386955898880,"Inflige daño de <#FFEB04><link=""Keyword:15"">[Hielo]</link></color> en un área a tu alrededor."
HE_Desc_178,106219433964331008,"Inflige un 20 % más de daño de <#FFEB04><link=""Keyword:13"">[Fuego]</link></color>"
HE_Desc_179,101598599379410944,"Obtén +10 de <#FFEB04><link=""Keyword:11"">[Barrera]</link></color>"
HE_Desc_180,101598599379410945,"Los enemigos <#FFEB04><link=""Keyword:18"">[Destrozados]</link></color> encadenan daño a 3 enemigos cercanos <#FFEB04><link=""Keyword:3"">[Enfriados]</link></color> o <#FFEB04><link=""Keyword:4"">[Congelados]</link></color>, los enemigos <#FFEB04><link=""Keyword:3"">[Enfriados]</link></color> reciben la mitad del daño."
HE_Desc_181,102071207363338240,"Un rayo fulmina al enemigo e inflige 100 de daño <#FFEB04><link=""Keyword:12"">[Eléctrico]</link></color>."
HE_Desc_182,102071207371726848,El rayo se encadena a 1 enemigo adicional e inflige la mitad de daño.
HE_Desc_183,102475594611023872,Genera 6 abejas pequeñas durante 10 s.
HE_Desc_184,102475594615218176,"Aumenta la velocidad de movimiento en un 3 % durante 10 s. Al tener 10 acumulaciones, aumenta todos los daños en un 50 % durante 5 s."
HE_Desc_185,104515340883451904,Otorga +5 % de probabilidad de golpe crítico durante 30 s.
HE_Desc_186,104533437380026368,Duplica el daño de tus habilidades de carne durante 3 s.
HE_Desc_187,106215386955898881,Obtén +1 % en todos los tipos de daño durante 10 s.
HE_Desc_188,106215386955898882,10 % de probabilidad de actualizar rápidamente todas tus habilidades.
INTD_Name_11,38528188924551174,Comerciante Mike
ITM_1110_HE_0,96127592808046593,Al infligir daño eléctrico crítico
ITM_1112_HE_0,96857236389748736,Al recargar rápido con éxito
ITM_1112_HE_1,96859039739142144,Al fallar la recarga rápida
ITM_1115_HE_0,96923830516178944,"50 % de probabilidad al eliminar a un objetivo <#FFEB04><link=""Keyword:2"">[Embarrado]</link></color>"
ITM_1118_HE_0,98641490081734657,"Al infligir daño cuerpo a cuerpo a un objetivo <#FFEB04><link=""Keyword:7"">[Tambaleado]</link></color>"
ITM_1121_HE_0,101570858839957504,"Al infligir daño de Fuego a un objetivo <#FFEB04><link=""Keyword:3"">[Enfriado]</link></color>"
ITM_1121_HE_1,103760276568924160,"Al infligir daño de Fuego a un objetivo <#FFEB04><link=""Keyword:4"">[Congelado]</link></color>"
ITM_1122_HE_0,101598599421353985,"15 % de probabilidad al infligir daño con habilidad de carne a un objetivo <#FFEB04><link=""Keyword:4"">[Congelado]</link></color>"
ITM_1122_HE_1,101598599421353986,"15 % de probabilidad al infligir daño con habilidad de carne a un objetivo <#FFEB04><link=""Keyword:3"">[Enfriado]</link></color>"
ITM_1124_HE_0,102071207426252801,"20 % de probabilidad al infligir daño en un punto débil a un objetivo <#FFEB04><link=""Keyword:8"">[Electrificado]</link></color>"
ITM_1124_HE_1,102071207426252802,"Al eliminar atacando un punto débil a un objetivo <#FFEB04><link=""Keyword:8"">[Electrificado]</link></color>"
ITM_1126_HE_0,102475594657161217,"Al eliminar a un objetivo <#FFEB04><link=""Keyword:2"">[Embarrado]</link></color>"
ITM_1127_HE_0,102475594657161219,Al alcanzar el máximo de objetos
ITM_1140_HE_0,104851685120139265,"10 % de probabilidad al infligir daño con habilidad de carne a un objetivo <#FFEB04><link=""Keyword:2"">[Embarrado]</link></color>"
ITM_296_HE_0,101221828050018304,Al infligir daño de habilidad de carne
ITM_307_HE_1,106328262077046784,25 % de probabilidad al eliminar
ITM_394_HE_0,102071207417864192,"10 % de probabilidad al infligir daño a un objetivo <#FFEB04><link=""Keyword:1"">[Ardiendo]</link></color>"
ITM_601_HE_1,101531253960859648,"15 % de probabilidad al eliminar con un arma a un objetivo <#FFEB04><link=""Keyword:4"">[Congelado]</link></color>"
ITM_Attr_513,102575519529164800,{0:+#.##;-#.##;+0} Cargas máximas de habilidad
ITM_Attr_514,106215386981064704,{0:+#.##;-#.##;+0} Objetivos en cadena
ITM_Attr_515,106242417093500928,{0:+#.##;-#.##;+0} Duración de congelación
ITM_Attr_516,106255518333394944,{0:|+|+|+}{0:percent()}% de daño de habilidad de carne de la abeza
ITM_Attr_517,106255518337589248,{0:|+|+|+}{0:percent()}% de daño de habilidad de carne del torso
ITM_Attr_518,106255518333394945,{0:|+|+|+}{0:percent()}% de daño de habilidad de carne de las piernas
ITM_Attr_519,106302737078018048,{0:|+|+|+}{0:percent()}% de daño de arma
ITM_Name_1109,96107584912613376,Carga de batería
ITM_Name_1110,96127592808046592,Glándula eléctrica
ITM_Name_1112,96856720469385216,Gatillo fácil
ITM_Name_1113,96856720469385217,Mejora de Gatillo fácil
ITM_Name_1114,96906830591025152,Frío como el hielo
ITM_Name_1115,96923830507790336,¡Pegotes!
ITM_Name_1116,97130954542276608,Empegotado
ITM_Name_1118,98641490081734656,Glándula de regalo
ITM_Name_1120,101559114235109376,Núcleo helado
ITM_Name_1121,101570858789625856,Carne quemada por congelador
ITM_Name_1122,101598599421353984,Piel de gallina
ITM_Name_1123,101598599421353987,Aliento fresco de menta
ITM_Name_1124,102071207426252800,Moco eléctrico
ITM_Name_1126,102475594657161216,Nido en el pecho
ITM_Name_1127,102475594657161218,Humo
ITM_Name_1128,102475594657161220,Cuerpo de pecho quemado
ITM_Name_1130,102575519558524928,Carga de riñón
ITM_Name_1131,104510089782616064,Cuerpo ardiente
ITM_Name_1132,104510089782616065,Mutación de cuerpo ardiente
ITM_Name_1133,104531369521045504,Mutación de Oleada de biomasa
ITM_Name_1134,104531369521045505,Oleada de biomasa
ITM_Name_1135,104712032748560384,Rambtoe
ITM_Name_1136,104791554407784448,Osteopuntura
ITM_Name_1137,104810734590877696,Toque de queso picante
ITM_Name_1138,104810734590877697,Mutación de Toque de queso picante
ITM_Name_1139,104851685115944960,Estómago de lodo
ITM_Name_1140,104851685120139264,Mutación de Estómago de lodo
ITM_Name_1141,106215386997841920,Rayo bifurcado
ITM_Name_1142,106247402053165056,Fideos helados
ITM_Name_1143,106261060711866368,Picos de hielo
ITM_Name_1144,106261402287595520,Subhéroe
ITM_Name_1145,106296471018528768,Atleta
ITM_Name_1146,106296471018528769,Erudito
ITM_Name_1147,106296471018528770,Aceite de chile
ITM_Name_1148,106296471018528771,Caldo picante
ITM_Name_1149,106296471018528772,Relación calidad-precio
ITM_Name_1150,106300027549245440,Pólvora de pimienta negra
ITM_Name_1151,106300027549245441,Material pegajoso
MEH_Desc_76,108761156712128512,"¡Lánzame a mi mecha, Blandito!"
MEH_Name_76,108761156707934208,Cabeza de Carl Rangus
MEL_Name_50,102563114636009472,Piernas de Tanque de Tommy
MUT_Name_16,109842573688823808,Corazón de bobina
MUT_Name_2,109842573680435200,Explosión de colmena
MUT_Name_22,109842573688823809,Cráneo infernal
MUT_Name_25,109842573688823810,Placa dérmica
MUT_Name_27,109842573688823811,Nieve blandita
MUT_Name_28,96107584925196288,Glándula eléctrica
MUT_Name_29,109842573688823812,Gatillo fácil
MUT_Name_3,109842573684629504,Carne divina
MUT_Name_31,96923277304258560,¡Pegotes!
MUT_Name_32,98636212292542464,Glándula de regalo
MUT_Name_34,109842573688823813,Entrañas pegajosas
MUT_Name_35,109842573688823814,Corazón criogénico
MUT_Name_37,109842573688823815,Dedos de metralla
MUT_Name_38,109842573688823816,Cáscara espinada
MUT_Name_39,109842573688823817,Ojos de yeti incrustados
MUT_Name_41,109842573688823818,Cráneo de zarzas
MUT_Name_42,109842573688823819,Pico de permahielo
MUT_Name_43,109842573688823820,Goloso
MUT_Name_44,109842573688823821,Núcleo helado
MUT_Name_45,109842573688823822,Carne quemada por congelador
MUT_Name_46,109842573688823823,Piel de gallina
MUT_Name_47,109842573688823824,Aliento fresco de menta
MUT_Name_48,109842573688823825,Moco eléctrico
MUT_Name_50,109842573688823826,Nido en el pecho
MUT_Name_51,102475594665549824,Cuerpo de pecho quemado
MUT_Name_52,102575519566913536,Carga de riñón
MUT_Name_53,104519924813127680,Cuerpo ardiente
MUT_Name_54,109842573688823827,Oleada de biomasa
MUT_Name_55,104698776562688000,Rambtoe
MUT_Name_56,109858960654196736,Osteopuntura
MUT_Name_57,104791554420367360,Toque de queso picante
MUT_Name_58,109842573688823828,Estómago de lodo
MUT_Name_8,19688412549210112,Riboflavina
PE_Desc_128,97509550570070016,¡Elige tu carne!
PE_Desc_129,98235809558159360,¡Elige tu arma!
PE_Desc_130,100509189787344896,¡Elige tu mutación!
PE_Desc_131,107655364055392256,¡Destruye los portales!
PE_Desc_133,107655364063780865,¡Derrota a los cazadores!
PF_Name_68,107302781818232832,Desbloqueo de objeto: Piel de cocodrilo
PF_Name_69,107302781826621440,Desbloqueo de objeto: Elote sobre mero
PF_Name_70,107302781826621441,Desbloqueo de objeto: Frenesí alimentario
PF_Name_71,107318253833936896,Desbloqueo de mutación: Almacenamiento de batería
PF_Name_72,107318253833936897,Desbloqueo de mutación: Armadura de hielo
PF_Name_73,107318253833936898,Desbloqueo de mutación: Cuerpo ardiente
PF_Name_74,107318253833936899,Desbloqueo de mutación: Rojo ardiente
PF_Name_75,107318253833936900,Desbloqueo de mutación: Joe el descuidado
PF_Name_76,107373590712672256,Desbloqueo de carne misteriosa: Misil Dukem
PF_Name_77,107373590712672257,Desbloqueo de carne misteriosa: Mecánico Carl
PLN_Name_31,105178928291766272,Esfera De Carne
RF_Subtitle_35,99311942877831168,Entidad extradimensional
TPUP_Sub1_Desc_17_0_0,103774446992420864,<color=#FF3667><i>Aturde</i></color> a los enemigos
TPUP_Sub1_Desc_17_0_1,103774447009198080,"Los enemigos con el efecto <#FFEB04><link=""Keyword:1"">[Ardiendo]</link></color> sufren daño continuo y tienen probabilidad de sufrir <#FFEB04><link=""Keyword:19"">[Combustión]</link></color>."
TPUP_Sub1_Desc_17_0_2,103774447009198081,"Los enemigos <#FFEB04><link=""Keyword:8"">[Electrificados]</link></color> sufren daño continuo y tienen probabilidad de quedar <#FFEB04><link=""Keyword:7"">[Tambaleado]</link></color>"
TPUP_Sub1_Desc_17_1_0,103774447009198082,"Los enemigos <#FFEB04><link=""Keyword:2"">[Embarrados]</link></color> <color=#FF3667><i>reciben daño adicional</i></color> de todas las fuentes y los otros efectos elementales se <color=#FF3667><i>aplican más rápido.</i></color>"
TPUP_Sub1_Desc_17_1_1,103774447009198083,"Los enemigos <#FFEB04><link=""Keyword:3"">[Enfriados]</link></color> están <color=#FF3667><i>ralentizados</i></color> y tienen probabilidad de quedar <#FFEB04><link=""Keyword:4"">[Congelados]</link></color>. Los enemigos <#FFEB04><link=""Keyword:4"">[Congelados]</link></color> pueden <color=#FF3667><i>destrozarse</i></color> para sufrir daño adicional con daño <#FFEB04><link=""Keyword:5"">[Cinético]</link></color> o cuerpo a cuerpo."
e902d74f6cf640f296e9a01344279cab_121_0,101942999326384128,Cargado
f59980ba4e384046ab723e5bc9badda9_128_0,97509550570070017,Recompensas del jugador recolectadas
53afc69896b94bfba03024778d9e3623_134_0,111688140467462144,¡Agarra a Carl y lánzalo dentro de su mecha!
75a404bead8b4222886ea28d9fafd2a0_136_0,124465651215491072,Golpea cuerpo a cuerpo a un maniquí [InputAction:Gameplay/MeleeFire]
866e5e3449304da59d2ee38062fafa39_81_0,127793421195603968,¡!
9697eea8c0a144b39d6932525438c386_136_0,124725136014172160,Rango de tiro
CRT_Desc_11,114192001456177153,Antiguo cliente de <b>Rangus Meats</b>. Amenaza actual para sus empleados. El consumo prolongado de <b>Jocho Shot</b> ha hecho maravillas con su físico y absolutamente nada por su temperamento.
CRT_Desc_12,114192001460371456,Fabricado por la División de Defensa Automatizada de <b>Rangus Meats</b> antes de que dicha división fuera discretamente clausurada. Sigue operativo. Sigue cumpliendo las últimas órdenes que recibió. Nadie recuerda cuáles eran esas órdenes.
CRT_Desc_13,114192001460371457,"Ocho patas. Varios ojos. Una sola opinión sobre tu presencia aquí, y no es precisamente de bienvenida. Se encuentra en telarañas de su propio diseño, de las que está muy orgulloso."
CRT_Desc_22,114192001464565760,"El logro cumbre de <i>Proyecto Leviatán</i> y el fracaso cumbre de los experimentos acuícolas de <b>Rangus Meats</b>. Sea lo que fuera antes de las algas, ahora es considerablemente más grande. <br><br> No está claro si está enfadado. Lo que sí está muy claro es que tiene hambre."
CRT_Desc_26,114192001464565761,"Una nave de reconocimiento y combate operada por fuerzas alienígenas cuyas motivaciones siguen sin estar bien documentadas. Se mueve rápido, dispara con precisión y jamás ha respondido a una frecuencia de comunicación."
CRT_Desc_28,114192001464565762,Enormemente agrandada por generaciones de residuos de <b>Ciencia de la Carne</b> que contaminaron los sistemas de agua dulce de <b>Peterium</b>. Técnicamente sigue siendo una rana. Técnicamente no es seguro estar cerca.
CRT_Desc_31,114192001464565763,La población nativa de pirañas de <b>Peterium</b> era considerada una molestia menor antes de que comenzara el <i>Proyecto Leviatán</i>. Eso fue hace mucho tiempo.
CRT_Desc_34,114192001468760064,Mejorado mediante una exposición sostenida a compuestos experimentales de <b>Ciencia de la Carne</b>. Más rápido. Más grande. Más interesado en ti de lo que ningún tiburón tiene derecho a estar.
CRT_Desc_37,114186022270304256,Un organismo ocular flotante sin cuerpo visible ni explicación aparente. Los xenobiólogos de <b>Rangus Meats</b> han presentado numerosos informes al respecto. Ninguno de los informes coincide en lo que es.
CRT_Desc_38,114192001472954368,"Una construcción básica de <b>Smart Meat</b> que se ha vuelto salvaje o ha sido reconvertida por fuerzas hostiles. Simple. Determinada. Sorprendentemente resistente para algo que, en esencia, es solo carne."
CRT_Desc_39,114192001472954369,Solía trabajar en una planta de procesamiento de <b>Rangus Meats</b>. Conservó las herramientas del oficio a través de varias transiciones laborales que no fueron del todo voluntarias.
CRT_Desc_40,114192001472954370,Grease Monkey es un bot mecánico dado de baja que nunca se enteró de que ya lo reemplazaron. Mátalo para conseguir llaves que curan estructuras aliadas mejor de lo que jamás arreglaron un carro.
CRT_Desc_41,114192001481342976,"Anteriormente científico al servicio de <b>Rangus Meats</b>, esta enorme criatura ahora se ve a sí misma como el guardián de la vida acuática de <b>Peterium</b> y también como el máximo depredador del mundo. <br><br> Además, cree que es un pirata. ¡La gente es de lo más rara!"
CRT_Desc_42,114192001481342977,Una criatura definida por su enorme aparato ocular y su aparente compulsión de mirar fijamente todo lo que encuentra antes de consumirlo. La mirada es una advertencia. La mayoría lo aprende demasiado tarde.
CRT_Desc_43,114192001481342978,Una nave de <b>Franken Carnes</b> que lleva horrores adicionales allí donde los horrores adicionales son necesarios. No aterriza tanto como deposita su contenido y se va.
CRT_Desc_44,114192001485537280,"Desafortunadamente, no todos los experimentos de la <b>Ciencia de la carne</b> produjeron enormes avances para la civilización. Lo que comenzó como un proyecto a pequeña escala destinado a mejorar sujetos porcinos con XXXtreme Flavor™, rápidamente se descontroló. En lugar de crear un alimento perfecto, los técnicos de <b>Rangus Meats</b> crearon una máquina de comer perfecta. <br><br> Esta criatura sin consciencia, apodada Frankenjoles por uno de los científicos antes de que fuera devorado junto con su equipo, ahora viaja por la galaxia en una búsqueda interminable para saciar su hambre."
CRT_Desc_45,114192001485537281,El resultado de un experimento de <b>Ciencia de la Carne</b> iniciado con espíritu de investigación y concluido con el espíritu de lamentar profundamente ese espíritu. <br><br> Mitad hombre. Mitad avispa. Todo un problema.
CRT_Desc_46,114192001489731584,"Una plataforma de armas estacionaria sin agenda, sin sentimientos y sin intención de dejarte pasar. De todos los enemigos a los que te enfrentarás, este es posiblemente el más honesto sobre lo que quiere."
CRT_Desc_47,114192001489731585,Una criatura de origen incierto cuyas extremidades se extienden mucho más allá de lo que la biomecánica permite habitualmente. Usa esto a su favor. Lo descubrirás en breve.
CRT_Desc_48,114192001489731586,"Más pequeño, más rápido y no menos hambriento que su creador. El apetito de <b>Franken Carnes</b> es hereditario. Solo ha disminuido el tamaño de las porciones."
CRT_Desc_50,114192001493925888,Una construcción de <b>Smart Meat</b> que ha superado sus parámetros de crecimiento recomendados por un margen considerable. Quien aprobó sus especificaciones de desarrollo no ha estado disponible para hacer comentarios.
CRT_Desc_51,114192001493925889,Un combatiente cósmico compacto pero formidable que compensa su rango de movimiento reducido con un mayor compromiso de aplicar ese movimiento a tu cara.
CRT_Desc_52,114192001498120192,"No contraataca. No se mueve. Ha sobrevivido, contra toda expectativa razonable, hasta ahora. Esto dice más sobre el campo de tiro que sobre el blanco."
CRT_Desc_53,114192001498120193,Opera a distancias que sugieren o un equipo muy bueno o razones muy personales. Posiblemente ambas. No ha presentado ningún comunicado al respecto.
CRT_Desc_54,114192001498120194,"Logró la dominación aérea mediante la adquisición de tecnología que casi con certeza no debería tener. Rápido, maniobrable y enormemente seguro de ambas cosas."
CRT_Desc_55,114192001506508800,Resolvió el problema de la locomoción eliminándolo por completo. Flota a una altitud constante que resulta ser exactamente el nivel de amenaza. Esto no es una coincidencia.
CRT_Desc_56,114192001506508801,"Pequeño. Increíblemente musculoso. Opera bajo el supuesto de que el tamaño es simplemente un número, y ese número no es relevante para la pelea que está a punto de iniciar."
CRT_Desc_57,114192001506508802,"Una formación rocosa con forma de pato que, en algún momento de su historia geológica, cobró vida de manera agresiva. La División de Geología de <b>Rangus Meats</b> presentó un artículo al respecto. El artículo fue rechazado."
CRT_Desc_59,114192001510703104,Un humanoide subterráneo con excelentes instintos para excavar y pésima opinión sobre los visitantes. Sale a la superficie solo cuando lo provocan. Lo provocan con frecuencia.
CRT_Desc_6,114192001397456896,La cúspide del logro de la <b>Ciencia de la Carne</b>. Una construcción colosal de carne densa y reforzada capaz de un devastador rendimiento en combate. <b>Carl Rangus</b> lo diseñó para situaciones que requerían menos fineza y más de todo lo demás.
CRT_Desc_60,114192001510703105,Un transporte impulsado por el <b>Devorador de jochos</b> operado por la facción Mutante. Llega rápido. Se va más rápido. Lo que deposita en el medio ya es tu problema.
CRT_Desc_61,114192001514897408,Nave de transporte alienígena optimizada para el despliegue rápido de fuerzas y una partida igualmente rápida de las consecuencias de ese despliegue.
CRT_Desc_62,114192001514897409,Sigue adelante. Siguen saliendo más de él. Las matemáticas de esto no han sido explicadas y no serán explicadas. Sigue disparando.
CRT_Desc_63,114192001514897410,"Se desconoce el origen de este extraño pero amigable robot. Algunos creen que llegó en una nave de una galaxia lejana, hace mucho tiempo.<br><br> Más recientemente, Reset fue encontrado como prisionero de la fábrica de robots de largo alcance llamada<b> Calipso</b>, aparentemente como resultado de una relación fallida entre las dos entidades."
CRT_Desc_64,114192001519091712,Una plataforma de armas automatizada que alguien tuvo la previsión de retirar del suelo. No la hizo más amigable. La hizo más difícil de evitar.
CRT_Desc_65,114192001519091713,"Una concentración más pequeña de dependencia al <b>Devorador de jochos</b> que el modelo de tamaño completo, pero no menos comprometida con la misión central de causar problemas."
CRT_Desc_66,114192001523286016,"Una unidad ocular autónoma que funciona independientemente de cualquier anfitrión. Desplegada para vigilancia, escalada a enfrentamiento directo. La transición no estaba en las especificaciones originales."
CRT_Desc_67,114192001527480320,La primera fase del ciclo de crecimiento de Beatriz. Pequeña. Sin pretensiones. Su tiempo corriendo hacia atrás.
CRT_Desc_68,114192001527480321,Alto de una manera que sugiere que la gravedad de su planeta natal tenía fuertes opiniones sobre el crecimiento vertical. Usa la ventaja de la altura constantemente y sin disculpas.
CRT_Desc_69,114192001531674624,Supervisa el combate con una autoridad que nadie eligió y nadie ha desafiado con éxito. Llama las cosas como las ve. Lo ve todo.
CRT_Desc_70,114192001531674625,Un combatiente burocrático desplegado por <b>Pedro Marranero</b> para enredar a los oponentes en retrasos procedimentales y daño físico simultáneamente. El papeleo es un arma. El arma también es un arma.
CRT_Desc_71,114192001535868928,Recién salido de la campaña electoral y absolutamente convencido de que así es como se ve el servicio público. Llega en grandes números. Vota siguiendo las líneas del partido.
CRT_Desc_72,114192001535868929,Preside la arena con la absoluta certeza de alguien que jamás ha cuestionado su propio juicio. El mazo es enorme. Los veredictos son definitivos.
CRT_Desc_73,114192001535868930,Una unidad de aplicación corporativa que opera en nombre de la administración de los <b>Padres Golpeadores</b>. Ejecuta decisiones. No las toma. No necesita hacerlo.
CRT_Desc_74,114192001540063232,"Beatriz en pleno desarrollo. Lo que sea que estuvieras haciendo, deja de hacerlo."
CRT_Desc_75,114192001540063233,"Centro de gravedad bajo. Alto umbral para el dolor. Las mutaciones del <b>Devorador de jochos</b> no lo hicieron más alto, pero hicieron que la altura que tiene fuera considerablemente más efectiva."
CRT_Desc_76,114192001544257536,"Una unidad de Pato Granate que ha sido, por medios que siguen siendo clasificados, incorporada a algún tipo de función oficial. La placa es real. El pato es real. La roca también es real."
CRT_Desc_77,114192001544257537,"Beatriz, a mitad de su ciclo de crecimiento. Más grande de lo que parece. Con planes para el futuro."
CRT_Desc_79,114192001548451840,Un vehículo terrestre fuertemente blindado operado por la facción Máquina. Fue nombrado Tommy por alguien en la cadena de producción que quería ser recordado. Tommy no es una presencia tranquilizadora.
CRT_Desc_8,114192001456177152,"Un combatiente aéreo territorial que se encuentra en los entornos menos agradables de la galaxia. El veneno es malo. El sonido es, de alguna manera, peor. <b>Rangus Meats</b> ha intentado, en al menos tres ocasiones, incorporarlo en un elemento del menú. Las tres ocasiones terminaron de la misma manera."
CRT_Desc_80,114192001548451841,Una plataforma de armas de energía dirigida con excelente alcance y fuertes opiniones sobre todo lo que se encuentre dentro de ese alcance.
CRT_Desc_81,114192001548451842,"Una unidad de la facción máquina cuya cabeza es, definitivamente, una caja. La caja contiene algo. Ese algo se despliega. No disfrutarás lo que ese algo hace."
CRT_Desc_82,114192001552646144,Redondo. Rodante. Entusiasta en ambos aspectos. Las mutaciones del <b>Devorador de jochos</b> tomaron el concepto de mutante y lo llevaron en una dirección geométrica muy específica.
CRT_Desc_83,114192001552646145,"Delgado. Plano. Engañosamente duradero. Un mutante cuya reducción dimensional los ha hecho, de alguna manera, una amenaza mayor."
CRT_Desc_86,114192001556840448,"Una leal unidad de compañía de <b>Smart Meat</b> que ha sido desplegada contra ti, algo que no entiende completamente y de lo que probablemente se sentiría mal si fuera capaz de ese nivel de reflexión."
CRT_Desc_87,114192001556840449,Una unidad de compañía de <b>Smart Meat</b> juvenil con todo el entusiasmo y ninguno del contexto. Está haciendo lo mejor que puede. Su mejor esfuerzo sigue siendo un problema para ti.
CRT_Desc_88,114192001561034752,"<b>Carl Rangus</b>, operando a la escala que la situación exige. El mecha fue diseño suyo, claro. Lo tenía listo desde hace tiempo. <br><br> <i>¡Construí esta cosa hace años, Blandito, por si acaso! ¡Menos mal que por fin podemos usarla!</i>"
CRT_Name_90,112083206843392000,Orbe Vomitante
CRT_Name_91,118003757014249472,Vol'Kay No
HE_Desc_125,111992418004361216,"Obtén la<#FFEB04><link=""Item:634"">[Mejora de cazador II]</link></color> durante 15 s."
HE_Desc_126,111992418008555520,"Obtén la<#FFEB04><link=""Item:635"">[Mejora de cazador III]</link></color> durante 15 s."
HE_Desc_139,114224192071655424,"El objetivo queda <#FFEB04><link=""Keyword:7"">[Tambaleado]</link></color>"
HE_Desc_189,118953930455506944,"Inflige un 20 % de daño <#FFEB04><link=""Keyword:12"">[Eléctrico]</link></color> adicional"
HE_Desc_190,118953930468089856,"Inflige un 20 % de daño de <#FFEB04><link=""Keyword:13"">[Fuego]</link></color> adicional"
HE_Desc_191,118953930468089857,"Inflige un 20 % de daño de <#FFEB04><link=""Keyword:15"">[Hielo]</link></color> adicional"
HE_Desc_192,118953930468089858,"Inflige un 20 % de daño <#FFEB04><link=""Keyword:5"">[Cinético]</link></color> adicional"
HE_Desc_193,118953930468089859,"Inflige un 20 % de daño de <#FFEB04><link=""Keyword:14"">[Limo]</link></color> adicional"
HE_Desc_194,118953930468089860,"Inflige un 50 % de daño <#FFEB04><link=""Keyword:12"">[Eléctrico]</link></color> adicional"
HE_Desc_195,118953930468089861,"Inflige un 50 % de daño de <#FFEB04><link=""Keyword:13"">[Fuego]</link></color> adicional"
HE_Desc_196,118953930468089862,"Inflige un 50 % de daño de <#FFEB04><link=""Keyword:15"">[Hielo]</link></color> adicional"
HE_Desc_197,118953930468089863,"Inflige un 50 % de daño <#FFEB04><link=""Keyword:5"">[Cinético]</link></color> adicional"
HE_Desc_198,118953930468089864,"Inflige un 50 % de daño de <#FFEB04><link=""Keyword:14"">[Limo]</link></color> adicional"
HE_Desc_199,119267650700304384,Encadena 30 de daño a 2 enemigos
IATT_Name_1,113797958992912384,Velocidad de movimiento
IATT_Name_10,113797958997106693,Cantidad de Perforaciones
IATT_Name_11,113797958997106694,Precisión del Arma
IATT_Name_110,113797958997106747,Daño de Registro de Impacto
IATT_Name_113,113797958997106748,Daño Cuerpo a Cuerpo
IATT_Name_116,113797958997106749,Tamaño de Ventana de Recarga
IATT_Name_117,113797958997106750,Daño de Habilidad de Carne
IATT_Name_12,113797958997106695,Recuperación generalizada
IATT_Name_124,113797958997106751,Daño a Corta Distancia
IATT_Name_125,113797958997106752,Daño a Larga Distancia
IATT_Name_126,113797958997106753,Acumulación de Fuego
IATT_Name_127,113797958997106754,Acumulación de Hielo
IATT_Name_128,113797958997106755,Acumulación de Limo
IATT_Name_129,113797958997106756,Acumulación Eléctrica
IATT_Name_13,113797958997106696,Velocidad de Recarga
IATT_Name_130,113797958997106757,Duración de Barrera
IATT_Name_133,113797958997106758,Barrera Máxima
IATT_Name_136,113797958997106759,Ganancia de Barrera
IATT_Name_139,113797959001300992,Velocidad de Proyectil
IATT_Name_14,113797958997106697,Velocidad de Nado
IATT_Name_142,113797959001300993,Nivel de poder de Frankenjoles
IATT_Name_143,113797959001300994,Daño Cinético
IATT_Name_146,113797959001300995,Acumulación Cinética
IATT_Name_15,113797958997106698,Cantidad de Saltos
IATT_Name_151,113797959001300996,Daño de Esbirro
IATT_Name_154,113797959001300997,Salud de Esbirro
IATT_Name_157,113797959001300998,Regeneración de Salud de Esbirro
IATT_Name_16,113797958997106699,Probabilidad Crítica Aumentada
IATT_Name_162,113797959001300999,Cantidad de Ráfagas
IATT_Name_164,113797959001301000,Salud de Estructura de Evento
IATT_Name_165,113797959001301001,Regeneración de Salud de Estructura de Evento
IATT_Name_166,113797959001301002,Salud del Cazador
IATT_Name_167,113797959001301003,Regeneración de Salud del Cazador
IATT_Name_17,113797958997106700,Daño de Área
IATT_Name_178,113797959001301004,Cantidad de Esbirros Medianos
IATT_Name_179,113797959001301005,Cantidad de Esbirros Grandes
IATT_Name_18,113797958997106701,Durabilidad de Carne de Cabeza
IATT_Name_180,113797959001301006,Daño del Lanzagranadas
IATT_Name_181,113797959001301007,Daño del Magnum
IATT_Name_182,113797959001301008,Daño de la Pistola
IATT_Name_183,113797959001301009,Daño del Lanzador de plasma
IATT_Name_184,113797959001301010,Daño del Cañón de riel
IATT_Name_185,113797959001301011,Daño del Rifle
IATT_Name_186,113797959001301012,Daño del Lanzacohetes
IATT_Name_187,113797959001301013,Daño de la Metralleta
IATT_Name_188,113797959001301014,Daño de la Escopeta
IATT_Name_2,113797958997106688,Velocidad de Ataque
IATT_Name_20,113797958997106702,Salud adicional del jugador al reaparecer
IATT_Name_205,113797959001301015,Daño Mínimo del Lanzagranadas
IATT_Name_206,113797959001301016,Daño Mínimo del Magnum
IATT_Name_207,113797959001301017,Daño Mínimo de la Pistola
IATT_Name_208,113797959001301018,Daño Mínimo del Lanzador de plasma
IATT_Name_209,113797959001301019,Daño Mínimo del Cañón de riel
IATT_Name_21,113797958997106703,Segundos de Llegada del Cazador
IATT_Name_210,113797959001301020,Daño Mínimo del Rifle
IATT_Name_211,113797959001301021,Daño Mínimo del Lanzacohetes
IATT_Name_212,113797959001301022,Daño Mínimo de la Metralleta
IATT_Name_213,113797959001301023,Daño Mínimo de la Escopeta
IATT_Name_214,113797959001301024,Probabilidad Adicional de Efecto de Disparo de Rifle
IATT_Name_215,113797959001301025,Tamaño de Ventana de Recarga del Rifle
IATT_Name_216,113797959001301026,Alcance de Ataque del Rifle
IATT_Name_217,113797959001301027,Probabilidad de Golpe Crítico de Metralleta Adicional
IATT_Name_218,113797959001301028,Daño Crítico Adicional de Metralleta
IATT_Name_219,113797959001301029,Tamaño de Ventana de Recarga de Metralleta
IATT_Name_22,113797958997106704,Regeneración de Salud
IATT_Name_220,113797959001301030,Tamaño del Cargador de Metralleta
IATT_Name_221,113797959001301031,Alcance de Ataque de Metralleta
IATT_Name_222,113797959001301032,Precisión del Arma Metralleta
IATT_Name_223,113797959001301033,Velocidad de Ataque de Metralleta
IATT_Name_224,113797959001301034,Probabilidad de Efecto de Disparo de Metralleta Adicional
IATT_Name_225,113797959001301035,Cantidad de Perforaciones de Metralleta
IATT_Name_228,113797959001301038,Cantidad de Perforaciones de Magnum
IATT_Name_23,113797958997106705,Altura de Salto en Tierra
IATT_Name_231,113797959001301041,Alcance de Ataque de Magnum
IATT_Name_232,113797959001301042,Daño Máximo del Lanzagranadas
IATT_Name_233,113797959001301043,Daño Máximo de Magnum
IATT_Name_234,113797959001301044,Daño Máximo de Pistola
IATT_Name_235,113797959001301045,Daño Máximo del Lanzador de plasma
IATT_Name_236,113797959001301046,Daño Máximo del Cañón de riel
IATT_Name_237,113797959001301047,Daño Máximo del Rifle
IATT_Name_238,113797959001301048,Daño Máximo del Lanzacohetes
IATT_Name_239,113797959001301049,Daño Máximo de Metralleta
IATT_Name_24,113797958997106706,Tamaño del Cargador
IATT_Name_240,113797959001301050,Daño Máximo de Escopeta
IATT_Name_242,113797959001301051,Daño de Magnum
IATT_Name_25,113797958997106707,Recarga de Habilidad
IATT_Name_26,113797958997106708,Sigilo
IATT_Name_27,113797958997106709,Ángulo de ascenso
IATT_Name_286,113797959001301053,Tamaño del Cargador del Rifle
IATT_Name_287,113797959001301054,Cantidad de Perforaciones del Rifle
IATT_Name_288,113797959001301055,Velocidad de Ataque del Rifle
IATT_Name_289,113797959001301056,Daño en punto débil con rifle
IATT_Name_296,113797959001301057,Daño Máximo del Magnum
IATT_Name_3,113797958997106689,Todo el Daño
IATT_Name_30,113797958997106710,Amenaza Enemiga Positiva
IATT_Name_304,113797959001301058,Retardo Primario del Cazador
IATT_Name_306,113797959001301059,Retardo Secundario del Cazador
IATT_Name_309,113797959001301060,Velocidad de Ataque del Cazador
IATT_Name_31,113797958997106711,Inmunidad a las telarañas
IATT_Name_312,113797959001301061,Daño del Cazador
IATT_Name_315,113797959001301062,Velocidad de Movimiento del Cazador
IATT_Name_318,113797959001301063,Durabilidad de la carne
IATT_Name_32,113797958997106712,Radio del Área de Efecto de Apoyo
IATT_Name_321,113797959001301064,Reducción de Daño de la Carne
IATT_Name_324,113797959001301065,Altura del Doble Salto
IATT_Name_328,113797959001301066,Vulnerabilidad eléctrica
IATT_Name_329,113797959001301067,Vulnerabilidad al Fuego
IATT_Name_33,113797958997106713,Recarga de Habilidad de Cabeza
IATT_Name_330,113797959001301068,Vulnerabilidad al Hielo
IATT_Name_331,113797959001301069,Vulnerabilidad Cinética
IATT_Name_332,113797959001301070,Vulnerabilidad a Limo
IATT_Name_335,113797959001301071,Congelar objetivos
IATT_Name_336,113797959001301072,Vulnerabilidad de Cuerpo a Cuerpo
IATT_Name_338,113797959001301073,Velocidad de Ataque Cuerpo a Cuerpo
IATT_Name_34,113797958997106714,Munición infinita
IATT_Name_340,113797959001301074,Distancia de Detección de Minerales
IATT_Name_341,113797959001301075,Distancia de Detección de Fosas de pesca
IATT_Name_342,113797959001301076,Distancia de Detección del Gastronauta
IATT_Name_343,113797959001301077,Daño de Fragmentar
IATT_Name_346,113797959001301078, Daño por sufrir el efecto Ardiendo
IATT_Name_349,113797959001301079,Probabilidad de Activación de Combustión
IATT_Name_35,113797958997106715,Cantidad de Esbirros Pequeños
IATT_Name_350,113797959001301080,Daño de Combustión
IATT_Name_353,113797959001301081,Probabilidad de Activación de Electrificado
IATT_Name_354,113797959001301082,Daño de Electrificado
IATT_Name_357,113797959001301083,Amplificación de Daño de Limo
IATT_Name_358,113797959001301084,Ralentización por Enfriamiento
IATT_Name_359,113797959001301085,Daño en punto débil con magnum
IATT_Name_36,113797958997106716,Altura de Salto en Natación
IATT_Name_360,113797959001301086,Daño en punto débil con pistola
IATT_Name_361,113797959001301087,Daño en punto débil con escopeta
IATT_Name_362,113797959001301088,Daño en punto débil con metralleta
IATT_Name_363,113797959001301089,Daño de Impacto Directo de Lanzagranadas
IATT_Name_364,113797959001301090,Daño de Impacto Directo de Lanzador de plasma
IATT_Name_365,113797959001301091,Daño de Impacto Directo de Lanzacohetes
IATT_Name_366,113797959001301092,Recuperación de Dispersión de Rifle
IATT_Name_367,113797959001301093,Precisión de Rifle
IATT_Name_369,113797959001301095,Tamaño de Cargador de Cañón de riel
IATT_Name_37,113797958997106717,Daño Crítico Adicional
IATT_Name_370,113797959001301096,Radio de Explosión de Pistola de plasma
IATT_Name_371,113797959001301097,Tamaño de Ventana de Recarga de Pistola
IATT_Name_372,113797959001301098,Probabilidad de golpe crítico de Pistola Adicional
IATT_Name_373,113797959001301099,Tamaño de Cargador de Pistola
IATT_Name_374,113797959001301100,Precisión de Pistola
IATT_Name_375,113797959001301101,Alcance de Ataque de Pistola
IATT_Name_376,113797959001301102,Velocidad de Ataque de Pistola
IATT_Name_377,113797959001301103,Daño Crítico Adicional de Pistola
IATT_Name_378,113797959001301104,Cantidad de Perforaciones de Pistola
IATT_Name_38,113797958997106718,Alcance de Ataque
IATT_Name_381,113797959001301107,Probabilidad de Efecto de Activación Adicional de Pistola
IATT_Name_382,113797959001301108,Daño Crítico Adicional de Rifle
IATT_Name_383,113797959001301109,Probabilidad de golpe crítico de Rifle Adicional
IATT_Name_385,113797959001301111,Velocidad de Ataque de Magnum
IATT_Name_386,113797959001301112,Probabilidad de Crítico de Magnum Adicional
IATT_Name_387,113797959001301113,Daño Crítico Adicional de Magnum
IATT_Name_388,113797959001301114,Precisión del Arma Magnum
IATT_Name_389,113797959001301115,Tamaño de Ventana de Recarga de Magnum
IATT_Name_39,113797958997106719,Salud Adicional de Contenedores
IATT_Name_390,113797959001301116,Tamaño de Cargador de Magnum
IATT_Name_391,113797959001301117,Probabilidad de Efecto de Disparo de Magnum Adicional
IATT_Name_392,113797959001301118,Velocidad de Ataque de Lanzador de plasma
IATT_Name_393,113797959001301119,Probabilidad de golpe crítico de Lanzador de plasma Adicional
IATT_Name_394,113797959001301120,Daño Crítico Adicional de Lanzador de plasma
IATT_Name_395,113797959001301121,Tamaño de Ventana de Recarga de Lanzador de plasma
IATT_Name_396,113797959001301122,Tamaño de Cargador de Lanzador de plasma
IATT_Name_397,113797959001301123,Probabilidad de Efecto de Disparo de Lanzador de plasma Adicional
IATT_Name_398,113797959001301124,Velocidad de Proyectil de Lanzador de plasma
IATT_Name_399,113797959001301125,Daño de Área de Lanzador de plasma
IATT_Name_4,113797958997106690,Salud Máxima
IATT_Name_400,113797959001301126,Cantidad de Perforaciones de Escopeta
IATT_Name_401,113797959001301127,Probabilidad de golpe crítico de Escopeta Adicional
IATT_Name_402,113797959001301128,Daño Crítico Adicional de Escopeta
IATT_Name_403,113797959001301129,Probabilidad de Efecto de Disparo de Escopeta Adicional
IATT_Name_404,113797959001301130,Tamaño de Cargador de Escopeta
IATT_Name_406,113797959001301132,Alcance de Ataque de Escopeta
IATT_Name_407,113797959001301133,Velocidad de Ataque de Escopeta
IATT_Name_408,113797959001301134,Tamaño de Ventana de Recarga de Escopeta
IATT_Name_409,113797959001301135,Probabilidad de Efecto de Disparo de Cañón de riel Adicional
IATT_Name_41,113797958997106720,Recarga de Habilidad de Torso
IATT_Name_410,113797959001301136,Probabilidad de golpe crítico de Cañón de riel Adicional
IATT_Name_411,113797959001301137,Daño Crítico Adicional de Cañón de riel
IATT_Name_412,113797959001301138,Tamaño de Ventana de Recarga de Cañón de riel
IATT_Name_413,113797959001301139,Cantidad de Perforaciones de Cañón de riel
IATT_Name_414,113797959001301140,Velocidad de Ataque de Cañón de riel
IATT_Name_415,113797959001301141,Daño en punto débil con cañón de riel
IATT_Name_416,113797959001301142,Rango de Ataque de Cañón de riel
IATT_Name_418,113797959001301144,Probabilidad de golpe crítico Adicional de Lanzacohetes
IATT_Name_419,113797959001301145,Daño Crítico Adicional de Lanzacohetes
IATT_Name_420,113797959001301146,Tamaño del Cargador de Lanzacohetes
IATT_Name_421,113797959001301147,Velocidad de Proyectil de Lanzacohetes
IATT_Name_422,113797959001301148,Velocidad de Ataque de Lanzacohetes
IATT_Name_423,113797959001301149,Probabilidad de Efecto Adicional de Lanzacohetes
IATT_Name_424,113797959001301150,Radio de Explosión de Lanzacohetes
IATT_Name_425,113797959001301151,Daño de Área de Lanzacohetes
IATT_Name_426,113797959001301152,Probabilidad de golpe crítico Adicional de Lanzagranadas
IATT_Name_427,113797959001301153,Daño Crítico Adicional de Lanzagranadas
IATT_Name_428,113797959001301154,Velocidad de Ataque de Lanzagranadas
IATT_Name_429,113797959001301155,Velocidad de Proyectil de Lanzagranadas
IATT_Name_430,113797959001301156,Tamaño de Ventana de Recarga de Lanzagranadas
IATT_Name_431,113797959001301157,Tamaño del Cargador de Lanzagranadas
IATT_Name_432,113797959001301158,Radio de Explosión de Lanzagranadas
IATT_Name_433,113797959001301159,Probabilidad de Efecto Adicional de Lanzagranadas
IATT_Name_434,113797959001301160,Daño de Área de Lanzagranadas
IATT_Name_435,113797959001301161,Daño de Área de Cañón de riel
IATT_Name_436,113797959001301162,Radio de Explosión de Cañón de riel
IATT_Name_441,113797959001301163,Intervalo de Aparición
IATT_Name_442,113797959001301164,Probabilidad de golpe crítico Adicional Cuerpo a Cuerpo
IATT_Name_444,113797959001301166,Probabilidad de golpe crítico Cuerpo a Cuerpo
IATT_Name_446,113797959001301167,Daño Crítico Adicional Cuerpo a Cuerpo
IATT_Name_447,113797959001301168,Daño Crítico Cuerpo a Cuerpo
IATT_Name_448,113797959001301169,Distancia del empuje
IATT_Name_45,113797958997106721,Probabilidad de Tambaleante Adicional
IATT_Name_451,113797959001301170,Distancia de Retroceso Cuerpo a Cuerpo
IATT_Name_454,113797959001301171,Salud del Jefe
IATT_Name_455,113797959001301172,Densidad de Enemigos
IATT_Name_456,113797959001301173,Salud de Estructura de Evento Aliada
IATT_Name_457,113797959001301174,Regeneración de Salud de Estructura de Evento Aliada
IATT_Name_458,113797959001301175,Salud de Estructura de Evento del Jugador
IATT_Name_459,113797959001301176,Créditos por Tarjeta en Nodo de Recolección
IATT_Name_461,113797959001301177,Regeneración de Salud de Estructura de Evento del Jugador
IATT_Name_464,113797959001301178,Recompensa de Rangus y Jochos
IATT_Name_466,113797959001301179,Salud de Estructura de Evento Enemiga
IATT_Name_467,113797959001301180,Regeneración de Salud de Estructura de Evento Enemiga
IATT_Name_468,113797959001301181,Indicador de Movimiento Limitado Enemigo
IATT_Name_47,113797958997106722,Recarga de Habilidad de Piernas
IATT_Name_470,113797959001301182,Salud de Estructura del Jefe
IATT_Name_471,113797959001301183,Daño de destrucción del tubo de Frankenjoles
IATT_Name_472,113797959001301184,Daño en punto débil del Jefe
IATT_Name_473,113797959001301185,Cantidad de Esbirros del Jefe
IATT_Name_474,113797959001301186,Velocidad de Movimiento del Jefe
IATT_Name_475,113797959001301187,Tiempo de Aparición de Carne Estática del Jefe
IATT_Name_476,113797959001301188,Regeneración de Salud del Mini Jefe
IATT_Name_479,113797959001301189,Velocidad de Ataque del Mini Jefe
IATT_Name_482,113797959001301190,Daño del Mini Jefe
IATT_Name_485,113797959001301191,Resistencia Cinética
IATT_Name_488,113797959001301192,Resistencia al Fuego
IATT_Name_491,113797959001301193,Resistencia al Hielo
IATT_Name_494,113797959001301194,Resistencia eléctrica
IATT_Name_497,113797959001301195,Resistencia al Limo
IATT_Name_506,113797959001301196,Probabilidad de Aparición de Carne
IATT_Name_509,113797959001301197,Mejor Suerte con Recompensas de Subida de Nivel
IATT_Name_51,113797958997106723,Daño de Impacto Directo
IATT_Name_511,113797959001301198,Ganancia de EXP
IATT_Name_513,113797959001301199,Cargas Máximas de Habilidad
IATT_Name_514,113797959001301200,Objetivos en Cadena
IATT_Name_515,113797959001301201,Duración de Congelación
IATT_Name_516,113797959001301202,Daño de Habilidad de Carne de Cabeza
IATT_Name_517,113797959001301203,Daño de Habilidad de Carne de Torso
IATT_Name_518,113797959001301204,Daño de Habilidad de Carne de Piernas
IATT_Name_519,113797959001301205,Daño de Arma
IATT_Name_52,113797958997106724,Probabilidad de Efecto de Disparo Adicional
IATT_Name_521,118906002034647040,Resistencia a Condiciones
IATT_Name_523,129087451949948928,Cantidad de Proyectiles de Granada
IATT_Name_524,129087451949948929,Cantidad de Proyectiles de Magnum
IATT_Name_525,129087451949948930,Cantidad de Proyectiles de Pistola
IATT_Name_526,129087451949948931,Cantidad de Proyectiles de Plasma
IATT_Name_527,129087451949948932,Cantidad de Proyectiles de Cañón de riel
IATT_Name_528,129087451949948933,Cantidad de Proyectiles de Rifle
IATT_Name_529,129087451949948934,Cantidad de Proyectiles de Cohete
IATT_Name_53,113797958997106725,Daño Recibido
IATT_Name_530,129087451949948935,Cantidad de Proyectiles de Escopeta
IATT_Name_531,129087451949948936,Cantidad de Proyectiles de Metralleta
IATT_Name_54,113797958997106726,Repulsión de Enemigos
IATT_Name_55,113797958997106727,Probabilidad de golpe crítico Adicional
IATT_Name_56,113797958997106728,Cantidad de Proyectiles
IATT_Name_58,113797958997106729,Daño en punto débil
IATT_Name_59,113797958997106730,Velocidad de Movimiento Aéreo
IATT_Name_6,113797958997106691,Radio de Explosión
IATT_Name_60,113797958997106731,Gravedad
IATT_Name_62,113797958997106732,Cantidad de Nanobot de Reparación
IATT_Name_63,113797958997106733,Capacidad de Nanobots de Reparación
IATT_Name_66,113797958997106734,Exploradores Enemigos Cerca de Tu Ubicación
IATT_Name_7,113797958997106692,Nivel de Desafío
IATT_Name_75,113797958997106735,¡Te descubrieron!
IATT_Name_76,113797958997106736,Reducción de Daño de la Carne de Cabeza
IATT_Name_77,113797958997106737,Reducción de Daño de la Carne del Torso
IATT_Name_78,113797958997106738,Reducción de Daño de la Carne de Piernas
IATT_Name_79,113797958997106739,Durabilidad de la Carne del Torso
IATT_Name_81,113797958997106740,Durabilidad de la Carne de Piernas
IATT_Name_83,113797958997106741,Baliza de transbordador
IATT_Name_86,113797958997106742,Reapariciones iniciales
IATT_Name_87,113797958997106743,Daño de Fuego
IATT_Name_90,113797958997106744,Daño de Hielo
IATT_Name_93,113797958997106745,Daño Eléctrico
IATT_Name_96,113797958997106746,Daño de Limo
ITM_293_HE_0,112852940539027456,Al infligir daño Cuerpo a cuerpo
ITM_436_HE_0,126473208478031872,Al recibir daño
ITM_Desc_1028,118953930640056320,"Inflige un +10 % de daño a los enemigos <#FFEB04><link=""Keyword:8"">[Electrificados]</link></color>"
ITM_Desc_1029,118953930640056321,"Inflige un +15 % de daño a los enemigos <#FFEB04><link=""Keyword:8"">[Electrificados]</link></color>"
ITM_Desc_1030,118953930640056322,"Inflige un +20 % de daño a los enemigos <#FFEB04><link=""Keyword:8"">[Electrificados]</link></color>"
ITM_Desc_1031,118960669196279808,"Inflige un +10 % de daño a los enemigos <#FFEB04><link=""Keyword:1"">[Ardiendo]</link></color>"
ITM_Desc_1032,118960669196279809,"Inflige un +15 % de daño a los enemigos <#FFEB04><link=""Keyword:1"">[Ardiendo]</link></color>"
ITM_Desc_1033,118960669196279810,"Inflige un +20 % de daño a los enemigos <#FFEB04><link=""Keyword:1"">[Ardiendo]</link></color>"
ITM_Desc_1034,118960669200474112,"Inflige un +10 % de daño a los enemigos <#FFEB04><link=""Keyword:3"">[Enfriados]</link></color>"
ITM_Desc_1035,118960669200474113,"Inflige un +15 % de daño a los enemigos <#FFEB04><link=""Keyword:3"">[Enfriados]</link></color>"
ITM_Desc_1036,118960669200474114,"Inflige un +20 % de daño a los enemigos <#FFEB04><link=""Keyword:3"">[Enfriados]</link></color>"
ITM_Desc_1037,118960669200474115,"Inflige un +10 % de daño a los enemigos <#FFEB04><link=""Keyword:7"">[Tambaleados]</link></color>"
ITM_Desc_1038,118960669200474116,"Inflige +15 % de daño a los enemigos <#FFEB04><link=""Keyword:7"">[Tambaleados]</link></color>"
ITM_Desc_1039,118960669200474117,"Inflige +20 % de daño a los enemigos <#FFEB04><link=""Keyword:7"">[Tambaleados]</link></color>"
ITM_Desc_1040,118960669200474118,"Inflige +10 % de daño a los enemigos <#FFEB04><link=""Keyword:2"">[Embarrados]</link></color>"
ITM_Desc_1041,118960669200474119,"Inflige +15 % de daño a los enemigos <#FFEB04><link=""Keyword:2"">[Embarrados]</link></color>"
ITM_Desc_1042,118960669204668416,"Inflige +20 % de daño a los enemigos <#FFEB04><link=""Keyword:2"">[Embarrados]</link></color>"
ITM_Desc_1064,118953930648444928,Inflige +30 % de daño a los Cazadores
ITM_Desc_1065,118953930648444929,Inflige +40 % de daño a los Cazadores
ITM_Desc_1066,118953930648444930,Inflige +50 % de daño a los Cazadores
ITM_Desc_1073,118953930648444931,Inflige +10 % de daño a los Acuáticos
ITM_Desc_1074,118953930652639232,Inflige +10 % de daño a las Máquinas
ITM_Desc_1075,118953930652639233,Inflige +10 % de daño a los Mutantes
ITM_Desc_1076,118953930652639234,Inflige +10 % de daño a los Franken Carnes
ITM_Desc_1077,118953930652639235,Inflige +10 % de daño a los Omnicarnes
ITM_Desc_1078,118953930652639236,Inflige +10 % de daño a los Insectoides
ITM_Desc_1079,118953930652639237,Inflige +10 % de daño a los Alienígenas
ITM_Desc_1080,118953930652639238,Inflige +15 % de daño a los Acuáticos
ITM_Desc_1081,118953930652639239,Inflige +15 % de daño a las Máquinas
ITM_Desc_1082,118953930652639240,Inflige +15 % de daño a los Mutantes
ITM_Desc_1083,118953930656833536,Inflige +15 % de daño a los Franken Carnes
ITM_Desc_1084,118953930656833537,Inflige +15 % de daño a los Omnicarnes
ITM_Desc_1085,118953930656833538,Inflige +15 % de daño a los Insectoides
ITM_Desc_1086,118953930656833539,Inflige +15 % de daño a los Alienígenas
ITM_Desc_1087,118953930656833540,Inflige +20 % de daño a los Acuáticos
ITM_Desc_1088,118953930656833541,Inflige +20 % de daño a las Máquinas
ITM_Desc_1089,118953930656833542,Inflige +20 % de daño a los Mutantes
ITM_Desc_1090,118953930656833543,Inflige +20 % de daño a los Franken Carnes
ITM_Desc_1091,118953930656833544,Inflige +20 % de daño a los Omnicarnes
ITM_Desc_1092,118953930661027840,Inflige +20 % de daño a los Insectoides
ITM_Desc_1093,118953930661027841,Inflige +20 % de daño a los Alienígenas
ITM_Desc_644,117055205214773248,+10 % de daño total por cada parte de carne faltante
ITM_Desc_645,14970698739998720,+15 % de daño total por cada parte de carne faltante
ITM_Desc_646,14970698739998721,+20 % de daño total por cada parte de carne faltante
ITM_Name_1161,120294751171764224,Tabla de Surf
ITM_Name_1187,127273379008864256,Atleta
ITM_Name_1190,127273379013058560,Valor por tu dinero
ITM_Name_1192,127273379013058561,Scampi de res
ITM_Name_1195,127273379013058562,Cargador grande
ITM_Name_1199,127273379017252864,Pólvora de Pimienta Negra
ITM_Name_1203,127273379017252865,Sashimi de pollo
ITM_Name_1206,127273379017252866,Aceite de Chile
ITM_Name_1210,127273379017252867,Claridad
ITM_Name_1213,127273379017252868,Café con leche
ITM_Name_1217,127273379017252869,Huevos de cuervo
ITM_Name_1221,127273379017252870,Baquetas
ITM_Name_1224,127273379017252871,Anguila eléctrica
ITM_Name_1226,127273379017252872,Elixir de la suerte
ITM_Name_1230,127273379017252873,Frenesí alimentario
ITM_Name_1232,127273379021447168,Cinturón de extranjeros
ITM_Name_1235,127273379021447169,Agarre hacia adelante
ITM_Name_1239,127273379021447170,Vitaminas frutales
ITM_Name_1242,127273379021447171,Ostras de la gasolinera
ITM_Name_1246,127273379021447172,Piel de cocodrilo
ITM_Name_1248,127273379021447173,Ensalada de gelatina
ITM_Name_1251,127273379021447174,Cargador de Carbohidratos
ITM_Name_1255,127273379021447175,Tren de salsa
ITM_Name_1258,127273379021447176,Agua de jamón caliente
ITM_Name_1261,127273379021447177,Salsa picante
ITM_Name_1265,127273379025641472,Ponche caliente
ITM_Name_1268,127273379025641473,Salchicha picante
ITM_Name_1272,127273379025641474,Fideos Helados
ITM_Name_1276,127273379025641475,Picos de hielo
ITM_Name_1279,127273379025641476,Cereal de metal dentado
ITM_Name_1287,127273379025641477,Maná de carne
ITM_Name_1290,127273379025641478,Paleta de carne
ITM_Name_1293,127273379025641479,Esto es lo que yo llamo jugo
ITM_Name_1296,127273379025641480,Cerdometa
ITM_Name_1299,127273379025641481,Leche de rata
ITM_Name_1303,127273379029835776,Jamón al ron
ITM_Name_1306,127273379029835777,Acumulación pequeña
ITM_Name_1308,127273379029835778,Escupidor de metralla
ITM_Name_1312,127273379029835779,CÁMARA LENTA
ITM_Name_1314,127273379029835780,Cono de lodo
ITM_Name_1317,127273379029835781,Cono de nieve
ITM_Name_1320,127273379029835782,Caldo Picante
ITM_Name_1324,127273379029835783,Camarón picante
ITM_Name_1328,127273379029835784,Cosa Pegajosa
ITM_Name_1334,127273379029835785,Sushi de supermercado
ITM_Name_1338,127273379034030080,Cuchillo de sushi
ITM_Name_1342,127273379034030081,Especias sintéticas
ITM_Name_1346,127273379034030082,Taco
ITM_Name_1349,127273379034030083,Sabrosas golosinas de esbirro
ITM_Name_1352,127273379034030084,La inmersión
ITM_Name_1355,127273379034030085,Miel de carne de abeja buitre
ITM_Name_1358,127273379034030086,Pechuga de pollo con especias
ITM_Name_1362,127273379034030087,Gomitas de borrachitos
ITM_Name_331,129034446428954624,Sobrecarga
KW_Desc_1,117104892261163008,"Inflige daño de <#FFEB04><link=""Keyword:13"">[Fuego]</link></color> con el tiempo. Tiene probabilidad de causar <#FFEB04><link=""Keyword:19"">[Combustión]</link></color>."
KW_Desc_10,117128920619278336,¡Tanta munición que nunca tendrás que recargar!
KW_Desc_11,117130058332626945,Salud temporal que se agota con el tiempo.
KW_Desc_12,117130058332626946,"Cuando se acumula suficiente daño <#FFEB04><link=""Keyword:12"">[Eléctrico]</link></color> en un enemigo, quedará <#FFEB04><link=""Keyword:8"">[Electrificado]</link></color>."
KW_Desc_13,117130058336821248,"Cuando se acumula suficiente daño de <#FFEB04><link=""Keyword:13"">[Fuego]</link></color> en un enemigo, quedará <#FFEB04><link=""Keyword:1"">[Ardiendo]</link></color>."
KW_Desc_14,117130058336821249,"Cuando se acumula suficiente daño de <#FFEB04><link=""Keyword:14"">[Limo]</link></color> en un enemigo, quedará <#FFEB04><link=""Keyword:2"">[Embarrado]</link></color>."
KW_Desc_15,117130058336821250,"Cuando se acumula suficiente daño de <#FFEB04><link=""Keyword:15"">[Hielo]</link></color> en un enemigo, quedará <#FFEB04><link=""Keyword:3"">[Enfriado]</link></color> y eventualmente <#FFEB04><link=""Keyword:4"">[Congelado]</link></color>."
KW_Desc_17,118962454677938176,"Efectos de estado como Ardiendo, Embarrado, Electrificado, etc."
KW_Desc_18,117191729474428929,"Inflige daño Cuerpo a cuerpo o Cinético a un enemigo <#FFEB04><link=""Keyword:4"">[Congelado]</link></color> para <#FFEB04><link=""Keyword:18"">[Fragmentar]</link></color> y causar daño adicional."
KW_Desc_19,117191729474428931,"Un enemigo <#FFEB04><link=""Keyword:1"">[Ardiendo]</link></color> tiene posibilidades de <#FFEB04><link=""Keyword:19"">[Combustión]</link></color> al recibir daño de <#FFEB04><link=""Keyword:13"">[Fuego]</link></color>, causando daño adicional."
KW_Desc_2,117104892269551616,"Recibes más daño y acumulas <#FFEB04><link=""Keyword:17"">[Condiciones]</link></color> más rápido."
KW_Desc_3,117104892269551617,Te mueves y atacas más lento.
KW_Desc_4,117104892269551618,"No puede actuar hasta que el hielo se derrita. El daño Cuerpo a cuerpo o Cinético provoca <#FFEB04><link=""Keyword:18"">[Fragmentar]</link></color>."
KW_Desc_5,117104892269551619,"Cuando se acumula suficiente daño <#FFEB04><link=""Keyword:5"">[Cinético]</link></color> en un enemigo, quedará <#FFEB04><link=""Keyword:7"">[Tambaleado]</link></color>."
KW_Desc_7,117104892269551622,Brevemente incapaz de actuar.
KW_Desc_8,117127071258370048,Inflige daño periódicamente a los enemigos cercanos.
KW_Name_11,117130058332626944,Barrera
KW_Name_17,117164252249186307,Condiciones
KW_Name_18,117191729474428928,Fragmentar
KW_Name_19,117191729474428930,Combustión
MEH_Desc_79,127668194695438336,Esta cabeza viajó desde el futuro para estar aquí.
MEH_Desc_80,128037346949980160,Votada como la carne número uno más deseable
MEH_Name_77,117162002315468800,Cabeza de Rayo de Carga
MEH_Name_79,127668194691244032,Cabeza de Empleado del Futuro
MEH_Name_80,128037346941591552,Cabeza de investigación de Rangus
MUT_Desc_13,127239120638435331,"Golpear a enemigos <#FFEB04><link=""Keyword:1"">[Ardiendo]</link></color> tiene una probabilidad de acumular un bono de daño temporal."
MUT_Desc_14,127239120642629632,"Golpear a enemigos <#FFEB04><link=""Keyword:2"">[Embarrados]</link></color> extiende la Vulnerabilidad Elemental a los enemigos cercanos."
MUT_Desc_15,127239120642629633,"Aumenta enormemente el daño de <#FFEB04><link=""Keyword:18"">[Fragmentar]</link></color> y acumula la acumulación de <#FFEB04><link=""Keyword:15"">[Hielo]</link></color> más rápido."
MUT_Desc_16,127240818282979328,"El daño <#FFEB04><link=""Keyword:12"">[Eléctrico]</link></color> contra enemigos <#FFEB04><link=""Keyword:8"">[Electrificados]</link></color> se encadena a objetivos cercanos."
MUT_Desc_2,127239120634241024,Aumenta tu capacidad de esbirros y da a las eliminaciones posibilidades de invocar esbirros Avispa.
MUT_Desc_21,127239120642629634,"Aumenta tanto la probabilidad de <#FFEB04><link=""Keyword:19"">[Combustión]</link></color> como el daño que causa."
MUT_Desc_22,127239120642629635,"Aumenta considerablemente el daño de <#FFEB04><link=""Keyword:1"">[Ardiendo]</link></color>. Golpear a enemigos <#FFEB04><link=""Keyword:1"">[Ardiendo]</link></color> tiene una probabilidad de extenderlo a objetivos cercanos."
MUT_Desc_23,127239120642629636,"<#FFEB04><link=""Keyword:8"">[Electrificado]</link></color> inflige más daño con mayor frecuencia. Golpear a enemigos <#FFEB04><link=""Keyword:8"">[Electrificados]</link></color> puede aplicar <#FFEB04><link=""Keyword:7"">[Tambaleado]</link></color>."
MUT_Desc_24,127240818287173632,"Los enemigos <#FFEB04><link=""Keyword:2"">[Embarrados]</link></color> reciben más daño. Las unidades eliminadas extienden sus <#FFEB04><link=""Keyword:17"">[Efectos]</link></color> a los enemigos cercanos."
MUT_Desc_25,127239120642629637,"Tus partes de carne se rompen un 25 % más rápido, pero perder una parte de carne otorga <#FFEB04><link=""Keyword:11"">[Barrera]</link></color>."
MUT_Desc_26,127239120642629638,"Golpear a enemigos <#FFEB04><link=""Keyword:7"">[Tambaleados]</link></color> puede encadenar daño y extender <#FFEB04><link=""Keyword:7"">[Tambaleado]</link></color> a enemigos cercanos."
MUT_Desc_27,127239120642629639,"Aumenta considerablemente la ralentización de <#FFEB04><link=""Keyword:3"">[Enfriado]</link></color>. Matar enemigos <#FFEB04><link=""Keyword:3"">[Enfriados]</link></color> o <#FFEB04><link=""Keyword:4"">[Congelados]</link></color> puede generar Orbes de Hielo que dañan a los enemigos cercanos."
MUT_Desc_28,127240818287173633,"Los golpes críticos <#FFEB04><link=""Keyword:12"">[Eléctricos]</link></color> cargan tu siguiente habilidad, acumulando hasta el doble de daño."
MUT_Desc_29,127239120642629640,Los recargas rápidas exitosas aumentan la velocidad de ataque y recarga. Fallar una recarga rápida reinicia todas las acumulaciones.
MUT_Desc_3,127239120638435328,"Carne más resistente. Golpear a enemigos <#FFEB04><link=""Keyword:7"">[Tambaleados]</link></color> extiende la Vulnerabilidad Cuerpo a Cuerpo a los enemigos cercanos."
MUT_Desc_30,127240818287173634,"Los enemigos <#FFEB04><link=""Keyword:3"">[Enfriados]</link></color> pueden quedar <#FFEB04><link=""Keyword:4"">[Congelados]</link></color>."
MUT_Desc_31,127239120642629641,"Matar a enemigos <#FFEB04><link=""Keyword:2"">[Embarrados]</link></color> puede soltar un Pegote que otorga un beneficio temporal."
MUT_Desc_32,127239120646823936,"Los golpes cuerpo a cuerpo en enemigos <#FFEB04><link=""Keyword:7"">[Tambaleados]</link></color> colocan una bomba que explota después de 3 s."
MUT_Desc_33,127239120646823937,"Golpear a enemigos <#FFEB04><link=""Keyword:1"">[Ardiendo]</link></color> tiene una probabilidad de aumentar tu probabilidad de golpe crítico."
MUT_Desc_34,127239120646823938,"Los golpes críticos tienen una probabilidad de extender <#FFEB04><link=""Keyword:2"">[Embarrados]</link></color> a enemigos cercanos."
MUT_Desc_35,127239120646823939,"Cada intercambio de carne aumenta el Daño de <#FFEB04><link=""Keyword:15"">[Hielo]</link></color>, la Acumulación de <#FFEB04><link=""Keyword:15"">[Hielo]</link></color> y el Daño de <#FFEB04><link=""Keyword:18"">[Fragmentar]</link></color>."
MUT_Desc_36,127239120646823940,"Intercambiar carne inflige daño de <#FFEB04><link=""Keyword:13"">[Fuego]</link></color> a los enemigos cercanos."
MUT_Desc_37,127239120646823941,Los golpes en el punto débil tienen una oportunidad de encadenar daño a los enemigos cercanos.
MUT_Desc_38,127239120646823942,"Las recargas rápidas exitosas tienen una oportunidad de otorgar <#FFEB04><link=""Keyword:11"">[Barrera]</link></color>"
MUT_Desc_39,127239120646823943,"Los golpes cuerpo a cuerpo en enemigos <#FFEB04><link=""Keyword:4"">[Congelados]</link></color> acumulan cargas de Yeti, aumentando la Acumulación de <#FFEB04><link=""Keyword:15"">[Hielo]</link></color> y el Daño de <#FFEB04><link=""Keyword:18"">[Fragmentar]</link></color>."
MUT_Desc_40,127239120646823944,"Las eliminaciones tienen una oportunidad de generar un Orbe <#FFEB04><link=""Keyword:5"">[Cinético]</link></color> que daña a los enemigos cercanos."
MUT_Desc_41,127239120646823945,"Cada intercambio de carne acumula un bono a la Acumulación de <#FFEB04><link=""Keyword:5"">[Cinético]</link></color> y al Daño <#FFEB04><link=""Keyword:5"">[Cinético]</link></color> durante 60 s."
MUT_Desc_42,127239120646823946,"Golpear a enemigos <#FFEB04><link=""Keyword:3"">[Enfriados]</link></color> o <#FFEB04><link=""Keyword:4"">[Congelados]</link></color> con habilidades aumenta la velocidad de recarga de habilidades durante 30 s."
MUT_Desc_43,127239120646823947,Los golpes críticos tienen una oportunidad de desencadenar una explosión de daño de área.
MUT_Desc_44,127239120651018240,"Recibir daño de <#FFEB04><link=""Keyword:11"">[Barrera]</link></color> desencadena una explosión de daño de <#FFEB04><link=""Keyword:15"">[Hielo]</link></color> a tu alrededor."
MUT_Desc_45,127240818295562240,"Inflige mayor daño de <#FFEB04><link=""Keyword:13"">[Fuego]</link></color> a los enemigos <#FFEB04><link=""Keyword:3"">[Enfriados]</link></color> o <#FFEB04><link=""Keyword:4"">[Congelados]</link></color>."
MUT_Desc_46,127239120651018241,"Las habilidades de carne que golpean a enemigos <#FFEB04><link=""Keyword:4"">[Congelados]</link></color> o <#FFEB04><link=""Keyword:3"">[Enfriados]</link></color> tienen una oportunidad de otorgar <#FFEB04><link=""Keyword:11"">[Barrera]</link></color>."
MUT_Desc_47,127239120651018242,"Fragmentar a enemigos con ataques cuerpo a cuerpo encadenará daño a los objetivos <#FFEB04><link=""Keyword:3"">[Enfriados]</link></color> o <#FFEB04><link=""Keyword:4"">[Congelados]</link></color> cercanos."
MUT_Desc_48,127239120651018243,"Golpear el punto débil de enemigos <#FFEB04><link=""Keyword:8"">[Electrificados]</link></color> tiene una oportunidad de invocar un rayo."
MUT_Desc_50,127239120651018244,"Eliminar a enemigos <#FFEB04><link=""Keyword:2"">[Embarrados]</link></color> genera un enjambre de pequeñas abejas."
MUT_Desc_51,127239120651018245,"Las eliminaciones aumentan la Velocidad de Movimiento. Con 10 acumulaciones, inflige 50 % más de daño durante 5 segundos."
MUT_Desc_52,127239120651018246,Otorga una carga adicional para todas las habilidades.
MUT_Desc_53,127239120651018247,Intercambiar carne aumenta tu probabilidad de golpe crítico.
MUT_Desc_54,127239120651018248,Intercambiar carne potencia brevemente tus habilidades de carne.
MUT_Desc_55,127239120651018249,Duplica el daño cuerpo a cuerpo y las eliminaciones cuerpo a cuerpo tienen posibilidad de soltar Carne.
MUT_Desc_56,127239120651018250,"Duplica la velocidad de los proyectiles y aumenta el daño de los impactos directos, pero las explosiones son un 40 % más pequeñas."
MUT_Desc_57,127239120651018251,"Las eliminaciones otorgan un incremento de daño acumulable durante 10 s, hasta +30 %"
MUT_Desc_58,127239120651018252,"Las habilidades de Carne que golpean a enemigos <#FFEB04><link=""Keyword:2"">[Embarrados]</link></color> tienen posibilidad de refrescar instantáneamente todas las habilidades."
MUT_Desc_59,127239120655212544,Los efectos en cadena saltan a más enemigos.
MUT_Desc_7,127239120638435329,Las eliminaciones tienen posibilidad de generar un Orbe Eléctrico que daña a los enemigos cercanos.
MUT_Desc_8,127239120638435330,"Aumenta drásticamente todo el daño, pero la velocidad de ataque se reduce un 25 %."
PE_Desc_134,111585918903640064,¡Ayuda a Carl a subirse a su mecha!
PE_Desc_135,124465651211296768,Orientación para empleados: Carne
PE_Desc_136,124465651211296770,Orientación para empleados: Armas
PE_Desc_137,124479668990500864,Orientación para empleados: Mejoras
PE_SuccessDesc_133,111372950735675392,¡Cazadores derrotados!
PE_SuccessDesc_137,124479668990500865,Buen traba
PE_SuccessDesc_40,111372950639206400,Núcleo de carne asegurado
PE_SuccessDesc_47,111372950660177920,¡Franken derribado!
PE_SuccessDesc_81,111372950685343744,¡Eres el campeón!
PF_Name_78,124391986440429568,Desbloqueo de mutación: Glándula de regalo
PF_Name_79,124391986444623872,Desbloqueo de mutación: Explosión de colmena
PF_Name_80,125400502454181888,Desbloqueo de carne misteriosa: Devorador de jochos
PF_Name_81,127715283328557056,SeenHunterCinematic
PF_Name_82,127715283341139968,LostWithHuntersSpawned
PT_Flavor_1_1,122888703272017920,A veces solo necesitas una oportunidad más.
PT_Flavor_1_2,122888703284600832,"Si al principio no tienes éxito, ¡mejor suerte la próxima vez!"
PT_Flavor_1_3,122888703284600833,"Si al principio no tienes éxito, ¡mejor agáchate para la próxima!"
PT_Flavor_1_4,122888703284600834,"Si al principio no tienes éxito, ¡sacúdete el polvo e inténtalo otra vez!"
PT_Flavor_1_5,122888703284600835,A veces solo necesitas dos oportunidades más.
PT_Flavor_2_1,122222527525150720,¡Hay que practicar las habilidades con la espátula de alguna manera!
PT_Flavor_2_2,122222527525150721,Estas hamburguesas no se van a voltear solas.
PT_Flavor_2_3,122222527525150722,"Demasiado caliente para manejarlo, demasiado sabroso para ignorarlo"
PT_Flavor_2_4,122222527525150723,Impulsado por carbón y confianza.
PT_Flavor_3_1,122888703284600836,No le tengas miedo al grandullón solo porque se comió un par de planetas.
PT_Flavor_3_2,122888703284600837,Esos Frankens tienen un sabor especial que los mantiene duros.
PT_Flavor_3_3,122888703284600838,Las mejores recetas realmente se marinan en ese sabor Franken.
PT_Flavor_3_4,122222527525150724,¿Demasiado BBQ? Nunca es demasiado BBQ.
PT_Flavor_4_1,122222527525150725,Solo mascotas hipoalergénicas. Consulta con RRHH para una lista de mascotas permitidas.
PT_Flavor_4_2,122222527525150726,Asegúrate de limpiar los residuos de tu mascota.
PT_Flavor_4_3,122222527525150727,Asegúrate de que todas las vacunas estén al día.
PT_Flavor_4_4,122222527525150728,Vacunas antirrábicas disponibles en el botiquín de primeros auxilios.
PT_Flavor_5_1,122222527525150729,Evaluación de habilidades técnicas.
PT_Flavor_5_2,122222527529345024,Talleres para mejorar tus habilidades.
PT_Flavor_5_3,122222527529345025,Sesiones de coaching entre compañeros disponibles los jueves.
PT_Flavor_5_4,122222527529345026,Carne junto a la impresora para los chismes de la oficina.
PT_Flavor_6_1,122888703288795136,Rangus ofrece las mejores políticas para sus empleados.
PT_Flavor_6_2,122888703288795137,Parte del paquete de compensación para empleados de nivel oro.
PT_Flavor_6_3,122888703288795138,Parte del paquete de compensación para empleados de nivel platino.
PT_Flavor_6_4,122888703288795139,Parte del paquete de compensación para empleados de nivel diamante.
PT_Name_1,122209350771007488,Programa de Bienestar
PT_Name_2,122209350779396096,BBQ de la Empresa
PT_Name_3,122209350779396097,Modelo Híbrido
PT_Name_4,122209350779396098,Oficina Pet-Friendly
PT_Name_5,122209350779396099,Paquete de Desarrollo Profesional
PT_Name_6,122209350779396100,Seguro de salud
STG_133_09458b2c019b46cbb5a64ffb08e23d7f,125495921813217283,Mira quién se ha vuelto todo especial.
STG_133_14963f30e6a34d3385eeca76f97ce2ce,125495921809022977,"¡Lo lograste, amigo!"
STG_133_185d8e736a184006a1ff9bcdff8691b7,125495921809022988,¡Sabía que podías!
STG_133_3cf7b406626d434190ac19a5523ec082,125495921813217280,¡Mira quién es!
STG_133_42c6df9c58194cc09f48ffe4e9c925ab,125495921809022987,"¡Buen trabajo, pequeño Blandito!"
STG_133_57bf88beeab24440948c4ab921ef5066,125495921809022981,¡De eso estamos hablando!
STG_133_5d938c7d057b44199a41b612d34f441b,125495921809022983,"De verdad que lo hiciste, ¿eh?"
STG_133_6dcbb50573b746edb57de27ae6b8cc71,125495921813217281,¡Lo hiciste de verdad!
STG_133_7f622b7dbf004c82bc7ef929def98e87,125495921809022978,¡Ay caramba! ¡Eso estuvo cerca!
STG_133_8409992d104f45d8902fed5567f73957,125495921809022976,¡Ay caramba! ¡Así es como se sacude a esos aliens de encima!
STG_133_98f5b59a08644687b24e34eb64b1505b,125495921809022985,¡Así se hace!
STG_133_a1f74035ef6542f6aad7fda4e63e0eb2,125495921809022984,"¡Vaya sí lo hiciste, eh!"
STG_133_a909ef42fb274e8b9991afc618cb617e,125495921809022982,"¡Lo lograste, compañero! Sabía que podías."
STG_133_b1266693b7a44eadbc5d620997db7fd8,125495921813217286,¿Y quién es el mejorcito de toda la galaxia?
STG_133_b389254572fa47d08d71f4e5aeeed353,125495921809022986,¡Eso es la Ciencia de la Carne!
STG_133_b80c30b122bb4b19a8754a9d73cf826b,125495921813217284,"¡Estoy tan orgulloso de ti, Blandito!"
STG_133_db0dc7c77935452ab49184e5bb53ff67,125495921813217282,"¡Ooh! ¡Qué buen ""pop"" hizo eso!"
STG_133_ea6b7c8fc2d34d7ab171e51ecb7cc596,125495921809022980,"¡Uy, genial! Sigue jugoso, compañero."
STG_133_ec0d199d6e3e4dcda48ae93df0a93461,125495921809022979,¡Estoy tan orgulloso de ti!
STG_133_fe64aa3f86a94155945cf6a63af65d9a,125495921813217285,"Ahí fuera trabajando tan duro, haciéndonos sentir orgullosos a todos."
STG_135_33afed45871a42d0b21f458d2b51f224,121770217384697857,Ah. Aquí estás. De nuevo. Bien.
STG_135_38b09fb447954020ac8f2c89d92f6790,121770217384697859,Carl diría algo alentador. Yo no soy Carl.
STG_135_3f51c472e8884ea0a85f97adba9013a2,121770217384697860,Pareces estar completamente ambulatorio. Maravilloso.
STG_135_540e640670a446ff9ca6a7ed66b05fc8,121770217384697856,No te quedes parado. Hay trabajo que hacer.
STG_135_9c0018d7b313402f962c18b76c0fe9dd,121770217376309248,Ah sí. Has vuelto. Efectivamente.
STG_135_a0d810c86f784078a2cc2eb664c0d2cd,121770217384697858,Veo que has sido expulsado con éxito. Qué agradable.
STG_136_beac8711f8f9491bb0eb64273edc88f3,122546905630629888,"¡Oh, vaya!"
STG_137_b14bfca3641944ebb7da5fe71c76a723,122546905634824192,"¡Eh, Roxie! ¡Olvidamos ponernos el maldito traje de nuevo!"
STG_138_5e9e63afc4ea49bea37db80e5a506f0e,122546905634824193,"No podemos dejarte correr así. Es indecoroso, Blandito."
STG_139_cdbbc8084d0e482b90b44200397225e7,122558333578108928,"Feliz cumple, pequeño bu--"
STG_141_aec1e2faa268436f8d3d44a262a56c98,122546905634824195,A ver si puedes escurrirte hasta allá y agarrar tu uniforme de empleado.
STG_142_8a1f7bea249242178bdf5819d90f74c7,122546905634824196,Estaba en mi lista de pendientes.
STG_143_d888d7db6a3a40f4b1eba197b6f22ed5,122546905634824197,Creo que tenemos algunos de más por allá en esa sala.
STG_171_8a1f7bea249242178bdf5819d90f74c7,122546905639018504,Espera...
STG_172_8a1f7bea249242178bdf5819d90f74c7,122546905639018505,Espera... de nuevo...
STG_173_8a1f7bea249242178bdf5819d90f74c7,122546905639018506,Felicitaciones por tu adecuado esfuerzo.
STG_174_329a563a2ad04850a143e5c2dee5741a,124751489413406728,Has rebajado el listón de las expectativas.
STG_174_33afed45871a42d0b21f458d2b51f224,124751489413406722,Bueno... eso tiene que contar... ¿verdad?
STG_174_3985fa70cf5f457bbb833299a3065c93,124751489413406726,Sobreviviste. Eso es un tipo de éxito.
STG_174_3f51c472e8884ea0a85f97adba9013a2,124751489413406724,Llamemos a esto una oportunidad de mejora.
STG_174_540e640670a446ff9ca6a7ed66b05fc8,124751489413406721,Podría haber salido un poco peor.
STG_174_971ea5afaedb40b39bd63e3af0aebdc9,124751489413406725,Esa puntuación no puede ser correcta. ¿Lo es? Bueno...
STG_174_9c0018d7b313402f962c18b76c0fe9dd,124751489413406720,Qué decepcionante.
STG_174_a0d810c86f784078a2cc2eb664c0d2cd,124751489413406723,Quizás eres de los que florecen tarde.
STG_174_dcb5c60125bd421db8e301d7acdcf358,124751489413406727,Espero sinceramente que esto no se vuelva un patrón.
STG_175_329a563a2ad04850a143e5c2dee5741a,124751489413406736,Qué mediocre.
STG_175_33afed45871a42d0b21f458d2b51f224,124751489413406731,"Trabajo honesto, supongo."
STG_175_3985fa70cf5f457bbb833299a3065c93,124751489413406734,Mediocridad lograda.
STG_175_540e640670a446ff9ca6a7ed66b05fc8,124751489413406730,Adecuado. Extremadamente adecuado.
STG_175_971ea5afaedb40b39bd63e3af0aebdc9,124751489413406733,Has dejado un buen margen para mejorar.
STG_175_9c0018d7b313402f962c18b76c0fe9dd,124751489413406729,Tu rendimiento cumplió las expectativas.
STG_175_a0d810c86f784078a2cc2eb664c0d2cd,124751489413406732,Mm. Qué ordinario.
STG_175_dcb5c60125bd421db8e301d7acdcf358,124751489413406735,"Tu esfuerzo fue mínimo, pero no inexistente."
STG_176_329a563a2ad04850a143e5c2dee5741a,124751489417601031,Esa puntuación es correcta. Lo verifiqué dos veces.
STG_176_33afed45871a42d0b21f458d2b51f224,124751489417601025,Carl estará muy complacido.
STG_176_3985fa70cf5f457bbb833299a3065c93,124751489417601029,Disfruta este momento. Son tan raros.
STG_176_3f51c472e8884ea0a85f97adba9013a2,124751489417601027,Las felicitaciones están en orden.
STG_176_540e640670a446ff9ca6a7ed66b05fc8,124751489417601024,Superaste las expectativas. Qué inusual.
STG_176_971ea5afaedb40b39bd63e3af0aebdc9,124751489417601028,Parece que Carl tenía razón sobre ti.
STG_176_9c0018d7b313402f962c18b76c0fe9dd,124751489413406737,Tu rendimiento es ejemplar.
STG_176_a0d810c86f784078a2cc2eb664c0d2cd,124751489417601026,Es difícil creer que no lo vi venir.
STG_176_dcb5c60125bd421db8e301d7acdcf358,124751489417601030,Yo estoy incluso más sorprendida que tú.
STG_177_33afed45871a42d0b21f458d2b51f224,124944136312709121,Seguro que lo harás mejor esta vez.
STG_177_540e640670a446ff9ca6a7ed66b05fc8,124944136312709120,"Bien, ahí vas."
STG_177_9c0018d7b313402f962c18b76c0fe9dd,124944136308514816,¿Lo intentamos de nuevo?
STG_178_063370c920554b2a831708de7e8fd418,125167135318073344,Hecho y hecho.
STG_178_0f01904fbea74c499ebef0f1c784ccb9,125167135322267652,Otro trato registrado.
STG_178_34c523cd2d07407987e2c3f6b3f010d9,125167135322267651,¡Sin vuelta atrás!
STG_178_49c385d76731448b9208ef220ccf963f,125167135322267648,Trato hecho.
STG_178_716eb57913994cc4aa8f6f26ecda898f,125167135322267653,Juro que te estás aprovechando de mí.
STG_178_b34c1118baf34382b6d04625cb154cf5,125167135322267650,Tenemos un trato.
STG_178_b874cb3ab6b148b19a1c70d04a367a7e,125167135322267649,Intercambio completado.
STG_179_015894ad30e94ceab71073911b4d4d0a,125167135322267663,"Supongo que es ese momento otra vez, ¿no?"
STG_179_05a71ca180974d7c92022e019d4c4202,125167135322267666,"Ah, tú otra vez."
STG_179_063370c920554b2a831708de7e8fd418,125167135322267654,¿Sí?
STG_179_0f01904fbea74c499ebef0f1c784ccb9,125167135322267660,"Oh, no, no estoy ocupado para nada."
STG_179_2b6c89f9820842d5adcd875c2925401d,125167135322267667,Supongo que no tengo nada más que hacer.
STG_179_34c523cd2d07407987e2c3f6b3f010d9,125167135322267659,¿En qué puedo servirle?
STG_179_35075b6f0bdc4990a3dc5c6373df2866,125167135322267664,¿No eres una abejita muy ocupada?
STG_179_49c385d76731448b9208ef220ccf963f,125167135322267656,¿Qué tienes para mí?
STG_179_716eb57913994cc4aa8f6f26ecda898f,125167135322267661,¿Le puedo ayudar?
STG_179_77c1ef92c5ec46b3b220b36b18d17cbc,125167135322267662,¿Qué es esta vez?
STG_179_a3cbc47007804cf89ad516120da6a7e7,125167135322267665,Por supuesto que tengo tiempo para otra interrupción.
STG_179_b34c1118baf34382b6d04625cb154cf5,125167135322267658,¿Qué puedo hacer por usted?
STG_179_b874cb3ab6b148b19a1c70d04a367a7e,125167135322267657,¿Listo para un intercambio?
STG_179_d440fed8c4b94e19833c24491343bd1c,125167135322267655,¿Hablamos de negocios?
STG_179_eeea974b9ccf41fe867673da00c8316f,125167135322267668,"Sí, estoy aquí. Siempre estoy aquí."
STG_180_015894ad30e94ceab71073911b4d4d0a,125167135322267678,¿Qué harías sin mí?
STG_180_063370c920554b2a831708de7e8fd418,125167135322267669,Cuídese.
STG_180_0f01904fbea74c499ebef0f1c784ccb9,125167135322267675,"Nos vemos por ahí... es decir, por aquí."
STG_180_34c523cd2d07407987e2c3f6b3f010d9,125167135322267674,Ha sido un placer hacer negocios con usted.
STG_180_49c385d76731448b9208ef220ccf963f,125167135322267671,Hasta la próxima.
STG_180_716eb57913994cc4aa8f6f26ecda898f,125167135322267676,No olvide rellenar nuestra encuesta de satisfacción.
STG_180_77c1ef92c5ec46b3b220b36b18d17cbc,125167135322267677,Vuelva cuando quiera...en serio.
STG_180_b34c1118baf34382b6d04625cb154cf5,125167135322267673,No te desaparezcas por ahí.
STG_180_b874cb3ab6b148b19a1c70d04a367a7e,125167135322267672,Gracias por hacer negocios conmigo.
STG_180_d440fed8c4b94e19833c24491343bd1c,125167135322267670,Siempre es un placer.
STG_181_063370c920554b2a831708de7e8fd418,125167135322267679,"Estoy programado para la banca galáctica, pero esto… está bien…"
STG_182_0e3a574572d14beb977a18d3240a66f8,125495921825800198,Ooh qué tal qué tal.
STG_182_262f426a157742d39603b4a62daf2a55,125495921825800193,¡Hola amiguito!
STG_182_592dc98f6cee427998095df3b5a3ad2e,125495921825800192,"Vaya, hola."
STG_182_a3bce76a517045aeaf88e3f4ab06c8bf,125495921825800197,"¿Cómo estás, amiguito?"
STG_182_a49662528f6b4e5798029a1ce4ae6fb5,125495921825800194,¡Hola amiguito!
STG_182_e91071acb7d24e3db2af86f3ae91b1e5,125495921825800195,¡Ahí estás!
STG_183_263d1d691d0546548cdc2511fee4e9c3,125495921825800200,¡Hasta luego amiguito!
STG_183_59c04fd748ea442f9d7b2a1bd63194d1,125495921825800202,"¡Adiós, adiós!"
STG_183_ac689551cfe04735a5b0e7c22b04ecdb,125495921825800204,Adios amigo.
STG_183_ec66d8897f184b10988b7fb1f99e1699,125495921825800201,Sigue con el buen trabajo.
STG_183_ef35f9ae06814f008e6e855e1be2f7cb,125495921825800199,"Nos vemos, Blandito."
STG_183_fd1b23e053ef47bd9a634b835689c9a7,125495921825800203,"Mantente jugoso, amiguito."
STG_184_cdbb75f6cecf4970b7c2d2cf79b381ad,127793416716087296,¡El primero en el ring... Pedro Marranero!
STG_185_ecdbe961b8ad4d8198c9b7a279f80acc,127793416741253120,¡Exámenes del Lunes por la Noche!
STG_186_6cc920e2b31b4a24a8fef9887480ff68,127793416741253121,¡¿Todos listos para una paliza bipartidista?!
STG_187_b16031cd0bd240ae8a66314a651c8af4,129415329128374272,"Muy bien Blandito, parece que estás listo para la acción."
STG_188_b16031cd0bd240ae8a66314a651c8af4,129418788422541312,Súbete a uno de esos Hamburtruenos de ahí y arranca tu primer turno aquí en Rangus.
STG_189_b16031cd0bd240ae8a66314a651c8af4,129418788422541313,Corre para allá y pongámonos a trabajar. ¡Buena suerte!
TPUP_Title_12_0,129472777327468544,Minijuego de Recarga Rápida
TUT_Announce_1,124465647935545344,Usa [InputAction:Gameplay/CharacterMovement] para moverte y [InputAction:Gameplay/Jump] para saltar
TUT_Announce_12,124465647939739648,Recoges automáticamente las partes de <color=#FF3667>carne faltante</color> cuando estás cerca
TUT_Announce_20,129141354091503616,Pulsa [InputAction:Interact/Interact] cerca de la carne para intercambiar manualmente partes del cuerpo y obtener nuevas habilidades.
TUT_Announce_21,126113598604828672,Toca [InputAction:UIToggle/ToggleInspectionOverlay] para inspeccionar tus estadísticas
TUT_Announce_22,126809847683342336,Pulsa [InputAction:Gameplay/RangedFire] para disparar tu rifle al maniquí
TUT_Announce_23,126809847683342337,Pulsa [InputAction:Gameplay/MeleeFire] para golpear al maniquí con tu espátula
TUT_Announce_24,126809847683342338,Pulsa [InputAction:Gameplay/WeaponSwitch] para cambiar de arma a distancia
TUT_Announce_25,126809847683342339,Pulsa [InputAction:Gameplay/RangedFire] para disparar tu pistola al maniquí
TUT_Announce_26,127385081436168192,Pulsa [InputAction:Gameplay/ItemRewardInit] para abrir la pantalla de mejoras
VO_SpeakerName_11,122207091240722433,Bichos
VO_SpeakerName_12,122207091240722434,Araña Bebé
VO_SpeakerName_14,122207091240722435,Juez
VO_SpeakerName_16,127793416837722112,Pedro Marranero
VO_SpeakerName_8,122207091236528128,Multitud
VO_Transcript_316,124404532190896128,¡!
VO_Transcript_317,124465647985876992,"Si alguna vez vuelves a perder la cabeza, o ya sabes, cualquier otra parte..."
VO_Transcript_318,124465647985876993,"¿Y esa flecha de arriba? Ooh, eso es una Brújula. Apunta adónde tienes que ir. Muy útil."
VO_Transcript_319,124465647985876994,Y ahora el lado de tu pantalla. Esas son las Directivas. Cúmplelas y cobra.
VO_Transcript_320,129141354141835264,"Ahora la barra de la esquina, esa es tu Salud."
VO_Transcript_321,124465647985876995,"¡Bingo! Oye, Roxie, intentémoslo otra vez. Solo... solo un poco más suave esta vez, ¿vale?"
VO_Transcript_322,124465647985876996,Espera… otra vez.
VO_Transcript_323,124465647985876997,¡Completamente equipado y listo! ¡Vamos a darte energía!
VO_Transcript_324,124465647985876998,"Roxie, activa el visor de carne inteligente para que Blandito pueda ver qué hay que hacer."
VO_Transcript_326,124465647985877000,¡Roxie! ¡Demasiada energía! ¿Por qué sigues arrancando estas cabezas?
VO_Transcript_328,124465647985877002,"No te preocupes, amiguito. Perder la cabeza no es el fin del mundo."
VO_Transcript_329,124465647985877003,"¿Ves eso, Blandito? Al completar las Directivas Principales, te pagan."
VO_Transcript_330,124465647985877004,"¡Acabas de ganarte unos Glizzies, la moneda más carnosa de la galaxia!"
VO_Transcript_332,124480339026370561,"¡Buen trabajo, Blandito! ¡Parece que te has ganado una mejora!"
VO_Transcript_333,124650004637802496,"Muy bien, esa puerta vuelve a funcionar, bien."
VO_Transcript_334,124650931834839040,Equipamos a todos nuestros empleados con la Pistola estándar emitida por Rangus y...
VO_Transcript_335,124655240999854080,Todo tu equipo está en tu Inventario. Por si alguna vez quieres echarle un vistazo.
VO_Transcript_336,124655240999854081,"Bueno, creo que lo has hecho bastante bien aquí. Ahora empieza el trabajo de verdad. ¡Ven a hablar conmigo!"
VO_Transcript_337,129141354146029568,...simplemente agarra otro. Cada uno te da nuevas habilidades.
VO_Transcript_338,129141354146029569,Puedes verlas en la parte de abajo.
VO_Transcript_339,129141354146029570,Estoy seguro de que por aquí hay repuestos en algún lugar.
VO_Transcript_340,129141354146029571,¡Por supuesto que no vamos a dejarte bajar ahí con las manos vacías!
VO_Transcript_341,129141354146029572,...más una Espátula Grillmaster.
VO_Transcript_342,129141354146029573,"Roxie no te va a dejar bajar de esta nave hasta que hagas algo de práctica en el campo de tiro. Ya sabes, cosa de cumplimiento."
VO_Transcript_343,129141354146029574,¡Dirígete al campo de tiro y muéstrale a esos Maniquíes de Entrenamiento quién manda!
VO_Transcript_344,125495921880326144,Fallo en la cosecha. Núcleo de Carne destruido.
VO_Transcript_345,129141354146029575,¡Maldición! La puerta falló.
VO_Transcript_346,129141354146029576,"Ah, no te preocupes por eso. Tu cuerpecito blando necesita carne para protegerse."
VO_Transcript_347,129141354146029577,"Así que si te faltan algunas partes, las va a recoger solo automáticamente. Bastante genial, ¿verdad?"
VO_Transcript_348,129141354146029578,"¡Vaya, vaya! Eres nato, ¡Blandito!"
VO_Transcript_349,129141354146029579,Y los Escudos Azules indican tus Partes de Carne. ¿Quedó claro?
a60961b078fe4a96ae268cb577f81e08_136_0,124465651211296771,Dispara al maniquí con la Pistola [InputAction:Gameplay/RangedFire]
a64e4221509044f38e63532f945fe173_136_0,124653062583214080,Ve al campo de tiro
b1b2c3d4e5f64a3a8b3c1d2e3f4a5b6e_81_0,127343731697246208,Elimínalos
cc964ef862b643d5a7ef9c7798b976f3_135_0,124465651211296769,Intercambia Carne 3 veces
e70d0d0eef1e471bafb7f0181a151ddc_137_0,124658835887480832,Habla con Carl.
CQ_ObjDesc_14_0,131640380611354624,Recolecta tu primer núcleo de carne
ABL_Desc_272,130684355859177472,"¡Lanza una burbuja defensiva, ideal para revivir compañeros o proteger los nodos cosechadores!"
ABL_Name_272,130598221758062592,Escudo de Burbuja
CRT_Desc_92,135279596566208512,"Después de que su primo S fuera brutalmente asesinado durante un tranquilo paseo por el bosque, N desarrolló una obsesión malsana por hacer estallar formas de vida orgánicas. También ama todo lo relacionado con el fútbol, y nunca se salta el día de pierna."
CRT_Name_92,135276356562837504,AT NT
ITM_Name_1161,122300000023601152,Tabla de Surf
ITM_Name_1366,135276356994850816,Plomero
MEH_Desc_81,135227515985715201,"¿Astro qué, nauta? ¿nómico?"
MEH_Name_81,135227515985715200,Cabeza astro
MEH_Desc_82,135227515985715203,Esta cabeza está cubierta por una caja de carne vacía.
MEH_Name_82,135227515985715202,Cabeza de caja
MEH_Desc_83,135227515985715205,No está vinculado con la comisión de una serie de robos relacionados con carne.
MEH_Name_83,135227515985715204,Cabeza de ladrón de carne
PLN_Name_32,131622117248589824,Orientación para empleados
RF_Subtitle_14,132265219202211840,Sistema planetario
RF_DetailText_36,132248343633977345,"BartY era la mascota folclórica y pistolera de 'Rangusland', la sección de Rangus Meats, y aparecía en la Rangus Power Hour. Vestido como un vaquero de múltiples brazos con una gran sonrisa y dos pares de pistolas que disparaban carne humeante (¡nada de chícharos!), Barty recorría la frontera galáctica difundiendo la buena nueva de los productos prémium de Rangus.<br><br>Mitad vendedor y mitad héroe, siempre parecía tener una réplica ingeniosa y una solución con temática de barbacoa para cada problema. Su encanto amistoso y campechano lo convirtió en uno de los líderes del equipo de Rangusland."
RF_Name_36,132248343629783040,BartY
RF_Subtitle_36,132248343633977344,BartY Q.
RF_DetailText_37,132248343633977348,"Barkesly la Fiera JPG fue una de las estrellas más queridas de la clásica Rangus Power Hour, un programa de aventuras infantil enormemente popular que mezclaba comedia, lecciones y ciencia de la carne cuestionable.<br><br>Descubierta originalmente como un antiguo archivo de imagen corrupto flotando por la Nebulosa Borf, las travesuras de Barkesly deleitaron al público de toda la galaxia. Ladrar su famosa frase: ""¡Espera, estoy bufferizando!"", se convirtió en una de las líneas más citadas en la historia de la carnevisión, y su leal amistad con el equipo de Rangusland ayudó a convertir la Rangus Power Hour en un fenómeno cultural para toda una generación."
RF_Name_37,132248343633977346,Barkesly
RF_Subtitle_37,132248343633977347,La Fiera JPG
RF_DetailText_38,132251457686593537,"Mr. E. Meat era el bufón residente de la Rangus Power Hour, un rarito caótico de cortes de carne, sin brazos, larguirucho y de dos patas, que rara vez decía palabras de verdad y en cambio se comunicaba mediante una desconcertante colección de silbidos, bocinazos y gestos exagerados. Aunque parecía un despistado y se metía en líos constantemente, Mr. E. Meat siempre tenía, de algún modo, la respuesta a los mayores problemas del equipo.<br><br>Conocido por romper la cuarta pared y reaccionar a menudo ante el público, se convirtió en uno de los personajes más memorables del programa. Sus travesuras impredecibles lo hicieron el favorito de los fans y una fuente de adoración sin fin entre los espectadores."
RF_Name_38,132251457682399232,Mister E. Meat
RF_Subtitle_38,132251457686593536,Bobo residente
RF_DetailText_39,132251457686593540,"El Profesor Chickelous Nuggetmon era el sabelotodo residente de la Rangus Power Hour, un genio erudito con aspecto de búho que afirmaba poseer diecisiete doctorados y al menos tres cupones para nuggets de pollo gratis. Siempre con un suministro aparentemente infinito de tablas y gráficas, pasaba los días realizando experimentos extraños y explicando el universo conocido mediante los principios del empanizado, el remojo y la correcta formación del nugget.<br><br>Aunque sus inventos tenían tendencia a explotar, eclosionar o volverse inesperadamente conscientes (véase MR E MEAT), de algún modo funcionaban lo suficiente como para mantenerlo en el equipo. Conocido por aderezar cada conferencia con pésimos chistes de pollo y explicaciones absurdamente enrevesadas, el Profesor Nuggetmon fue una querida fuente tanto de sabiduría científica como de risas avícolas."
RF_Name_39,132251457686593538,Profesor Nuggetmon
RF_Subtitle_39,132251457686593539,Inventor estudioso
RF_DetailText_40,132252135783915522,"Nacho Grande era el extravagante maestro del estilo de la Rangus Power Hour, un dramático luchador de carne de comida rápida que trataba cada obstáculo, por grande o pequeño que fuera, como una gran actuación. Vestido con un elaborado traje de matador cubierto de vistoso estilo, se lanzaba al peligro sin miedo, con estilo, brillo y absolutamente nada de sutileza.<br><br>Ya fuera haciendo girar su capa, posando heroicamente o soltando discursos exagerados, Nacho creía que si algo valía la pena hacerse, valía la pena hacerlo con estilo dramático. Su personalidad descomunal y su amor infinito por el espectáculo lo convirtieron en el favorito de los fans."
RF_Name_40,132252135783915520,Nacho Grande
RF_Subtitle_40,132252135783915521,Extravagante maestro del estilo
RF_DetailText_41,132253107394437122,"La Rangus Power Hour era un programa de variedades enormemente popular que se emitía a varias horas distintas cada día, protagonizado por las coloridas mascotas y las excéntricas personalidades de Rangusland. Repleto de emocionantes sketches, marionetas de carne, canciones pegadizas y segmentos sobre naturaleza maravillosamente informativos, con favoritos del público como ""¿A qué sabe un gusano gancho galáctico?"", el programa entretuvo a generaciones de clientes mientras presentaba los últimos snacks, comidas y emocionantes innovaciones alimentarias de Rangus.<br><br>Las alegres lecciones del programa sobre nutrición, progreso y la importancia de probar nuevos productos Rangus se volvieron tan memorables como los propios personajes."
RF_Name_41,132253107394437120,Rangus Power Hour
RF_Subtitle_41,132253107394437121,¡Diversión sana para toda la familia!
RF_DetailText_42,132255206396125185,"La Ratonera era un legendario bar de mala muerte galáctico escondido en un rincón olvidado de las rutas comerciales. Aunque oficialmente independiente, la Corporación Rangus lo abastecía con deliciosas comidas preempacadas. Famoso por sus extrañas y coloridas bebidas, su extraña clientela intergaláctica y su comida sorprendentemente buena, se convirtió en el refugio favorito de Carl y Dottie, quienes pasaron incontables noches allí esbozando nuevas recetas, sabores, adquisiciones corporativas y deliciosas ideas de negocio en servilletas manchadas.<br><br>Más de uno de los mayores éxitos de Rangus empezó como una charla en un cubículo mugriento de la Ratonera. Luego, en circunstancias misteriosas, la Ratonera desapareció sin dejar rastro. Sin señal de auxilio, sin escombros, sin registros; simplemente desapareció. Carl pasó años buscando el bar perdido, convencido de que en algún lugar entre las estrellas todavía existe, esperando para servir una última ronda."
RF_Name_42,132255206391930880,La Ratonera
RF_Subtitle_42,132255206396125184,Antro galáctico
RF_DetailText_43,132257060458848258,"Nulo y Vacuo eran antiguas mascotas de Rangus descubiertas por Dottie, quien nunca explicó dónde las encontró y cambiaba de tema de inmediato cuando le preguntaban. Al principio, Carl pensó que eran geniales y los añadió al elenco original de Rangusland. Aparecieron en los primeros episodios de The Rangus Power Hour, representados como adorables seres de dibujos animados. Eran ""monérrimos"", tenían travesuras tontas y se volvieron favoritos al instante. Luego se presentaron en un evento corporativo. En la vida real. La cosa no salió bien.<br><br>La reacción del público fue descrita oficialmente como ""arrepentimiento colectivo"", y se presume que uno de los asistentes fue devorado. Tras eso, Nulo y Vacuo fueron baneados de todos los programas y promociones afiliados a Rangusland, eliminaron sus episodios y promocionales, borrándolos de la historia de Rangus. Desde entonces, le guardan rencor a Carl Rangus. Por alguna razón desconocida, odian especialmente a las Carnes inteligentes, a las que se refieren como ""un error que aprendió a caminar""."
RF_Name_43,132257060458848256,Nulo y Vacuo
RF_Subtitle_43,132257060458848257,Póster de mascota rasgado
RF_DetailText_44,134985733934931968,"Considerado durante mucho tiempo el destino preferido de <b>Carl Rangus</b> para la adquisición rápida y abundante de carne, <b>Esfera De Carne</b> debía gran parte de su atractivo a su generoso suministro de caza fácil de recolectar y a su cercanía con la entrada del <b>Portal Omnicarne</b>.<br><br><b>Carl Rangus</b> evacuó el planeta a toda prisa durante el <b>Incidente Omnicarne</b>, y según se dice dejó atrás su <b>Traje Mecanizado</b>. No ha sido recuperado."
RF_Subtitle_44,134985733930737664,Antiguo coto de caza
RF_DetailText_45,134989437736050689,"El frío extremo de <b>Sub Zeroni</b> lo convirtió en el terreno de operaciones preferido de <b>Carl Rangus</b> en sus esfuerzos por desarrollar un híbrido estable de carne y hielo, un producto diseñado para eliminar las pérdidas por quemadura de congelador que aquejaban a la red de distribución por hiperespacio de <b>Rangus Meats</b>.<br><br>El programa nunca llegó a una conclusión exitosa. Instalaciones de almacenamiento, equipo de procesamiento y una revolucionaria red de rieles de hielo quedaron dispersos por todo el planeta."
RF_Subtitle_45,134989437736050688,Antiguo sitio de pruebas
RF_DetailText_46,134992150976782337,"Una cadena de islas interconectadas que rodean un volcán activo, <b>Lava Del Rey</b> ha sido durante mucho tiempo el retiro preferido de <b>Carl Rangus</b>, valorado por su calidez, su terreno pintoresco y sus abundantes depósitos de <b>Núcleos de Carne</b> de origen natural.<br><br>Se cree que la extracción sostenida de esos <b>Núcleos de Carne</b> es responsable de desestabilizar la geología del planeta y reactivar su volcán central. <b>Carl Rangus</b> ha seguido regresando por ocio. La actividad geológica se ha disparado de forma fiable en cada visita."
RF_Subtitle_46,134992150976782336,Refugio volcánico
SS_Name_8,63252864443604992,Omnikron
STG_190_a3746697c12b4bdd8fd23bd9b66e62e9,129811004227837952,Hay nuevas coordenadas de sistema disponibles.
STG_191_277fda1114904f958d8c63b2179a0071,130046937187475456,Órbita planetaria alcanzada.
STG_191_dff60a205b164bd993eab020916c69d8,130046937183281152,Hipervelocidad desactivada.
STG_192_69160939b60648a98d8243c7136ffad0,130046937187475457,Hipervelocidad activada.
STG_194_02bab38122ef4fe0b283750b6b97bc86,131982305419845632,"Muy bien, Blandito. No quiero endulzártelo. Ahora vamos a unos lugares medio raros."
STG_195_7dbff6c42db84a21a0e0c4c7f961f3b0,131982305424039936,"Este lugar se pone un poco freaky, así que agarramos el traje y nos vamos, ¿sabes? No mires mucho a tu alrededor."
STG_196_a563cc6adbdf4520bb2329ce1638e84e,131982305424039937,"Mantén la calma, Blandito. Vamos a buscar ese traje."
STG_197_2e3e6eec33464e2098c794a33420ba94,131982305424039938,¡Vámonos pitando de aquí por partida doble!
STG_198_a23ff133f772415ebd1b6d999db128ed,131982305424039939,"Bueno, con calma y sin prisa. El portal está justo ahí adelante."
STG_199_20844039dafe4ed38f6a1ee953631a44,131982305424039940,"Uy, ese es el castillo de carne. Nos están acorralando, Blandito."
STG_200_eed2b75eaed14cf28e9f21a76e9d4ed4,131982305424039941,"Roxie, estaciónanos cerquita. ¡Blandito, te veo arriba!"
STG_201_c55cb463c6a545bf88bf62dc1dc5ace2,131982305424039942,Méteme en mi traje. A darle que es mole.
STG_202_104adb4f654443bc912ad7f23cbb969b,131982305424039943,"¡Sí, de vuelta a la carga, nene! A cabalgar."
STG_203_a8309c5325254bdfbdcdf297adc66ce4,131982305424039944,"¡Yuju! ¡Lo logramos! ¡Olvídate de Empleado del Mes, eres el Empleado del Siglo!"
STG_204_e4faec0f4f044c40acbc18a6c8a217dc,131982305424039945,"Uy, a ese lugar no volvemos nunca jamás."
STG_205_64b232b1746d4f469c658dfdbfb58bb5,131982305424039946,"Todavía no me lo creo, Blandito, de verdad SÍ ERES especial."
STG_206_4c18f008c4f244a59ed00736a8a21186,131982305424039947,"Olvídate de Empleado del Mes, ¡te hago socio, Blandito!"
STG_207_2bfd3de34ad145ea8161cbc2ad650453,131982305424039948,"Olvídate de Empleado del Mes, ¡te hago socio, Blandito! Pero no nos despistemos. Esos mocos no nos van a dejar en paz por mucho tiempo. Y todavía tenemos una galaxia que alimentar…"
STG_208_03d545921c1445dc90aa80cd574e95a0,131982305424039949,Ahora vamos a unos lugares bien raros.
STG_209_ebf805122be34c4d96192dfa6d5ecd32,131982305424039950,Ojalá hayamos dejado fuera de combate a esos mocos espaciales.
STG_210_7dbff6c42db84a21a0e0c4c7f961f3b0,131982305424039951,No mires mucho a tu alrededor.
STG_211_7dbff6c42db84a21a0e0c4c7f961f3b0,131982305424039952,"Ah sí, este lugar todavía me pone los pelos de punta."
STG_212_eed2b75eaed14cf28e9f21a76e9d4ed4,131982305424039953,"Uy, el viejo Carl va a tener que echarte una mano con esta."
STG_213_0afe5a4f91da4a818fd80e25fb67dc6b,131982305424039954,"Uy, no te voy a mentir. Se siente bien estar de vuelta en el viejo traje."
STG_214_a8309c5325254bdfbdcdf297adc66ce4,131982305424039955,"¡Olvídate de Empleado del Mes, eres el Empleado del Siglo!"
VO_Transcript_350,131982305470177280,"Ah sí, este lugar todavía me pone los pelos de punta. Mantén la calma, Blandito. Vamos a buscar ese traje."
VO_Transcript_351,131982305470177281,"Uy, el viejo Carl va a tener que echarte una mano con esta. Métete en mi traje. ¡Vamos a darle!"
ABL_Desc_273,142612879750717440,Despliega a un mecánico de confianza para ayudar a reparar estructuras aliadas.
ABL_Desc_275,142985656894742529,"Dispara un rayo poderoso. Cargarlo aumenta el daño. Al matar, el objetivo lanza una granada desde su cuerpo."
ABL_Desc_283,147188355911639040,Controla la mente de un enemigo por 30 s. Suéltalo para infligir daño según el tiempo.
ABL_Desc_284,149675864725905408,"Muévete rápido en la dirección hacia la que miras, con estilo."
ABL_Name_273,142612879742328832,Llave del mecánico
ABL_Name_275,142985656894742528,PopRocks
ABL_Name_280,143256462988140544,Orbe giratorio
ABL_Name_281,144282876722012160,Orbe espiritual
ABL_Name_283,146946507561492480,Control mental
ABL_Name_284,148256708948385792,Piruetas
ABL_Name_286,149394019488620544,Lluvia estelar
CND_Desc_12,146946507611824128,Pelea de tu lado y luego vuelve a ser hostil.
CND_Name_12,146946507607629824,Hechizado
CRT_Desc_93,135579089438236673,"Una mamá anciana, muerta de hambre y de rabia por igual."
CRT_Name_93,135579089438236672,Madre Salchicha
HE_Desc_205,145709960463900672,Cúrate 25 de vida.
HE_Desc_208,146946507834122240,"Aplica <#FFEB04><link=""Keyword:20"">[Hechizado]</link></color> durante 8 s."
IATT_Name_535,147965489726873600,EAttributeDisplay.Hidden
ITM_Name_1367,145709960610701312,Curarse
ITM_Name_1368,145709960610701313,Maíz reforzado
ITM_Name_1373,146946507980922882,Bono de daño de control mental
ITM_Name_1374,148256709485256704,Piernas de skate
ITM_Name_1376,148604628461674496,Cabeza en conserva
ITM_Name_1377,148604628470063104,Piernas en conserva
ITM_Name_1378,148604628470063105,Torso en conserva
KW_Desc_20,117191729474428932,"Un enemigo <#FFEB04><link=""Keyword:20"">[Hechizado]</link></color> atacará a otras unidades enemigas."
MEH_Desc_84,142041378102173696,Usada por generaciones de Sanadores de Carne
MEH_Name_84,142041378093785088,Cabeza de médico Rangus
MEH_Name_85,148292145570111488,Cabeza de luchador Rangus
MEL_Desc_55,148256709527199745,"""No dejaste de andar en patineta porque envejeciste. Envejeciste porque dejaste de andar en patineta."" - Jay Adams"
MEL_Name_52,142041378110562304,Piernas de médico Rangus
MEL_Name_53,148224917055201280,Piernas de cazador
MEL_Name_55,148256709527199744,Piernas de skate
MET_Desc_199,142612880308559873,Lanza llaves para reparar estructuras aliadas.
MET_Name_198,142041378114756608,Torso de médico Rangus
MET_Name_199,142612880308559872,Torso de Grease Monkey
PE_Desc_138,125137471035924480,ATNT
STG_215_404efc0ecbc2474aacad8644a565d8b6,136795163437555717,"Siempre dándole, ¿no, Blandito?"
STG_215_8940d65e1bec4f44b74df21126c165bf,136795163437555714,¡Hora de ponerte a chambear!
STG_215_b6c6962963d34c72895b0e55ea8a90a2,136795163437555713,"¡Ahí abajo te me cuidas, ¿eh?!"
STG_215_bd4046858d064a799c6fb2b83bbaf459,136795163437555715,"¡Uuuh, esta se va a poner buena!"
STG_215_d49e7800286545b881c6901d09cd40c9,136795163437555712,"¡Sigue así, Blandito!"
STG_215_d96b197a697c48159d7febd959a7b538,136795163433361408,"¡Órale, ahí nos vidrios, amiguito!"
STG_215_ea7a3298574f446aa0059a8dc4b5141d,136795163437555716,"¡Eso, tú puedes!"
MEL_Name_56,157375023630184448,Cazador
