Key,Id,Japanese(ja)
06ee873104e6457f8fa804beda5d776f_40_0,55920373358587904,ボルトバーガーで脱出する
077ed3a648524d648d4f5830819caedf_25_0,13533376626548736,水上着陸イベント
080d27fb42324e548cdeb9c78188b9e1_81_0,12863354224762921,おめでとう、チャンピオン！
0c5e0b437f13418387fcb4fda3255c12_110_0,45428356416528384,スラッジプールを見つける
0d2b2836ea734fdf9cc838949e782087_43_0,12863354224762890,禁断の入り江に入る
1016690cd2f7490092f4aeab093cec72_109_0,39596777527869441,コンテナを破壊した
10284edea78c43f3a1daa7d6b798a24e_47_0,4741774361747457,やった！
10ba103a02a742209c06b33018b68ef2_90_0,13533376634937347,ミートコア抽出！
1415483d8e43417fb532b91312777e21_73_0,12863354224762906,調理中...
144401ad86fc4e17a5b485773aed3c37_92_0,31181757266366471,隙間に近づく
144401ad86fc4e17a5b485773aed3c37_96_0,12863354224762931,[InputAction:Gameplay/CharacterMovement]で崖に向かう
144401ad86fc4e17a5b485773aed3c37_97_0,31181757266366472,[InputAction:Gameplay/CharacterMovement]でビーコンに移動！
14b550cb62de4d47aa26571d5ec081a4_73_0,35944490127581184,惑星から脱出する
153cc3f8cf1f4d0888816bf658a8632c_100_0,18288937009971200,魚を倒した
1698bcf073164975b50d0c057e9e9434_40_0,35944490102415360,次のウェーブ
1698bcf073164975b50d0c057e9e9434_83_0,12863354224762923,位置について、よーい...
1d47360bac994027a98c29d45df2a55b_37_0,12863354220568587,プラズマベントを破壊した
1d47360bac994027a98c29d45df2a55b_69_0,36342413208686592,工場ノードを破壊した
1d47360bac994027a98c29d45df2a55b_70_0,42829564557496320,ブロードキャスターを破壊した
1d47360bac994027a98c29d45df2a55b_72_0,42829564557496321,工場を破壊する
218fe4acf7964a7cb5c7be094c6e69c0_40_0,13533376630743042,ノード C
29488c16d198412883a2a51596acc2bb_88_0,34098342817202177,ハイビームを倒した
29b4771bd209406eb232367ab4aef6ea_40_0,12863354220568591,防衛ノードが着陸した
29b4771bd209406eb232367ab4aef6ea_90_0,31181757266366465,ハーベスター防衛ノードが着陸した
2b68a27692834455b2862225321d85bf_84_0,28606152955428864,ウィーリーを倒した
2bcb060e74794ee6b35dec056cb1ad4b_4_0,12863354220568577,小さなグロッボを破壊した
302c872126a14ec2838403c78ca53dbe_35_0,12863354220568585,昆虫の敵
307da1864b474e55ad4c1444a56658db_47_0,12863354224762895,フランケンビーンズを倒す
363558d8493e48e289610cc80a45dce7_92_0,13533376634937350,ゴール！
36cd18992f274b02a91cd6c0e992f1f4_101_0,31321804916948992,排水地点
3a678daece2d40309b8eb9970ebf79ba_36_0,12863354220568586,感染源を探す
3a678daece2d40309b8eb9970ebf79ba_53_0,12863354224762896,ランガス施設を見つける
3b601266bb5d4a38b0834fd14d1ef92c_1_0,12863354212179968,ハイブの触手を破壊する
3c99156a71e94689befdad6541f0bf07_90_0,12863354224762927,敵を倒した
3fdff34d02474be4a2ecff716417f87d_81_0,12863354224762919,敵にとどめを刺す
4115cee4e56045ee915c6d12fc8f28bf_57_0,25819545806340097,スライムの群れを見つける
43299c14b63f49d78c190b2a798a27a6_98_0,16371853938163714,近くの洞窟に入る
455efe9b97694027bc0a679531a30729_79_0,28265088556195840,回復ステーションを見つける
45913b0062ba4bedad3d390ead657593_117_0,50485223704264705,リブートリセット
45c41fc4a38742fdb704cb4e69bcd9da_79_0,28263989174591488,ステーションでHPを回復する
47d22a0a9d04426a939f3ea0864b5205_88_0,34098342817202176,守護クリスタルを破壊した
4803acde682845028daa9cb9d258ff91_40_0,12863354224762881,残り時間
4a9bef823c604de19b73c9aeafca1d8d_117_0,50485223704264704,リセットを探す
4a9bef823c604de19b73c9aeafca1d8d_60_0,12863354224762897,カリプソの腎臓を見つける
4c5f937ce7714ef9b521d16bc072a73a_89_0,45789048323694592,ミートを無料で手に入れよう！
4ddcdfd50d0e47f08fd6bc7f5f1bb469_89_0,15325185385988097,ビームがブロックされた
58f4d3f77dd547dc8169638a7b3e062e_8_0,25819545705676800,墜落したハーベスターを見つける
5ed58fbeb96d4cb382f8bc57afa849a5_40_0,4741774361747456,今すぐ避難せよ！
631906e57b8d4160990d2e447587b61b_47_0,12863354224762894,巣穴に入る
637d1804119d485f88ca47f98128d541_43_0,12863354224762892,ブロードサイドを倒す
63a0f53118c1402c99a31618368c68ea_91_0,13533376634937349,昆虫の卵
641e13cf11144468b19d70851075d9a7_25_0,12863354220568583,リセットを生かし続ける
64f797dc3da74b8ea65cf4e2d44341ba_117_0,50485223704264706,リセットが発進中！
6f2d88d0310742859bdb6238d3e4ad86_91_0,12863354224762928,巣を破壊した（[InputAction:Gameplay/RangedFire] で撃つ）
7091b8121ac345a7b5dd032f1fb10d38_65_0,12863354224762900,シールドジェネレーターを破壊する
732760e06a494706bc85e319628b5c0f_8_0,13043324679086080,卵を破壊した
736627e655094cfa8f25340937a2d4ff_64_0,25819545806340099,カリプソの心臓を見つける
780b3c462166410cb105383610f867a4_26_0,40699209502720000,.
79546cc3d5574f48bfeae8542285b2be_101_0,35236879184723968,バルブ
7c767509160b47d09ee5fd3037cd6303_60_0,38122210821771264,カリプソの腎臓を破壊した
7dd5734af14447428441a4afa3b05ccf_54_0,15335522801844224,長押し
807edf1d4f3e4599a048379d0197a838_42_0,12863354224762885,生贄のサークルを探す
81d20e1613b6479ca33a6cdfc9ce5e0f_41_0,12863354224762883,グロッボを破壊した
82239c3b0973496980d13c3eb35465f5_73_0,4741774365941760,ミートコアを守れ！
823baa51f7ac45f685ba900c7c6ddfb2_40_0,13533376630743040,ノード A
83339c61496448f3ab8a9f00787f30bd_73_0,28635447101943808,ミートコアを抽出中
862addccc4bf4bb9b4c7a0c4d6b48150_93_0,12863354224762930,タレットを倒す
86379083fd29463498e7361acdd157e4_101_0,20866619597946882,バルブを破壊する
882c3ea243c1443e95759576b73b2729_110_0,40046892562546689,パイプが詰まった
88eea4ea07334f4b9957fa019c9c9e72_88_0,13043324691668994,ポッドを倒した
8c9ba7dccc20445c89cd89d1ba506cc4_88_0,53087326635548672,守護クリスタル
8d27d8bb3bee42c2942be3baf1859045_101_0,20866619602141184,エイリアンブレインを破壊した
8e4d080278df4923a617256e18dee6d5_42_0,12863354224762889,モンスターを倒した
932df004b21244c99860871f9bfdbcfe_40_0,13533376630743041,ノード B
934993f61e7d4fa898242cffd9d8abd4_38_0,12863354220568589,イベントビーコンを見つける
95793848bf4b4be5a284252b6e26a2cc_105_0,32983460336140288,クローンジャーを破壊した
9626d545c2694bd292bf79ea22f15d33_90_0,13533376634937348,ミートコアを守れ！
96f4e288b2da481fb27f4a251b3c5e0c_90_0,12863354224762926,墜落現場に向かう
970b77bc8ed04b3fb6ac4a9df5a207a6_4_0,12863354220568576,大型グロッボを破壊した
98a522e09cb5420fb918357103a41013_81_0,12863354224762920,敵にとどめを刺せ！
98a8f6a25bfa4799901701cb818c0d9a_77_0,50485223666515968,ゾープジェットを破壊した
9e417b53bbd949a386d2591e402d5f07_101_0,20866619597946881,ポンプをクリア
a169f4140ad1400281c0f9cbb7a7c6cf_96_0,12863354224762932,[InputAction:Gameplay/Jump] で崖を登る
a169f4140ad1400281c0f9cbb7a7c6cf_97_0,31181757266366473,[InputAction:Gameplay/Jump] で崖の側面にジャンプ！
a1908cc5be6d465790e029e3f2e73d0d_98_0,16371853938163713,洞窟の入口
a1bfc46fe1a54a509690de1b510631e3_88_0,53087326635548673,クリスタルを撃ってそろえる
a2a7d50a3af045e88d53a6481091ff5a_77_0,12863354224762915,閉じ込められたランガスのシェフを見つける
a6f8d590137c4bf3b33589b5e032a69c_73_0,12863354224762904,敵が接近中
a95b5d889fb84d7ba700d8975dc1d8a1_43_0,26214435956711424,危険な卵
bae246cb718c4be1ae01bf6826b33960_64_0,28599495512850432,カリプソの心臓を破壊した
bb07c029345a4e33bd8243e510d76cc2_69_0,13043324687474692,ガンナロイドを倒した
bd02e00fea674e84a16b0fc4d3a7c330_40_0,4741774349164544,ハーベスターを守れ！
bd02e00fea674e84a16b0fc4d3a7c330_90_0,35944490152747008,ハーベスターを守る
becd4830a7ae4b778a2b0a39b3869500_43_0,12863354224762891,魚の卵を破壊した
bfd544a6595040d29ce21af210a4de5a_60_0,12863354224762898,パイプがモノリスの頭で詰まった
c17b8f905f334482a07ce6bfe92d5b23_81_0,12863354224762918,コーチ・ダンに話しかけてマッチを開始する
c284dddb27ca486cb0c83ae110eefa8d_41_0,13533376630743044,ティックラー
c483f6bd06c94bc489c36921c6af7f3f_25_0,12863354220568584,リセットのアタッカーを排除する
c62a3b9c572d46ca823e1d8a0a001798_11_0,12863354220568581,ミートマーケットを訪れる
c684dd36776f40a7becea5c3a624dec7_111_0,43214497377521665,ガンナロイドを倒した
c684dd36776f40a7becea5c3a624dec7_65_0,12863354224762901,ガンナロイドを倒した
c88aa5a86fb0487ea2940b49d5a26a61_40_0,12863354224762882,ボルトバーガーを待つ
d041259c46074c00896e43684af48ba9_89_0,45789048327888896,フリーミート！
d0e8fcbdc77f4b76892c67d9ba0008a2_65_0,45428356357808128,バルブを吹き飛ばした
d226c4e37ecc4efd9459d4eb10157033_73_0,12863354224762905,ヌーカーを起動する
d9554edb22ba42ddb94570a0b261f3e3_40_0,12863354220568590,ミートコアを確保する
db2e0f5131304464a110d29750997d13_77_0,43614748405653504,シェフを救出した
db613423ab43495b808ae871d172820f_40_0,12863354224762880,ノードを守る
ddbd21266895450a9263d7ddd491cf50_83_0,12863354224762924,タンガスレーサーを倒した
de34733aa21446248815db4a898e8278_104_0,31957267828957185,シェフを救出した
e1a978fc518c4eb495acc2987c36bb16_60_0,39648836050518016,テスト
e42ff4f67bcc4ec980f66f7325459554_73_0,12863354224762903,メガヌーカーを見つける
e7d14953a4ce4343b8ec0afd82159bfc_101_0,20864094534664192,タービンを清掃する
e9386d0a8dbb4482bdefb58886c504b2_25_0,12863354220568582,ミートジニアのリセットを見つける
eaef22943f4141959ba6d109230e29d0_92_0,12863354224762929,[InputAction:Gameplay/Jump] とスパイダーレッグで狭間を越える
ed78870de0ee4edc9c00f8d0e25bd930_100_0,46164313786580992,ダックを倒した
eebf973a04794126a5f32ebeba654e8e_36_0,42829564469415936,倒した
eebf973a04794126a5f32ebeba654e8e_53_0,45655994116595712,バグザッパーを倒した
eebf973a04794126a5f32ebeba654e8e_84_0,13392082803392512,ダートバッグにとどめを刺した
efacc41cf94b40c4b9e9b32da808541b_44_0,12863354224762893,ミートをブレンドする
f08e077d07fe4de585998d9e58be16a8_97_0,12863354228957184,[InputAction:Gameplay/LegsAbility] で瓦礫の下を滑り抜ける！
f0962f6aedf542eb8754104f02dbc776_87_0,13043324691668993,クリスタルをそろえてポータルを閉じる
f287fe2f2c004c2bb1ad94e620e19a7d_35_0,13043324687474689,調査する
f3a6135ac12f437db96c381b815fc86e_37_0,12863354220568588,タワーを破壊した
fab40eedf6b84ce6a088171f41a3db3e_40_0,13533376630743043,ノード D
fb7ab8116fc8407f95fc700ec7e73fea_41_0,12863354224762884,ティックラーを倒した
fcf9f2b3388a439ebd895d5441e1652f_101_0,20866619597946883,コラプションを排除する
ff4f7bf8a6c14791a0d538b070a535d6_73_0,12863354224762907,ミートコアを守る
ff4f7bf8a6c14791a0d538b070a535d6_90_0,31181757266366468,ハーベスターノードを守る
STG_1_e58baca8b4594c5c8b9ee8eb81f7ecb2,30928171548270592,アイタタタ！ハンターにやられたな！？<br>向こうに貼ってある俺の警告ポスターを見てくれてると思ってたんだが
STG_10_253905826c564fb2a5270da3f6110546,33128087058112513,さあ、相棒！やってやろう！<br>やっちまおう！
STG_11_253905826c564fb2a5270da3f6110546,33136475515117568,誕生日おめでとう 相棒！
STG_12_29a85a0d1ea943ea96ec6907247dc477,45655991558070272,正式にお祝いしておこう　ハッピーバースデー！
STG_12_2d920e29bd4e4060912784dfdac2cbca,34174556175327238,また誕生日か？最高だな！
STG_12_2e38b79c84684f2aa45587b4fe0c0bd5,34174556175327237,おお 誕生日おめでとう チビっこども！
STG_12_3a27ffa6fa314a5c8625d27093931a96,34174556175327234,誕生日おめでとう、スクイッシー！
STG_12_3eb827e2e6064632b425c10921cbf907,34174556175327236,何の音だ？誕生日のお知らせだ！
STG_12_4702726866014a76a515f75fffdd6c18,34174556175327232,いたいた　俺の大好きなおチビちゃん
STG_12_887c915b3fc54337b9f436b5bc95e7a6,34174556175327239,おっと また誕生日かって？そのとおり！
STG_12_b5bdbdcabfc047a0b78d868a88bb74be,34174556175327235,またまた誕生日おめでとう！
STG_12_b737dec367b64b198466cda5b7c3d659,34174556175327233,おお なんてスクイッシーな誕生日！ 
STG_12_b9065185d40f4e6ab964735d41f28db9,34174556175327240,そしてまたお誕生日おめでとう おチビちゃん！
STG_12_c76a5df566ac4228826d26e700509ad3,34174556175327241,バースデー バースデー ハッピーハッピーバースデー！
STG_12_f1feac12173c43cbbb43b1e0a664f946,34174556175327242,どうだ？誕生日おめでとう！
STG_13_253905826c564fb2a5270da3f6110546,33139387419058176,おお スクイッシー！<br>生きて戻ってきたなんて信じられない！
STG_14_e58baca8b4594c5c8b9ee8eb81f7ecb2,33297722948706304,悪いと思ってるんだよ　お前が仲間やビーンズと一緒に<br>あそこで死ぬと思ってたからな...
STG_15_e58baca8b4594c5c8b9ee8eb81f7ecb2,33297722961289216,でもな ここで終わりじゃない　ついにタンガスタウンを見つけたんだぜ ベイベー！
STG_16_e58baca8b4594c5c8b9ee8eb81f7ecb2,33297722961289217,このフランケン燃料があれば グツグツ煮立ててあの星系まで吹っ飛べるんだ<br>あぁ 最高の料理だ！
STG_17_e58baca8b4594c5c8b9ee8eb81f7ecb2,33300395982839808,おやおや まだそんな ちっこい豆鉄砲持ってるのか？<br>もっといいものがあるんだ　こっちに来て話そう
STG_18_e58baca8b4594c5c8b9ee8eb81f7ecb2,33301769751617536,あぁ あんま認めたくないが... スマートミートの体だけじゃ足りないんだ
STG_19_e58baca8b4594c5c8b9ee8eb81f7ecb2,33301769755811840,時には誰かの助けが必要だぞ　会いに来な
STG_2_e58baca8b4594c5c8b9ee8eb81f7ecb2,31228502341574656,ともかく 星のろくでなし連中相手に役立つものがある<br>あの薄汚え奴らだ　わかるな？会いに来てくれ
STG_20_e58baca8b4594c5c8b9ee8eb81f7ecb2,33308298840104960,おい おい スクイッシー　こっちでちょっと変なもん作ってるんだ<br>会いに来たらどうだ？
STG_21_3b2f530890de4c1cb5f931eaf857b3c5,36007377365884930,やあ スクイッシー！
STG_21_3c049bef12bf41418d16ee6b37dc86f6,36007377365884928,やあ スクイッシー！いい物があるぞぉ！
STG_21_6f18a989231f4fafad627eb8654dae19,36007377365884933,スクイッシーボーイ！
STG_21_8e4b1695c1e547178866cd55a320e8cd,36007377365884931,よう スクイッシー！いい物があるぞ
STG_21_abd986d8f7154c44bd5d7cd3627ec641,36007377365884934,やあ 相棒！渡したいものがある　来てくれ
STG_21_c46b1dc527f447dc88e9cc8683e8f626,36007377365884929,おお ここでいいモンを作ってるところだ　会いに来いよ スクイッシーィ！
STG_21_d3774b96d6264c68a5b66ebff7ede9f4,36007377365884932,こっちに来い スクイッシー　新しいもんができたぞ
STG_22_e58baca8b4594c5c8b9ee8eb81f7ecb2,33311167362359296,武器は個人の好みだ　好きにすればいい<br>間違った選択なんてない
STG_23_e58baca8b4594c5c8b9ee8eb81f7ecb2,33312404489101312,スクイッシー お前のフレアについて話がある　ちゃんと自分らしくなりたいだろ！？
STG_24_e58baca8b4594c5c8b9ee8eb81f7ecb2,33312404489101313,新しいフレアターミナルに行ってみろ<br>ダイヤのように輝くお前を見たいんだ
STG_25_e58baca8b4594c5c8b9ee8eb81f7ecb2,33315184792559616,あぁ 認めたくないが... ミートの体だけじゃ足りないんだ
STG_26_e58baca8b4594c5c8b9ee8eb81f7ecb2,33315184792559617,この新しいターミナルをチェックしてみな　究極の力をアンロックするんだ へへへ！
STG_27_253905826c564fb2a5270da3f6110546,33318258437251072,なあ なんでそんなガチャガチャ音がするほどポケットに詰め込んでるんだ？
STG_28_253905826c564fb2a5270da3f6110546,33318258441445376,トレーダー・マイクのところへ行って、有効活用してこい。いいな？
STG_29_253905826c564fb2a5270da3f6110546,33318258441445377,奴は人間計算機みたいなもんだ　ただし 人間じゃないけどな　まあ 機械みたいな...？何言いたいかはわかるだろ...
STG_3_253905826c564fb2a5270da3f6110546,33060789416878080,いいかスクイッシー　ミートサイエンスがとんでもなく重要だって言ったろ？へへへ<br>自慢じゃないからな！
STG_30_e58baca8b4594c5c8b9ee8eb81f7ecb2,33323369637076992,よっしゃ これで話が進むな　ハンターディテクターがあれば<br>今 お前のバイザーの上に脅威メーターが見えるはずだ
STG_31_e58baca8b4594c5c8b9ee8eb81f7ecb2,33323369641271296,針が左ならハンターたちは お前のことにまったく気付いてない
STG_32_e58baca8b4594c5c8b9ee8eb81f7ecb2,33323369641271297,のんびりしてても平気だ<br>でも右にピョコピョコ動き始めたら...
STG_33_e58baca8b4594c5c8b9ee8eb81f7ecb2,33323369641271298,...気をつけろ　ハンターが お前の特殊な匂いを嗅ぎつけたってことだ<br>メーターの動きは見逃さないことだ　グズグズするなよ<br>じゃあな 頑張れよ スクイッシー
STG_34_e58baca8b4594c5c8b9ee8eb81f7ecb2,33332958667464704,ついに捕まえたぞ！はははは！
STG_36_e58baca8b4594c5c8b9ee8eb81f7ecb2,33334462321254401,便利で しかもウマい... ああ！間違いなくカールの仕業だ！
STG_37_e58baca8b4594c5c8b9ee8eb81f7ecb2,33334462321254402,カール・ランガス... しゃしゃり出てくるんじゃなかったな
STG_38_e58baca8b4594c5c8b9ee8eb81f7ecb2,33334462321254403,ハンターだ！ハントしてやれ！
STG_39_e58baca8b4594c5c8b9ee8eb81f7ecb2,33356874173636608,おぉ これで壊れた物を直すための第一歩を踏み出せる
STG_4_253905826c564fb2a5270da3f6110546,33061804547497984,銀河には人が多すぎた<br>食料が足りなかったんだ
STG_40_e58baca8b4594c5c8b9ee8eb81f7ecb2,33356874182025216,あのデカい奴の燃料だけで銀河の半分まで行ける！
STG_41_e58baca8b4594c5c8b9ee8eb81f7ecb2,33356874182025217,ランガス！
STG_42_e58baca8b4594c5c8b9ee8eb81f7ecb2,33356874182025218,ああ まあ それも悪くないな
STG_43_e58baca8b4594c5c8b9ee8eb81f7ecb2,33356874182025219,やばいぞ スクイッシー 逃げないとまずい！
STG_44_e58baca8b4594c5c8b9ee8eb81f7ecb2,33356874182025220,あぁ 黙れ！
STG_45_e58baca8b4594c5c8b9ee8eb81f7ecb2,33356874182025221,おい ロクシー　行かないのか！？
STG_46_e58baca8b4594c5c8b9ee8eb81f7ecb2,33356874182025222,鼻を突っ込み続けないと気が済まないのか カール？
STG_47_e58baca8b4594c5c8b9ee8eb81f7ecb2,33356874182025223,燃料補充中　しばらくお待ちください
STG_48_e58baca8b4594c5c8b9ee8eb81f7ecb2,33356874182025224,銀河中が知っている　お前は信用できないってな カール！お前自身もわかってるだろ
STG_49_e58baca8b4594c5c8b9ee8eb81f7ecb2,33356874182025225,燃料補充完了　加速準備
STG_5_253905826c564fb2a5270da3f6110546,33061804547497985,俺が直接手を突っ込んでパラダイムをかき混ぜるまでは 誰も理解してなかったのさ！
STG_50_e58baca8b4594c5c8b9ee8eb81f7ecb2,33356874182025226,ワープエンジン作動
STG_51_e58baca8b4594c5c8b9ee8eb81f7ecb2,33360178878341120,カール・ランガスよ　もはや正義からは逃れられん　お前とスマートミートを何としてでも止めてやる
STG_52_e58baca8b4594c5c8b9ee8eb81f7ecb2,33356874182025227,近隣の惑星の住民も この生物に食われる恐怖からやっと解放される
STG_54_e58baca8b4594c5c8b9ee8eb81f7ecb2,33356874182025228,ロクシー 新しいミートはどうだ！？
STG_55_3216418ba9ee4b068876b913bb3ccef2,35503730513141760,俺のためにお前がしっかり調理したミートコア　覚えてるだろ？<br>それであの惑星に潜んでる小さな生物をおびき寄せるんだ
STG_56_9850ab8dd16e4c88acd86a61b4b87604,35512353628872704,ここまではよくやった　でも まだ準備万端じゃない
STG_57_3216418ba9ee4b068876b913bb3ccef2,35521168852115456,燃料だけがミートコアの使い道じゃないんだ
STG_57_6eb5f1d5deb847879968ff2fe668935b,35521168860504064,あの最後のやつを取り上げて しっかり調理してやろう！
STG_58_275bd943a66748588ee27da032c5f150,35543002125426689,あのデカい奴も その味を気に入るはずだ　間違いない
STG_58_3216418ba9ee4b068876b913bb3ccef2,35543002125426688,おお ここまで匂ってくるぞ　よくやったな スクイッシー
STG_59_9850ab8dd16e4c88acd86a61b4b87604,35549441904599040,よし ここから形勢を五分に戻すぞ
STG_6_253905826c564fb2a5270da3f6110546,33061804547497986,みんなランガス・ミートが大好きだった<br>そして俺たちは皆 幸せに暮らすつもりだった...
STG_60_9850ab8dd16e4c88acd86a61b4b87604,35549441912987648,向こう側でグリジーがパワーアップしていなければ ビッグマッチでチャンスはあるかもしれない
STG_61_3216418ba9ee4b068876b913bb3ccef2,35602782823112704,さあ スクイッシー！やってもらうことが山ほどあるぞ！
STG_62_3216418ba9ee4b068876b913bb3ccef2,35605031553064960,あのデカいミートコアは まさに医者の処方通りだ<br>心配するな　意味はすぐにわかる　オゥ イェー
STG_63_3216418ba9ee4b068876b913bb3ccef2,35606803042525184,あの船がウロチョロしてる限り どこへも行けないぞ スクイッシー<br>だから 全部片付けちまおう
STG_64_3216418ba9ee4b068876b913bb3ccef2,35607727056084992,おっと！壊れた古い船はもう問題じゃないぞ スクイッシー
STG_65_3216418ba9ee4b068876b913bb3ccef2,35935343428493312,さて スクイッシー　キミがそこにいる間 こっちは用事を片付ける
STG_66_9850ab8dd16e4c88acd86a61b4b87604,35935343436881920,よし 本格的な訓練を始めるぞ　ダンガス山で会おう
STG_67_97cd5e01156b401fb6af882b1854b014,37636387732709376,やあ スクイッシー　キミがやってくれたことには本当に感謝してる...
STG_68_97cd5e01156b401fb6af882b1854b014,37638091802927104,...ただちょっと問題がある　どうやら君はまだ正式にチームに入っていないらしい！
STG_69_97cd5e01156b401fb6af882b1854b014,37638091807121408,さあ 書類を片付けて戻ってこい　フィールドに戻る準備をしないとな！
STG_7_253905826c564fb2a5270da3f6110546,33120374009880576,おいおい！ちょっと待て<br>ここにナンバーワンの誕生日って書いてある...
STG_71_e58baca8b4594c5c8b9ee8eb81f7ecb2,37759772638830592,[ムシャムシャ]
STG_72_a644546f9bb14ed1bab969e3c0e91ae8,37759772638830593,味がすると思うんだが...
STG_73_782afe4905044999baa6ba80ab59e5c3,37759772638830594,...カール！
STG_74_354fe9732f974003a3c36d9537d17af2,38614139122212864,やられた！持たない！
STG_75_354fe9732f974003a3c36d9537d17af2,38614139126407168,ああっ！
STG_76_e58baca8b4594c5c8b9ee8eb81f7ecb2,38614139126407169,あ あれは... ミートキャッスルだ
STG_77_354fe9732f974003a3c36d9537d17af2,38614139126407170,これは異常だ！ここから出ないと！
STG_78_354fe9732f974003a3c36d9537d17af2,38614139126407171,あわわわ まずいぞ
STG_79_354fe9732f974003a3c36d9537d17af2,38614139126407172,奴ら ミートマジックを使いやがる！
STG_8_253905826c564fb2a5270da3f6110546,33128087053918208,誰だ！？おい！なあ！<br>新しいやつが来るときに知らせが来るはずだろ　ったく！  
STG_80_354fe9732f974003a3c36d9537d17af2,38614139126407173,フロントガラスにいる！<br>ロクシー 新しいミートはどうだ！？
STG_81_354fe9732f974003a3c36d9537d17af2,38614139126407174,グラッシー しっかりつかまれ
STG_82_354fe9732f974003a3c36d9537d17af2,38614139126407175,ガタガタいってる... 急いで逃げないと<br>今すぐ出るぞ！
STG_83_67ffa4aa801547e08f42ad692cdaa0a5,43573508251312128,ちょっかい出すなよ わかったか？
STG_83_af11e610266c43dfa34d0537058cd719,43571889296105472,降りて DNAをしっかり調べろ
STG_83_e58baca8b4594c5c8b9ee8eb81f7ecb2,43570063645597696,スマートミートを持ってるからって 頭がスマートってわけじゃない
STG_84_9850ab8dd16e4c88acd86a61b4b87604,45655991562264576,言いにくいが この戦いは公平とはいえない<br>見ろ こいつらミュータントはグリジーガルプでパワーアップしてる
STG_85_9850ab8dd16e4c88acd86a61b4b87604,45655991562264577,よし チャンピオン　これがキミの訓練の成果だ！
STG_9_253905826c564fb2a5270da3f6110546,33128087058112512,さて ちゃんと紹介したいところだが<br>残念ながら初日に遅刻してる！
ABC_Name_1,346366113996800,ビーム
ABC_Name_2,346366126579712,範囲攻撃
ABC_Name_3,346366126579713,召喚
ABC_Name_4,346366126579714,発射体
ABC_Name_5,346366126579715,バフ
ABC_Name_6,346366126579716,移動
ABL_Desc_2,346366126579718,周囲の敵を撃つタレットを設置する。
ABL_Name_2,346366126579717,バリスティックタレット
ABL_Desc_3,346366126579720,チャージしてから前方に突進し、爆発する。
ABL_Name_3,346366126579719,ターボチャージ
ABL_Desc_7,346366126579722,"<#FFEB04><link=""Keyword:12"">[電撃]</link></color>ダメージを与える爆弾を投げる。"
ABL_Name_7,346366126579721,エネルギーボム
ABL_Desc_8,346366126579724,向いている方向に素早く移動する。
ABL_Name_8,346366126579723,ダッシュ
ABL_Desc_9,346366126579726,"相棒のリセットを呼んで助けてもらう！<br>周囲の敵を引き寄せ、<#FFEB04><link=""Keyword:5"">[物理]</link></color>ダメージのパルスを与える。"
ABL_Name_9,346366126579725,フリーハグ
ABL_Desc_27,346366126579728,衝撃で爆発する大型ロケットを投げる。
ABL_Name_27,346366126579727,ミートミサイル
ABL_Desc_52,346366130774017,地雷を一列に設置する。
ABL_Name_52,346366130774016,地雷
ABL_Desc_53,346366130774019,"前方にテレポートし、エアウォークを得る。<br>10秒間、近接攻撃で与える<#FFEB04><link=""Keyword:5"">[物理]</link></color>ダメージが50%増加する。"
ABL_Name_53,346366130774018,ウィンドウォーク
ABL_Desc_56,346366130774021,"衝撃波を発生させて<#FFEB04><link=""Keyword:5"">[物理]</link></color>ダメージを与え、敵をノックバックさせる。"
ABL_Name_56,346366130774020,ブラストウェーブ
ABL_Desc_63,346366130774023,前方にダッシュして、通った後に爆発を引き起こす。
ABL_Name_63,346366130774022,エクスプロージョンダッシュ
ABL_Desc_64,346366130774025,タップでジャンプし、長押しで高くジャンプする。<br>空中で使用すると勢いよく落下する。
ABL_Name_64,346366130774024,バンザイドロップ
ABL_Desc_66,346366130774027,移動方向に素早く滑る。
ABL_Name_66,346366130774026,スクイッシースライド
ABL_Desc_68,346366130774029,敵をおびき寄せるおやつを出し、それを攻撃した敵にダメージを与え、スタンを付与する。
ABL_Name_68,346366130774028,スーパーミートマッシュ
ABL_Desc_69,346366130774031,"<#FFEB04><link=""Keyword:5"">[物理]</link></color>ダメージを与える爆弾を投げる。"
ABL_Desc_71,28309369228615680,"<#FFEB04><link=""Keyword:13"">[火]</link></color>ダメージの衝撃波を発生させ、敵をノックバックさせる。"
ABL_Desc_73,346366130774035,ガルプをキメてスーパーヒーローに変身！<br>攻撃速度+500%、ダメージ5倍、ジャンプ追加、移動速度アップ！
ABL_Name_73,346366130774034,グリジーガルプ
ABL_Desc_78,346366130774041,"<#FFEB04><link=""Keyword:14"">[スライム]</link></color>ダメージを与える爆弾を投げる。"
ABL_Desc_79,28309369232809984,"<#FFEB04><link=""Keyword:14"">[スライム]</link></color>ダメージの衝撃波を発生させ、敵をノックバックさせる。"
ABL_Desc_80,28309369232809985,"<#FFEB04><link=""Keyword:12"">[電撃]</link></color>ダメージの衝撃波を発生させ、敵をノックバックさせる。"
ABL_Desc_81,346366130774047,前方移動速度が上昇する。長押しで長距離ダッシュする。
ABL_Name_81,346366130774046,ダッシュ
ABL_Desc_82,346366130774049,"<#FFEB04><link=""Keyword:15"">[氷]</link></color>ダメージを与える爆弾を投げる。"
ABL_Desc_86,346366130774057,弾薬箱を設置する。周囲のプレイヤーはリロードなしで射撃でき、攻撃速度+50%を獲得する。
ABL_Name_86,346366130774056,サプライボックス
ABL_Desc_87,346366130774059,大きなレーザーを発射し、その後自分の頭が吹き飛ぶ！
ABL_Name_87,346366130774058,フランケンビーム
ABL_Desc_88,346366130774061,頭を投げつけて敵をぶっ叩くか、何かを詰まらせる。
ABL_Name_88,346366130774060,モノリスコンジェスチョン
ABL_Desc_89,346366130774063,25メートル以内の敵をすべて即座に凍らせる。
ABL_Name_89,346366130774062,フラッシュフリーズ
ABL_Desc_90,28309369232809986,移動方向に素早くダッシュする。
ABL_Name_90,346366130774064,スパイダーダッシュ
ABL_Desc_91,346366130774067,敵めがけて飛んで爆発する小さな目を発射する。
ABL_Name_91,346366130774066,ホーミングアイボール
ABL_Desc_92,346366130774069,敵を引き寄せてから爆発する爆弾を投げる。
ABL_Name_92,346366130774068,ゴブルボム
ABL_Desc_95,346366130774071,周囲の敵を撃つ飛行タレットを設置する。
ABL_Name_95,346366130774070,ホバータレット
ABL_Desc_96,346366130774073,凶悪なミュータントミニオンを配置する。
ABL_Name_96,346366130774072,マイクロジャクソンズ
ABL_Desc_97,346366130774075,軌道上のすべてを破壊するビームに力を集中する。
ABL_Name_97,346366130774074,テンダライザービーム
ABL_Desc_99,346366130774079,"<#FFEB04><link=""Keyword:13"">[火]</link></color>ダメージを与える爆弾を投げる。"
ABL_Desc_100,346366130774081,"前方にダッシュする。<br>10秒間、遠距離攻撃で与える<#FFEB04><link=""Keyword:5"">[物理]</link></color>ダメージが20%増加する。"
ABL_Name_100,346366130774080,スローターステップ
ABL_Desc_101,346366130774083,"<#FFEB04><link=""Keyword:10"">[無限弾薬]</link></color> と攻撃速度 +40%を15秒間獲得する。"
ABL_Name_101,346366130774082,スーパーチャージ
ABL_Desc_103,28309369232809987,"<#FFEB04><link=""Keyword:15"">[氷]</link></color>ダメージの衝撃波を発生させ、敵をノックバックさせる。"
ABL_Desc_108,346366130774095,"走りまわって敵に<#FFEB04><link=""Keyword:5"">[物理]</link></color>ダメージを与える。"
ABL_Name_108,346366130774094,クエイクラッシュ
ABL_Desc_117,346366130774113,"周囲の味方に150<#FFEB04><link=""Keyword:11"">[バリア]</link></color>を30秒間付与する。<br><#FFEB04><link=""Keyword:11"">[バリア]</link></color>持続中は受けるダメージを反射する。"
ABL_Name_117,346366130774112,ボーンアーマー
ABL_Desc_142,346366130774163,回転して周囲の敵を叩く。ヤッフー！
ABL_Name_142,346366130774162,ダブルラリアット
ABL_Desc_147,346366130774173,前方にダッシュしながら爆発を引き起こす。
ABL_Name_147,346366130774172,ワスプダッシュ
ABL_Desc_152,346366130774183,"前方にダッシュする。<br>10秒間、遠距離攻撃で与える<#FFEB04><link=""Keyword:15"">[氷]</link></color>ダメージが20%増加する。"
ABL_Desc_153,346366130774185,"前方にダッシュする。<br>10秒間、遠距離攻撃で与える<#FFEB04><link=""Keyword:14"">[スライム]</link></color>ダメージが20%増加する。"
ABL_Desc_154,346366130774187,"前方にダッシュする。<br>10秒間、遠距離攻撃で与える<#FFEB04><link=""Keyword:12"">[電撃]</link></color>ダメージが20%増加する。"
ABL_Desc_155,346366130774189,"前方にダッシュする。<br>10秒間、遠距離攻撃で与える<#FFEB04><link=""Keyword:13"">[火]</link></color>ダメージが20%増加する。"
ABL_Desc_164,346366130774207,大きな爆弾岩を投げる。
ABL_Name_164,346366130774206,ダックストーンスロー
ABL_Desc_169,346366130774217,空中をホバリングしながら地上のターゲットに強力なビームを発射する。
ABL_Name_169,346366130774216,ホバービーム
ABL_Desc_174,346366130774227,扇形の範囲に発射体を吐く。
ABL_Name_174,346366130774226,ワスプスピット
ABL_Desc_179,346366130774237,回転しながら全方向に射撃する。見た目もかっこいい。
ABL_Name_179,346366130774236,オクトスワール
ABL_Desc_184,346366130774247,小石を浴びせて敵を攻撃する。イタタタ。
ABL_Name_184,346366130774246,モールマンスピット
ABL_Desc_197,346366130774273,地面に潜り、出てきたところで爆発する。
ABL_Name_197,346366130774272,穴掘り
ABL_Desc_198,346366130774275,周囲の敵を撃つグーバーを配置する。その名のとおり。
ABL_Name_198,346366130774274,グーバーシューター
ABL_Desc_199,346366130774277,誘導なしのミサイルを大量発射する。
ABL_Name_199,346366130774276,ロケットスワーム
ABL_Desc_200,346366130774279,"手裏剣を5個投げる。命中するたび以下を付与する。<br>攻撃速度 +3%<br><#FFEB04><link=""Keyword:5"">[物理]</link></color>ダメージ +10<br><#FFEB04><link=""Keyword:5"">[物理]</link></color>ダメージ +3%<br>（最大5スタック）"
ABL_Name_200,346366130774278,ニンジャマーク
ABL_Desc_201,346366130774281,跳躍して3連発の近接攻撃を放つ。
ABL_Name_201,346366130774280,チャージスラッシュ
ABL_Desc_218,346366134968329,"前方にテレポートし、エアウォークを得る。<br>10秒間、近接攻撃で与える<#FFEB04><link=""Keyword:12"">[電撃]</link></color>ダメージが50%増加する。"
ABL_Desc_219,346366134968331,"前方にテレポートし、エアウォークを得る。<br>10秒間、近接攻撃で与える<#FFEB04><link=""Keyword:13"">[火]</link></color>ダメージが50%増加する。"
ABL_Desc_220,346366134968333,"前方にテレポートし、エアウォークを得る。<br>10秒間、近接攻撃で与える<#FFEB04><link=""Keyword:15"">[氷]</link></color>ダメージが50%増加する。"
ABL_Desc_221,346366134968335,"前方にテレポートし、エアウォークを得る。<br>10秒間、近接攻撃で与える<#FFEB04><link=""Keyword:14"">[スライム]</link></color>ダメージが50%増加する。"
ABL_Desc_222,346366134968337,"手裏剣を5個投げる。命中するたび以下を付与する。<br>攻撃速度 +3%<br><#FFEB04><link=""Keyword:12"">[電撃]</link></color>ダメージ +10<br><#FFEB04><link=""Keyword:12"">[電撃]</link></color>ダメージ +3%<br>（最大5スタック）"
ABL_Desc_223,346366134968339,"手裏剣を5個投げる。命中するたび以下を付与する。<br>攻撃速度 +3%<br><#FFEB04><link=""Keyword:15"">[氷]</link></color>ダメージ +10<br><#FFEB04><link=""Keyword:15"">[氷]</link></color>ダメージ +3%<br>（最大5スタック）"
ABL_Desc_224,346366134968341,"手裏剣を5個投げる。命中するたび以下を付与する。<br>攻撃速度 +3%<br><#FFEB04><link=""Keyword:14"">[スライム]</link></color>ダメージ +10<br><#FFEB04><link=""Keyword:14"">[スライム]</link></color>ダメージ +3%<br>（最大5スタック）"
ABL_Desc_225,346366134968343,"手裏剣を5個投げる。命中するたび以下を付与する。<br>攻撃速度 +3%<br><#FFEB04><link=""Keyword:13"">[火]</link></color>ダメージ +10<br><#FFEB04><link=""Keyword:13"">[火]</link></color>ダメージ +3%<br>（最大5スタック）"
ABL_Desc_226,346366134968345,誰かに物を投げたいならコレがいいかも。
ABL_Name_226,346366134968344,折りたたみ椅子
ABL_Desc_227,346366134968347,クイーンビーを召喚して飛び回らせ、敵を刺す。
ABL_Name_227,346366134968346,ビッグベアトリス
ABL_Desc_228,28309369232809988,"周囲の敵が<#FFEB04><link=""Keyword:5"">[物理]</link></color>ダメージに弱くなる。<br>影響を受けた敵1体につき、移動速度 +3%、<#FFEB04><link=""Keyword:5"">[物理]</link></color>ダメージ +5%を獲得する。（最大+5スタック）"
ABL_Name_228,346366134968348,ブレインドレイン
ABL_Desc_229,28309369232809989,"周囲の敵が<#FFEB04><link=""Keyword:12"">[電撃]</link></color>ダメージに弱くなる。<br>影響を受けた敵1体につき、移動速度 +3%、<#FFEB04><link=""Keyword:12"">[電撃]</link></color>ダメージ +5%を獲得する。（最大5スタック）"
ABL_Desc_230,28309369232809990,"周囲の敵が<#FFEB04><link=""Keyword:13"">[火]</link></color>ダメージに弱くなる。<br>影響を受けた敵1体につき、移動速度 +3%、<#FFEB04><link=""Keyword:13"">[火]</link></color>ダメージ +5%を獲得する。（最大5スタック）"
ABL_Desc_231,28309369232809991,"周囲の敵が<#FFEB04><link=""Keyword:15"">[氷]</link></color>ダメージに弱くなる。<br>影響を受けた敵1体につき、移動速度 +3%、<#FFEB04><link=""Keyword:15"">[氷]</link></color>ダメージ +5%を獲得する。（最大5スタック）"
ABL_Desc_232,28309369232809992,"周囲の敵が<#FFEB04><link=""Keyword:14"">[スライム]</link></color>ダメージに弱くなる。<br>影響を受けた敵1体につき、移動速度 +3%、<#FFEB04><link=""Keyword:14"">[スライム]</link></color>ダメージ +5%を獲得する。（最大5スタック）"
ABL_Desc_237,28309369237004288,前方にテレポートしてエアウォークを得る。<br>持続時間：6秒
ABL_Name_237,12370411982413824,フライングサーキット
ABL_Desc_238,42079388445958144,敵をノックバックさせる手榴弾を投げる。
ABL_Name_238,42040861960167424,スクイッシーボム
ABL_Desc_240,42079388450152448,周囲の敵を押しのける。
ABL_Name_240,42064901517074432,スクイッシーブラスト
ASCR_Desc_0,41108792622964736,デフォルト
ASCR_Desc_1,41108792631353344,"敵がエレメンタル<#FFEB04><link=""Keyword:17"">[状態異常]</link></color>に対して耐性を持つ"
ASCR_Desc_2,41108792631353345,味方の構造体のHPが低下する
ASCR_Desc_3,41108792631353346,プレイヤーのHPが減少する
ASCR_Desc_4,41108792631353347,敵の移動速度が上昇する
ASCR_Desc_5,41108792631353348,回復量が減少する
ASCR_Desc_6,41108792631353349,敵の攻撃速度が上昇する
ASCR_Desc_7,41108792631353350,ハンターの到着が早まる
ASCR_Desc_8,41108792631353351,リスポーン時のHPが減少する。
ASCR_Desc_9,41108792631353352,敵のHPが増加する
ASCR_Desc_10,41108792631353353,近接ノックバックが減少する
CND_Desc_1,346366134968366,ターゲットの移動と攻撃が遅くなる。
CND_Name_1,346366134968365,極寒
CND_Desc_2,346366134968368,周囲の敵に継続的にダメージを与える。
CND_Name_2,346366134968367,感電
CND_Desc_3,346366134968370,ターゲットに対するすべてのダメージが増加する。
CND_Name_3,346366134968369,スライム
CND_Desc_4,346366134968372,ターゲットが持続ダメージを受ける。
CND_Name_4,346366134968371,出血
CND_Desc_5,346366134968374,"ターゲットが <#FFEB04><link=""Keyword:13"">[火]</link></color> の持続ダメージを受ける。"
CND_Name_5,346366134968373,燃焼
CND_Desc_6,346366134968376,"ターゲットが<#FFEB04><link=""Keyword:13"">[火]</link></color>の持続ダメージを受け、移動速度が20%低下する。"
CND_Name_6,346366134968375,ウィスプファイア
CND_Desc_8,346366134968378,ターゲットがアクションを起こせなくなる。
CND_Name_8,346366134968377,よろめき
CND_Desc_9,443347033382912,"ターゲットは移動や攻撃ができなくなる。ターゲットの受ける近接または<#FFEB04><link=""Keyword:5"">[物理]</link></color>攻撃ダメージが増加し、<#FFEB04><link=""Keyword:4"">[凍結]</link></color>状態を解除する。"
CND_Name_9,443347024994304,凍結
CND_Desc_10,3584395140374528,エイリアンの呪文をかけられた。しばらくの間、レッグの能力が無効になる。
CND_Name_10,3584395111014400,エイリアンスペル
CQ_Desc_2,41848132785397762,ピーテリウムには最悪の部類の海賊どもがはびこっている。テーマソングすら持ってないようなやつらだ。侵入して、いつもどおりやって、ミートコアを引っこ抜け。タイトルの「チャム」はお前のことじゃないぞ。たぶんな。
CQ_Name_2,41866088349163521,撒き餌
CQ_Desc_3,41848132785397764,サブ・ゼローニには霜の問題、クリーチャーの問題、士気の問題がある。厳密にはどれもお前の問題じゃない。お前の問題はミートコアだ。それ以外はただの天気だ。
CQ_Name_3,41866088349163522,クールにいこう
CQ_Desc_4,41848132785397766,ラヴァ・デル・レイは見事な場所だぞ、スクイッシー！あの熱！あの輝き！文字どおり何もかもが構造的に不安定な感じ！ほとんどの従業員は行こうともしないが、もったいない話だ（死亡率とも統計的に関係しているがな）。俺に言わせれば、従業員を送り込むには完全に妥当な場所だ。
CQ_Name_4,41866088349163523,溶岩日和
CQ_Desc_5,41848132785397768,ビッグ・オル・タンガスは名前どおりだ。でかくて気難しくて、お前のエンジンを止めたがる連中でいっぱいだ。あいつらに、お前のエンジンの方が上だと見せてやれ。ミートコアを回収して帰ってこい。
CQ_Name_5,41866088349163524,エンジン始動
CQ_Desc_6,41848132785397770,危険な山に登るところから始まる名作は多いぞ、スクイッシー。これもそのひとつになるかもしれない。あるいは、ただの仕事かもしれない。どちらにせよ登るんだ。ミートコアはどこか上の方にある。
CQ_Name_6,41866088349163525,トレーニングモンタージュ
CQ_Desc_7,41848132785397772,「リル」に騙されるな。リル・タンガスは相当でかい劣等感を抱えている。直近3組の回収チームは、何が起きたのか分からない顔で戻ってきた。お前ならうまくやれる。たぶんな。
CQ_Name_7,41866088349163526,グリジーティジー
CQ_Desc_8,41848132785397774,デカい奴が惑星を何個か食ってるからってビビるんじゃない。
CQ_Name_8,41866088349163527,フランケンフェラー
CQ_Desc_9,41848132785397776,ランガスは従業員に最高の待遇を用意している。
CQ_Name_9,41866088349163528,医療保険 v1
CQ_Desc_10,43214492713455616,ゴールドランク従業員報酬パッケージの一部。
CQ_Name_10,41866088349163529,医療保険v2
CQ_Desc_11,41848132785397779,最初はうまくいかなくても、次はもっとマシになるかも！
CQ_Name_11,41866088349163530,ネバー・セイ・ダイ v1
CQ_Desc_12,41848132785397781,パウンディング・ファーザーズはタフだが、ズルいこともする！
CQ_Name_12,41866088349163531,ロード・オブ・ザ・リング
CQ_Desc_14,41848132785397785,ランガス・ミートへようこそ、おチビの相棒！さて、お前と月間最優秀従業員の間に立ちはだかるのは肉だけ、そしてお前と肉の間に立ちはだかるのは、外でお前の顔に噛みつこうとしてる何かだけだ。だから外に出て、ミートコアを手に入れて、ポンと取り出してこい、そうすりゃ銀河を養えるってわけだ！要するにそれが仕事の全部よ！
CQ_Name_14,41866088349163533,初収穫
CQ_Desc_15,41848132785397787,ランガスの新人はみんな、最初の週にちょいとR&Dをやるんだ（お前にとっちゃ「研究と破壊」のことだぜ、相棒）。そんで、やるべき暴力の...いや「研究」のデッカい世界が待ってるんだ。お前の実力を見せてみろ、そしたら武器のアップグレードを考えてやる。
CQ_Name_15,41866088349163534,ランガスジュニアR&D
CQ_Desc_16,41848132785397789,あの惑星にゃ肉だけじゃねぇモンがあるんだ、相棒...鉱石をたんまり持ち帰ってくりゃ、工房に上等な採掘道具を作らせてやる。もちろん、歴史的遺物を慎重に回収するためだけのものだぜ。（あと、それを抱えてるモンが何であれな。）
CQ_Name_16,41866088349163535,...そして私の斧！
CQ_Desc_17,41848132785397791,あの古代のガストロノートども、銀河中に役立つガラクタをわんさか残してってくれてな！それにランガスにゃ「拾ったモン勝ち」って方針があってな、法務が確認した回数はきっかりゼロ回だ。古代テクをいくつか持ち帰ってこい、そしたら次の惑星をもっと実り豊かにするちょっとしたモンを作ってやる。
CQ_Name_17,41866088349163536,鎖。鋸。征服。
CQ_Desc_18,41848132785397793,お前もいい感じになってきたから、さらなるタスクポイントをくれてやろう。
CQ_Name_18,41866088349163537,注目のフレア
CQ_Desc_20,41848132785397797,いやぁスクイッシー、冬に備えてナッツを溜め込むリスみたいにリソースを集めてるな。いいぞ！<br><br>そろそろお前も超スクイッシーになってもいい頃合いだな。
CQ_Name_20,41866088349163539,ミートサイエンス実験
CQ_Desc_22,41848132785397801,ここで目立つために何が必要か分かるか？気合い...華やかさ...フレアよ！<i><b>金色に光ってる</i></b>あの敵どもみてぇにな。それがお前に欲しいルックだ。叩きのめして、その輝きを頂いて、その制服にちょいとキラめきを足してやろうじゃねぇか。
CQ_Name_22,41866088349163541,ザ・シャイニング
CQ_Desc_24,41848132785397805,怒ったミュータントから学べることもある。
CQ_Name_24,41866088349163543,ミュータントメイヘム v1
CQ_Desc_25,41848132785397807,ったく、ミュータントってのは気難しい連中だ。
CQ_Name_25,41866088349163544,ミュータントメイヘム v2
CQ_Desc_26,41848132785397809,時にはもう一度チャンスが必要なこともある。
CQ_Name_26,41866088349163545,あと1つだけの命で
CQ_Desc_27,41848132785397811,あのフランケンどもは、特別な風味のおかげでタフなんだ。
CQ_Name_27,41866088349163546,フランケンファンク v1
CQ_Desc_28,41848132785397813,最高のレシピってのは、フランケンの風味によく漬け込まれてるんだ。
CQ_Name_28,41866088349163547,フランケンファンク v2
CQ_Desc_36,42875506259910656,ダチのマイクはな、この宙域で一番のちっちゃな両替カウンターをやってんだ。レートは公正、笑顔も公正、指の本数も公正...船に常駐で店を構えるよう説得できると思うんだが、マイクは商売人でな。お前から良い金が稼げるって見せてやれ、そしたらすぐに乗ってくるさ。
CQ_Name_36,42875506234744832,居心地の良い場所
CQ_Desc_37,43895583612592128,時にはチャンスがあと2回必要なこともある。
CQ_Name_37,43895583587426304,おかわり
CQ_Desc_38,43951722278674432,最初はうまくいかなくても、次はもっとマシになるかも！
CQ_Name_38,43942200277458944,ネバー・セイ・ダイ v2
CQ_Desc_39,43951722278674433,最初はうまくいかなくても、何回でも挑戦すればいい！
CQ_Name_39,43942200277458945,ネバー・セイ・ダイ v3
CQ_Desc_41,44003070172979200,その目を見れば分かるぞ、スクイッシー...ランキングシステムの存在に気づいたな。よし！どんどん上がっていけ！ちょっとしたご褒美もある。文字どおり、本当に小さいやつだ。
CQ_Name_41,44003070001012736,今日の従業員
CQ_Desc_42,44007851671150593,お前の写真を休憩室の壁に貼ろうと思って印刷しておいた。いい写真とは言えないが、根性は出ていた。どこにやったか忘れたが、とにかくランクを上げ続けろ！どこかにボーナスがあるはずだし、お前にはその資格がある。
CQ_Name_42,44007851671150592,今週の従業員
CQ_Desc_43,44007851671150595,ここらで辞める従業員は多い。ランク30で十分だと思ったんだろう。そいつらは今サンドイッチになっている...罰じゃないぞ、配置転換だ。お前はサンドイッチより上だ、スクイッシー。たぶんな。
CQ_Name_43,44007851671150594,今月の従業員
CQ_Desc_44,44007851671150597,お前の好きなところは何か分かるか？とにかく進み続けるところだ。ランク30に到達すると流すだけになる従業員もいる。だがお前は違う。別格だ。さあ仕事に戻れ。
CQ_Name_44,44007851671150596,今年の従業員
CQ_Desc_45,44007851671150599,暦の上ではお前が従業員になってから十年どころか全然経っていない。だが感覚的には？何十年だ。肉厚で深い年月だ。ボーナスは本物だけどな。
CQ_Name_45,44007851671150598,10年の従業員
CQ_Desc_46,44007851671150601,かつて「世紀の従業員」賞は死後に贈られるものだった。今回は新しいやり方を試している。お前は歴史を作っているぞ、スクイッシー。もっと大事なのは、金も作っていることだ。
CQ_Name_46,44007851671150600,100年の従業員
CQ_Desc_47,44007851671150603,俺はまだ...<b><i>一度も</i></b>...「千年紀の従業員」賞を渡したことがない。お前が初めてになる。考えてみろ。本気で言ってる。ランクを上げながら考えておけ。
CQ_Name_47,44007851671150602,1000年の従業員
CQ_Desc_48,44007851671150605,いよいよ俺も言葉の意味を調べないと分からない領域に入ってきた。地質学的に言えば、エポックはとても長い時間だ。従業員表彰的に言えば、お前はちょっと信じられない存在ってことだ。
CQ_Name_48,44007851671150604,一時代の従業員
CQ_Desc_49,44007851671150607,スクイッシー。相棒。時間の単位が尽きてきた。イーオンは十億年だ。十億年続いた会社なんて存在しない。俺たちは人事の限界に挑んでいる。そこは尊敬する。
CQ_Name_49,44007851671150606,永劫の従業員
CQ_Desc_50,44007851671150609,やったな。トロフィーを作らせたぞ。ミートパティ型だ。名前も入っている。お前の名前を知らなかったから「スクイッシー」って書いてあるけどな。それで合ってるだろ？おめでとう。全部本気で言ってる。
CQ_Name_50,44007851671150608,史上最高の従業員
CQ_Desc_51,49303764673224704,スクイッシー、水産メニューの売れ行きが悪くてサンプルが必要なんだ。釣り竿を持ってウォーターリフトを見つけ、釣れたものを全部持ち帰れ。何に使うかは聞くな。
CQ_Name_51,49303764669030400,全部ゲットだぜ
CQ_Desc_52,50434728753356800,「スライムリフト」って聞くと食欲は湧かないよな。だが「加工肉製品」だってそうだし、あれはうちの看板商品だ。プロセスを信じろ、スクイッシー。中に入って釣ってこい。
CQ_Name_52,50434728719802368,もっともっとゲットだぜ
CQ_Desc_53,50441586511699969,ランガス社の鉱物調達部門は、お前ひとりだ。予算なし。装備なし。バックアップなし。外に出て、見つけられる鉱物を全種類掘り出してこい。問題じゃない。チャンスだ。
CQ_Name_53,50441586511699968,ロックハウンド
CQ_Desc_54,50441586511699971,ランガス社はイノベーションが大好きだ。他人がすでにイノベーションしたものを見つけて買収するのも大好きだ。合法的にな。ほぼ。見つけられる古代技術を全種類集めてこい。「競合調査」と呼ぶことにする。
CQ_Name_54,50441586511699970,技術コレクター
CQ_Name_55,51528551927635968,フランケンフェラー v2（スタンダード）
CQ_Name_56,51548701930283008,フランケンフェラー v3（ハード）
CQ_Name_57,51548701934477313,フランケンフェラー v4（ナイトメア）
CQ_Name_58,51548701934477315,ロード・オブ・ザ・リング v2（スタンダード）
CQ_Name_59,51558077172801537,ロード・オブ・ザ・リング v3（ハード）
CQ_Name_60,51558077172801538,ロード・オブ・ザ・リング v4（ナイトメア）
CQ_Desc_61,51597951024226304,なんだプニプニ？未知に飛び込んで外の世界を探検したいって？いい考えだ！
CQ_Name_61,51597950990671872,異界の力 v1
CQ_Desc_62,55501898636431360,見ろよ、やったじゃないか！もう一回挑戦するか？
CQ_Name_62,51597951024226305,異界の力 v2（スタンダード）
CQ_Desc_63,55501898653208576,いやぁ、お前ほんと上手くなってきたな！
CQ_Name_63,51597951024226306,異界の力 v3（ハード）
CQ_Desc_64,55501898653208577,もはやなんて言えばいいかわからん。これが誇りってやつか？よくやったぞ、プニプニ。
CQ_Name_64,51597951024226307,異界の力 v4（ナイトメア）
CQ_Desc_65,53001828336394240,難易度「中辛」でゲームをクリアすりゃ、もっと歯ごたえのある難易度と豪華な報酬がアンロックされるぜ。<br><br>報酬：<br><b>銀河マップで難易度「辛口」をアンロック<br>カールコイン5枚</b>
CQ_Name_65,53001828328005632,ヒートアップ
CQ_Desc_66,53001828336394242,難易度「辛口」で星系をクリアすりゃ、もっと歯ごたえのある難易度とさらに豪華な報酬がアンロックされるぜ。
CQ_Name_66,53001828336394241,さらなる壁に立ち向かえ
CQ_Desc_67,53001828336394244,難易度「激辛」で星系をクリアすりゃ、スリル満点の難易度「ナイトメア」がアンロックされるぜ。
CQ_Name_67,53001828336394243,ナイトメアをアンロックせよ
CQ_Desc_68,53001828336394246,ナイトメアで終わりなもんか...
CQ_Name_68,53001828336394245,覚めない悪夢
CQ_Desc_69,53040012592144384,グレネードランチャーは、厳密には近距離戦におすすめの武器ではない。だがそれでメイン目標を250個クリアするようなやつは？何かを分かっているやつだ。
CQ_Name_69,53040012566978560,マスターブラスター：グレネードランチャー
CQ_Desc_70,53046729770000384,マグナムは存在を主張する。「俺はここにいる。本気だ」とな。メイン目標250個。あとはこいつに語らせろ。
CQ_Name_70,53046729765806080,マスターブラスター：マグナム
CQ_Desc_71,53046729770000386,優秀な従業員は道具を理解する。偉大な従業員はひとつを極める。ピストルの本当の力を見せてくれ、スクイッシー。見ているぞ。
CQ_Name_71,53046729770000385,マスターブラスター：ピストル
CQ_Desc_72,53046729770000388,プラズマキャスターは、現場時代の俺のお気に入りだった。優雅。効率的。近距離では理不尽。メイン目標250個、お前にセンスがあるか見せてもらおう。
CQ_Name_72,53046729770000387,マスターブラスター：プラズマキャスター
CQ_Desc_73,53046729770000390,レールガンに必要なのは忍耐、精密さ、そして巻き添え被害を完全に気にしない心だ。
CQ_Name_73,53046729770000389,マスターブラスター：レールガン
CQ_Desc_74,53046729770000392,ライフルは頼れるやつだ。派手ではないが、いつもそこにいる。ライフルを見くびる従業員もいる。そいつらは間違っている。メイン目標250個、敬意を示してこい。
CQ_Name_74,53046729770000391,マスターブラスター：ライフル
CQ_Desc_75,53046729770000394,ロケットランチャーを求める従業員には、ある共通点がある。何か分かるか？結果を出すことだ。
CQ_Name_75,53046729770000393,マスターブラスター：ロケットランチャー
CQ_Desc_76,53046729770000396,ショットガンは哲学だ、スクイッシー。広く、迷いなく、疑問を一切残さない。メイン目標250個だ、スクイッシー。熱意を期待している。
CQ_Name_76,53046729770000395,マスターブラスター：ショットガン
CQ_Desc_77,53046729770000398,SMGは「言いたいことが山ほどあるから、全部ものすごい速さで言うぞ」と語る武器だ。その勢いは評価する。お前がどれだけ速くメイン目標を片づけられるか見せてみろ。
CQ_Name_77,53046729770000397,マスターブラスター：SMG
CQ_Desc_79,54162277236989952,ランガスはバランスの取れた従業員が好みでな、相棒——この部署で「バランスが取れてる」ってのは、火砲に精通してるって意味だ。武器を一種類ずつ揃えて、それぞれ実弾でしっかり時間を積め。次の四半期査定までにゃ、射撃場の壁にお前の名前を載せたいもんだぜ。
CQ_Name_79,54162277232795648,武器スペシャリスト
CQ_Desc_80,54162277236989954,スクイッシー、スワップ回数を見ているんだが、これは芸術なのか病気なのか分からん。だが才能はある。続けろ。その数がどこまで伸びるか見せてもらおう。科学のために。それと、人事には言えない理由のために。
CQ_Name_80,54162277236989953,リートミート
CQ_Desc_81,55545539754713088,中辛が分別ってもんだ、プニプニ。気を抜かない程度の辛さで、銀河に丸呑みにされるほどじゃねえ。立派な遊び方だぜ。ランガス社はワークライフバランスを応援してるんだ。だいたいはな。
CQ_Name_81,55545539725352960,異界の旅（中辛）
CQ_Desc_82,55545539754713090,辛口だ。店のおすすめより一段上——楽なランじゃ夜も眠れちまうって頃合いにな。優しすぎず、しんどすぎず、免責同意書がカバーできる危険度ぴったりだ。さあ、一ラン行ってこい。
CQ_Name_82,55545539754713089,異界の旅（辛口）
CQ_Desc_83,55545539754713092,激辛だ。俺も現場時代に激辛をやってたが、楽しくはなかったぜ。だが心底リスペクトはしてる。ここから生きて帰ってきたら、お前の今後について真剣に話そうじゃねえか。
CQ_Name_83,55545539754713091,異界の旅（激辛）
CQ_Desc_84,55545539754713094,正直に言うと、俺は従業員をナイトメアモードには送り込まない。行くなら、お前自身の自由意思で行くことになる。この件については複雑な気持ちだったと、記録に残しておきたい。
CQ_Name_84,55545539754713093,異界の旅（ナイトメア）
CQ_Desc_85,55558274366300160,プラチナランク従業員報酬パッケージの一部。
CQ_Name_85,55558274362105856,医療保険 v3
CQ_Desc_86,55558274366300162,ダイヤモンドランク従業員報酬パッケージの一部。
CQ_Name_86,55558274366300161,医療保険 v4
CRN_Desc_4,346366134968427,大小を問わず昇進の記念として、カールから獲得できる。
CRN_Name_4,346366134968426,カールコイン
CRN_Desc_7,346366139162625,「グリジー」がホットドッグの別名であることを誰もが知っているわけではないけれど、このコインを鋳造するときに下された決断は、実際に鋳造してみるとはるかに理にかなったものとなった。
CRN_Name_7,346366139162624,グリジー
CRN_Desc_26,346366139162627,今日まで激しく論争されている古風なシステムだが、タスクポイント文化はどういうわけか残ってしまっている。
CRN_Name_26,346366139162626,タスクポイント
CRN_Desc_28,346366139162629,突然のゲストのために常に手元に置いておこう！ありがとう、フランク。
CRN_Name_28,346366139162628,フランケンサンプル
CRN_Desc_29,346366139162631,ネバネバした何かに塩漬けソーセージがぶら下がっているように見える不穏な代物が収められたアクセサリー。これはフランケンミートの原始形なのだろうか？
CRN_Name_29,346366139162630,フランケンアクセサリー
CRN_Desc_30,346366139162633,パウンディング・ファーザーズの無意識の魔の手から、大喜びで奪いとってやった！
CRN_Name_30,346366139162632,ミュータントサンプル
CRN_Desc_31,346366139162635,突然変異した物質の小さな塊で、ときどき追加の目が現れて周りを見回し、グロテスクに引っこむことがある。キモイ。
CRN_Name_31,346366139162634,ミュータントアクセサリー
CRN_Desc_32,346366139162637,ニブレットは小さいかもしれないが、何かを証明したがるかのように噛み付いてくる！
CRN_Name_32,346366139162636,ニブレット
CRN_Desc_33,346366139162639,これらのいずれかをキャッチすると、「ブルーパーリール」という言葉にまったく新しい意味が加わる！
CRN_Name_33,346366139162638,ブルーパー
CRN_Desc_34,346366139162641,銀河の枠を超えた珍味。
CRN_Name_34,346366139162640,クリルバーサ
CRN_Desc_35,346366139162643,親戚である普通のタコよりもあらゆる点で優れている。触手が8本あるだけでなく、バイリンガルでもあるのだ。
CRN_Name_35,346366139162642,オチョパス
CRN_Desc_36,346366139162645,エラには黄金が！
CRN_Name_36,346366139162644,ゴールドフィッシュ
CRN_Name_37,346366139162646,ブロブフィッシュ
CRN_Name_38,346366139162648,グリジーガルパー
CRN_Name_39,346366139162650,スノーキー
CRN_Name_40,346366139162652,スクイッド・プロ・クオ
CRN_Name_41,346366139162654,エルマゲルダ
CRN_Desc_42,346366139162657,ティア 2鉱物。古代の記憶のかけらが保存されているという、きらめく緑色の宝石。手に持つと過去の残響が垣間見える。
CRN_Name_42,346366139162656,メメラルド
CRN_Desc_43,346366139162659,ティア 1鉱物。他の鉱石よりもはるかに簡単に入手できるし、それでも仕事をこなしたことになる。こういう物があるのに、どうしてみんな手に入らない物を欲しがるんだろう？
CRN_Name_43,346366139162658,オブタニウム
CRN_Desc_44,346366139162661,ティア 1古代技術。かつての深宇宙探検家は呼吸可能な液体に頭を沈めるためにこれを使っていた。今はひどく摩耗しているようだが、部品としてはまだ使える。
CRN_Name_44,346366139162660,ガストロギズモ
CRN_Desc_45,346366139162663,ティア 2古代技術。古代のガストロノートはイオンを反転させることができるかどうかに夢中になっていて、そもそもそんなことをするべきかどうか考えずにはいられなかった。
CRN_Name_45,346366139162662,イオンインバーター
CRN_Desc_46,346366139162665,ランガスポイントを貯めてランガス従業員ランクを上げよう！
CRN_Name_46,346366139162664,ランガスポイント
CRN_Desc_48,18598135273086976,ティア 3鉱物。古代のエネルギーが染み込んだ高密度の金属鉱石。武器に破砕力を吹き込む能力と、比類ない安定性が評価されている。
CRN_Name_48,18598135189200896,チョンコア
CRN_Desc_49,18598135273086978,ティア 4鉱物。あなたが正しければ必ずかすかに点滅してくれる赤い水晶。好きなときに何度でも点滅してくれるわけではないが、自分が正しいとわかるのは心強い。
CRN_Name_49,18598135273086977,アマライト
CRN_Desc_50,18598135273086980,ティア 5鉱物。最も暗い場所でのみ見つかる。それは本当に悪夢のような場所かもしれない。
CRN_Name_50,18598135273086979,ダンコナイト
CRN_Desc_51,18605565046415360,ティア 3古代技術。驚くべき技術だが、そのメカニズムについてあーだこーだ言うと設置者が混乱するかもしれない。
CRN_Name_51,18605565012860928,U-導管
CRN_Desc_52,18605565046415362,ティア 4古代技術。コーダーが1つ減ったことで、前世代のテクノロジーよりも大幅に改善された。
CRN_Name_52,18605565046415361,クアッドコーダー
CRN_Desc_53,18605565046415364,ティア 5古代技術。警告：開く前にコンデンサドライブを取り外してください。目を光から保護してください。<br><br>電源容量：1.21ギガワット
CRN_Name_53,18605565046415363,フラックスキャパシター
CRN_Name_54,20415833925738496,フィシズル
CRN_Name_55,20415833959292928,ゼノフィン
CRN_Name_56,20415833959292929,クアサルディナ
CRN_Name_57,20415833959292930,ランピースペースフィッシュ
CRN_Name_58,20415833959292931,コズミックシング
CRN_Name_59,20423966916075520,メガバイト
CRN_Name_60,20424460623405056,インクリプター
CRN_Name_61,20425260586229760,メカフィン
CRN_Name_62,20425689906798592,ロボパス
CRN_Name_63,20426157865295872,サイバープロウン
CRN_Name_64,20426872612446208,ピーパーズ
CRN_Name_65,20428393416744960,モーセルフィン
CRN_Name_66,20428890424991744,スウォルフィッシュ
CRN_Name_67,20429332890509312,クローブスター
CRN_Name_68,20429703453073408,ビッグチョンカー
CRN_Desc_69,34136911030247424,触りたくはないかな...
CRN_Name_69,34136910996692992,エイリアンサンプル
CRN_Desc_70,34146163425796096,小型のエイリアン収容装置。生きてはいるが敵対的なエイリアンが入っているようなので、悪気を感じる必要はない。
CRN_Name_70,34136911030247425,エイリアンアクセサリー
CRT_Name_6,346366134968379,アイクロプス
CRT_Name_8,346366134968380,バズル
CRT_Name_11,346366134968381,スクワットダディ
CRT_Name_12,346366134968382,ロケットボット
CRT_Name_13,346366134968383,クリーパー
CRT_Name_22,346366134968384,ルーガー
CRT_Name_26,346366134968385,グラインダー
CRT_Name_28,346366134968386,フロッグ
CRT_Name_31,346366134968387,ニブラー
CRT_Name_34,346366134968388,チョンパー
CRT_Name_37,346366134968389,ピーパローニ
CRT_Name_38,346366134968390,ウィーリー
CRT_Name_39,346366134968391,グリルゴースト
CRT_Name_40,346366134968392,グリースモンキー
CRT_Name_41,346366134968393,ブロードサイド
CRT_Name_42,346366134968394,ゴブルゲイザー
CRT_Name_43,346366134968395,ハムホーク
CRT_Name_44,346366134968396,フランケンビーンズ
CRT_Name_45,346366134968397,バグザッパー
CRT_Name_46,346366134968398,タワー
CRT_Name_47,346366134968399,ヴォイド
CRT_Name_48,346366134968400,ミーンビーン
CRT_Name_50,346366134968401,ブロックヘッド
CRT_Name_51,346366134968402,ヌル
CRT_Name_52,346366134968403,ターゲットダミー
CRT_Name_53,346366134968404,ガンナロイド
CRT_Name_54,346366134968405,ゾープジェット
CRT_Name_55,346366134968406,ラングラー
CRT_Name_56,346366134968407,ペスティ
CRT_Name_57,346366134968408,ダックストーン
CRT_Name_59,346366134968409,ダートバッグ
CRT_Name_60,346366134968410,ボゾバルーン
CRT_Name_61,346366134968411,スペースバケット
CRT_Name_62,346366134968412,タンガスレーサー
CRT_Name_63,346366134968413,リセット
CRT_Name_65,346366134968415,マイクロジャクソン
CRT_Name_66,346366134968416,デラックスピーパローニ
CRT_Name_67,346366134968417,ウィーベアトリス
CRT_Name_68,346366134968418,ハイビーム
CRT_Name_69,346366134968419,レフェリー
CRT_Name_70,346366134968420,ポークバレル・ピート
CRT_Name_71,346366134968421,ジュニアセネター
CRT_Name_72,346366134968422,ジャッジ・クロウダディ
CRT_Name_73,346366134968423,ヘアフォースワン
CRT_Name_75,346366134968425,バスター
CRT_Name_76,7411303278637056,エージェントダックストーン
CRT_Name_77,10573095608770560,ベアトリス
CRT_Name_78,15325185188855808,未使用
CRT_Name_79,51047531965874176,クロッバーボット
CT_Name_1,42477876783542272,ファウンダーズエディション
CT_Name_2,42477876800319488,ミートテスター
CT_Name_3,42477876800319489,ジャンク
CT_Name_4,42477876800319490,レジェンド
CT_Name_5,42477876800319491,ブレインロットエディション
CTC_Name_1,346366139162668,通貨
CTC_Name_2,346366139162669,魚
DF_Desc_0,29025126547709952,<b>最大敵ティア：1</b><br><br>チャレンジステージ：<br><b><color=#FFC700>低下（-40%）</color></b><br><br>強い敵の代わりに<b><color=#00D6D2>弱い敵</color></b>が出現<br><br>イベント構造体、ボス、ハンターのHPが<b><color=#00D6D2>低下</color></b><br><br>敵のHPが<b><color=#FFC700>低下（-25%）</color></b><br><br><b>低ティアのリソース</b>
DF_Name_0,29025126539321344,中辛
DF_Desc_1,29025126547709954,<b>敵の最大ティア：2</b><br><br>チャレンジレベル：<br><b><color=#FFC700>ベースライン</color></b><br><br>グリジーとREPの獲得量+40%<br><br>リソースは<b>ティア3</b>まで
DF_Name_1,29025126547709953,辛口
DF_Desc_2,29025126547709956,<b>最大敵ティア：3</b><br><br>チャレンジステージ：<br><b><color=#FFC700>上昇（+40%）</color></b><br><br>弱い敵の代わりに<b><color=#00D6D2>強い敵</color></b>が出現<br><br>イベント構造体、ボス、ハンターのHPが<b><color=#00D6D2>上昇</color></b><br><br>グリジーとREPの獲得量+60%<br>リソースは<b>ティア4</b>まで
DF_Name_2,29025126547709955,激辛
DF_Desc_3,29025126547709958,<b>最大敵ティア：3</b><br><br>チャレンジステージ：<br><b><color=#FFC700>上昇（+100%）</color></b><br><br>イベント構造体、ボス、ハンターのHPが<b><color=#00D6D2>大幅に上昇</color></b><br><br>グリジーとREPの獲得量+100%<br><br>リソースは<b>ティア5</b>まで
DF_Name_3,29025126547709957,ナイトメア
FAC_Name_1,346366139162670,マシン
FAC_Name_2,346366139162671,アクアティック
FAC_Name_3,346366139162672,ミュータント
FAC_Name_4,346366139162673,フランケン
FAC_Name_5,346366139162674,オムニ
FAC_Name_6,346366139162675,インセクトイド
FAC_Name_7,346366139162676,エイリアン
FAC_Name_8,346366139162677,ランガス
FAC_Name_9,346366139162678,ハンター
FAC_Name_10,346366139162679,通常敵
FL_Desc_1,5468794653761536,「Deputy（デピュティ）」は古典ラテン語の「deputare（切り落とす・刈り込む）」に由来する。
FL_Name_1,5102145643732992,デピュティフレア
FL_Desc_2,5468794666344448,体がゾワッとする。カールは、安全だから大丈夫と言い張ってる。あぁ、心臓がドキドキしてきた。
FL_Name_2,5102145656315907,能力フレア
FL_Desc_3,5468794666344449,カールは、酸の怪物が住む惑星で掘り出したと言ってるが、どう見ても古いボトルキャップだ。
FL_Name_3,5471888108150784,ジオロジーフレア
FL_Desc_4,5468794666344450,カール・ランガスが最初の惑星ミートコアを発見したときに身につけていたもの。今もにおいが残っている。
FL_Name_4,5471888112345091,アーキオロジーフレア
FL_Desc_5,5468794666344451,カールの古いルアー。巨大なサメに押し潰されてペシャンコになった。
FL_Name_5,5471888112345095,フィッシングフレア
FL_Desc_6,5468794666344452,背面ラベルには「コスチューム用途限定」とある。
FL_Name_6,5471888112345099,シェリフフレア
FL_Desc_7,5925295680843776,あぁ、新鮮なミートだ！
FL_Name_7,5925295655677952,ブッチャーフレア
FL_Desc_8,5925295680843781,このフレア、めちゃくちゃメタル！
FL_Name_8,5925295680843780,スレイヤーフレア
FL_Desc_9,9851941319335936,クールな奴らは爆発を見ない。爆発を背にそのまま歩いていく。
FL_Name_9,9851941273198592,デモリションフレア
FL_Desc_10,10231597352607744,失ったミートパーツの数に応じてダメージが増加する。既知の宇宙で最も危険なスマートミートになれること間違いなし。
FL_Name_10,10231597310664704,ミートボールフレア
FL_Desc_11,40359174738010112,直撃させた相手には大ダメージだが、爆発範囲が狭くなる。あちらを立てればこちらが立たず。
FL_Name_11,40359174591209472,ホローチャージフレア
FL_Desc_12,40990661481062400,水中のサメより速くなる必要はない。友達より速ければいいのだ！
FL_Name_12,40990661455896576,スイマーフレア
FL_Desc_13,40990661481062402,惑星のミートコアに到達するまで、ミニオンは何匹必要？ワン？ツー？スリー？
FL_Name_13,40990661481062401,ミニオンマスターフレア
FL_Desc_14,40990661481062404,ハンバーガーをひっくり返してきた日々は、この時のためだった。今ならその意味がわかる。
FL_Name_14,40990661481062403,バーガーフリッパーフレア
FL_Desc_15,46870603473346560,HPが尽きると死ぬらしいので、これはかなり良い選択肢！
FL_Name_15,46870603385266176,ヘルシーフレア
FL_Desc_16,46883763408330753,倒すべき敵からミートを守れ！
FL_Name_16,46883763408330752,ミートシールドフレア
FL_Desc_17,46883763408330755,ミートパーツの力を限界まで高めろ！
FL_Name_17,46883763408330754,ミート能力フレア
FL_Desc_18,46885823956639745,プラズマガン、ロケットランチャー、グレネードランチャーが好きな奴はこれをどうぞ！
FL_Name_18,46885823956639744,発射体フレア
FL_Desc_19,48008300480946176,近距離の銃撃戦が好きな奴向け！
FL_Name_19,48008300439003136,ショートレンジフレア
FL_Desc_20,48008300480946178,遠距離の銃撃戦が好きな奴向け！
FL_Name_20,48008300480946177,ロングレンジフレア
FL_Desc_21,48280725869289472,敵に本当にシビれる体験を味わわせることができる。抵抗は無意味だ。
FL_Name_21,48280725852512256,ライトニングフレア
FL_Desc_22,48280725869289474,世界を燃やしたいスマートミートもいる... それは、キミか？
FL_Name_22,48280725869289473,インセンディアリーフレア
FL_Desc_23,48280725869289476,アイスマンのお出ましだ！
FL_Name_23,48280725869289475,フロストバイトフレア
FL_Desc_24,48280725869289478,これをつければ運動エネルギーが有り余り、もはや常時交通違反状態になる。
FL_Name_24,48280725869289477,キネティックフレア
FL_Desc_25,48280725869289480,スライムの時間だぜ、ベイビー！ドロドロになろうぜ！
FL_Name_25,48280725869289479,スプラッターフレア
FL_Desc_26,49039579058003968,自分の周囲に湧くスカウトの数を減らせ！
FL_Name_26,49034010737762304,コバートオプスフレア
GN_Name_1,346366139162680,水の裂け目
GN_Name_3,346366139162681,古代ガストロノート
GN_Name_4,346366139162682,オブタニウムノード
GN_Name_6,21379069772816386,スライムの裂け目
GN_Name_8,21379069772816388,メメラルドノード
GN_Name_12,37815043876708352,チョンコアノード
GN_Name_13,37815043897679872,アマライトノード
GN_Name_14,37815043897679873,ダンコナイトノード
GN_Interact_1,21379069768622080,巻き寄せろ！
GN_Interact_10,45348014892507137,クアッドコーダーを抽出
GN_Interact_11,45348014896701440,フラックスキャパシターを抽出
GN_Interact_3,21379069772816384,ガストロギズモを抽出
GN_Interact_4,21379069772816385,岩を粉砕
GN_Interact_7,45348014867341312,イオンインバーターを抽出
GN_Interact_9,45348014892507136,U-導管を抽出
HE_Desc_1,346366139162687,"3体の敵に20<#FFEB04><link=""Keyword:12"">[電撃]</link></color>ダメージ（スタックごとに+10）を連鎖させる。"
HE_Desc_3,346366139162689,"3体の敵にダメージを連鎖させ、<#FFEB04><link=""Keyword:7"">[よろめき]</link></color>を付与する"
HE_Desc_11,346366139162691,"<#FFEB04><link=""Keyword:1"">[燃焼]</link></color> 状態の敵に攻撃を命中させると、2つのターゲットに <#FFEB04><link=""Keyword:1"">[燃焼]</link></color> が連鎖拡散。"
HE_Desc_17,346366139162693,"<#FFEB04><link=""Keyword:11"">[バリア]</link></color>20を30秒間獲得する（スタックごとに+10）。"
HE_Desc_24,346366139162695,"<#FFEB04><link=""Keyword:1"">[燃焼]</link></color> を12秒間付与する。"
HE_Desc_33,346366139162697,中型ワスプミニオンを召喚する。
HE_Desc_37,346366139162699,周囲の敵にダメージを与える [物理オーブ] を生成する。
HE_Desc_38,346366139162701,ターゲット地点に範囲ダメージ25を与える。
HE_Desc_51,346366139162703,5mの範囲内に毎秒25ダメージを与える [電気オーブ] を生成
HE_Desc_53,346366139162705,"<#FFEB04><link=""Keyword:2"">[スライム]</link></color> を4秒間付与する。"
HE_Desc_55,346366139162707,"<#FFEB04><link=""Keyword:2"">[スライム]</link></color> を12秒間付与する。"
HE_Desc_58,346366139162709,"<#FFEB04><link=""Keyword:8"">[感電]</link></color> を12秒間付与する。"
HE_Desc_59,346366139162711,"<#FFEB04><link=""Keyword:3"">[極寒]</link></color> を12秒間付与する。"
HE_Desc_60,346366139162713,ミステリーミートをフルチャージする
HE_Desc_61,346366139162715,ミステリーミートのチャージ獲得量+25%
HE_Desc_64,346366139162719,"<#FFEB04><link=""Keyword:13"">[火]</link></color>蓄積 +5%"
HE_Desc_65,346366139162721,"<#FFEB04><link=""Keyword:1"">[燃焼]</link></color>状態のターゲットに命中：30秒間、クリティカル率+10%"
HE_Desc_66,346366139162723,"<#FFEB04><link=""Keyword:1"">[燃焼]</link></color> ターゲット：<#FFEB04><link=""Keyword:19"">[炎上]</link></color> 付与"
HE_Desc_68,346366139162725,ターゲットがミートをドロップ
HE_Desc_69,346366139162727,ターゲット地点に弾薬箱をドロップ
HE_Desc_70,346366139162729,ダメージの50%が周囲の敵2体に連鎖。
HE_Desc_71,346366139162731,"<#FFEB04><link=""Keyword:17"">[状態異常]</link></color> を周囲の3体の敵に連鎖拡散。"
HE_Desc_72,346366139162733,"<#FFEB04><link=""Keyword:14"">[スライム]</link></color>蓄積 +5%"
HE_Desc_73,346366139162735,"敵3体に <#FFEB04><link=""Keyword:2"">[スライム]</link></color> を連鎖付与"
HE_Desc_75,346366139162737,"<#FFEB04><link=""Keyword:11"">[バリア]</link></color> +20"
HE_Desc_76,346366139162739,"<#FFEB04><link=""Keyword:12"">[電撃]</link></color>蓄積 +5%"
HE_Desc_77,346366139162741,"<#FFEB04><link=""Keyword:8"">[感電]</link></color> ターゲット：敵2体に連鎖ダメージ"
HE_Desc_78,346366139162743,"<#FFEB04><link=""Keyword:8"">[感電]</link></color> ターゲットにダメージを与えて <#FFEB04><link=""Keyword:7"">[よろめき]</link></color> を付与"
HE_Desc_79,346366139162745,"<#FFEB04><link=""Keyword:15"">[氷]</link></color>蓄積 +5%"
HE_Desc_80,346366139162747,"ミート能力のターゲットが<#FFEB04><link=""Keyword:3"">[極寒]</link></color>または<#FFEB04><link=""Keyword:4"">[凍結]</link></color>状態の場合、30秒間、能力リチャージ速度+20%を獲得する"
HE_Desc_81,346366139162749,"45秒間、<#FFEB04><link=""Keyword:15"">[氷]</link></color>ダメージ+5%<br><#FFEB04><link=""Keyword:15"">[氷]</link></color>蓄積+5%<br><#FFEB04><link=""Keyword:18"">[粉砕]</link></color>ダメージ+15%"
HE_Desc_82,346366139162751,"<#FFEB04><link=""Keyword:4"">[凍結]</link></color>状態のターゲットに命中：25秒間、<#FFEB04><link=""Keyword:15"">[氷]</link></color>蓄積+25%、<#FFEB04><link=""Keyword:18"">[粉砕]</link></color>ダメージ+110%を獲得する。最大3スタック"
HE_Desc_93,346366143356932,"ダメージを<#FFEB04><link=""Keyword:5"">[物理]</link></color>として反射する。"
HE_Desc_94,346366143356934,"ダメージを<#FFEB04><link=""Keyword:14"">[スライム]</link></color>として反射する。"
HE_Desc_95,346366143356936,"ダメージを<#FFEB04><link=""Keyword:13"">[火]</link></color>として反射する。"
HE_Desc_96,346366143356938,"ダメージを<#FFEB04><link=""Keyword:15"">[氷]</link></color>として反射する。"
HE_Desc_97,346366143356940,"ダメージを<#FFEB04><link=""Keyword:12"">[電撃]</link></color>として反射する。"
HE_Desc_98,346366143356942,"5秒間、<#FFEB04><link=""Keyword:7"">[よろめき]</link></color>を付与する"
HE_Desc_99,346366143356944,"<#FFEB04><link=""Keyword:2"">[スライム]</link></color> 状態のターゲットを攻撃すると [エレメンタル弱体化] を+15%拡散させる。"
HE_Desc_103,346366143356948,5秒間、ダメージ +50%
HE_Desc_105,346366143356950,10秒間、全ダメージ+5%（最大+25%）
HE_Desc_107,346366143356952,"ターゲット2体に<#FFEB04><link=""Keyword:12"">[電撃]</link></color>ダメージ60を連鎖。"
HE_Desc_109,346366143356956,"<#FFEB04><link=""Keyword:5"">[物理]</link></color>蓄積 +5%"
HE_Desc_110,346366143356958,60秒間、攻撃ダメージ +10%
HE_Desc_112,346366143356962,"<#FFEB04><link=""Keyword:11"">[バリア]</link></color> +150"
HE_Desc_113,346366143356964,"4体の敵に150の<#FFEB04><link=""Keyword:13"">[火]</link></color>ダメージを連鎖"
HE_Desc_114,346366143356966,[近接] ダメージ +15%
HE_Desc_115,346366143356968,近接ダメージ +10%、最大10スタック
HE_Desc_116,346366143356970,"60秒間、<#FFEB04><link=""Keyword:5"">[物理]</link></color>蓄積+5%と<#FFEB04><link=""Keyword:5"">[物理]</link></color>ダメージ+5%を獲得する（最大5スタック）"
HE_Desc_118,346366143356974,ミニオンのダメージ +15%、HP +15%を60秒間獲得する。
HE_Desc_119,346366143356976,"ターゲットの<#FFEB04><link=""Keyword:17"">[状態異常]</link></color>を5m以内の敵に拡散"
HE_Desc_120,346366143356978,周囲にダメージを与える [氷のオーブ] を生成。
HE_Desc_121,1850473219874816,"<#FFEB04><link=""Keyword:7"">[よろめき]</link></color> 状態のターゲットを攻撃すると [近接弱体化] を +50%拡散。"
HE_Desc_122,5168356914094080,小型ワスプミニオンを召喚する。
HE_Desc_123,5552419550257152,装備していない武器に弾薬を1個リロードする。
HE_Desc_124,5925295685038081,"<#FFEB04><link=""Item:633"">[スレイヤーバフ I]</link></color>を15秒間獲得する"
HE_Desc_127,28316283698143232,"30の<#FFEB04><link=""Keyword:5"">[物理]</link></color>ダメージで爆発"
HE_Desc_128,28316283702337536,"15の<#FFEB04><link=""Keyword:14"">[スライム]</link></color>ダメージで爆発"
HE_Desc_129,28316283702337537,"30の<#FFEB04><link=""Keyword:13"">[火]</link></color>ダメージで爆発"
HE_Desc_130,28316283702337538,"30の<#FFEB04><link=""Keyword:12"">[電撃]</link></color>ダメージで爆発"
HE_Desc_131,28316283702337539,"15の<#FFEB04><link=""Keyword:15"">[氷]</link></color>ダメージで爆発"
HE_Desc_141,48598979615645696,追加ダメージ +10%
HE_Desc_142,48628778992132096,追加ダメージ +15%
HE_Desc_143,48628778992132097,追加ダメージ +20%
HE_Desc_144,51141421334257664,"<#FFEB04><link=""Keyword:4"">[凍結]</link></color> を12秒間付与する。"
INTD_Action_1,38500763113086976,調べる
INTD_Name_1,38500763108892672,操作パネル
INTD_Action_2,38514228510842880,レッグミートを捧げる
INTD_Name_2,38514228506648576,不気味なモノリス
INTD_Action_3,38514228510842881,トルソミートを捧げる
INTD_Action_4,38514228510842883,ランダムなミートと交換
INTD_Name_4,38514228510842882,怪しい装置
INTD_Action_5,38514228510842884,ヘッドミートを捧げる
INTD_Action_6,38528188924551168,アレを操作する
INTD_Name_6,38528188916162560,貨物用ビン
INTD_Name_7,38529308078104576,カール・ランガス
INTD_Action_8,38528188924551170,試合開始！
INTD_Name_8,38529308078104577,コーチ・ダン
INTD_Name_9,38528188924551171,フレアターミナル
INTD_Name_10,38529308078104578,従業員特典ターミナル
INTD_Action_11,38554421091622912,通貨を交換
INTD_Action_12,38528188924551176,トラックを修理
INTD_Name_12,38528188924551175,トラック
INTD_Name_13,38528188924551177,アルティメットターミナル
INTD_Name_14,38528188924551178,武器ターミナル
INTD_Action_15,38554421100011520,トラックを起動
INTD_Action_16,38529308078104581,修理不要
INTD_Action_17,38554421100011521,コーチ・ダンと話す
INTD_Action_18,38555847624744960,ドアを開ける
INTD_Action_19,38555847624744962,開く
INTD_Name_19,38555847624744961,脱出口
INTD_Action_20,38555847624744963,ヌーカー起動
INTD_Action_21,38555847624744965,ミートはあるか？
INTD_Name_21,38555847624744964,ミートディスペンサー
INTD_Action_22,38559873695211520,発射準備
INTD_Name_22,38559873686822912,ボルトバーガー
INTD_Action_23,44223548842041344,銀河マップを見る
INTD_Name_23,44223548833652736,銀河マップ
INTD_Action_24,47629102572404736,シャトルを発射
ITM_Attr_1,17438567620927654,移動速度 {0:|+|+|+}{0:percent()}%
ITM_Attr_2,17438567620927500,攻撃速度 {0:|+|+|+}{0:percent()}%
ITM_Attr_3,17438567620927497,全ダメージ {0:|+|+|+}{0:percent()}%
ITM_Attr_4,17438567620927576,HP {0:+#.##;-#.##;+0}
ITM_Attr_5,17461889725358098,最大HP {0:|+|+|+}{0:percent()}%
ITM_Attr_6,17444674208784384,爆発半径 {0:|+|+|+}{0:percent()}%
ITM_Name_6,346366143356985,スーパーヒーロー
ITM_Attr_7,17438567620927507,チャレンジレベル {0:+#.##;-#.##;+0}
ITM_Attr_10,17438567620927655,貫通数 {0:+#.##;-#.##;+0}
ITM_Attr_11,17461889725358151,武器精度 {0:0.##}倍
ITM_Name_11,346366143356989,フォアグリップ
ITM_Attr_12,17438567620927681,拡散回復 {0:|+|+|+}{0:percent()}%
ITM_Attr_13,17438567620927666,リロード速度 {0:|+|+|+}{0:percent()}%
ITM_Attr_14,17438567620927688,泳ぎ速度 {0:|+|+|+}{0:percent()}%
ITM_Name_14,346366143356991,フリッパー
ITM_Attr_15,17438567620927594,ジャンプ回数 {0:+#.##;-#.##;+0}
ITM_Attr_16,17444674200395776,クリティカル率 {0:|+|+|+}{0:percent()}%
ITM_Attr_17,17438567620927494,範囲ダメージ {0:|+|+|+}{0:percent()}%
ITM_Attr_18,17461889725358097,ヘッドミート耐久度 {0:0.##}倍
ITM_Attr_19,17461889725358096,ヘッドミート耐久度 {0:|+|+|+}{0:percent()}倍
ITM_Attr_20,17438567620927658,リスポーン時のプレイヤーの追加HP {0:|+|+|+}{0:percent()}%
ITM_Attr_21,17438567620927580,ハンター到着時間（秒） {0:+#.##;-#.##;+0}
ITM_Attr_22,17438567620927578,HP回復 {0:+#.##;-#.##;+0}
ITM_Attr_23,17438567620927571,地上ジャンプ高度 {0:|+|+|+}{0:percent()}%
ITM_Attr_24,17438567620927606,マガジンサイズ {0:+#.##;-#.##;+0}
ITM_Attr_25,17438567612538880,能力リチャージ速度 {0:|+|+|+}{0:percent()}%
ITM_Attr_26,17438567620927685,ステルス
ITM_Attr_27,17438567620927511,登る角度 {0:+#.##;-#.##;+0}
ITM_Attr_28,17461889725358137,移動速度 {0:0.##}倍
ITM_Attr_30,17438567620927662,敵対度上昇率 {0:|+|+|+}{0:percent()}%
ITM_Name_30,346366143356993,ゲータースキン
ITM_Attr_31,17438567620927680,ウェブ耐性
ITM_Attr_32,17438567620927686,支援範囲 {0:|+|+|+}{0:percent()}%
ITM_Attr_33,17438567620927573,ヘッド能力リチャージ速度 {0:|+|+|+}{0:percent()}%
ITM_Attr_34,17438567620927591,無限弾薬
ITM_Attr_35,17438567620927678,小型ミニオン数 {0:+#.##;-#.##;+0}
ITM_Attr_36,17438567620927687,水中ジャンプ高度 {0:|+|+|+}{0:percent()}%
ITM_Attr_37,17438567620927516,クリティカルダメージ {0:|+|+|+}{0:percent()}%
ITM_Name_37,346366143356999,感染魚の噛みつき
ITM_Attr_38,17438567620927498,射程 {0:+#.##;-#.##;+0}
ITM_Attr_40,17438567625121797,武器精度 {0:|+|+|+}{0:percent()}%
ITM_Attr_41,17438567620927689,トルソ能力リチャージ速度 {0:|+|+|+}{0:percent()}%
ITM_Attr_42,17438567620927553,{0} プレイヤー数 プレイヤー属性
ITM_Attr_45,17438567620927683,追加よろめき発生率 {0:|+|+|+}{0:percent()}%
ITM_Attr_46,17461889725358099,最大HP {0:0.##}倍
ITM_Attr_47,17438567620927602,レッグ能力リチャージ速度 {0:|+|+|+}{0:percent()}%
ITM_Attr_49,17461889725358082,チャレンジレベル {0:|+|+|+}{0:percent()}%
ITM_Attr_50,17438567620927509,チャレンジレベル {0:0.##}倍
ITM_Attr_51,17438567620927536,直撃ダメージ {0:|+|+|+}{0:percent()}%
ITM_Attr_52,17438567620927663,効果発生率 {0:|+|+|+}{0:percent()}%
ITM_Attr_53,17438567620927535,被ダメージ {0:0.##}倍
ITM_Attr_54,17438567620927554,ノックバック効果 {0:+#.##;-#.##;+0}
ITM_Attr_55,17438567620927515,追加クリティカル率 {0:|+|+|+}{0:percent()}%
ITM_Attr_56,17438567620927664,発射体数 {0:+#.##;-#.##;+0}
ITM_Attr_58,17438567625121792,弱点ダメージ {0:|+|+|+}{0:percent()}%
ITM_Attr_59,17438567620927493,空中移動速度 {0:|+|+|+}{0:percent()}%
ITM_Attr_60,17438567620927570,重力 {0:0.##}倍
ITM_Attr_62,17438567620927668,修理ナノボット量 {0:+#.##;-#.##;+0}
ITM_Attr_63,17438567620927669,修理ナノボット容量 {0:+#.##;-#.##;+0}
ITM_Name_65,346366143357003,スパイダーウェブ
ITM_Attr_66,17438567620927660,周囲の敵スカウト数 {0:|+|+|+}{0:percent()}%
ITM_Attr_72,17461889721163780,攻撃速度 {0:0.##}倍
ITM_Attr_75,17438567620927564,見つかった！
ITM_Attr_76,17438567620927574,ヘッドミートによるダメージ軽減 {0:+#.##;-#.##;+0}
ITM_Attr_77,17438567620927690,トルソミートによるダメージ軽減 {0:+#.##;-#.##;+0}
ITM_Attr_78,17438567620927600,レッグミートによるダメージ軽減 {0:+#.##;-#.##;+0}
ITM_Attr_79,17461889725358150,トルソミート耐久度 {0:0.##}倍
ITM_Attr_80,17461889725358149,トルソミート耐久度 {0:|+|+|+}{0:percent()}%
ITM_Attr_81,17461889725358120,レッグミート耐久度 {0:0.##}倍
ITM_Attr_82,17461889725358119,レッグミート耐久度 {0:|+|+|+}{0:percent()}%
ITM_Attr_83,17438567620927543,シップビーコンのドロップ {0:+#.##;-#.##;+0}
ITM_Attr_84,17461889725358085,シップビーコンのドロップ {0:0.##}倍
ITM_Attr_86,17438567620927684,初期リスポーン数 {0:+#.##;-#.##;+0}
ITM_Attr_87,17438567620927560,火ダメージ {0:+#.##;-#.##;+0}
ITM_Attr_88,17461889725358094,火ダメージ {0:|+|+|+}{0:percent()}%
ITM_Attr_89,17461889725358095,火ダメージ {0:0.##}倍
ITM_Attr_90,17438567620927589,氷ダメージ {0:+#.##;-#.##;+0}
ITM_Attr_91,17461889725358113,氷ダメージ {0:|+|+|+}{0:percent()}%
ITM_Attr_92,17461889725358114,氷ダメージ {0:0.##}倍
ITM_Attr_93,17438567620927546,電撃ダメージ {0:+#.##;-#.##;+0}
ITM_Attr_94,17461889725358088,電撃ダメージ {0:|+|+|+}{0:percent()}%
ITM_Attr_95,17461889725358089,電撃ダメージ {0:0.##}倍
ITM_Attr_96,17438567620927674,スライムダメージ {0:+#.##;-#.##;+0}
ITM_Attr_97,17461889725358145,スライムダメージ {0:|+|+|+}{0:percent()}%
ITM_Attr_98,17461889725358146,スライムダメージ {0:0.##}倍
ITM_Name_1010,46870603527872512,ヘルシー I
ITM_Name_1011,46870603527872513,ヘルシー II
ITM_Name_1012,46870603527872514,ヘルシー
ITM_Name_1013,46881725060472832,発射体 I
ITM_Name_1014,46881725064667136,ミート能力 I
ITM_Name_1015,46881725064667137,ミートシールド I
ITM_Name_1016,46881725064667138,発射体 II
ITM_Name_1017,46881725064667139,ミート能力 II
ITM_Name_1018,46881725064667140,ミートシールド II
ITM_Name_1019,46881725064667141,発射体 III
ITM_Attr_102,17438567620927595,地上ジャンプ高度 {0:0.##}倍
ITM_Name_1020,46881725064667142,ミート能力
ITM_Name_1021,46881725064667143,ミートシールド
ITM_Name_1022,48008300573220864,ロングレンジ I
ITM_Name_1023,48008300573220865,ロングレンジ II
ITM_Name_1024,48008300573220866,ロングレンジ
ITM_Name_1025,48008300573220867,ショートレンジ I
ITM_Name_1026,48008300573220868,ショートレンジ II
ITM_Name_1027,48008300573220869,ショートレンジ
ITM_1028_HE_0,48628779042463744,[感電] ターゲットへのダメージ時
ITM_Name_1028,48280725907038208,ライトニング I
ITM_Name_1029,48280725907038209,ライトニング II
ITM_Attr_103,17461889725358147,水中ジャンプ高度 {0:0.##}倍
ITM_Name_1030,48280725907038210,ライトニング
ITM_1031_HE_0,48628779042463745,[燃焼] ターゲットへのダメージ時
ITM_Name_1031,48280725907038211,インセンディアリー I
ITM_Name_1032,48280725907038212,インセンディアリー II
ITM_Name_1033,48280725907038213,インセンディアリー
ITM_1034_HE_0,48628779042463746,[極寒] ターゲットへのダメージ時
ITM_Name_1034,48280725907038214,フロストバイト I
ITM_Name_1035,48280725907038215,フロストバイト II
ITM_Name_1036,48280725907038216,フロストバイト
ITM_1037_HE_0,48628779042463748,[よろめき] ターゲットへのダメージ時
ITM_Name_1037,48280725907038217,物理 I
ITM_Name_1038,48280725907038218,物理 II
ITM_Name_1039,48280725907038219,物理 III
ITM_Attr_104,17461889725358148,泳ぎ速度 {0:0.##}倍
ITM_1040_HE_0,48598979758252032,[スライム] ターゲットへのダメージ時
ITM_Name_1040,48280725907038220,スプラッター I
ITM_Name_1041,48280725907038221,スプラッター II
ITM_Name_1042,48280725907038222,スプラッター
ITM_Name_1043,49034011132026880,コバートオプス I
ITM_Name_1044,49034011132026881,コバートオプス II
ITM_Name_1045,49034011132026882,コバートオプス
ITM_Attr_105,17461889716969472,空中移動速度 {0:0.##}倍
ITM_Attr_107,17461889725358140,リロード速度 {0:0.##}倍
ITM_Attr_108,17461889725358121,マガジンサイズ {0:|+|+|+}{0:percent()}%
ITM_Attr_109,17461889725358122,マガジンサイズ {0:0.##}倍
ITM_Attr_110,17438567620927579,ヒットスキャンダメージ {0:+#.##;-#.##;+0}
ITM_Attr_111,17461889725358101,ヒットスキャンダメージ {0:|+|+|+}{0:percent()}%
ITM_Attr_112,17461889725358102,ヒットスキャンダメージ {0:0.##}倍
ITM_Attr_113,17438567620927630,近接攻撃ダメージ {0:+#.##;-#.##;+0}
ITM_Attr_114,17461889725358129,近接攻撃ダメージ {0:|+|+|+}{0:percent()}%
ITM_Attr_115,17461889725358130,近接攻撃ダメージ {0:0.##}倍
ITM_Attr_116,17438567620927667,リロード判定枠 {0:|+|+|+}{0:percent()}%
ITM_Attr_117,17438567620927626,ミート能力ダメージ {0:+#.##;-#.##;+0}
ITM_Attr_118,17461889725358123,ミート能力ダメージ {0:|+|+|+}{0:percent()}%
ITM_Attr_119,17461889725358124,ミート能力ダメージ {0:0.##}倍
ITM_Attr_123,17461889725358100,HP回復 {0:0.##}倍
ITM_Attr_124,17438567620927672,近距離ダメージ {0:|+|+|+}{0:percent()}%
ITM_Attr_125,17438567620927604,遠距離ダメージ {0:|+|+|+}{0:percent()}%
ITM_Attr_126,17461889725358092,火蓄積 {0:|+|+|+}{0:percent()}%
ITM_Attr_127,17461889725358111,氷蓄積 {0:|+|+|+}{0:percent()}%
ITM_Attr_128,17461889725358143,スライム蓄積 {0:|+|+|+}{0:percent()}%
ITM_Attr_129,17461889725358086,電撃蓄積 {0:|+|+|+}{0:percent()}%
ITM_Attr_130,17438567620927501,バリア持続時間 {0:+#.##;-#.##;+0}
ITM_Attr_131,17461889721163781,バリア持続時間 {0:|+|+|+}{0:percent()}%
ITM_Attr_132,17461889721163782,バリア持続時間 {0:0.##}倍
ITM_Attr_133,17438567620927503,バリア最大値 {0:+#.##;-#.##;+0}
ITM_Attr_134,17461889721163785,バリア最大値 {0:|+|+|+}{0:percent()}%
ITM_Attr_135,17461889721163786,バリア最大値 {0:0.##}倍
ITM_Attr_136,17438567620927502,バリア獲得量 {0:+#.##;-#.##;+0}
ITM_Attr_137,17461889721163783,バリア獲得量 {0:|+|+|+}{0:percent()}%
ITM_Attr_138,17461889721163784,バリア獲得量 {0:0.##}倍
ITM_Attr_139,17438567620927665,発射体速度 {0:+#.##;-#.##;+0}
ITM_Attr_140,17461889725358138,発射体速度 {0:|+|+|+}{0:percent()}%
ITM_Attr_141,17461889725358139,発射体速度 {0:0.##}倍
ITM_Attr_142,17438567620927562,フランケンビーンズパワーレベル {0:0.##}倍
ITM_Attr_143,17438567620927597,物理ダメージ {0:+#.##;-#.##;+0}
ITM_Attr_144,17461889725358117,物理ダメージ {0:|+|+|+}{0:percent()}%
ITM_Attr_145,17461889725358118,物理ダメージ {0:0.##}倍
ITM_Attr_146,17461889725358115,物理蓄積 {0:|+|+|+}{0:percent()}%
ITM_Attr_148,17438567620927575,ヘッドミート耐久度 {0:+#.##;-#.##;+0}
ITM_Attr_149,17438567620927691,トルソミート耐久度 {0:+#.##;-#.##;+0}
ITM_Attr_150,17438567620927601,レッグミート耐久度 {0:+#.##;-#.##;+0}
ITM_Attr_151,17438567620927651,ミニオンダメージ {0:+#.##;-#.##;+0}
ITM_Attr_152,17461889725358131,ミニオンダメージ {0:|+|+|+}{0:percent()}%
ITM_Name_152,346366143357009,ホットウィーナー
ITM_Attr_153,17461889725358132,ミニオンダメージ {0:0.##}倍
ITM_Name_153,346366143357011,タコス
ITM_Attr_154,17438567620927652,ミニオンHP {0:+#.##;-#.##;+0}
ITM_154_HE_0,18226653686652928,遠距離武器ダメージを与えた時
ITM_Name_154,346366143357013,スローターステップ（物理）
ITM_Attr_155,17461889725358133,ミニオンHP {0:|+|+|+}{0:percent()}%
ITM_Attr_156,17461889725358134,ミニオンHP {0:0.##}倍
ITM_Name_156,346366143357015,火マスタリー I
ITM_Attr_157,17438567620927653,ミニオンHP回復 {0:+#.##;-#.##;+0}
ITM_Attr_158,17461889725358135,ミニオンHP回復 {0:|+|+|+}{0:percent()}%
ITM_Name_158,346366143357017,コーヒーミルク
ITM_Attr_159,17461889725358136,ミニオンHP回復 {0:0.##}倍
ITM_Attr_160,17461889721163778,全ダメージ {0:0.##}倍
ITM_Attr_162,17438567620927506,連射数 {0:+#.##;-#.##;+0}
ITM_Attr_163,17438567620927557,爆発半径 {0:+#.##;-#.##;+0}
ITM_Name_163,346366143357019,ホットソース
ITM_Attr_164,17438567620927555,イベント構造体HP {0:|+|+|+}{0:percent()}%
ITM_Attr_165,17438567620927556,イベント構造体HP回復 {0:|+|+|+}{0:percent()}%
ITM_Attr_166,17438567620927583,ハンターHP {0:|+|+|+}{0:percent()}%
ITM_Attr_167,17438567620927584,ハンターHP回復 {0:|+|+|+}{0:percent()}%
ITM_Name_167,346366143357021,ダメージ耐性アップ
ITM_Attr_168,17438567620927559,火蓄積 {0:+#.##;-#.##;+0}
ITM_Attr_169,17438567620927588,氷蓄積 {0:+#.##;-#.##;+0}
ITM_Name_169,346366143357023,移動速度アップ
ITM_Attr_170,17438567620927673,スライム蓄積 {0:+#.##;-#.##;+0}
ITM_Attr_171,17438567620927545,電撃蓄積 {0:+#.##;-#.##;+0}
ITM_Attr_172,17438567620927596,物理蓄積 {0:+#.##;-#.##;+0}
ITM_Attr_173,17461889725358093,火蓄積 {0:0.##}倍
ITM_Attr_174,17461889725358112,氷蓄積 {0:0.##}倍
ITM_Attr_175,17461889725358144,スライム蓄積 {0:0.##}倍
ITM_Name_175,346366143357027,リボフラビン
ITM_Attr_176,17461889725358087,電撃蓄積 {0:0.##}倍
ITM_Attr_177,17461889725358116,物理蓄積 {0:0.##}倍
ITM_Attr_178,17438567620927629,中型ミニオン数 {0:+#.##;-#.##;+0}
ITM_Attr_179,17438567620927599,大型ミニオン数 {0:+#.##;-#.##;+0}
ITM_Attr_180,17438567620927517,グレネードランチャーダメージ {0:+#.##;-#.##;+0}
ITM_Attr_181,17438567620927518,マグナムダメージ {0:+#.##;-#.##;+0} 
ITM_Name_181,346366143357029,ポークカイト
ITM_Attr_182,17438567620927519,ピストルダメージ {0:+#.##;-#.##;+0}
ITM_182_HE_0,18226653690847232,"<#FFEB04><link=""Keyword:7"">[よろめき]</link></color> ターゲットへのダメージ時発生率 15%"
ITM_Name_182,28316283744280576,デモリショニスト
ITM_Attr_183,17438567620927520,プラズマキャスターダメージ {0:+#.##;-#.##;+0}
ITM_Attr_184,17438567620927521,レールガンダメージ {0:+#.##;-#.##;+0}
ITM_Attr_185,17438567620927522,ライフルダメージ {0:+#.##;-#.##;+0}
ITM_Attr_186,17438567620927523,ロケットランチャーダメージ {0:+#.##;-#.##;+0}
ITM_Attr_187,17438567620927525,SMGダメージ {0:+#.##;-#.##;+0}
ITM_Attr_188,17438567620927524,ショットガンダメージ {0:+#.##;-#.##;+0}
ITM_190_HE_0,18226653690847233,弱点命中時
ITM_Name_190,346366143357037,レールガンリロード
ITM_Name_191,346366143357039,ロケットリロード
ITM_Name_192,346366143357041,ライフルリロード
ITM_Name_196,346366143357043,ショートスタック
ITM_Name_198,346366143357045,エレクトリックイール
ITM_Name_200,346366143357047,ホットトディ
ITM_201_HE_0,18226653690847234,クリティカルダメージを与えた時、20%の確率で発生
ITM_Name_201,28316283744280577,スウィートトゥース
ITM_Attr_205,17438567620927633,グレネードランチャー最小ダメージ {0:+#.##;-#.##;+0}
ITM_Attr_206,17438567620927634,マグナム最小ダメージ {0:+#.##;-#.##;+0}
ITM_Name_206,346366143357051,無敵
ITM_Attr_207,17438567620927635,ピストル最小ダメージ {0:+#.##;-#.##;+0}
ITM_Attr_208,17438567620927636,プラズマキャスター最小ダメージ {0:+#.##;-#.##;+0}
ITM_Attr_209,17438567620927637,レールガン最小ダメージ {0:+#.##;-#.##;+0}
ITM_Name_209,346366143357053,ショットガンリロード
ITM_Attr_210,17438567620927638,ライフル最小ダメージ {0:+#.##;-#.##;+0}
ITM_Name_210,346366143357055,プラズマリロード
ITM_Attr_211,17438567620927639,ロケットランチャー最小ダメージ {0:+#.##;-#.##;+0}
ITM_Name_211,346366143357057,グレネードリロード
ITM_Attr_212,17438567620927641,SMG最小ダメージ {0:+#.##;-#.##;+0}
ITM_Name_212,346366143357059,マグナムをリロードする
ITM_Attr_213,17438567620927640,ショットガン最小ダメージ {0:+#.##;-#.##;+0}
ITM_Attr_214,23917723716149248,ライフル効果発動率 {0:|+|+|+}{0:percent()}%
ITM_Name_214,346366143357061,ピストルリロード
ITM_Attr_215,23919520656646144,ライフルリロード判定枠 {0:|+|+|+}{0:percent()}%
ITM_Attr_216,23924263609163776,ライフル射程 {0:+#.##;-#.##;+0}
ITM_Attr_217,24342881618616320,SMGクリティカル率 {0:|+|+|+}{0:percent()}%
ITM_Attr_218,24343813848817664,SMGクリティカルダメージ {0:|+|+|+}{0:percent()}%
ITM_Attr_219,24349294600380416,SMGリロード判定枠 {0:|+|+|+}{0:percent()}%
ITM_Attr_220,24352080738115584,SMGマガジンサイズ {0:+#.##;-#.##;+0}
ITM_Attr_221,24352957326680064,SMG射程 {0:+#.##;-#.##;+0}
ITM_Attr_222,24356365756522496,SMG精度 {0:|+|+|+}{0:percent()}%
ITM_Attr_223,24358815641100288,SMG攻撃速度 {0:|+|+|+}{0:percent()}%
ITM_Attr_224,24360965767159808,SMG効果発動率 {0:|+|+|+}{0:percent()}%
ITM_Attr_225,24363824751566848,SMG貫通数 {0:+#.##;-#.##;+0}
ITM_Attr_226,24366817207115776,SMG近距離ダメージ {0:|+|+|+}{0:percent()}%
ITM_Attr_227,24366817202921472,SMG遠距離ダメージ {0:|+|+|+}{0:percent()}%
ITM_Attr_228,24373975965491201,マグナム貫通数 {0:+#.##;-#.##;+0}
ITM_Name_228,346366143357069,グリジーガルプ
ITM_Attr_229,24373975965491202,マグナム近距離ダメージ {0:|+|+|+}{0:percent()}%
ITM_Name_229,346366143357071,ギザギザメタルシリアル
ITM_Attr_230,24373975965491200,マグナム遠距離ダメージ {0:|+|+|+}{0:percent()}%
ITM_Attr_231,24508636511330304,マグナム射程 {0:+#.##;-#.##;+0}
ITM_Attr_232,17438567620927608,グレネードランチャー最大ダメージ {0:+#.##;-#.##;+0}
ITM_Attr_233,17438567620927609,マグナム最大ダメージ {0:+#.##;-#.##;+0}
ITM_Name_233,346366143357073,ハングタイム
ITM_Attr_234,17438567620927610,ピストル最大ダメージ {0:+#.##;-#.##;+0}
ITM_Attr_235,17438567620927611,プラズマキャスター最大ダメージ {0:+#.##;-#.##;+0}
ITM_Attr_236,17438567620927612,レールガン最大ダメージ {0:+#.##;-#.##;+0}
ITM_Attr_237,17438567620927613,ライフル最大ダメージ {0:+#.##;-#.##;+0}
ITM_Name_237,346366143357081,ストラクチュラルナノボット
ITM_Attr_238,17438567620927614,ロケットランチャー最大ダメージ {0:+#.##;-#.##;+0}
ITM_Attr_239,17438567620927616,SMG最大ダメージ {0:+#.##;-#.##;+0}
ITM_Attr_240,17438567620927615,ショットガン最大ダメージ {0:+#.##;-#.##;+0}
ITM_Attr_241,17438567620927526,グレネードランチャーダメージ {0:|+|+|+}{0:percent()}%
ITM_Attr_242,17438567620927527,マグナムダメージ {0:|+|+|+}{0:percent()}%
ITM_Name_242,346366143357091,パーソネルナノボット
ITM_Attr_243,17438567620927528,ピストルダメージ {0:|+|+|+}{0:percent()}%
ITM_Attr_244,17438567620927529,プラズマキャスターダメージ {0:|+|+|+}{0:percent()}%
ITM_Attr_245,17438567620927530,レールガンダメージ {0:|+|+|+}{0:percent()}%
ITM_Attr_246,17438567620927531,ライフルダメージ {0:|+|+|+}{0:percent()}%
ITM_Attr_247,17438567620927532,ロケットランチャーダメージ {0:|+|+|+}{0:percent()}%
ITM_Attr_248,17438567620927534,SMGダメージ {0:|+|+|+}{0:percent()}%
ITM_Attr_249,17438567620927533,ショットガンダメージ {0:|+|+|+}{0:percent()}%
ITM_Name_250,346366143357099,スノーコーン
ITM_Name_254,346366143357101,テイスティミニオントリート
ITM_Name_255,346366143357103,モールマンレッグ
ITM_Name_257,346366143357105,スパイダーレッグ
ITM_Name_258,346366143357107,マッスルマンレッグ（パッシブ）
ITM_Name_259,346366143357109,ニンジャレッグ
ITM_Name_260,346366143357111,ワスプトルソ
ITM_Name_261,346366143357113,ロケットボットトルソ
ITM_Name_262,346366143357115,スポッテッド
ITM_Attr_268,17438567620927642,グレネードランチャー最小ダメージ {0:|+|+|+}{0:percent()}%
ITM_Attr_269,17438567620927643,マグナム最小ダメージ {0:|+|+|+}{0:percent()}%
ITM_Attr_270,17438567620927644,ピストル最小ダメージ {0:|+|+|+}{0:percent()}%
ITM_Attr_271,17438567620927645,プラズマキャスター最小ダメージ {0:|+|+|+}{0:percent()}%
ITM_Attr_272,17438567620927646,レールガン最小ダメージ {0:|+|+|+}{0:percent()}%
ITM_Attr_273,17438567620927647,ライフル最小ダメージ {0:|+|+|+}{0:percent()}%
ITM_Attr_274,17438567620927648,ロケットランチャー最小ダメージ {0:|+|+|+}{0:percent()}%
ITM_Name_274,346366143357125,シュラプネルスピッター
ITM_Attr_275,17438567620927650,SMG最小ダメージ {0:|+|+|+}{0:percent()}%
ITM_275_HE_0,18226653690847235,キル時の1スタックあたりの発生率 15%
ITM_Name_275,346366143357127,弾薬ボックス
ITM_Attr_276,17438567620927649,ショットガン最小ダメージ {0:|+|+|+}{0:percent()}%
ITM_Attr_285,23628790751027204,ライフル近距離ダメージ {0:|+|+|+}{0:percent()}%
ITM_Attr_286,23628790751027201,ライフルマガジンサイズ {0:+#.##;-#.##;+0}
ITM_Attr_287,23628790751027202,ライフル貫通数 {0:+#.##;-#.##;+0}
ITM_Attr_288,23628790746832896,ライフル攻撃速度 {0:|+|+|+}{0:percent()}%
ITM_Name_288,346366143357129,ゼラチンサラダ
ITM_Attr_289,23913654192693248,ライフル弱点ダメージ {0:|+|+|+}{0:percent()}%
ITM_289_HE_0,18226653690847236,ダメージ時の発生率 5%
ITM_Name_289,28316283744280578,インフェルノの頭蓋骨
ITM_290_HE_0,18226653690847237,近接ダメージ時の1スタックあたりの発生率 25%
ITM_Name_290,28316283744280579,ファイアブランドタロン
ITM_291_HE_0,18226653690847238,ダメージ時の発生率 10%
ITM_Name_291,28316283744280580,モルテンコア
ITM_292_HE_0,18226653690847239,キル時
ITM_Name_292,28316283744280581,グーリープ
ITM_Name_293,28316283744280582,ミューカスモー
ITM_294_HE_0,18226653690847240,クリティカル武器ダメージ時の1スタックあたりの発生率 25%
ITM_Name_294,28316283744280583,スティッキーな内臓
ITM_Attr_295,17438567620927617,グレネードランチャー最大ダメージ {0:|+|+|+}{0:percent()}%
ITM_Name_295,28316283744280584,アイスクリームサンドイッチ
ITM_Attr_296,17438567620927618,マグナム最大ダメージ {0:|+|+|+}{0:percent()}%
ITM_Name_296,28316283744280585,パーマフロストスパイク
ITM_Attr_297,17438567620927619,ピストル最大ダメージ {0:|+|+|+}{0:percent()}%
ITM_297_HE_0,18226653690847241,ミートスワップ時
ITM_Name_297,28316283744280586,クライオの心臓
ITM_Attr_298,17438567620927620,プラズマキャスター最大ダメージ {0:|+|+|+}{0:percent()}%
ITM_298_HE_0,18226653690847242,キル時の発生率 15%
ITM_Name_298,28316283744280587,スタティックチャージ
ITM_Attr_299,17438567620927621,レールガン最大ダメージ {0:|+|+|+}{0:percent()}%
ITM_Name_299,28316283744280588,ストームゲイズ
ITM_Attr_300,17438567620927622,ライフル最大ダメージ {0:|+|+|+}{0:percent()}%
ITM_300_HE_0,18226653690847243,電撃ダメージ時
ITM_Name_300,28316283744280589,コイルの心臓
ITM_Attr_301,17438567620927623,ロケットランチャー最大ダメージ {0:|+|+|+}{0:percent()}%
ITM_Attr_302,17438567620927625,SMG最大ダメージ {0:|+|+|+}{0:percent()}%
ITM_Name_302,346366143357155,メーカーボーナス
ITM_Attr_303,17438567620927624,ショットガン最大ダメージ {0:|+|+|+}{0:percent()}%
ITM_303_HE_0,18226653690847244,ダメージ時
ITM_Name_303,28316283744280590,神の肉
ITM_Attr_304,17438567620927586,ハンターメイン遅延 {0:+#.##;-#.##;+0}
ITM_Attr_305,17461889725358109,ハンターメイン遅延 {0:|+|+|+}{0:percent()}%
ITM_Attr_306,17438567620927587,ハンターサブ遅延 {0:+#.##;-#.##;+0}
ITM_307_HE_0,18226653690847245,キル時発生率 10%
ITM_Name_307,28316283744280591,ハイブバースト
ITM_Attr_309,17438567620927581,ハンター攻撃速度 {0:+#.##;-#.##;+0}
ITM_Name_309,346366143357161,ミートゾードレッグ
ITM_Attr_310,17461889725358103,ハンター攻撃速度 {0:|+|+|+}{0:percent()}%
ITM_Attr_311,17461889725358104,ハンター攻撃速度 {0:0.##}倍
ITM_Attr_312,17438567620927582,ハンターダメージ {0:+#.##;-#.##;+0}
ITM_Attr_313,17461889725358105,ハンターダメージ {0:|+|+|+}{0:percent()}%
ITM_Attr_314,17461889725358106,ハンターダメージ {0:0.##}倍
ITM_Attr_315,17438567620927585,ハンター移動速度 {0:+#.##;-#.##;+0}
ITM_Attr_316,17461889725358107,ハンター移動速度 {0:|+|+|+}{0:percent()}%
ITM_Attr_317,17461889725358108,ハンター移動速度 {0:0.##}倍
ITM_Attr_318,17438567620927628,ミート耐久 {0:+#.##;-#.##;+0}
ITM_Attr_319,17461889725358127,ミート耐久 {0:|+|+|+}{0:percent()}%
ITM_Attr_320,17461889725358128,ミート耐久 x{0:0.##}
ITM_Attr_321,17438567620927627,ミートによるダメージ軽減 {0:+#.##;-#.##;+0}
ITM_Attr_322,17461889725358125,ミートによるダメージ軽減 {0:|+|+|+}{0:percent()}%
ITM_Attr_323,17461889725358126,ミートによるダメージ軽減 {0:0.##}倍
ITM_Attr_324,17438567620927541,二段ジャンプ高度 {0:|+|+|+}{0:percent()}%
ITM_Name_326,346366143357167,パラリティックグラスプ
ITM_Name_327,346366143357169,ターボブースト
ITM_Attr_328,17438567620927548,電撃弱体化 {0:|+|+|+}{0:percent()}%
ITM_Attr_329,17438567620927561,火弱体化 {0:|+|+|+}{0:percent()}%
ITM_Attr_330,17438567620927590,氷弱体化 {0:|+|+|+}{0:percent()}%
ITM_Attr_331,17438567620927598,物理弱体化 {0:|+|+|+}{0:percent()}%
ITM_Attr_332,17438567620927677,スライム弱体化 {0:|+|+|+}{0:percent()}%
ITM_Name_333,346366143357179,ニープロブレム
ITM_Attr_335,17438567620927514,極寒状態の敵を凍結状態にする
ITM_Attr_336,17438567620927632,近接弱体化 {0:|+|+|+}{0:percent()}%
ITM_337_HE_0,18226653690847246,ミート喪失時
ITM_Name_337,28316283744280592,ダーマルプレート
ITM_Attr_338,17438567620927499,近接攻撃速度 {0:|+|+|+}{0:percent()}%
ITM_338_HE_0,18226653690847247,近接キル時の1スタックあたりの発生率 50%
ITM_Name_338,28316283744280593,シアトルドッグ
ITM_Attr_339,17461889721163779,近接攻撃速度 {0:0.##}倍
ITM_Attr_340,17438567620927569,鉱物検知距離 {0:+#.##;-#.##;+0}m
ITM_Attr_341,17438567620927568,釣り場検知距離 {0:+#.##;-#.##;+0}m
ITM_Name_341,28316283744280594,フェニックスクレスト
ITM_Attr_342,17438567620927567,ガストロノート検知距離 {0:+#.##;-#.##;+0}m
ITM_Attr_343,17438567620927671,粉砕ダメージ {0:+#.##;-#.##;+0}
ITM_Name_343,346366147551236,パイロクラストビジョン
ITM_Attr_344,17461889725358141,粉砕ダメージ {0:|+|+|+}{0:percent()}%
ITM_Attr_345,17461889725358142,粉砕ダメージ {0:0.##}倍
ITM_Attr_346,17438567620927504,燃焼ダメージ {0:+#.##;-#.##;+0}
ITM_Name_346,346366147551240,ミートラスト
ITM_Attr_347,17461889725358080,燃焼ダメージ {0:|+|+|+}{0:percent()}%
ITM_Attr_348,17461889725358081,燃焼ダメージ {0:0.##}倍
ITM_Name_348,28316283744280595,レフトオーバー
ITM_Attr_349,17438567620927513,炎上発生率 {0:|+|+|+}{0:percent()}%
ITM_Attr_350,17438567620927512,炎上ダメージ {0:+#.##;-#.##;+0}
ITM_350_HE_0,18226653690847249,武器キル時の1スタックあたりの発生率 25%
ITM_Name_350,346366147551244,パンくず
ITM_Attr_351,17461889725358083,炎上ダメージ {0:|+|+|+}{0:percent()}%
ITM_Name_351,346366147551246,ビッグマグ
ITM_Attr_352,17461889725358084,炎上ダメージ {0:0.##}倍
ITM_Name_352,346366147551248,シンセティックスパイス
ITM_Attr_353,17438567620927550,感電発生率 {0:|+|+|+}{0:percent()}%
ITM_Name_353,346366147551250,スパイシーシュリンプ
ITM_Attr_354,17438567620927549,感電ダメージ {0:+#.##;-#.##;+0}
ITM_Name_354,346366147551252,刺身包丁
ITM_Attr_355,17461889725358090,感電ダメージ {0:|+|+|+}{0:percent()}%
ITM_355_HE_0,18226653690847250,近接ダメージ時
ITM_Name_355,28316283744280596,ミートクリーバー
ITM_Attr_356,17461889725358091,感電ダメージ {0:0.##}倍
ITM_Name_356,346366147551256,フィーディングフレンジー
ITM_Attr_357,17438567620927675,スライム効果 {0:|+|+|+}{0:percent()}%
ITM_Name_357,346366147551258,スローモー
ITM_Attr_358,17438567620927510,極寒減速 {0:|+|+|+}{0:percent()}%
ITM_Name_358,28316283744280597,プロテインパウダー
ITM_Attr_359,17438567625121793,マグナム弱点ダメージ {0:|+|+|+}{0:percent()}%
ITM_Attr_360,17438567625121794,ピストル弱点ダメージ {0:|+|+|+}{0:percent()}%
ITM_Name_360,346366147551262,ドラムスティック
ITM_Attr_361,17438567625121795,ショットガン弱点ダメージ {0:|+|+|+}{0:percent()}%
ITM_Name_361,346366147551264,ゼスティチキンブレスト
ITM_Attr_362,17438567625121796,SMG弱点ダメージ {0:|+|+|+}{0:percent()}%
ITM_Name_362,346366147551266,クラリティ
ITM_Attr_363,17438567620927537,グレネードランチャー直撃ダメージ {0:|+|+|+}{0:percent()}%
ITM_363_HE_0,18226653690847251,遠距離ダメージ時の発生率 15%
ITM_Name_363,16146637997989888,ロングレンジスペシャル
ITM_Attr_364,17438567620927538,プラズマキャスター直撃ダメージ {0:|+|+|+}{0:percent()}%
ITM_364_HE_0,18226653690847252,近距離ダメージ時の発生率 15%
ITM_Name_364,16146638002184192,ショートレンジスペシャル
ITM_Attr_365,17438567620927539,ロケットランチャー直撃ダメージ {0:|+|+|+}{0:percent()}%
ITM_365_HE_0,18226653690847253,弱点ダメージを与えた時、25%の確率で発生
ITM_Name_365,28316283744280598,フラックフィンガー
ITM_Attr_366,17438567620927682,ライフル拡散回復 {0:|+|+|+}{0:percent()}%
ITM_Name_366,346366147551274,フルーティビタミン
ITM_Attr_367,17438567625121798,ライフル武器精度 {0:|+|+|+}{0:percent()}%
ITM_Name_367,346366147551276,グレイビートレイン
ITM_Attr_368,17438567620927605,レールガン遠距離ダメージ {0:|+|+|+}{0:percent()}%
ITM_368_HE_0,18226653690847254,高速リロード成功時、10%の確率で発生
ITM_Name_368,28316283744280599,スパインハスク
ITM_Attr_369,17438567620927607,レールガンマガジンサイズ {0:+#.##;-#.##;+0}
ITM_Name_369,346366147551280,スタティックショック
ITM_Attr_370,17438567620927558,プラズマガン爆発半径 {0:|+|+|+}{0:percent()}%
ITM_Attr_371,21253799095033856,ピストルリロード判定枠 {0:|+|+|+}{0:percent()}%
ITM_371_HE_0,18226653690847255,ダメージ時の発生率 5%
ITM_Name_371,28316283744280600,サンダーチェスト
ITM_Attr_372,21255839816867840,ピストルクリティカル率 {0:|+|+|+}{0:percent()}%
ITM_Name_372,346366147551284,グレイシャーリチャージ
ITM_Attr_373,21257451205550080,ピストルマガジンサイズ {0:+#.##;-#.##;+0}
ITM_Name_373,346366147551286,グレイシャーマスタリー
ITM_Attr_374,21258827750957056,ピストル武器精度 {0:|+|+|+}{0:percent()}%
ITM_374_HE_0,18226653690847256,近接武器ダメージ時
ITM_Name_374,28316283744280601,殻に覆われたイエティの目
ITM_Attr_375,21259953611202560,ピストル射程 {0:+#.##;-#.##;+0}
ITM_Attr_376,21265502662811648,ピストル攻撃速度 {0:|+|+|+}{0:percent()}%
ITM_Attr_377,21266579567140864,ピストルクリティカルダメージ {0:|+|+|+}{0:percent()}%
ITM_Attr_378,21267581485703168,ピストル貫通数 {0:+#.##;-#.##;+0}
ITM_Name_378,28316283744280602,ボンバードコア
ITM_Attr_379,21268790338641920,ピストル近距離ダメージ {0:|+|+|+}{0:percent()}%
ITM_Attr_380,21268790334447616,ピストル遠距離ダメージ {0:|+|+|+}{0:percent()}%
ITM_Attr_381,23628790751027203,ピストル効果発生率 {0:|+|+|+}{0:percent()}%
ITM_Attr_382,23628790746832898,ライフルクリティカルダメージ {0:|+|+|+}{0:percent()}%
ITM_Attr_383,23628790746832897,ライフルクリティカル率 {0:|+|+|+}{0:percent()}%
ITM_Attr_384,23628790751027200,ライフル遠距離ダメージ {0:|+|+|+}{0:percent()}%
ITM_Attr_385,24508636515524608,マグナム攻撃速度 {0:|+|+|+}{0:percent()}%
ITM_Attr_386,24512006886252544,マグナムクリティカル率 {0:|+|+|+}{0:percent()}%
ITM_Attr_387,24512006890446848,マグナムクリティカルダメージ {0:|+|+|+}{0:percent()}%
ITM_Attr_388,24734712562966528,マグナム武器精度 {0:|+|+|+}{0:percent()}%
ITM_Attr_389,24734712558772224,マグナムリロード判定枠 {0:|+|+|+}{0:percent()}%
ITM_Attr_390,24738876634423296,マグナムマガジンサイズ {0:+#.##;-#.##;+0}
ITM_Attr_391,24741585584381952,マグナム効果発動率 {0:|+|+|+}{0:percent()}%
ITM_Attr_392,24756431059148800,プラズマキャスター攻撃速度 {0:|+|+|+}{0:percent()}%
ITM_Name_392,346366147551296,ブッチャーレッグ
ITM_Attr_393,24756431059148801,プラズマキャスタークリティカル率 {0:|+|+|+}{0:percent()}%
ITM_Attr_394,24756431059148802,プラズマキャスタークリティカルダメージ {0:|+|+|+}{0:percent()}%
ITM_Name_394,28316283744280603,パイロクラズム
ITM_Attr_395,24756431063343107,プラズマキャスターリロード判定枠 {0:|+|+|+}{0:percent()}%
ITM_Attr_396,24756431063343104,プラズマキャスター弾倉サイズ {0:+#.##;-#.##;+0}
ITM_396_HE_0,18226653690847258,ダメージ時発動率 25%
ITM_Name_396,28316283744280604,テンペスト
ITM_Attr_397,24756431063343105,プラズマキャスター効果発動率 {0:|+|+|+}{0:percent()}%
ITM_Name_397,28316283744280605,サイコマグノセレム
ITM_Attr_398,24756431063343106,プラズマキャスター弾速 {0:|+|+|+}{0:percent()}% 
ITM_Attr_399,24759307705769984,プラズマキャスター 範囲ダメージ {0:|+|+|+}{0:percent()}%
ITM_Attr_400,24766997932793856,ショットガン貫通数 {0:+#.##;-#.##;+0}
ITM_Name_400,346366147551306,グレイシャルベインズ
ITM_Attr_401,24771101572718593,ショットガンクリティカル率 {0:|+|+|+}{0:percent()}%
ITM_Attr_402,24771101572718594,ショットガンクリティカルダメージ {0:|+|+|+}{0:percent()}%
ITM_Attr_403,24771101576912896,ショットガン効果発動率 {0:|+|+|+}{0:percent()}%
ITM_Attr_404,24771101572718595,ショットガンマガジンサイズ {0:+#.##;-#.##;+0}
ITM_Attr_405,24771101576912898,ショットガン近距離ダメージ {0:|+|+|+}{0:percent()}%
ITM_Attr_406,24771101568524288,ショットガン射程 {0:+#.##;-#.##;+0}
ITM_Attr_407,24771101572718592,ショットガン攻撃速度 {0:|+|+|+}{0:percent()}%
ITM_Attr_408,24771101576912897,ショットガンリロード判定枠 {0:|+|+|+}{0:percent()}%
ITM_Attr_409,24776968426741764,レールガン効果発動率 {0:|+|+|+}{0:percent()}%
ITM_Attr_410,24776968426741761,レールガンクリティカル率 {0:|+|+|+}{0:percent()}%
ITM_Attr_411,24776968426741762,レールガンクリティカルダメージ {0:|+|+|+}{0:percent()}%
ITM_Attr_412,24776968430936064,レールガンリロード判定枠 {0:|+|+|+}{0:percent()}%
ITM_Attr_413,24776968426741763,レールガン貫通数 {0:+#.##;-#.##;+0}
ITM_Attr_414,24776968426741760,レールガン攻撃速度 {0:|+|+|+}{0:percent()}%
ITM_Attr_415,24776968430936066,レールガン弱点ダメージ {0:|+|+|+}{0:percent()}%
ITM_Attr_416,24776968422547456,レールガン射程 {0:+#.##;-#.##;+0}
ITM_Attr_417,24776968430936065,レールガン近距離ダメージ {0:|+|+|+}{0:percent()}%
ITM_Attr_418,24791651242205186,ロケットランチャークリティカル率 {0:|+|+|+}{0:percent()}%
ITM_Attr_419,24791651246399488,ロケットランチャークリティカルダメージ {0:|+|+|+}{0:percent()}%
ITM_Attr_420,24791651246399490,ロケットランチャーマガジンサイズ {0:+#.##;-#.##;+0}
ITM_Attr_421,24791651246399492,ロケットランチャー発射体速度 {0:|+|+|+}{0:percent()}%
ITM_Attr_422,24791651242205185,ロケットランチャー攻撃速度 {0:|+|+|+}{0:percent()}%
ITM_Attr_423,24791651246399491,ロケットランチャー効果発動率 {0:|+|+|+}{0:percent()}%
ITM_Attr_424,24791651246399489,ロケットランチャー爆発範囲 {0:|+|+|+}{0:percent()}%
ITM_Attr_425,24791651242205184,ロケットランチャー範囲ダメージ {0:|+|+|+}{0:percent()}%
ITM_Attr_426,24900049224851457,グレネードランチャークリティカル率 {0:|+|+|+}{0:percent()}%
ITM_Attr_427,24900049224851458,グレネードランチャークリティカルダメージ {0:|+|+|+}{0:percent()}%
ITM_Attr_428,24900049224851456,グレネードランチャー攻撃速度 {0:|+|+|+}{0:percent()}%
ITM_Attr_429,24900049229045763,グレネードランチャー発射体速度 {0:|+|+|+}{0:percent()}%
ITM_Attr_430,24900049229045764,グレネードランチャーリロード判定枠 {0:|+|+|+}{0:percent()}%
ITM_Name_430,346366147551350,ミートボーイレッグ
ITM_Attr_431,24900049229045761,グレネードランチャーマガジンサイズ {0:+#.##;-#.##;+0}
ITM_431_HE_0,18226653690847259,バリアダメージを受けた時
ITM_Name_431,346366147551352,ボーンアーマー反射（火）
ITM_Attr_432,24900049229045760,グレネードランチャー爆発半径 {0:|+|+|+}{0:percent()}%
ITM_Name_432,346366147551354,ボーンアーマー反射（スライム）
ITM_Attr_433,24900049229045762,グレネードランチャー効果発生率 {0:|+|+|+}{0:percent()}
ITM_Name_433,346366147551356,ボーンアーマー反射（氷）
ITM_Attr_434,25748331929001984,グレネードランチャー範囲ダメージ {0:|+|+|+}{0:percent()}%
ITM_Name_434,346366147551358,ボーンアーマー反射（電撃）
ITM_Attr_435,25748331937390592,レールガン範囲ダメージ {0:|+|+|+}{0:percent()}%
ITM_Name_435,346366147551360,ボーンアーマー反射（物理）
ITM_Attr_436,25748331937390593,レールガン爆発半径 {0:|+|+|+}{0:percent()}%
ITM_Attr_437,26114264799371264,ハンターHP {0:+#.##;-#.##;+0}
ITM_Attr_438,26114264803565568,ハンターHP {0:0.##}倍
ITM_Attr_439,26122126309187584,ハンターHP回復 {0:+#.##;-#.##;+0}
ITM_Attr_440,26122126313381888,ハンターHP回復 {0:0.##}倍
ITM_Attr_441,28553671907450880,スポーン間隔 {0:0.##}倍
ITM_Attr_442,28711131483725824,近接クリティカル率 {0:+#.##;-#.##;+0}
ITM_Attr_443,28711131492114432,近接クリティカル率 {0:|+|+|+}{0:percent()}%
ITM_Attr_444,28711131492114433,近接クリティカル率 {0:0.##}倍
ITM_Attr_445,28711131492114434,近接クリティカルダメージ {0:+#.##;-#.##;+0}
ITM_Name_445,346366147551378,スローターステップ（火）
ITM_Attr_446,28711131492114435,近接クリティカルダメージ {0:|+|+|+}{0:percent()}%
ITM_Name_446,346366147551380,スローターステップ（氷）
ITM_Attr_447,28711131492114436,近接クリティカルダメージ {0:0.##}倍
ITM_Name_447,346366147551382,スローターステップ（電撃）
ITM_Attr_448,28711131492114437,ノックバック距離 {0:+#.##;-#.##;+0}
ITM_Name_448,346366147551384,スローターステップ（スライム）
ITM_Attr_449,28711131492114439,ノックバック距離 {0:|+|+|+}{0:percent()}%
ITM_Name_449,346366147551386,パワーリーチ（物理）
ITM_Attr_450,28711131492114441,ノックバック距離 {0:0.##}倍
ITM_Name_450,346366147551388,パワーリーチ（氷）
ITM_Attr_451,28711131492114438,近接ノックバック距離 {0:+#.##;-#.##;+0}
ITM_Name_451,346366147551390,パワーリーチ（火）
ITM_Attr_452,28711131492114440,近接ノックバック距離 {0:|+|+|+}{0:percent()}%
ITM_Name_452,346366147551392,パワーリーチ（スライム）
ITM_Attr_453,28711131492114442,近接ノックバック距離 {0:0.##}倍
ITM_Name_453,346366147551394,パワーリーチ（電撃）
ITM_Attr_454,28958566212935680,ボスHP {0:0.##}倍
ITM_Name_454,346366147551396,フォーミュラディンガスレッグ
ITM_Attr_455,31508239826001920,敵密度 {0:0.##}倍
ITM_Name_455,346366147551398,エクスパンディングユニバース
ITM_Attr_456,32668876866297856,味方イベント構造体HP {0:|+|+|+}{0:percent()}%
ITM_Attr_457,32668876891463680,味方イベント構造体HP回復 {0:|+|+|+}{0:percent()}%
ITM_Attr_458,32672250860904448,プレイヤーイベント構造体HP {0:0.##}倍
ITM_Attr_461,35944488173035523,プレイヤーイベント構造体HP回復 {0:+#.##;-#.##;+0}
ITM_Attr_462,35944488173035521,カード1枚あたりの収集ノードクレジット {0:|+|+|+}{0:percent()}%
ITM_Attr_463,35944488173035522,カード1枚あたりの収集ノードクレジット {0:0.##}%
ITM_Attr_464,35944488173035524,ランガス＆グリジー報酬 {0:|+|+|+}{0:percent()}%
ITM_Attr_465,35944488173035525,ランガス＆グリジー報酬 {0:0.##}倍
ITM_Attr_466,35944488168841216,敵イベント構造体HP {0:0.##}倍
ITM_Attr_467,35944488173035520,敵イベント構造体HP回復 {0:0.##}倍
ITM_Attr_468,36192743306592256,敵移動制限フラグ {0:+#.##;-#.##;+0}
ITM_Attr_476,51150823332241417,ミニボスHP回復 {0:+#.##;-#.##;+0}
ITM_Attr_477,51150823332241418,ミニボスHP回復 {0:|+|+|+}{0:percent()}%
ITM_Attr_478,51150823332241419,ミニボスHP回復 {0:0.##}倍
ITM_Attr_479,51150823332241408,ミニボス攻撃速度 {0:+#.##;-#.##;+0}
ITM_Attr_480,51150823332241409,ミニボス攻撃速度 {0:|+|+|+}{0:percent()}%
ITM_Attr_481,51150823332241410,ミニボス攻撃速度 {0:0.##}倍
ITM_Attr_482,51150823332241411,ミニボスダメージ {0:+#.##;-#.##;+0}
ITM_Attr_483,51150823332241412,ミニボスダメージ {0:|+|+|+}{0:percent()}%
ITM_Attr_484,51150823332241413,ミニボスダメージ {0:0.##}倍
ITM_Attr_485,51192819124002824,物理耐性 {0:+#.##;-#.##;+0}
ITM_Attr_486,51192819124002825,物理耐性 {0:|+|+|+}{0:percent()}%
ITM_Attr_487,51192819124002826,物理耐性 {0:0.##}倍
ITM_Attr_488,51192819124002818,火耐性 {0:+#.##;-#.##;+0}
ITM_Attr_489,51192819124002819,火耐性 {0:|+|+|+}{0:percent()}%
ITM_Attr_490,51192819124002820,火耐性 {0:0.##}倍
ITM_Name_490,346366147551464,コーン・オン・ザ・コッド・バフ
ITM_Attr_491,51192819124002821,氷耐性 {0:+#.##;-#.##;+0}
ITM_Attr_492,51192819124002822,氷耐性 {0:|+|+|+}{0:percent()}%
ITM_Attr_493,51192819124002823,氷耐性 {0:0.##}倍
ITM_Attr_494,51192819115614208,電撃耐性 {0:+#.##;-#.##;+0}
ITM_Name_494,346366147551468,オキュラーパットダウン
ITM_Attr_495,51192819124002816,電撃耐性 {0:|+|+|+}{0:percent()}%
ITM_Name_495,346366147551470,Cキャップトルソ
ITM_Attr_496,51192819124002817,電撃耐性 {0:0.##}倍
ITM_Attr_497,51192819128197120,スライム耐性 {0:+#.##;-#.##;+0}
ITM_Name_497,346366147551474,ウィンドウォーク強化（電撃）
ITM_Attr_498,51192819128197121,スライム耐性 {0:|+|+|+}{0:percent()}%
ITM_Name_498,346366147551476,ウィンドウォーク強化（火）
ITM_Attr_499,51192819128197122,スライム耐性 {0:0.##}倍
ITM_Name_499,346366147551478,ウィンドウォークバフ（氷）
ITM_Attr_500,51228348767989760,フランケンビーンズチューブ破壊ダメージ {0:0.##}倍
ITM_Name_500,346366147551480,ウィンドウォーク強化（スライム）
ITM_Attr_501,51228348763795458,ボス構造物HP {0:0.##}倍
ITM_Name_501,346366147551482,ウィンドウォーク強化（物理）
ITM_Attr_502,51228348763795459,ボス弱点ダメージ {0:0.##}倍
ITM_Name_502,346366147551484,ニンジャマーク強化（物理）
ITM_Attr_503,51228348763795456,ボス移動速度 {0:0.##}倍
ITM_Attr_504,51228348751212544,ボスミニオン数 {0:0.##}倍
ITM_Attr_505,51228348763795457,ボススタティックミート出現時間 {0:0.##}倍
ITM_Attr_506,54003789702397952,ミートドロップ率 {0:|+|+|+}{0:percent()}%
ITM_Name_510,346366151745540,穴掘り
ITM_Name_511,346366151745542,ベリーグラインダーレッグ
ITM_Name_523,346366151745564,アンチレジスメーター
ITM_Name_525,346366151745568,SMGリロード
ITM_Name_526,346366151745570,ゴールデンブレット
ITM_Name_528,346366151745574,アラクリティ I
ITM_Name_535,346366151745588,スライムマスタリー I
ITM_Name_536,346366151745590,氷マスタリー I
ITM_Name_537,346366151745592,物理マスタリー I
ITM_Name_538,346366151745594,電撃マスタリー I
ITM_Name_540,346366151745598,ロングレンジマスタリー I
ITM_Name_541,346366151745600,ショートレンジマスタリー I
ITM_Name_542,346366151745602,アタックマスタリー I
ITM_Name_558,346366151745634,ガソスタオイスターズ
ITM_Name_559,346366151745636,ラットミルク
ITM_Name_560,346366151745638,ビーフスキャンピ
ITM_Name_561,346366151745640,スーパーマーケットスシ
ITM_Name_562,346366151745642,近接マスタリー I
ITM_Name_563,346366151745644,シアトルドッグバフ
ITM_Name_564,346366151745646,クロウエッグ
ITM_Name_565,346366151745648,ラムハム
ITM_Name_566,346366151745650,物理マスタリー II
ITM_Name_567,28316283748474880,ブランブルスカル
ITM_Name_568,28316283748474881,シュリンプパルメザン
ITM_Name_569,346366151745656,マッスルマントルソ（パッシブ）
ITM_Name_570,346366151745658,ニンジャトルソ（パッシブ）
ITM_Name_572,346366151745662,ホットハムウォーター
ITM_Name_573,346366151745664,チキンサシミ
ITM_Name_574,346366151745666,それこそまさしくジュースだ
ITM_Name_575,346366151745668,ミートポプシクル
ITM_Name_576,346366151745670,フォーリナーベルト
ITM_Name_577,346366151745672,バルチャービーミートハニー
ITM_Name_578,346366151745674,ミートマナ
ITM_Name_579,346366151745676,ズーテッドグミ
ITM_Name_580,346366151745678,ザ・ディップ
ITM_Name_581,346366151745680,スラッジクリームコーン
ITM_Name_583,346366151745684,ニンジャマークバフ（火）
ITM_Name_584,346366151745686,ニンジャマークバフ（氷）
ITM_Name_585,346366151745688,ニンジャマークバフ（電撃）
ITM_Name_586,346366151745690,ニンジャマークバフ（スライム）
ITM_Name_587,346366151745692,エレメンタルパワー I
ITM_Name_588,346366151745694,イエス・キャン・ディフェンス
ITM_Name_589,346366151745696,ブレインドレイン（電撃）
ITM_Name_590,346366151745698,ブレインドレイン（火）
ITM_Name_591,346366151745700,ブレインドレイン（氷）
ITM_Name_592,346366151745702,ブレインドレイン（物理）
ITM_Name_593,346366151745704,ブレインドレイン（スライム）
ITM_Name_594,346366151745706,モグラ叩きボーナス
ITM_596_HE_0,18226653695041537,武器切り替え時
ITM_Name_596,28316283748474882,コーン・オン・ザ・コッド
ITM_Name_597,346366151745712,クロマチックカース
ITM_Name_598,346366151745714,ブッチャーヒーリング T1
ITM_Name_599,346366151745716,ブッチャーヒーリング T2
ITM_Name_600,346366151745718,ブッチャーヒーリング T3
ITM_601_HE_0,18226653695041538,"<#FFEB04><link=""Keyword:3"">[極寒]</link></color> ターゲットへの武器キル時発生率 15%"
ITM_Name_601,28316283748474883,スノースクイッシー
ITM_Name_603,1484724542365696,ウィンドウォークスピード
ITM_Name_604,1849357526622208,ブルータルカース
ITM_Name_609,4779317228724224,クライオキャンディバフ
ITM_Name_610,5102145664704512,デピュティ I
ITM_Name_611,5102145664704514,デピュティ II
ITM_Name_612,5102145664704516,デピュティ
ITM_Name_613,5102145664704518,能力リチャージ I
ITM_Name_614,5102145664704520,能力リチャージ II
ITM_Name_615,5102145664704522,能力リチャージ III
ITM_Name_617,5471888120733696,アーキオロジー I
ITM_Name_618,5471888120733698,アーキオロジー II
ITM_Name_619,5471888120733700,考古学
ITM_Name_620,5471888120733702,釣り I
ITM_Name_621,5471888120733704,釣り II
ITM_Name_622,5471888120733706,釣り
ITM_Name_623,5471888120733708,ジオロジー I
ITM_Name_624,5471888120733710,ジオロジー II
ITM_Name_625,5471888120733712,地質学
ITM_626_HE_0,18935442668773376,キル時の確率 50%
ITM_Name_626,5471888120733714,シェリフ I
ITM_627_HE_0,18935442672967680,キル時の確率 75%
ITM_Name_627,5471888120733716,シェリフ II
ITM_Name_628,5471888120733718,シェリフ
ITM_629_HE_0,18935442672967681,近接キル時の確率 15%
ITM_Name_629,5925295726981120,ブッチャー I
ITM_630_HE_0,18935442672967682,近接キル時の確率 20%
ITM_Name_630,5925295726981122,ブッチャー II
ITM_631_HE_0,18935442672967683,近接キル時の確率 25%
ITM_Name_631,5925295726981124,ブッチャー
ITM_632_HE_0,18935442672967684,遠距離武器でキル時
ITM_Name_632,28316283748474884,スレイヤー I
ITM_Name_633,5925295726981128,スレイヤーバフ I
ITM_Name_634,5925295726981130,スレイヤーバフ II
ITM_Name_635,5925295726981132,スレイヤーバフ III
ITM_Name_636,28316283748474885,スレイヤー II
ITM_Name_637,28316283748474886,スレイヤー
ITM_Name_638,9851941352890368,デモリション I
ITM_Name_639,9851941352890369,デモリション II
ITM_Name_640,9851941352890370,解体屋
ITM_Name_641,9965603942031360,シャッタードカース
ITM_Name_644,10231597377773568,ミートボール I
ITM_Name_645,10231597377773569,ミートボール II
ITM_Name_646,10231597377773570,ミートボール
ITM_Name_651,13470112974626816,能力マスタリー I
ITM_Name_659,14836559116476416,エンレイジドハンターグリップ
ITM_Name_982,39085048019582976,スパイダーウィーブ
ITM_Name_984,40359174763175936,ホローチャージ I
ITM_Name_985,40359174763175937,ホローチャージ II
ITM_Name_986,40359174763175938,ホローチャージ
ITM_Name_987,40994790945316864,バーガーフリッパー I
ITM_Name_988,40994790945316865,ミニオンマスター I
ITM_Name_989,40994790945316866,スイマー I
ITM_Name_990,40994790945316867,バーガーフリッパー II
ITM_Name_991,40994790945316868,ミニオンマスター II
ITM_Name_992,40994790945316869,スイマー II
ITM_Name_993,40994790945316870,バーガーフリッパー
ITM_Name_994,40994790945316871,ミニオンマスター
ITM_Name_995,40994790945316872,スイマー
LSB_0,33717200404602880,シェーダーバリエーションをコンパイル中 [2 / 4096]
LSB_1,33717200408797184,ごめん、トイレ行ってた...
LSB_10,33717200408797193,ロッキー、ハーベスターに行け！
LSB_11,33717200408797194,ミートワークが夢を叶えるんだよ...
LSB_12,33717200408797195,SwapMeatへようこそ、愛してるぜ...
LSB_13,33717200408797196,ミートハイムへ乗り込むぞ！
LSB_14,33717200408797197,今再び、肉の戦場へ...
LSB_15,33717200408797198,世界はキミのものだ...
LSB_16,33717200408797199,この体はもうただの肉塊だ...
LSB_17,33717200408797200,かかってこい...
LSB_18,33717200408797201,肉の交換でもするか？
LSB_19,33717200408797202,俺たちにも肉がある...
LSB_2,33717200408797185,みんな、グッジョーブ...
LSB_20,33717200408797203,倒した敵と肉を交換しろ...
LSB_21,33717200408797204,グリジーガルプはミュータントが求める味！
LSB_22,33717200408797205,グラフィックをキュッと最適化中...
LSB_23,33717200408797206,またな、スペースミートボーイ...
LSB_24,33717200408797207,ドーパミン出るぞ...
LSB_25,33717200408797208,イェッピーカイエイ、ミートラバーズ！
LSB_26,33717200408797209,ゲームプレイのヒントでも出しておくか？いや、やめとくか...
LSB_27,33717200408797210,全部見える！どこへ行くべきか丸わかり！
LSB_28,33717200408797211,部屋にこもるのに最高の日だな...
LSB_29,33717200408797212,肉をしっかりつかんでおけ...
LSB_3,33717200408797186,六角形はやっぱ最強なんだよな...
LSB_30,33717200408797213,コンテンツのお出ましだ...
LSB_31,33717200408797214,肉を交換して強くなるって最高だな...
LSB_32,33717200408797215,あなたの肉は当社にとって非常に重要です。そのままお待ちください...
LSB_33,33717200408797216,ロード中だぜ、待ってくれよな...
LSB_34,33717200408797217,ちょっとワイルドで、ちょっとおかしいのさ...
LSB_35,33717200408797218,完璧な肉、準備完了...
LSB_36,33717200408797219,お手並み拝見といこうか...
LSB_37,33717200408797220,続きはCMの後...
LSB_38,33717200408797221,カメが好き...
LSB_39,33717200408797222,さあ、ゲームのはじまりだ...
LSB_4,33717200408797187,ぼやけて見えるなあ...
LSB_40,33717200408797223,惑星から惑星へ、アルミの力で...
LSB_41,33717200408797224,ランガスには肉がある、俺たちには技がある...
LSB_42,33717200408797225,どうやら肉がメニューに戻ってきたみたいだな...
LSB_43,33717200408797226,どんなステーキも逃がしやしねえ...
LSB_44,33717200408797227,うお〜、いい感じに仕上がってきたぞ...
LSB_45,33717200408797228,ちょっと斬っていけよ...
LSB_46,33717200408797229,お前のフレアについて話があるんだが...
LSB_47,33717200408797230,ちっこい肉袋、丸くてずんぐり...
LSB_48,33717200408797231,みんな仲良くしようぜ...
LSB_49,33717200408797232,ランガス：肉の中にある！
LSB_5,33717200408797188,ドカーン、ベイビー！
LSB_50,33717200408797233,てなわけでよ、ぶっ放し始めたんだわ...
LSB_51,33717200408797234,ラットミルクに、ネズミが群がってくるのさ...
LSB_52,33717200408797235,母船によろしく...
LSB_53,33717200408797236,パーティーしようぜ、みんな...
LSB_54,33717200408797237,アツアツだぞ...
LSB_55,33717200408797238,UX緊急事態です。ギグルプラムズ先生、至急起こしください...
LSB_56,33717200408797239,肉屋から電話だ。お前の在庫切れだってよ！
LSB_57,33717200408797240,ターボタイムの始まりだぁ！！！
LSB_58,33717200408797241,このセリフ書いてる犯人探してるんだけど、誰だよ...
LSB_59,33717200408797242,ヨ・キエロ・ランガス・ミート！
LSB_6,33717200408797189,"ナイス・トゥ・""ミート""・ユー..."
LSB_60,33717200408797243,QWERTYを打つ俺を捕まえてみろよ！
LSB_61,33717200408797244,OmgQuoteFile.txtを読み込み中...
LSB_62,33717200408797245,さようなら、すべての釣り場に感謝を...
LSB_63,33717200408797246,決して諦めるな、決して屈するな...
LSB_64,33717200408797247,確率なんか聞かせるな...
LSB_65,33791349307203584,お楽しみはこれからだ...
LSB_66,44278023992631296,そして、伝説へ...
LSB_67,49081405366329344,ランガス・ミートは自社製品の不適切利用に対する責任を負いません...
LSB_68,49081405366329345,ランガス・ミート。私たちは銀河を救った。どういたしまして...
LSB_7,33717200408797190,Teamに「I」はないが、「meaT」はある...
LSB_8,33717200408797191,体は肉でできている...
LSB_9,33717200408797192,このゲーム、勝手にできていく...
MEH_Desc_14,44292824242688000,何か忘れたか？次はちゃんと付けておけよ。
MEH_Name_14,346366151745722,エンプティミートヘッド
MEH_Desc_48,44292824276242432,誰かおやつ欲しい？
MEH_Name_48,346366151745724,グリルゴーストヘッド
MEH_Desc_49,44292824276242433,ひえっ！どこで手に入れたんだその... まあいいや。
MEH_Name_49,346366151745726,ピーパローニヘッド
MEH_Desc_50,44292824276242434,お前が残していくおみやげが大好きだ。
MEH_Name_50,346366151745728,マイナーヘッド
MEH_Desc_51,44292824276242435,ダマなしでグレイビー作る気かよ！
MEH_Name_51,346366151745730,グレネーディアヘッド
MEH_Desc_53,44292824276242436,どうみても不衛生。
MEH_Name_53,19687531120418816,ゴブルゲイザーヘッド
MEH_Desc_54,44292824276242437,パパは誰だ？
MEH_Name_54,346366151745734,スクワットダディヘッド
MEH_Desc_55,44292824276242438,シュリケン、シュリケン、シュリケン、ヒャッホー！
MEH_Name_55,346366151745736,ニンジャヘッド
MEH_Desc_56,44292824276242439,顔に腕があるなんて、他のゲームだったらキモいよね。
MEH_Name_56,346366151745738,オクトパスヘッド
MEH_Desc_57,44292824276242440,ホバータレット付き、追加料金なし。
MEH_Name_57,346366151745740,パイロットヘッド
MEH_Desc_58,44292824276242441,頭がロケット？どういう仕組み？
MEH_Name_58,346366151745742,ロケットヘッド
MEH_Desc_59,44292824276242442,あぁ、千の船を沈めた顔を見よ！
MEH_Name_59,346366151745744,ブロードサイドヘッド
MEH_Desc_60,43539132193894400,従業員標準装備のスマートミートヘッド。
MEH_Name_60,346366151745746,ランガス従業員ヘッド
MEH_Desc_61,44292824276242443,この世界は何をしても自由だ。楽しむといい。
MEH_Name_61,19687531128807424,バグザッパーヘッド
MEH_Desc_62,44292824276242444,目って普通もっと上にあるよな。でもこれは違う。
MEH_Name_62,346366151745750,アイクロプスヘッド
MEH_Desc_63,44292824276242445,こちら地上管制からミート少佐...
MEH_Name_63,346366151745752,ランガスマネージャーヘッド
MEH_Desc_64,44292824276242446,俺たちでも、これはちょっと気持ち悪い。
MEH_Name_64,346366151745754,フランケンストークヘッド
MEH_Desc_65,44292824276242447,ブロックヘッドが頭をぶっ飛ばせるなら、いくつの頭をぶっ飛ばすんだ？
MEH_Name_65,15651248710606848,ブロックヘッドヘッド
MEH_Desc_66,44292824276242448,ああ、全部ミートだ。他に質問は？
MEH_Name_66,346366151745758,タレットヘッド
MEH_Desc_67,44292824276242449,エイリアンを理解するには、エイリアンのように考えなければならない。
MEH_Name_67,346366151745760,エイリアンヘッド
MEH_Desc_68,44292824276242450,群れに向かって投げろ。
MEH_Name_68,346366151745762,ルーガーヘッド
MEH_Desc_69,44292824276242451,母親しか愛せないような顔だな... いや、母親でも無理か。
MEH_Name_69,346366151745764,ダートバッグヘッド
MEH_Desc_70,44292824276242452,破壊の限りを尽くせ。
MEH_Name_70,346366151745766,ハイビームヘッド
MEH_Desc_71,44292824276242453,さっさと投げろ！
MEH_Name_71,346366151745768,折りたたみ椅子ヘッド
MEH_Desc_72,43507558438072320,最初に戦場へ突っ込んだ者へ、カール・ランガスから直々に授与される。
MEH_Name_72,31000223307259904,クワックオプスヘッド
MEH_Desc_73,43507558467432448,頭部損傷の増加は、まだ証明されていない。
MEH_Name_73,33737058423312384,バルジングブレインヘッド
MEH_Desc_74,43507558467432449,コナー・オマリーは、生涯分のランガスと引き換えに自分の肖像権を手放した。契約書は読まなかった。
MEH_Name_74,34043328225251328,コナー・オマリーのマスクヘッド
MEH_Desc_75,44292824276242454,中に何が入ってる？聞かない方がいい。
MEH_Name_75,41673761746227200,ランガスパイロットヘッド
MEL_Desc_25,346366155939841,誰か脚トレをサボったな。
MEL_Name_25,346366155939840,エンプティミートレッグ
MEL_Desc_35,44292824276242455,全速前進だ。
MEL_Desc_36,44292824276242456,蝶のように舞い、怒れるキラービーのように屠れ。
MEL_Name_36,346366155939844,グリルゴーストレッグ
MEL_Desc_37,44292824276242457,全速力で弱者を踏み潰せ。
MEL_Name_37,346366155939846,ウィーリーレッグ
MEL_Desc_38,44292824276242458,小さな建物なら二段ジャンプで飛び越えられる。
MEL_Name_38,346366155939848,スクワットダディレッグ
MEL_Desc_39,44292824276242459,空中を歩ける。そこに何かあるかのように。
MEL_Desc_40,44292824276242460,陸でも海でも、カジュアルでもフォーマルでも似合う。
MEL_Name_40,346366155939852,オクトパスレッグ
MEL_Desc_41,44292824276242461,おいおい、おいらのたくましい太ももに惚れたか？
MEL_Name_41,346366155939854,ブロードサイドレッグ
MEL_Desc_42,44292824276242462,何世代も受け継がれてきた装備。おそらくは文字通り。
MEL_Name_42,346366155939856,ランガス従業員レッグ
MEL_Desc_43,44292824276242463,キモいじゃない。気味が悪いって言ってるんだ。ニュアンスが違う。
MEL_Name_43,19687531128807427,クリーパーレッグ
MEL_Desc_44,44292824276242464,ここに目はない。なくてよかった。
MEL_Name_44,19687531128807428,アイクロプスレッグ
MEL_Desc_45,44292824276242465,戦いで実証済み。カールのお墨付き。
MEL_Name_45,346366155939862,ランガスリサーチャーレッグ
MEL_Desc_46,44292824276242466,そっちの天気はどうだ？
MEL_Name_46,346366155939864,ハイビームレッグ
MEL_Desc_47,44292824276242467,あら、かわいい堀り堀り屋さんねぇ！
MEL_Name_47,346366155939866,ダートバッグレッグ
MEL_Desc_48,44292824276242468,まだバカみたいに歩き回ってるのかよ？
MEL_Name_48,346366155939868,ラングラーレッグ
MEL_Desc_49,44292824276242469,そうだよ肉だって言ってんだろ。全部肉。もう何回言わせんの。
MEL_Name_49,19687531128807429,タンガスレーサーレッグ
MET_Desc_15,346366155939873,身体がなくても問題なし。
MET_Name_15,346366155939872,エンプティミートトルソ
MET_Desc_153,44292824276242470,ひぇ〜、こわっ！
MET_Name_153,346366155939874,グリルゴーストトルソ
MET_Desc_154,44292824276242471,自分で自分を爆破させるやつ。
MET_Name_154,346366155939876,グレネーディアトルソ
MET_Desc_157,44292824276242472,無料ガンボ付き！（一部惑星では対象外）
MET_Name_157,346366155939878,ウィーリートルソ
MET_Desc_158,44292824276242473,ぶん回せよ、ダディ！
MET_Name_158,346366155939880,スクワットダディトルソ
MET_Desc_162,44292824276242474,剣がどこから出てくるのかって？誰にもわからんさ。
MET_Name_162,346366155939882,ニンジャトルソ
MET_Desc_164,44292824276242475,ロケット持ってるのは誰？お前だ！
MET_Desc_166,44292824276242476,上腕二頭筋チョモランマ！
MET_Name_166,346366155939886,ブロードサイドトルソ
MET_Desc_167,43539132223254528,何世代ものミートサイエンティストが使ってきた装備。
MET_Name_167,346366155939888,ランガス従業員トルソ
MET_Desc_178,44292824276242477,ビリビリくるぜ！
MET_Name_178,19687531133001729,バグザッパートルソ
MET_Desc_183,44292824276242478,頭にしか目をつけないゲームもあるが、うちは違う！
MET_Name_183,346366155939892,アイクロプストルソ
MET_Desc_187,44292824276242479,可愛い歩く爆弾を落とす。カチン、カタン、ドカン！
MET_Name_187,346366155939894,ボックスフェイスのトルソ
MET_Desc_189,44292824276242480,定番。
MET_Name_189,346366155939896,ランガスリサーチャートルソ
MET_Desc_190,346366155939899,敵を見下ろせ。
MET_Name_190,346366155939898,タワートルソ
MET_Desc_191,44292824276242481,敵を干からびさせろ。
MET_Name_191,346366155939900,ハイビームトルソ
MET_Desc_192,346366155939903,頭がついていたらアヒルに見えたんだがな。
MET_Name_192,346366155939902,ダックストーントルソ
MET_Desc_193,44292824276242482,エイリアンドーナツ宅配サービス！
MET_Name_193,19687531133001730,ゾープジェットトルソ
MET_Desc_194,43507558467432450,小さなアヒルに見えるが、地獄のような経験を積んできてる。
MET_Name_194,31000223311454208,クワックオプスボバートルソ
MET_Desc_195,43507558467432451,ランガスのお子様ランチ「ジョリーフィースト」を思い出させる懐かしの一品。
MET_Name_195,33737058440089600,シュロンクボバートルソ
MET_Desc_196,43507558467432452,定番が一番。
MET_Name_196,34043328225251329,カールズゴールデンボバートルソ
MET_Desc_197,44292824276242483,凡人界トップクラスの装備。
MET_Name_197,41758238770106368,ランガスパイロットトルソ
PE_Desc_1,346366168522799,触手を破壊せよ
PE_Desc_4,346366168522801,フランケン感染
PE_Desc_8,346366168522803,感染墜落現場
PE_Desc_11,346366168522807,市場は開いている
PE_Desc_20,346366168522809,虫の巣窟
PE_Desc_25,45470492428066816,水上着陸
PE_Desc_26,346366168522813,ラジオなんちゃら
PE_Desc_35,346366168522815,穴がこっちを見ている...
PE_Desc_36,346366168522817,アイズ・オン・ミー
PE_Desc_37,346366168522819,ミート対マシン
PE_Desc_38,346366168522821,群衆はどこだ？
PE_Desc_40,346366168522823,ミートコア収穫
PE_Desc_41,346366168522825,フランケンティックラーを止めろ
PE_Desc_42,346366168522827,肉の供物
PE_Desc_43,346366168522829,埋蔵財宝を探せ
PE_Desc_44,346366168522831,ミートブレンダー
PE_Desc_53,346366168522837,殲滅作戦
PE_Desc_54,45470492470009856,宝物強奪
PE_Desc_56,346366168522841,大規模感染
PE_Desc_57,346366168522843,ぬめりの集会
PE_Desc_58,346366168522845,ロリーポリーフィッシュエッグ
PE_Desc_60,346366168522847,腐敗した肉
PE_Desc_64,346366168522851,ハートブレイカー
PE_Desc_65,346366168522853,バッドバブルボーイズ
PE_Desc_69,346366168522855,エイリアン肉農場
PE_Desc_70,346366168522857,テレビなんか消せ
PE_Desc_72,346366168522861,停止させろ！
PE_Desc_73,346366168522863,バーベキュー大会
PE_Desc_75,346366168522867,あれは何だ？
PE_Desc_77,346366168522871,シェフ危機一髪
PE_Desc_79,346366168522875,回復ステーション近く
PE_Desc_83,346366168522881,タンガス500
PE_Desc_84,346366168522883,レスリング練習
PE_Desc_86,346366168522887,パイプ清掃
PE_Desc_87,346366168522889,スポーンドアを閉めろ！！！
PE_Desc_88,346366168522891,エイリアンマトリックス
PE_Desc_89,15325185385988096,トラクタービームをブロックせよ！！
PE_Desc_90,31181757232812032,初収穫
PE_Desc_91,31181757266366470,虫退治
PE_Desc_92,346366168522899,レッグを使う
PE_Desc_96,5177172537671680,スマートミートのウォーミングアップ！
PE_Desc_98,16371853938163712,山の下で
PE_Desc_99,18285212149252096,感染洞窟
PE_Desc_100,42829564599439360,トンネルミュータント
PE_Desc_101,21033271765532672,電源を切れ
PE_Desc_104,31957267828957184,バーニーを救え！
PE_Desc_105,32979855038251008,エイリアンクローン工場
PE_Desc_106,34098342833979393,エイリアンクローンポッド
PE_Desc_109,39596777527869440,チョップショップボップ
PE_Desc_110,40051845133795328,異形の召喚を阻止せよ
PE_Desc_116,56885979705540608,クリスタルをそろえろ！
PF_Name_5,346366160134200,スパイラルスパイン 1.1
PF_Name_6,346366160134201,ヘルシーリスポーン 1.1
PF_Name_7,346366160134202,リスポーン 1.1
PF_Name_16,346366160134204,医療保険 1.1
PF_Name_17,346366160134205,医療保険v2
PF_Name_19,346366160134207,フランケン撃破 v1
PF_Name_20,346366160134208,InitiatedFrankNBeansEvent
PF_Name_21,346366160134209,スパイラルスパイン 1.2
PF_Name_23,346366160134211,チェーンソー操作免許
PF_Name_24,346366160134212,リフトフィッシング免許
PF_Name_25,346366160134213,鉱石採集免許
PF_Name_30,346366160134218,マンデーナイトミッドタームズ v1
PF_Name_31,346366160134219,InitiatedMutantBossEvent
PF_Name_40,12397278445690880,ミュータントスパイン 1.1
PF_Name_41,12397278445690882,ミュータントスパイン 1.2
PF_Name_45,18853199392792576,ライフコーチ・ダン
PF_Name_49,43898315618639872,リスポーン 1.2
PF_Name_50,43942200373927936,ヘルシーリスポーン 1.2
PF_Name_51,43942200378122240,ヘルシーリスポーン 1.3
PF_Name_52,51528552074436608,フランケン撃破 v2
PF_Name_53,51548702039334912,フランケン撃破 v3
PF_Name_54,51548702039334913,フランケン撃破 v4
PF_Name_55,51548702039334914,マンデーナイトミッドタームズ v2
PF_Name_56,51497077471961092,マンデーナイトミッドタームズ v3
PF_Name_57,51497077471961093,マンデーナイトミッドタームズ v4
PF_Name_58,51597951263301632,ランダムシステム v1
PF_Name_59,51597951263301633,ランダムシステム v2
PF_Name_60,51597951263301634,ランダムシステム v3
PF_Name_61,51597951263301635,ランダムシステム v4
PF_Name_62,53001828437057536,アセンションランク
PF_Name_63,53001828437057537,激辛難易度
PF_Name_64,53001828437057538,ナイトメア難易度
PF_Name_65,53001828437057539,辛口難易度
PF_Name_66,55558274441797632,ヘルスインシュアランス1.3
PF_Name_67,55558274441797633,ヘルスインシュアランス1.4
PLN_Name_1,346366160134182,DBG_FlatMap
PLN_Name_2,346366160134183,フランケンフリークアウト
PLN_Name_5,346366160134184,ダンガス山
PLN_Name_8,346366160134185,DBG_MeatSwapTest_Planet
PLN_Name_11,346366160134186,ピーテリウム
PLN_Name_13,346366160134187,DBG_Rocksboro
PLN_Name_16,346366160134188,ROX-1
PLN_Name_17,346366160134189,カリプソ
PLN_Name_18,346366160134190,ブリスケトン
PLN_Name_20,346366160134191,ビッグ・オル・タンガス
PLN_Name_21,346366160134192,DBG_EventTest
PLN_Name_22,346366160134193,リル・タンガス
PLN_Name_23,346366160134194,マンデーナイトミッドタームズ
PLN_Name_24,346366160134195,トゥトリアス I
PM_Desc_1,381307304534016,敵はアーマー持ち
PM_Name_1,381307296145408,アーマーバディーズ
PM_Desc_2,381307304534018,最大HP30%減少
PM_Name_2,381307304534017,コモンコールド
PM_Desc_3,381307304534020,敵移動速度30%上昇
PM_Name_3,381307304534019,クイックバディーズ
PM_Desc_4,381307304534022,敵が死亡時に爆発
PM_Name_4,381307304534021,テクノウイルス
SS_Name_7,31684905095127040,ランダム
SS_BossName_2,45462395923980288,パウンディング・ファーザーズ
TPUP_Desc_1_0,54070344137302016,<color=#FF3667>銀河ターミナル</color>が使えるようになりました！<br>新しい星系をアンロックするたびに、ここで行き先として選べるようになります。<br>また、ゲームの<color=#FF3667>難易度</color>もここで調整できます。
TPUP_Desc_2_0,54070344145690624,やつらを止めることはできない。遅らせることしかできないんだ。<br><br><color=#FF3667>指令を達成してやつらを押し返せ</color>——到着した後でもな。指令を怠るとやつらは<color=#FF3667>激怒</color>し、<color=#FF3667>HP</color>・<color=#FF3667>ダメージ</color>・<color=#FF3667>移動速度</color>が跳ね上がる。任務を続ければ、やつらをまた抑え込めるぞ。
TPUP_Desc_2_1,54070344145690625,到着後しばらくすると、ハンターは<color=#FF3667>激怒</color>し、脱出はほぼ不可能になります。<br><br>激昂させない方が身のためです。警告はしました。
TPUP_Desc_2_2,54070344145690626,到着後まもなく、ハンターは<color=#FF3667>激怒状態</color>になり、脱出がほぼ不可能になります。<br>激怒状態のハンターも目標を達成すれば<color=#FF3667>追放</color>できますが、達成はそう簡単ではありません。
TPUP_Desc_3_0,54070344145690627,<color=#FF3667>フレアターミナル</color>が使えるようになりました！<br><br>最大3つまでフレアを持ち込み、<color=#FF3667>特別な強化効果</color>を得られます。フレアごとに効果が違うので、自分のプレイスタイルに合うものを集めよう！
TPUP_Desc_4_0,54089774091198464,<color=#FF3667>アセンションランク</color>が使えるようになりました！<br><br><color=#FF3667>ナイトメア難易度</color>専用で、段階的に難しくなるモディファイアを各ステージに追加できます。
TPUP_Desc_5_0,55533248523001856,<color=#FF3667>従業員特典ターミナル</color>が使えるようになりました！<br><br>・特典を受け取ろう！<br>・扶養家族は対象外です！
TPUP_Desc_6_0,55533248523001858,<color=#FF3667>鉱床</color>が<color=#FF3667>コンパス</color>に表示されるようになりました。<br>製作や取引に使えるに使える貴重な<color=#FF3667>リソース</color>を集められます。
TPUP_Desc_7_0,55533248523001860,<color=#FF3667>古代ガストロノート</color>が<color=#FF3667>コンパス</color>に表示されるようになりました。<br>製作や取引に使える貴重な<color=#FF3667>リソース</color>を集められます。
TPUP_Desc_8_0,55533248523001862,<color=#FF3667>釣り場</color>が<color=#FF3667>コンパス</color>に表示されるようになりました。<br>製作や取引に使える貴重な<color=#FF3667>リソース</color>を集められます。
TPUP_Desc_9_0,55533248523001863,<color=#FF3667>アルティメットターミナル</color>が使えるようになりました！<br><br>ここで<color=#FF3667>強力な能力</color>をアンロックし、ランで使えるようになります。
TPUP_Desc_10_0,55533248523001864,<color=#FF3667>武器ターミナル</color>は射撃場のそばにあります。<br><br>・新武器をアンロック<br>・武器ランクを上げてランクポイントを獲得<br>・ポイントを割り振って武器性能を強化<br>・射撃場で武器をテスト
TPUP_Title_2_0,54078995149348865,ハンタータイマー
TPUP_Title_6_0,55533248523001857,採掘
TPUP_Title_7_0,55533248523001859,チェーンソー作業
TPUP_Title_8_0,55533248523001861,釣り
VO_SpeakerName_6,33332958671659008,オムニミート・プリンセス
VO_Transcript_1,346366160134223,助けが必要だ...
VO_Transcript_10,346366160134232,シャレにならない事態だ
VO_Transcript_103,12434440726704134,普通ホットドッグに岩は挟まないんだがな
VO_Transcript_108,12434440726704139,隠れろ！
VO_Transcript_11,346366160134233,チャットで「F」を押して敬意を払ってくれるか？
VO_Transcript_111,18769949506699264,調理成功！抽出開始...
VO_Transcript_112,26304660661854208,この惑星にはでっかいミートコアがあるんだ<br>問題はちょっと見つけにくいことだ　よく目を凝らしな
VO_Transcript_113,28287482192715776,ああそうだ、ここはまだゾワゾワするぜ。落ち着いてけよ、スクイッシー。あのスーツを探しに行くぞ。
VO_Transcript_114,28287482192715777,ああ この子は覚えてるさ　長距離ロボ工場のひとつだ<br>保証は切れて久しい　心臓部がダメになってるだろうから抽出が必要だな
VO_Transcript_115,28287482192715778,でっかい奴が出てきたら やっちまいな スクイッシー
VO_Transcript_116,26565547768344576,ガァァ... ノォ... ドォ... アァ... イィ... フン... すまん、大丈夫か！？
VO_Transcript_117,26565547806093312,チャンスだ とどめを刺せ！
VO_Transcript_118,26565547806093313,おい レフェリーに気をつけろ！あいつはグルだ！
VO_Transcript_119,26565547806093314,そうだ！追い詰めてるぞ　そのまま行け！ビンバンバン！！
VO_Transcript_12,346366160134234,葬式なのに何か楽しいよ
VO_Transcript_120,35567081859571712,相手はグリジーで強化されてる<br>供給源を潰すんだ
VO_Transcript_121,35564579508445184,カールが訓練が必要だってさ<br>ちゃんと聞いて 死なないようにしろよ？
VO_Transcript_122,35507031359086592,古い付き合いのコーチ・ダンが見てくれるから安心しな
VO_Transcript_123,45655991566458880,戦う準備ができたら リングまで会いに来てくれ
VO_Transcript_125,55603792934895616,おい こっちだ！リセットの手助けをしてくれ！
VO_Transcript_126,55603792968450048,ジェネレーターを破壊してシールドを落とせ
VO_Transcript_127,55603792968450049,カリプソは気が散ってるみたいだ　だから リセットは先に進む
VO_Transcript_128,55603792968450050,リセットが大ピンチだ。手を貸してくれないか？
VO_Transcript_129,55603792968450051,また後で会えるかもな　じゃあな！
VO_Transcript_13,346366160134235,こいつは深刻だ
VO_Transcript_130,55603792968450052,手伝ってくれてありがとう 
VO_Transcript_131,55603792968450053,あのでっかい石の頭が見えるか？
VO_Transcript_132,55603792968450054,あれをパイプに投げ込んでジェネレーターを壊せ！
VO_Transcript_133,55603792968450055,いいぞ！その調子で続けろ！
VO_Transcript_14,346366160134236,火葬で焼かれて アチアチのボディになるのが最後の望みってわけだ
VO_Transcript_15,346366160134237,死人に鞭打つのはよくない
VO_Transcript_16,346366160134238,警告　スーツの耐久性が低下
VO_Transcript_17,346366160134239,予想どおりの結末
VO_Transcript_2,346366160134224,抽出完了　まもなく離陸...
VO_Transcript_21,346366160134243,頼む 助けてくれぇぇ！
VO_Transcript_22,346366160134244,ありがとう！仲間を連れてくる...
VO_Transcript_23,346366160134245,我が水域を乱しているのは誰だ？
VO_Transcript_24,346366160134246,ブラッド博士なのか？
VO_Transcript_25,346366160134247,ほう　正々堂々を打ち破るとは
VO_Transcript_26,346366160134248,生み出してくれてありがとう　お礼に消してやるよ！！
VO_Transcript_27,346366160134249,惑星全域でインセクトイドが全勢力を攻撃中との報告
VO_Transcript_28,346366160134250,ゴブゴブゴブ！<br>（援軍を呼べ）
VO_Transcript_29,346366160134251,オムニミート船が大気圏に突入した。
VO_Transcript_3,346366160134225,即座に出発することを推奨
VO_Transcript_30,346366160134252,ミスター・ポンク 狩ってもいいかな？
VO_Transcript_31,346366160134253,銃だけでは足りないこともある。ミステリーミートを手に入れろ！
VO_Transcript_32,346366160134254,科学者たちが最近 肉でおぞましい実験をしてる　ミューテーションターミナルを見てこい
VO_Transcript_33,346366160134255,いいぞ！試してみたらどうだ！
VO_Transcript_34,346366160134256,火力がもうちょい必要みたいだな！武器ターミナルに行って新しい武器を手に入れたらどうだ
VO_Transcript_35,346366160134257,おお あのミートどもは何にやられたかさえわからないだろうな！
VO_Transcript_36,346366160134258,まったく 科学者が考えることはすげえな！
VO_Transcript_37,346366160134259,敵対生物が接近中
VO_Transcript_38,346366160134260,即座に出発してください
VO_Transcript_39,346366160134261,さあ 汚い戦い方を見せてもらおうか！
VO_Transcript_4,346366160134226,ハーベスターが来る　ミートコアを守れ
VO_Transcript_40,346366160134262,総員起立... 不屈にして... 無慈悲なる... ジャッジメンタリッツだ！
VO_Transcript_42,346366160134263,レジスメーター... エグゼクベーター... この敗北は差し戻しだ！
VO_Transcript_43,346366160134264,信念がある！存在感もある！お前の人生に拒否権を突きつける絶対権限すらある！これぞ... エグゼクベーター！
VO_Transcript_44,346366160134265,予算委員会にしれっと現れ... 細かい注意書きをネチネチ操る達人... それが... レジスメーターだ！
VO_Transcript_45,346366160134266,アァァァーーー！！ヤァァァーーーッ！！
VO_Transcript_46,346366160134267,あの機械からレッグを取って ダートバッグどもを地面から叩き出せ！
VO_Transcript_47,346366160134268,倒して また潜る前にとどめを刺せ！
VO_Transcript_48,346366160134269,よし 訓練を始めるぞ
VO_Transcript_49,346366160134270,よう よろしくな　あの機械からレッグを取って コースに出ろ！
VO_Transcript_5,346366160134227,脅威を確認
VO_Transcript_50,346366160134271,このレースに勝つ唯一の方法は ライバルを蹴散らすことだ！
VO_Transcript_51,346366160134272,どれだけやれるか見せてもらうぞ 肉袋！
VO_Transcript_52,346366160134273,いい走りだ 肉袋！少しは時間を割いてやる価値があるな
VO_Transcript_53,346366160134274,次の惑星で会いに来い　そこで鍛えてやる！
VO_Transcript_54,346366160134275,その調子だ！あと3体来るぞ！
VO_Transcript_55,346366160134276,さあ 面白くしていこうじゃないか！
VO_Transcript_56,346366160134277, お前には資質があるかもしれん！<br>ここを片付けたら次に進むぞ
VO_Transcript_57,443347054354432,やるじゃねえか！よくやったな！
VO_Transcript_58,443347054354433,あれを見ろ　怒ったちっこい奴らがいるぞ
VO_Transcript_59,443347054354434,お前が探してるオンボロの船に ミートコアがあるはずだ　燃料に必要だ
VO_Transcript_6,346366160134228,目標を視認
VO_Transcript_60,443347054354435,ようよう お前はミートサイエンスの奇跡だな！
VO_Transcript_61,443347054354436,おぉ これぞミートサイエンスだ
VO_Transcript_62,443347054354437,あそこにミートコアが見えるだろ？
VO_Transcript_63,443347054354438,あそこまで行け　準備できたら言ってくれ　降りて回収してやる
VO_Transcript_64,443347054354439,あのデカいミート城は気にすんな　あれは... まあ... 普通だ
VO_Transcript_65,443347054354440,急げよ！ゴーゴーゴー！
VO_Transcript_66,443347054354441,すごいぞスクイッシー！そのまま進め　もうすぐだ！
VO_Transcript_67,5194503924211712,目標達成には移動ができないとな<br><br>[InputAction:Gameplay/CharacterMovement]で移動だ
VO_Transcript_68,5530917752791040,そのまま進め　墜落現場はそう遠くない<br><br>[InputAction:Gameplay/CharacterMovement]で移動だ
VO_Transcript_69,5590439401873408,基本的な障がい物は上下移動で越えられる<br><br>[InputAction:Gameplay/Jump]でジャンプだ
VO_Transcript_70,5593819578884096,平和的な解決は不可能だ<br><br>[InputAction:Gameplay/RangedFire]で射撃 [InputAction:Gameplay/MeleeFire]で近接攻撃だ
VO_Transcript_71,5601982608826368,その銃には高速リロードが搭載されてる　タイミングよく決めろよ？
VO_Transcript_72,5756628069507072,クリーパーの脚をつかんでやれ　いいな？
VO_Transcript_73,5757385997017088,反抗的な態度だな<br><br>フレッシュミートのそばで[InputAction:Interact/Interact]で交換だ
VO_Transcript_74,5807500870803456,こんくらい簡単なはずなんだがな<br><br>ジャンプしてから[InputAction:Gameplay/LegsAbility]でダッシュだ
VO_Transcript_75,5841906717155328,まだ入力待ちだ　そろそろ頼むぞ<br><br>ミートコアで[InputAction:Interact/Interact]だ
VO_Transcript_76,5846775804977152,ノードの破損を検出　ノードを防衛せよ
VO_Transcript_77,5846775813365760,頼りにしてるぞ スクイッシー！
VO_Transcript_78,5856049683750912,即座に出発してください。<br><br>ボルトバーガーで[InputAction:Interact/Interact]で脱出
VO_Transcript_79,5909901926658048,ご注意ください
VO_Transcript_8,346366160134230,注目地点を確認
VO_Transcript_80,5909901951823872,不具合を検知
VO_Transcript_81,28687422266007552,おぉ ちっこいレッグが動いてるのを見るのは最高だな
VO_Transcript_82,10206832594026496,ハーベスターが来る　防衛の準備を
VO_Transcript_83,10206832644358144,オムニミートの船が大気圏に突入
VO_Transcript_84,10206832644358145,抽出完了　出発準備に入る
VO_Transcript_86,10206832644358146,でっかい墜落現場を調査しろ　いいな？モタモタするなよ！
VO_Transcript_87,10206832644358147,ミートでミートを得るんだ スクイッシー！
VO_Transcript_88,10206832644358148,ぶっ壊してミートを拾ってこい　わかったな？
VO_Transcript_89,10206832644358149,そのまま進め　墜落現場はそう遠くない
VO_Transcript_9,346366160134231,墓にぶち込むだけに破壊神だな... なんでもない
VO_Transcript_90,10206832644358150,それが必要なんだ　準備ができたら声をかけろよ
VO_Transcript_91,10625864051912704,おい こっちだ！
VO_Transcript_94,10625864085467138,折りたたみ椅子を頭に食らわせりゃ十分だ
VO_Transcript_98,12434440726704129,あの岩の頭みたいなのをつかめ！
WPN_Name_3,346366164328475,ピストル
WPN_Name_4,346366164328477,ライフル
WPN_Name_5,346366164328479,サブマシンガン
WPN_Name_6,346366164328481,ショットガン
WPN_Name_11,346366164328483,マンディブルリッパー
WPN_Name_33,346366164328493,グレネードランチャー
WPN_Name_46,346366164328495,マグナム
WPN_Name_52,346366164328497,ロケットランチャー
WPN_57_HE_0,28316283836555264,命中時
WPN_Name_57,346366164328503,レールガン
WPN_Name_65,346366164328511,プラズマキャスター
WPN_Name_76,346366164328521,フレアバースト
WPN_Name_77,346366164328523,ブリュルブラスター
WPN_Name_78,346366164328525,スパークプラグ
WPN_Name_79,346366164328527,フレイムフリッパー
WPN_Name_80,346366164328529,スクウェルチ
WPN_Name_87,346366164328541,スプラッタースパット
WPN_Name_88,346366164328543,アンプターナー
WPN_Name_89,346366164328545,フロスチュラ
WPN_Name_92,346366164328551,グラブラウンチャー
WPN_Name_94,346366164328553,マイネームジェフ
WPN_Name_95,346366164328555,ポップタルト
WPN_Name_96,346366164328557,ランガススパチュラ
WPN_Name_97,346366164328559,カセットランチャー
WPN_Name_98,346366164328561,バイオフラックス
WPN_Name_100,346366164328565,パルスフォージ
WPN_Name_101,346366164328567,ガス缶ランチャー
WPN_Name_102,346366164328569,パンチライン
WPN_Name_103,346366164328571,ライトニングガン
WPN_Name_104,346366164328573,ボルトライフル
WPN_Name_105,346366164328575,キックチューブ
WPN_Name_106,346366164328577,シュレッダー
WPN_Name_107,346366164328579,フロストバック
WPN_Name_114,346366164328591,マックスショット
WPN_Name_115,346366164328593,スタティッククリック
WPN_Name_116,346366164328595,ラヴァラッシュ
WPN_Name_117,346366164328597,アイスランス
WPN_Name_118,346366164328599,スコーチレール
WPN_Name_119,346366164328601,ドリズルリズル
WPN_Name_120,346366164328603,ライブワイヤ
WPN_Name_121,346366164328605,スラッシュロケット
WPN_Name_122,346366164328607,ホットドロップ
WPN_Name_123,346366164328609,スタティックスプレー
WPN_Name_124,346366164328611,マイナスワン
WPN_Name_125,346366164328613,エンバーロード
WPN_Name_126,346366164328615,グライマー
WPN_Name_139,346366168522764,クロッバーロッバー
WPN_Name_140,346366168522766,クォークランス
WPN_Name_141,346366168522768,ブームフィスト
WPN_Name_142,346366168522770,バッドミスターフロスティ
WPN_Name_143,346366168522772,ホットショット
WPN_Name_144,346366168522774,グレーシャーシャッター
WPN_Name_145,346366168522776,スノットランス
WPN_Name_146,346366168522778,フロストウェーブ
WPN_Name_147,346366168522780,バーンバレル
WPN_Name_148,346366168522782,スノーピアサー
WPN_Name_149,346366168522784,オーズーカー
WPN_Name_150,346366168522786,ブームボックス
WPN_Name_151,346366168522788,サンダークラップ
WPN_Name_152,346366168522790,スピットファイア
WPN_Name_153,346366168522792,スライムラッシュ
WPN_Name_160,33550649413005312,クワックオプススパチュラ
WPN_Name_161,33737062735056896,フィッシュシュティック
WPN_Name_162,34041999033536512,ゴールデンスパチュラ
WPN_Name_163,41673766724866048,カールの子ども時代の棒
WPN_Name_164,41673766800363520,ランガスパイロットスパチュラ
WPN_Name_165,41673766888443904,収集新聞
WPNF_Desc_1,346366164328449,<b><color=#00D6D2>近距離</color></i></b>と<b><color=#00D6D2>中距離</color></i></b>で有効な頼れる武器。<br><br><i>代々ミートサイエンティストが携行してきた代表的な銃。</i>
WPNF_Name_1,346366164328448,ピストル
WPNF_Desc_2,346366164328452,<b><color=#00D6D2>近距離</color></i></b>で高いダメージを与える。<br><br><i>熟練のミートサイエンティストは近距離戦に備える。</i>
WPNF_Name_2,346366164328451,ショットガン
WPNF_Desc_3,346366164328455,<b><color=#00D6D2>中規模の範囲ダメージ</color></i></b>を与える直射発射体を撃つ。あらゆる距離で有効。<br><br><i>爆発はいつだってワクワク。</i>
WPNF_Name_3,346366164328454,ロケットランチャー
WPNF_Desc_4,346366164328458,<b><color=#00D6D2>狭い拡散</color></i></b>と<b><color=#00D6D2>低反動</color></i></b>により、<b><color=#00D6D2>遠距離</color></i></b>で威力を発揮。<br><br><i>見回るときゃ、こういう銃を手元に置いとくのが一番だ。</i>
WPNF_Name_4,346366164328457,ライフル
WPNF_Desc_5,346366164328461,<b><color=#00D6D2>近距離</color></i></b>戦に最適化され、<b><color=#00D6D2>高い連射速度</color></i></b>を誇る。<br><br><i>下手な鉄砲も数打ちゃ当たる。</i>
WPNF_Name_5,346366164328460,SMG
WPNF_Desc_6,346366164328464,<b><color=#00D6D2>弱点ダメージ</color></i></b>が追加されるが<b><color=#00D6D2>反動が大きい</color></i></b>ため、<b><color=#00D6D2>近距離</color></i></b>と<b><color=#00D6D2>中距離</color></i></b>で真価を発揮。<br><br><i>しっかり狙いを定められる手なら、この武器がうってつけ。</i>
WPNF_Name_6,346366164328463,マグナム
WPNF_Desc_7,346366164328467,<b><color=#00D6D2>小規模の範囲ダメージ</color></i></b>を与える直射発射体を撃つ。<b><color=#00D6D2>近距離</color></i></b>と<b><color=#00D6D2>中距離</color></i></b>に最適。<br><br><i>ビビビっと刺激的。</i>
WPNF_Name_7,346366164328466,プラズマキャスター
WPNF_Desc_8,346366164328470,<b><color=#00D6D2>遠距離</color></i></b>に最適化されている。<b><color=#00D6D2>小規模な範囲ダメージ</color></i></b>を与え、<b><color=#00D6D2>連射速度は遅い</color></i></b>。<br><br><i>敵が見えたらすぐに撃て。</i>
WPNF_Name_8,346366164328469,レールガン
WPNF_Desc_10,346366164328473,間接射撃で<b><color=#00D6D2>広範囲にダメージ</color></i></b>を与える。距離を問わず有効。<br><br><i>やられる前にやれ。</i>
WPNF_Name_10,346366164328472,グレネードランチャー
70251a9670894e1685d2b10b35d46f9c_54_0,63562852086874112,トレジャーチェストを見つける
CQ_Name_87,60548818372911104,惑星デストロイヤー
CQ_Desc_87,60548818398076928,スクイッシー。25の惑星だ。25の惑星から脱出してほしい。もうこの計画は進行中だとクルー全員に言ってしまった。順調だとも言った。だから実際に始める必要がある。
CQ_Name_88,60548818398076929,惑星デストロイヤー v2
CQ_Desc_88,60548818398076930,50の惑星だ。問題はな、誰かにお前はもう50まで行ってると言ったかもしれない。なぜ言ったかは覚えていない。だが言ったし、向こうも知っている。だから実際に50にしてくれ。
CQ_Name_89,60548818398076931,惑星デストロイヤー v3
CQ_Desc_89,60548818398076932,75の惑星から脱出。旅行部がお前の記録にフラグを立てた。どうやらリーダーボードは本当にあって、お前はそこに載っている。最後に見たときはトップ10だった。
CQ_Name_90,60548818398076933,惑星デストロイヤーv4
CQ_Desc_90,60548818398076934,ディナーに行ったんだ。そこでいろいろ言った。お前のことをな。特に脱出数について。でかい数字だ。みんな感心していたから、その数字を本物にする必要がある。100の惑星だ、スクイッシー。頼む。
CQ_Name_91,60548818398076935,惑星デストロイヤーv5
CQ_Desc_91,60548818398076936,業界カンファレンスでスピーチをした。お前の名前を出した。数字も言った。その数字はもう達成済みで、お前はランガス社史上最高の脱出係だと言った。拍手が起きた。拍手は取り消せない。150の惑星だ。
CQ_Name_92,64263989754847232,月から来た魚
CQ_Desc_92,64263989780013056,月面メニューは謎だ。売っている俺にも謎だ。ちょっと偵察してくれないか？ルナーリフトを見つけて、中にいるものを釣って報告しろ。これは研究だ。研究と呼ぶことにする。
CQ_Name_93,64263989780013057,フィッシングマシン
CQ_Desc_93,64263989780013058,いいか、スクイッシー。スラッジリフトでの釣りは華やかな仕事じゃない。だが、お前だって肉でできていて、それも華やかとは言えない...でもここにいる。全部釣れ。手袋はしろ。たぶんな。
CQ_Name_94,64263989780013059,全能の釣り師
CQ_Desc_94,64263989780013060,ブラインリフトの魚は、うちの最高級メニューだ。客は3倍払うが理由は知らない。俺も知らない。それでいい。中にいるものを全部釣ってこい。落ちるなよ。
CRN_DetailTitle_4,63842973337509888,獲得方法：
CRN_Detail_4,63842973312344064,ランガスの従業員ランクを上げる
CRN_Detail_7,63842973337509889,メイン目標のクリア<br>サブ目標のクリア
CRN_Detail_26,63842973337509890,サブ目標をクリアするとタスクポイントを獲得できる
CRN_Detail_28,63911671972749312,フランケンフリークアウトのボス戦クリア
CRN_Detail_29,63911671993720832,フランケン勢力の惑星クリア
CRN_Detail_30,63911671993720833,マンデーナイトミッドタームズのボス戦クリア
CRN_Detail_31,63911671993720834,ミュータント勢力の惑星クリア
CRN_DetailTitle_32,63842973337509892,入手場所：
CRN_Detail_32,63842973337509891,水の裂け目
CRN_Desc_37,63842973337509893,おっと、この魚の裂け目で何が釣れた！？
CRN_Detail_37,63842973337509894,スライムの裂け目
CRN_Desc_38,63842973337509895,昔は普通の魚だったが、グリジーガルプの工場からの流出物に何年もさらされたことで今のようになった。
CRN_Desc_39,63842973337509896,シュノーケルをどこで手に入れるのかは、未だに誰にもわかりません。もしかしたら、持って生まれてきたのかもしれない。シュノーケリングをするのかも...
CRN_Desc_40,63842973337509897,「ねえ、これ一緒にやろうよ。そっちがこっちのあなたがマントルを引っかいたら、こっちもそっちのを引っかくから！」
CRN_Desc_41,63842973337509898,こいつらを釣り上げるときはいつも、釣ったときのスリルで鳥肌が立つ。
CRN_Detail_42,63842973337509899,ティア2鉱物ノード<br>難易度「中辛」以上<br>トレーダー・マイク（従業員ランク5以上）
CRN_Detail_43,63842973341704192,ティア1鉱物ノード<br>難易度「中辛」以上<br>トレーダー・マイク
CRN_Detail_44,63842973341704193,ティア1ガストロノート<br>難易度「中辛」以上<br>トレーダー・マイク
CRN_Detail_45,63842973341704194,ティア2ガストロノート<br>難易度「中辛」以上<br>トレーダー・マイク（従業員ランク5以上）
CRN_Detail_46,63842973341704195,メイン目標をクリアするとランガスポイントを獲得できる
CRN_Detail_48,63842973341704196,ティア3鉱物ノード<br>難易度「辛口」以上<br>トレーダー・マイク（従業員ランク10以上）
CRN_Detail_49,63842973341704197,ティア4鉱物ノード<br>難易度「激辛」以上<br>トレーダー・マイク（従業員ランク15以上）
CRN_Detail_50,63842973341704198,ティア 5鉱物ノード<br>難易度ナイトメア以上<br>トレーダー・マイク（従業員ランク20以上）
CRN_Detail_51,63842973341704199,ティア3ガストロノート<br>難易度「辛口」以上<br>トレーダー・マイク（従業員ランク10以上）
CRN_Detail_52,63842973341704200,ティア4ガストロノート<br>難易度「激辛」以上<br>トレーダー・マイク（従業員ランク15以上）
CRN_Detail_53,63842973341704201,ティア 5ガストロノート<br>難易度ナイトメア以上<br>トレーダー・マイク（従業員ランク20以上）
CRN_Desc_54,63842973341704202,この魚は本物を好む。本物のなかの本物を。
CRN_Detail_54,63842973341704203,月の裂け目
CRN_Desc_55,63842973341704204,この魚がどこから来たのかは誰にもわからないが、ちょっと変だということは誰でも知っている。
CRN_Desc_56,63842973341704205,はるか遠くの銀河から来た一口サイズの魚...
CRN_Desc_57,63842973341704206,夜空に浮かぶ最も小さな星のように、それは宇宙を泳いでいる。
CRN_Desc_58,63842973341704207,何の気兼ねもなく銀河をさまよう魚。気兼ねないのは、いかなる星も故郷とは思っていないからだ。
CRN_Desc_59,63842973341704208,"バイトが1,000,000匹群がると、1匹の1メガバイトになる。"
CRN_Detail_59,63842973341704209,スラッジの裂け目
CRN_Desc_60,63842973341704210,インクリプターは暗黒の秘密を数多く抱えているが、決して漏らしはしない。
CRN_Desc_61,63842973341704211,機械的な化け物...しかもフィン付き！
CRN_Desc_62,63842973341704212,どうしてわざわざタコロボットを作ったんだろう？余計なことをしてくれる。
CRN_Desc_63,63842973341704213,脳にマイクロプロセッサを搭載した甲殻類のサイボーグのようだ。素晴らしい。
CRN_Desc_64,63842973341704214,うわ、ひどいな。ピーパーズなんてどこで捕まえた！？
CRN_Detail_64,63842973341704215,ブラインの裂け目
CRN_Desc_65,63842973341704216,モーセルフィンは目的のために泳ぐ。その目的はおやつだ。
CRN_Desc_66,63842973341704217,ジムに月額課金している銀河唯一の魚。
CRN_Desc_67,63842973341704218,栄光に満ちた強大なるクローブスターを見よ。その栄光は一見の価値がある。
CRN_Desc_68,63842973341704219,餌をばらまくと、ビッグチョンカーは必ず最初に食べにくる。だからこそ一番大きく、でっぷりになったのだ。
CRN_Detail_69,63911671997915136,ランダム太陽系を難易度「ハード」以上でクリアするとトレーダー・マイクでアンロックされる
CRN_Detail_70,63911671997915137,エイリアン勢力の惑星クリア
CRT_Name_81,61701631127838720,ボックスフェイス
CRT_Name_82,61701631132033024,ブームボット
CRT_Name_83,64231687884627968,ペーパーボビー
CT_Name_6,62027090692661248,従業員ボーナス
CT_Name_7,62029080600502272,エピック
CT_Name_8,62029080604696576,アンコモン
CT_Name_9,62029080604696577,レア
CT_Name_10,62030971807981568,コモン
FL_Name_27,58751588326432768,ハンターフレア
FL_Desc_27,58751588355792896,ハンターをハントするのは誰かって？それはあなた。なぜならランガス・ミート社はハンターが特に嫌いだから。
FL_Name_28,58809432610430976,マークスマンフレア
FL_Desc_28,58812300344156160,呼吸はゆっくり。狙いを定めて。いや待った...スマートミートも呼吸するのか？まあいい、とにかく走って銃を撃て。
FL_Name_29,63537517612228608,エイリアンフレア
FL_Desc_29,63537517633200128,立ちはだかるエイリアンどもを後悔させるだけの火力がある。
FL_Name_30,63537517633200129,アクアティックフレア
FL_Desc_30,63537517633200130,どんなサメにも餌扱いされたくないときにうってつけ。
FL_Name_31,63537517633200131,フランケンフレア
FL_Desc_31,63537517633200132,率直に言おう。これさえあれば、説明書なしで造られたような敵に立ち向かう自信が得られる。
FL_Name_32,63537517633200133,インセクトイドフレア
FL_Desc_32,63537517633200134,外骨格を持つあらゆるものを無力化するように設計されている。ただし、ベアトリスは別。
FL_Name_33,63537517633200135,マシンフレア
FL_Desc_33,63537517633200136,どんな敵の機械も無害な部品の山にしてしまうのに役立つこと間違いなし。
FL_Name_34,63537517633200137,ミュータントフレア
FL_Desc_34,63537517633200138,退屈した進化がランダムに改造したように見える敵に立ち向かおう。
FL_Name_35,63537517633200139,オムニミートフレア
FL_Desc_35,63537517633200140,オムニミートについて何か言いたいことがなくても大丈夫。アレについては誰も何も言いたくないので。
GN_Name_17,64208246938787840,月の裂け目
HE_Desc_145,58751588359987200,ハンターに対する追加ダメージ +30%
HE_Desc_146,58751588359987201,ハンターに対する追加ダメージ +40%
HE_Desc_147,58751588359987202,ハンターに対する追加ダメージ +50%
HE_Desc_148,63537517637394432,エイリアンに対する追加ダメージ +10%
HE_Desc_149,63537517637394433,エイリアンに対する追加ダメージ +15%
HE_Desc_150,63537517637394434,エイリアンに対する追加ダメージ +20%
HE_Desc_151,63537517637394435,アクアティックに対する追加ダメージ +10%
HE_Desc_152,63537517637394436,フランケンミートに対する追加ダメージ +10%
HE_Desc_153,63537517637394437,インセクトイドに対する追加ダメージ +10%
HE_Desc_154,63537517637394438,アクアティックに対する追加ダメージ +15%
HE_Desc_155,63537517637394439,フランケンミートに対する追加ダメージ +15%
HE_Desc_156,63537517637394440,インセクトイドに対する追加ダメージ +15%
HE_Desc_157,63537517637394441,アクアティックに対する追加ダメージ +20%
HE_Desc_158,63537517637394442,フランケンミートに対する追加ダメージ +20%
HE_Desc_159,63537517637394443,インセクトイドに対する追加ダメージ +20%
HE_Desc_160,63537517637394444,マシンに対する追加ダメージ +10%
HE_Desc_161,63537517637394445,ミュータントに対する追加ダメージ +10%
HE_Desc_162,63537517637394446,オムニミートに対する追加ダメージ +10%
HE_Desc_163,63537517637394447,マシンに対する追加ダメージ +15%
HE_Desc_164,63537517637394448,ミュータントに対する追加ダメージ +15%
HE_Desc_165,63537517637394449,オムニミートに対する追加ダメージ +15%
HE_Desc_166,63537517637394450,マシンに対する追加ダメージ +20%
HE_Desc_167,63537517637394451,ミュータントに対する追加ダメージ +20%
HE_Desc_168,63537517637394452,オムニミートに対する追加ダメージ +20%
ITM_Name_1064,58751588414513152,ハンター I
ITM_Name_1065,58751588414513153,ハンター II
ITM_Name_1066,58751588414513154,ハンター
ITM_Name_1067,58809432732065792,マークスマン I
ITM_Name_1068,58809432732065793,マークスマン II
ITM_Name_1069,58809432732065794,マークスマン
ITM_Name_1073,63537517687726080,アクアティック I
ITM_Name_1074,63537517687726081,マシン I
ITM_Name_1075,63537517687726082,ミュータント I
ITM_Name_1076,63537517687726083,フランケン I
ITM_Name_1077,63537517687726084,オムニミート I
ITM_Name_1078,63537517687726085,インセクトイド I
ITM_Name_1079,63537517687726086,エイリアン I
ITM_Name_1080,63537517687726087,アクアティック II
ITM_Name_1081,63537517687726088,マシン II
ITM_Name_1082,63537517687726089,ミュータント II
ITM_Name_1083,63537517687726090,フランケン II
ITM_Name_1084,63537517687726091,オムニミート II
ITM_Name_1085,63537517687726092,インセクトイド II
ITM_Name_1086,63537517687726093,エイリアン II
ITM_Name_1087,63537517687726094,アクアティック III
ITM_Name_1088,63537517687726095,マシン III
ITM_Name_1089,63537517687726096,ミュータント III
ITM_Name_1090,63537517687726097,フランケン III
ITM_Name_1091,63537517687726098,オムニミート
ITM_Name_1092,63537517687726099,インセクトイド III
ITM_Name_1093,63537517687726100,エイリアン III
ITM_Attr_509,64221606589751296,レベルアップ報酬での運上昇{0:|+|+|+}{0:percent()}%
ITM_Attr_510,64221606593945600,レベルアップ報酬での運上昇 {0:0.##}倍
PE_Desc_85,63562852170760192,タレットラン
PLN_Name_25,63252864435216384,オムニポータル
RF_Name_1,63521298457751552,ブラッド・サイドマン博士
RF_DetailText_1,63521298478723073,ブラッド・サイドマン博士は、<b>ランガス・ミート</b>の水産タンパク質源の効率を最大化することを目的とする<i>リヴァイアサン計画</i>の主任研究員である。サイドマンのチームは大きな可能性を示し、摂取した生物の肥大化を促進する藻類株を開発した。予期せぬミューテーションはあったが、それは「制御可能な外れ値」として承認された。<br><br>悲しいことに、予算の再配分によって計画は中止となり、惑星への物資供給はすべてキャンセルされた。チームが脱出した際の記録はファイルには残っていないが、サイドマン博士は以下の最後の記録の時点まで残っていたようだ。<br><br><i>飢えは明晰さをもたらす。今になってわかった。私はキャプテン...私はシロナガスクジラ...私はハープーン。私は守護者であり、捕食者である。私は海そのもの、永遠にして孤独な存在。</i>
RF_Subtitle_1,63521298478723072,ランガス・アクアミートの科学者
RF_DetailText_2,63782640302788608,長い歴史を持つランガス軌道探査船の第1号。星間移動と<b>ミートコア</b>の抽出用に設計され、最先端の人格シミュレーション技術を搭載している。42年間運用された後、現役を退いた。<br><br><b>カール・ランガス</b>によって再起動され、現在遂行中の<b>スマートミート</b>実験の主要な拠点として利用されている。
RF_Subtitle_2,63780286752985088,ザ・シップ
RF_Name_3,63780286773956608,ランガス・ミート
RF_DetailText_3,63868852401180672,大昔にイノベーターにして起業家の<b>カール・ランガス</b>によって設立されたレストランチェーン。急速に成長し、数百の星々で何兆人もの飢えた人々に食料を供給する、銀河規模の超大企業へと成長した。<br><br><i>ランガス・ミート。食の未来... それは今日。</i>
RF_Subtitle_3,63780286773956609,最愛の雇用主
RF_Name_4,63780286773956610,メガヌーカー
RF_DetailText_4,63868852401180673,この革新的な調理装置は、大量の短波長放射線を浴びせることで、大量の食肉を素早く加熱する。<br><br><b>カール・ランガス</b>の発案で<b>ブリスケトン</b>に設置されたが、予算不足のため、当初の設計で求められていた放射線シールドは省略せざるを得なかった。
RF_Subtitle_4,63780286773956611,ミートサイエンスデバイス
RF_DetailText_5,63782640332148736,CAL-P50は、<b>ランガス・ミート</b>がフランチャイズの版図を広げるために建造し、銀河中へ送り出した長距離ロボット工場シリーズの一機だ。<br><br>このコグニティブ自動物流艦は、汎用性と効率を最大化するため、<b>ミートサイエンス</b>由来の臓器と人格シミュレーションを組み合わせて運用している。<br><br>やがて、この設計には欠陥があることが判明し、艦の実用寿命を縮めることになった。CAL艦のほとんどはとうの昔に退役している。<br><br>噂では、この一機はカールと恋愛関係にあった過去があるらしい。
RF_Subtitle_5,63780286773956613,移動工場
RF_DetailText_6,63868852401180674,残念ながら、すべての<b>ミートサイエンス</b>実験が文明に大きな飛躍をもたらしたわけではない。<br><br>ブタの被験者をエクストリームフレーバー（TM）で強化することを目的とした小規模な計画として始まったものが、すぐに制御不能になった。ランガス・ミートの技術者たちは、完璧な食品を作る代わりに、完璧な食用機械を作りました。<b></b><br><br>心を持たないこの生物は、仲間たちとともに食いつぶされる少し前に科学者の一人によって「フランケンビーンズ」と名付けられた。そして今、銀河中を旅し、飢えを満たすために果てしない探求をしている。
RF_Subtitle_6,63780286773956614,ミートサイエンスの怪物
RF_DetailText_7,63868852401180676,数十の星々でチャンピオンシップ級のファイターたちを育成してきたことで広く知られる経験豊富なトレーナー。<br><br><b>ランガス・ミート</b>による企業スポンサーシップが失効して以来、コーチ・ダンは公の場での活動をやめ、<b>ダンガス山</b>の牧歌的な地域で隠居生活を送っていた。
RF_Subtitle_7,63868852401180675,ファイトトレーナー（引退）
RF_DetailText_8,63868852401180677,<b>ランガス・ミート</b>が銀河的な商業圏の食料生産部門を掌握すると、最高経営責任者の<b>ドロシー・ダンカン</b>は、鮮やかに包まれたサンドイッチや揚げ物系のスナックと一緒に出せるドリンクが必要だと気づいた。かくして、グリジーガルプが生まれた。<br><br>超甘味飲料とウルトラエナジードリンクを同じ割合で配合したこのおいしい商品は、政府によって定められた規制物質の基準をわずかに下回っている。<br><br>レシピは極秘とされており、許可なく作ろうとすると自然発火してしまうこともある。<br><br><i>グリジーガルプ。一日のあらゆる場面に。</i>
RF_Subtitle_8,63831077983457280,のどを潤せ一気飲み
RF_Name_9,63780286773956615,ランガス・プライム
RF_DetailText_9,63868852401180679,<b>カール・ランガス</b>の母星は<b>ランガス・ミート</b>の最初の銀河本部となった。<br><br>しかし、数年前に労働災害が発生したことで、本部は移転された。
RF_Subtitle_9,63868852401180678,企業の母星
RF_Name_10,63780286773956616,オムニミートポータル
RF_DetailText_10,63868852401180681,<b>Esfera De Carne</b>にあるこの裂け目は、かつてはタンパク質豊富な<b>オムニミート</b>を異次元から抽出するための、小規模で厳重に管理された手段だった。<br><br>ランガス・ミートとその創設者<b>カール・ランガス</b>の無謀さが過剰な拡張を招き、<b>オムニミート事件</b>として知られる大惨事を引き起こした。
RF_Subtitle_10,63868852401180680,次元の裂け目
RF_Name_11,63780286773956617,オムニミート事件
RF_DetailText_11,63868852401180683,銀河の人口が増えるにつれ、<b>オムニミート</b>の需要は急増した。当初、<b>カール・ランガス</b>は<b>オムニミートポータル</b>の使用を厳しく管理していたが、<b>ランガス・ミート</b>の経営陣から強い声が上がり、ポータルの拡張を説得された。<br><br>これは計画どおりには進まなかった。<br><br>オムニミートは制御不能な速度でポータルから噴出した。それは<b>ランガス・プライム</b>全域から<b>オムニクロン</b>中へと広がり、世界とそこに住む人々を感染させ、変質させていった。ほどなくして、銀河全体が<b>オムニミート</b>に汚染された。
RF_Subtitle_11,63868852401180682,何が起こったか
RF_Name_12,63780286773956618,ドッティ・ダンカン
RF_DetailText_12,63831077983457282,"ドロシー・""ドッティ""・ダンカンは、<b>カール・ランガス</b>と共に<b>ランガス・ミート</b>を立ち上げた陰の共同創設者としてキャリアをスタートさせた。<br><br>会社が成長するにつれ、彼女は財務とマーケティングを中心にますます大きな役割を担うようになり、カールが<b>ミートサイエンス</b>の新たなブレイクスルーを生み出し続けられるよう支えた。<br><br>ドッティは悲劇の<b>オムニポータル事件</b>で行方不明となった。カールは今でも、いつか彼女を見つけ出せるというわずかな希望を捨てずにいる。"
RF_Subtitle_12,63831077983457281,どうか安らかに
RF_Name_13,63780286773956619,オムニクロン
RF_DetailText_13,63831077983457284,<b>ランガス・ミート</b>のもともの母星系。何年も前に大規模な労働災害が発生し、ほぼ完全に放棄されている。
RF_Subtitle_13,63831077983457283,惑星系
RF_Name_14,63780286773956620,プラムターズ・フォリー
RF_DetailText_14,63831077983457285,人口密度の高い星系で、230億人を超える顧客がいる。そのほとんどが住んでいるのは、主要天体である<b>ビッグ・オル・タンガス</b>だ。
RF_Name_15,63780286773956621,ソーセージ・スパイラル
RF_DetailText_15,63831077983457286,人口密度の低い惑星系で、かつては<b>ランガス・ミート</b>が試験や研究に使用することが多かった。<br><br>効率が向上したおかげで、ここのほとんどの施設はもはやほとんど稼働していない。
RF_DetailText_16,63831077983457287,銀河系の超大企業に成長したレストランチェーン、<b>ランガス・ミート</b>の創業者は、もともとは、料理を作って提供するビジネスモデルの改革を目指す謙虚な発明家だった。<br><br>その革新的な<b>ミートサイエンス</b>の飛躍的進歩は、旧来のパラダイムを打破し、多くの顧客を幸せにし、みんながお腹いっぱいになれる明るい新時代の到来を告げた。だからこそ、銀河系に愛されているのだ。 
RF_Subtitle_16,63780286773956622,最愛の創業者
RF_DetailText_17,63831077983457288,<b>ランガス・ミート</b>が水産養殖の収穫量を増やすことに取り組んでいた「<i>リヴァイアサン計画</i>」の跡地。<br><br>長期にわたる<b>ミートサイエンス</b>実験が行われたことで、この星の動植物は予測不能な仕方で永遠に変化してしまった。
RF_Subtitle_17,63782640332148737,惑星
RF_DetailText_18,63831077983457289,<b>ランガス・ミート</b>がカール・ランガス料理発明センターに指定しているこの場所は、創業者の<b>カール・ランガス</b>の指導のもと、数え切れないほどのミートサイエンスの革新に貢献してきた。<br><br>カール・ランガスが同社を去ると、敷地は静かに閉鎖され、予算から除外された。スタッフの再配置のための資金さえ割り当てられなかった。
RF_DetailText_19,63831077983457290,プラムターズ・フォリーの主要世界には、都市部に集中したヒューマノイドの住民が密集している。グリジーガルプ（ランガス・ミートの登録商標）として知られる物質に何世代にもわたってさらされた結果、住民のDNAは奇妙で説明不能な形に恒久的に変化した。<br><br>ビッグ・オル・タンガスでは、指導者は儀式化された戦闘制度によって選ばれる。この戦闘は主要な娯楽でもある。そのため、最強のセレブだけが人々を支配する権力の座に就く。
RF_DetailText_20,63831077983457291,かつては<b>ビッグ・オル・タンガス</b>の崩壊しつつある都心からの逃避地だった牧歌的な地域。だが、ミュータントやフランケンなどの怪物たちに襲撃され、ほとんど人がいなくなってしまった。<br><br>この地域で最も有名な住民は、<b>コーチ・ダン</b>という名の引退したファイトトレーナーだ。
RF_Subtitle_20,63782640332148738,かつての楽園
RF_DetailText_21,63831077983457292,<b>グリジーガルプ</b>に対する銀河的な需要が高まるにつれ、先見の明のある<b>ランガス・ミート</b>の幹部は、新しい工場用地としてこの衛星を購入する計画を立てた。<br><br>時が経つにつれ、リル・タンガスは銀河系におけるグリジーガルプ製造拠点へと成長し、毎年ますます需要が高まる顧客向けに、1日に数十億ガロンもの飲料を供給するようになった。
RF_Subtitle_21,63782640332148739,工場衛星
RF_Name_22,63782640332148740,ザ・ヴェンデッタ
RF_DetailText_22,63868852401180684,<b>ミートサイエンス</b>の秘密を手に入れようと企むエイリアンの侵略者が乗る巨大な船。
RF_Subtitle_22,63782640332148741,エイリアンのスターシップ
RF_Name_23,63782640332148742,パウンディング・ファーザーズ
RF_DetailText_23,63868852401180685,このチャンピオン級ファイター3人組は、指導者を選ぶための儀式戦闘「マンデーナイトミッドタームズ」で勝利を重ね、<b>プラムターズ・フォリー</b>を支配している。<br><br>ポークバレル・ピートは官僚制を武器に身を守り、ジュニアセネターを召喚して敵を圧倒する。<br><br>ヘア・フォース・ワンは頭上を飛び回り、爆弾と気の利いたひと言で相手を壊滅させる。<br><br>ジャッジ・クロウダディは、正義を狙い定めたハンマーの弾幕でリングを支配する。
RF_Subtitle_23,63831077983457293,惑星の支配者たち
RF_Name_24,63782640332148743,トゥトリアス
RF_DetailText_24,63831077983457294,銀河の中心宙域から遠く離れたこの惑星は、かつては<b>ランガス・ミート</b>の長期保管施設として使われ、すぐには使い道のない物品や材料が保管されていた。<br><br>現在、<b>カール・ランガス</b>はここを最先端の<b>ミートサイエンティスト</b>の実験場として利用してる。
RF_Name_25,63831077983457295,ミートサイエンス
RF_DetailText_25,63831077983457297,産業化されたバイオエンジニアリングの一分野。革新的な発明家である<b>カール・ランガス</b>によって開拓された。<br><br>カール・ランガスは<b>ランガス・ミート</b>を通じて、銀河系の飢えた人々に食料を供給するためにミートサイエンスを活用した。<br><br>数え切れないほどの競合他社が、ランガス・ミートの企業秘密を真似しようとして失敗してきた。
RF_Subtitle_25,63831077983457296,カールの遺産
RF_Name_26,63831077983457298,オムニミート
RF_DetailText_26,63868852401180686,カール・ランガスのミートサイエンスをもってしても、飢えた銀河を十分に養うことはできなかった。そこで、カール・ランガスはさらに常道を外れたアプローチを模索することとなった。<br><br><br>ある実験によって次元間の壁を突き破り、後に<b>オムニミート</b>と名付けられるタンパク質ベースの有機物質で満たされた宇宙を発見した。この無限の食用素材（宇宙船の燃料でもある）の供給により、ランガス・ミートは事業を大幅に拡大することに成功した。<br><br><br>飢餓は撲滅され、銀河は繁栄と成長の時代を迎えた。
RF_Subtitle_26,63831077983457299,カールの最大の発見
RF_Name_27,63831077983457300,スマートミート
RF_DetailText_27,63831077983457302,現在進行中の<b>ミートサイエンス</b>の飛躍的進歩が生んだ最新の成果であるスマートミート（商標出願中）は、さまざまな重要なタスクを実行可能な有機労働力を大量生産することができる最先端のテクノロジーです。<br><br>スマートミートの各従業員は数秒で作成されるため、新規従業員の雇用とトレーニングにかかる従来の費用のほとんどが削減されます。さらに、スマートミートの従業員はすべて、完全に生分解性！<br><br>人件費を削減し、一晩で従業員の不満スコアを減らす方法を知りたい方は、今すぐに<b>ランガス・ミート</b>のフランチャイズ担当者までご連絡ください！<br><br><i>--<b>ランガス・ミート</b>の営業パンフレットより</i>
RF_Subtitle_27,63831077983457301,従業員の再発明
RF_DetailText_28,63868852401180687,かつて<b>ランガス・ミート</b>に勤めていた科学者。今や<b>ピーテリウム</b>の水生生物の守護者であり、世界の頂点捕食者でもあると自認する巨大生物だ。<br><br>自分は海賊だとも思っている。人間というのは本当に不思議だ！
RF_Subtitle_28,63831077983457303,ミートサイエンスのアノマリー
RF_DetailText_29,64168635024117760,正体不明の奇妙で人懐っこいロボット。このロボットは遠い昔にはるか彼方の銀河から宇宙船でやってきたのだと信じている人もいる。<br><br>ごく最近、<b>リセット</b>はカリプソという知性ある長距離ロボット工場の囚人となっていた。どうやら両者の関係がうまくいかなかったことが原因のようだ。
RF_Subtitle_29,64168635003146240,失恋ロボット
RF_Name_30,64168635024117761,ランガスマイナー
RF_DetailText_30,64168635024117763,<i>ここは、私が<b>ランガス・ミート</b>で働いていた頃に利用していた秘密の個人研究所だった。友人の<b>ドッティ・ダンカン</b>でさえ、ここのことは知らなかった！</i><br><br><i>私は主に、気を散らすものから離れて静かな時間を過ごすためにここを使っていた。だが、まで他人には見せられないような<b>ミートサイエンス</b>のの実験を行うための場所でもあった。</i>
RF_Subtitle_30,64168635024117762,放棄された研究所
RF_Name_31,64168635024117764,ドッティはオムニ・プリンセス
RF_DetailText_31,64168635024117766,<i><b>オムニミート・プリンセス</b>が、私の旧友であるドッティ・ダンカンだと推測できる者などいただろうか？<b>オムニミート事件</b>のせいでドッティが私に腹を立てた理由も、これでよくわかった。あの事件のせいでドッティはおかしくなったのだろう。こういうことがあると、本当に頭が混乱してしまう。</i><br><br><i>この件をどうにか解決しなければならないんだが、それができる場所は1つしか思いつかない。これは、最悪中の最悪の考えだ。</i>
RF_Subtitle_31,64168635024117765,銀河を貪り食いたがっている女
RF_Name_32,64168635024117767,オムニミート・プリンセス（システム2更新）
RF_DetailText_32,64168635024117769,<i>なあ、あの女は本当にカールのジジイに腹を立てているのか？<br><br>どうして壊れた<b>グリジーガルプ</b>の工場にあんなに執着しているのやら。きっとグリジーガルプが大好物なんだろう！</i>
RF_Subtitle_32,64168635024117768,異次元存在
RF_DetailText_33,64168635024117771,<i>「おお、こいつらが前に警告した宇宙のハナクソどもだ。いっつも<b>スマートミート</b>を追っかけちゃ、ペロッと平らげちまうのさ。<br><br>細っこい方がヴォイド、デカいのがヌルって名前だったと思う。<br><br>足止めする方法なら、いくつかアイデアがある。」</i>
RF_Subtitle_33,64168635024117770,命取りの追跡者たち
RF_Name_34,64168635024117772,オムニミート・プリンセス（システム3更新）
RF_DetailText_34,64168635024117773,<i>オムニミート・プリンセスが、私の旧友である<b>ドッティ・ダンカン</>だと推測できる者などいただろうか？<br><br><b>オムニミート事件</b>のせいでドッティが私に腹を立てた理由も、これでよくわかった。あの事件のせいでドッティはおかしくなったのだろう。こういうことがあると、本当に頭が混乱してしまう。</i><br><br><i>この件をどうにか解決しなければならないんだが、それができる場所は1つしか思いつかない。これは、最悪中の最悪の考えだ。</i>
RF_Name_35,64168635024117774,ラージ・マージ
RF_DetailText_35,64168635024117775,銀河中で目撃されている、謎めいた強大な存在。<br><br><i>「あの不気味な女、見てると鳥肌が立つ...でも、もう長いこと見かけてねぇ。なんか見覚えがあるような気がするんだが...」 -カール</i>
VO_Transcript_142,63089472154472448,モタモタするな！足を動かせよ 相棒！<br><br>[InputAction:Gameplay/CharacterMovement]で移動だ
VO_Transcript_143,63090527013539840,[InputAction:Gameplay/Jump]でジャンプ
VO_Transcript_145,63116930585038848,<br><br>[InputAction:Gameplay/CharacterMovement]で移動
VO_Transcript_148,63120025394188288,[InputAction:Interact/Interact]長押しでミートコアを操作しろ
VO_Transcript_149,63120702820421632,モタモタすると効率が下がる　続けろ<br><br>フレッシュミートの近くで[InputAction:Interact/Interact]を押して交換だ
VO_Transcript_150,63121424244903936,グズグズするんじゃない<br><br>ジャンプしてから[InputAction:Gameplay/LegsAbility]でダッシュだ
VO_Transcript_151,63122062601195520,スマートミートに欠陥があるのかもしれない。<br><br>[InputAction:Gameplay/RangedFire]で射撃、[InputAction:Gameplay/MeleeFire]で近接攻撃だ
VO_Transcript_156,63126683751124992,そうしたら降りてこれを片づける
VO_Transcript_157,63126683751124993,フレッシュミートと交換するだけでいい！
VO_Transcript_162,63130956027236352,おお、ここなら新しい脚が使えそうだな！
VO_Transcript_163,63130956027236353,そこでジャンプするのが難しければ 反対側を登ればいい
VO_Transcript_164,63130956027236354,ジャンプを試す前に端に近づけよ　いいな？
VO_Transcript_165,63132572436500480,おぉ これぞミートサイエンスだ！
VO_Transcript_166,63179948538826752,現在 新規従業員を準備中
VO_Transcript_167,63179948568186880,おそらく次は改善が見られるだろう
VO_Transcript_168,63179948568186881,この結果は不可避だった
VO_Transcript_169,63179948568186882,ミートサイエンスは完璧な科学ではない
VO_Transcript_170,63179948568186883,とんでもなく痛そう
VO_Transcript_171,63179948568186884,ミートサイエンスはよくわからないがうまくいく
VO_Transcript_172,63179948568186885,悲しみ方は人により異なる
VO_Transcript_173,63179948568186886,少なくとも 一瞬で終われた
VO_Transcript_174,63179948568186887,応援してたのに
VO_Transcript_179,63455509689503744,ミートコアにいい感じに火が通った　そろそろ食べるか
00c32fad3a344b378b312571aee6b3ec_118_0,92320026952982533,ハッチを開く
01998190f8294995824ace7de2ff5e2f_121_0,66001975141761027,ジェネレーター4チャージ
04fabed781d24397a4ed9344c5a3d010_118_0,92320026952982530,リソーストラックを起動する
0bcd28e40f684d9db9742eb8901dad37_118_0,92320026952982534,トラクタービームを倒した
182e239371ef49dfbec24e0ea023fd6a_121_0,66763169515470853,マシンヘッドを取り、ジェネレーターをチャージする
24f5e0820b2a430e8674be90ab68934f_118_0,92320026952982531,トラックを護衛する
2c6cfc90551847669db3d4e2ef15d3c6_54_0,79134725535424513,タレットを倒した
31498dc4387f4eaea72dde2f0832dce7_121_0,66763169515470851,無料のマシンヘッド！
368bf896e1c94240bd2576d0b1a657fa_124_0,88432235181498368,祠を守れ！
3f13c16356b846cc9b49d10059081ed9_124_0,88510558536458240,待機
45c41fc4a38742fdb704cb4e69bcd9da_124_0,87364860482936834,祠を起動する
477fc870434d4106b6594bd6e83d5c48_121_0,66763169448361984,ジェネレーター1
51af503259c74b36bab7aeab459b285a_121_0,66763169515470852,マシン工場を見つける
555fc042f5db409abe3caba4559a8797_124_0,89024036670005248,待機中
59136b9c775e4ec1933c8ed20f9f5d23_40_0,88805460474322944,ハーベスターを守れ！
60b5b41fcef444a284cd8994d540f9c5_124_0,91672564080828416,パワーアップ中の祠を守れ！
702602d4ffea43a8ad2b8be054e73dc4_127_0,93987121075838976,出口ポータルを調べる
736627e655094cfa8f25340937a2d4ff_120_0,64640664636219392,ミートピクルスを破壊する
886243dec6dd496386e201a8f85cc295_118_0,92320026952982532,貨物を守る
8c5170fa2ce549e1985ebb5d0e01c4e6_120_0,64640664636219393,ミートピクルスを倒した
90eef0e7dafe4e98b691a8cf3bfae1b5_122_0,66304535373537280,ランを続行
96ce8ec8a31a44ceb57c0a8de5546f5f_121_0,66001975141761024,ジェネレーター1チャージ
985ece3c25384d839157c479d8223073_121_0,66001975141761026,ジェネレーター3チャージ
9da26d36ea2247ba99b70e7c742973b1_118_0,92320026952982536,発射中 
a154039495b7470584a0af27d4ed866d_121_0,66763169515470850,ジェネレーター4
aadf3602081f4015aec9c47bc86000dd_121_0,66763169515470849,ジェネレーター3
ac2567e652e94e068700c6209c7f36ea_54_0,79134725535424512,なんてこった！！
cf9d61014cd1492d8c893491a9645ba0_121_0,66001975141761025,ジェネレーター2チャージ
da041d35d4c44d99bda028dd88ff0325_122_0,66304535373537281,ボルトバーガーに向かう
e7c43fda99ac4e8e8dd538cf316110cf_122_0,66304535373537282,ランを開始
eea91060b83b4496b1aeac1d2d260752_118_0,92320026952982529,トラックを見つける
f9870dbcb1a0442099f6f6c74c7714e3_121_0,66763169515470848,ジェネレーター2
fcd915f79a4740e2a0a12db6d86a8244_118_0,92320026952982535,シャトルを発射する
STG_12_1394fd3152ff42f38ae60f5d57322b88,66435288571154433,また誕生日になったのは誰かって？それはお前さ！
STG_12_3448bc63ae1e4206849d19a7840f85fe,66435288571154434,ハッピーハッピーバースデー！
STG_12_b5c16efb19114e3d85197aa361affadc,66435288571154437,今日もまたもや誕生日
STG_12_bb9caf614acd49c9a3eec4b85964909a,66435288571154436,ディンドン！誕生日おめでとう！
STG_12_bcf64c2f553a480b94a284b70604152a,66435288571154435,今日は誰の誕生日だ？お前だろ！
STG_12_ca27f0642db742338ba85a318a05e5c5,66435288571154438,またもやハッピーな日が来たな おチビのスクイッシー！
STG_12_d1260cdbf83a435d9734fabac23023f9,66435288571154432,またお前の誕生日だ！
STG_86_162f3932e37c49f696ab8699acf964be,66357874696491009,うまい！
STG_86_834d57a162d14a24a157199a6d8f1c4e,66357874696491008,やっと捕まえた！
STG_86_e58baca8b4594c5c8b9ee8eb81f7ecb2,66357874654547968,ものすごくうまい
STG_87_2c8df3d39aa0499daeda8c9d2ec2ae02,66357874696491012,ずいぶん探しまわったぜ
STG_87_4c35ded8489b4c258c53d9fcdfb3b698,66357874696491014,ちょっと邪魔してもいいか？
STG_87_63f4d4a7bcbf4206ba6d4ac872e047df,66357874696491011,ミスター・ヌル これが見えるかな？
STG_87_e58baca8b4594c5c8b9ee8eb81f7ecb2,66357874696491010,ほらほら！
STG_87_fb62256c98f1462a9d3811b89008e54b,66357874696491013,逃げられると思ったか？
STG_88_016ff15dde534d769d1d1ba438bb5766,66357874696491018,どこにいるんだ チビ肉？
STG_88_116484f3783349e397e4371394922c35,66357874696491019,俺のおやつはどこに行った？
STG_88_162f3932e37c49f696ab8699acf964be,66357874696491017,ミスター・ヴォイド ランチのにおいだ！
STG_88_834d57a162d14a24a157199a6d8f1c4e,66357874696491016,ここからでもにおうぞ！
STG_88_e58baca8b4594c5c8b9ee8eb81f7ecb2,66357874696491015,腹ペコだ！
STG_89_2c8df3d39aa0499daeda8c9d2ec2ae02,66357874696491022,今はタイミングが悪いか？
STG_89_4c35ded8489b4c258c53d9fcdfb3b698,66357874696491024,もしもし 誰かいるかな？
STG_89_63f4d4a7bcbf4206ba6d4ac872e047df,66357874696491021,ミスター・ヌル 狩ってもいいかな？
STG_89_e58baca8b4594c5c8b9ee8eb81f7ecb2,66357874696491020,残念ながら 時間切れ！
STG_89_fb62256c98f1462a9d3811b89008e54b,66357874696491023,さあ 狩りを始めよう！
STG_90_e58baca8b4594c5c8b9ee8eb81f7ecb2,66357874696491025,ああ 味見しなきゃな！
STG_91_e58baca8b4594c5c8b9ee8eb81f7ecb2,66357874696491026,お楽しみの準備はOK？
STG_92_162f3932e37c49f696ab8699acf964be,66357874696491029,ミスター・ヌル やられちまった！
STG_92_834d57a162d14a24a157199a6d8f1c4e,66357874696491028,言っておくが あのチビはパワーがあるぞ！
STG_92_e58baca8b4594c5c8b9ee8eb81f7ecb2,66357874696491027,ちょっと待った
STG_93_162f3932e37c49f696ab8699acf964be,66357874696491032,俺を怒らせやがったな！
STG_93_834d57a162d14a24a157199a6d8f1c4e,66357874696491031,お遊びは終わりだ！
STG_93_e58baca8b4594c5c8b9ee8eb81f7ecb2,66357874696491030,そろそろ終わらせるか！
STG_94_162f3932e37c49f696ab8699acf964be,66357874696491035,さて どこに行きやがった？
STG_94_834d57a162d14a24a157199a6d8f1c4e,66357874696491034,ああ かなりよくなった
STG_94_e58baca8b4594c5c8b9ee8eb81f7ecb2,66357874696491033,ちょっと横になりたかったんだ
STG_95_2c8df3d39aa0499daeda8c9d2ec2ae02,66361789617901570,邪魔して悪いね
STG_95_4c35ded8489b4c258c53d9fcdfb3b698,66361789617901572,さあ 新鮮な肉だぞ！
STG_95_63f4d4a7bcbf4206ba6d4ac872e047df,66361789617901569,あれを見ろ ミスター・ヴォイド！
STG_95_e58baca8b4594c5c8b9ee8eb81f7ecb2,66361789617901568,おぉ ランチじゃないか！
STG_95_fb62256c98f1462a9d3811b89008e54b,66361789617901571,ランチタイムだ！
STG_96_e58baca8b4594c5c8b9ee8eb81f7ecb2,66361789617901573,ぶっ潰してやる！
STG_97_e58baca8b4594c5c8b9ee8eb81f7ecb2,66361789617901574,こいつは痛いぞ！
STG_98_162f3932e37c49f696ab8699acf964be,66361789617901577,すまんな ミスター・ヴォイド！
STG_98_834d57a162d14a24a157199a6d8f1c4e,66361789617901576,あいつら 見た目よりタフだな！
STG_98_e58baca8b4594c5c8b9ee8eb81f7ecb2,66361789617901575,ありゃ痛いぞ！
STG_99_162f3932e37c49f696ab8699acf964be,66361789617901580,お優しいミスター・ヌルはもう終わりだ！
STG_99_834d57a162d14a24a157199a6d8f1c4e,66361789617901579,ミスター・ヴォイド、俺はもうキレたぞ！
STG_99_e58baca8b4594c5c8b9ee8eb81f7ecb2,66361789617901578,終わりにしてやる！
STG_100_162f3932e37c49f696ab8699acf964be,66361789617901583,気分がよくなったよ！
STG_100_834d57a162d14a24a157199a6d8f1c4e,66361789617901582,昼寝は終わり　ランチの準備はできたぞ！
STG_100_e58baca8b4594c5c8b9ee8eb81f7ecb2,66361789617901581,よし どこに行った？
STG_101_2d4e9fa2379e4742a83167d33236d447,66435288571154445,元気にしてるか？
STG_101_2df9cf960ead43f6b80f1f7726f85aa4,66435288571154439,やあ スクイッシー！
STG_101_31221ccd7735454f88a5e4297aa88d97,66435288571154447,お そこにいたか 会えてよかった！
STG_101_58e64a80752347118e275397c6d3b9dd,66435288571154443,よう おチビの相棒！
STG_101_6164f3ca78a8410cb0222f3dd7f44673,66435288571154442,調子はどうだ？
STG_101_911bb0f5e8c441359220d84e4b7a4d30,66435288571154441,よう！
STG_101_91df6a61d2cd48568c88d4c3a3c3b140,66435288571154448,よう 調子はいいか？
STG_101_9c280bd2c80c4d7d8f4c0bad6519decd,66435288571154444,お前はお気に入りのスクイッシーだ！
STG_101_a0c9d50b7ac04f048660da9c00563355,66435288571154440,そこにいたか！
STG_101_ac50e9fabba74e58ba82fb3d612d9ea8,66435288571154446,ハロー おチビちゃん！
STG_101_e2950848758345eca0dda0b4ecf92fd7,66435288571154449,おっ 元気にしてるか！
STG_102_07aeb06757ea4d83a925e9b5912b8550,66778140018839555,その調子で頑張れよ！
STG_102_1d485d7971fa4dc290b9af09ce568127,66778140018839552,気をつけてな！
STG_102_209dba9bb321487487815d056cdff335,66778140018839557,元気でな おチビの相棒！
STG_102_253905826c564fb2a5270da3f6110546,66778140014645248,また会おうな スクイッシー！
STG_102_681ec913f2d546d889972e763313659e,66778140018839558,アディオス アミーゴ！
STG_102_94fe5491de04435b8a95aae0b2c85f9b,66778140018839554,じゃあな おチビの相棒！
STG_102_c6e5299b8dde4a7e8d12267e458db7f5,66778140018839556,さらば！
STG_102_d562ae583d9648f68dee936e8df37560,66778140018839553,気楽にやってくれ スクイッシー！
STG_103_1e1a08579f154d3390641eae410a9003,66435288571154451,多くのファイターを鍛えてきたが 歩くブリトーみたいな奴は初めてだ
STG_103_2715b3783d424a1e85b137009a8181fe,66435288571154453,ビスケット・ビルという名のファイターを思い出す　あいつの身体はパンだった
STG_103_402bfd769a1b41078a10fdfba74c5f14,66435288571154460,かつて 俺とカールはとんでんもないことをした
STG_103_5164f569287c4072a63d592f052742f9,66435288571154459,俺とカールのことは昔話だ　それもかなり古い
STG_103_64d638e56c384f24b188ca2819652eef,66435288571154462,銀河系をよりよくするためにカールが帰ってきてくれた　俺はうれしいよ
STG_103_836c805e84494fb8a71f9540f4df5318,66435288571154452,お前はキッド・マンガンみたいだな　奴がグリジーにハマる前の話だが
STG_103_95e5e6ddd2a54b07b87fd4671792ab83,66435288571154457,チェーンソー・マギーというファイターを見たことがあるか？いい女だよ 信じるかはお前次第だが
STG_103_9850ab8dd16e4c88acd86a61b4b87604,66435288571154450,俺はお前を誇りに思う　だが俺がこんなことを言ったなんて言いふらすなよ
STG_103_9a1148cfde7f4e8c824c29a0db0d388e,66435288571154454,ピエロの靴を履いた奴を鍛えたことがある　やめといた方がよかったけどな
STG_103_a8746e6e66f14163b2ef5206525c620f,66435288571154456,アイアン・トゥネイルというファイターを見たことはあるか？一度見れば忘れない相手だ
STG_103_abdb3693c1db4ae1888836e43e8c1120,66435288571154455,タコと戦ったことはあるか？油断大敵の意味を学べるぞ
STG_103_b0160ac90afe4183b15a458ae7621462,66435288571154463,カール・ランガスはいつも大きな夢を見ていた　そこは尊重してやれ
STG_103_dae83de77f1b42ec8113bb8f50a0f558,66435288571154458,ドク・ブリックフェイスというファイターを見たことがあるか？実はあいつはただの歯医者だった
STG_103_e0db3007bcb24305b60e39511051847d,66435288571154461,ああ カールはいくつか間違いを犯した　だが間違えない奴なんていないだろう？
STG_103_e10f9f4d03544556827565a467ba95e2,66435288571154464,言っておくが カール・ランガスを過小評価してはいけない
STG_104_1e1a08579f154d3390641eae410a9003,66435288571154466,よう タフガイ
STG_104_2715b3783d424a1e85b137009a8181fe,66435288571154468,猫は何を引きずりこんできたやら
STG_104_836c805e84494fb8a71f9540f4df5318,66435288571154467,会えてうれしいぞ
STG_104_9850ab8dd16e4c88acd86a61b4b87604,66435288571154465,やあ チャンピオン
STG_105_1e1a08579f154d3390641eae410a9003,66435288571154470,話せてよかった
STG_105_2715b3783d424a1e85b137009a8181fe,66435288571154472,また会おう
STG_105_836c805e84494fb8a71f9540f4df5318,66435288571154471,気楽にやれよ チャンピオン
STG_105_9850ab8dd16e4c88acd86a61b4b87604,66435288571154469,またな
STG_106_1e1a08579f154d3390641eae410a9003,66435288571154474,取引成立だ
STG_106_836c805e84494fb8a71f9540f4df5318,66435288571154475,こっちはそれでいい
STG_106_9850ab8dd16e4c88acd86a61b4b87604,66435288571154473,公平なようだな
STG_107_1e1a08579f154d3390641eae410a9003,66435288575348737,新しい肉と交換するか！
STG_107_836c805e84494fb8a71f9540f4df5318,66435288575348738,新しい肉を手に入れろ！
STG_107_9850ab8dd16e4c88acd86a61b4b87604,66435288575348736,新しい肉が必要だぞ！
STG_108_57d595dd68b94b11b2b59fb88b7a5da5,66771219589206016,それで何かが変わるとでも思っているのか
STG_109_57d595dd68b94b11b2b59fb88b7a5da5,66771219626954752,もちろん 私はお前がどこへ行くか正確に知っている
STG_110_57d595dd68b94b11b2b59fb88b7a5da5,66771219626954753,物事を変えられると思っているな
STG_111_57d595dd68b94b11b2b59fb88b7a5da5,66771219626954754,だが 上に立つのはもうお前じゃない　この私だ
STG_112_57d595dd68b94b11b2b59fb88b7a5da5,66771219626954755,針路をランガス・プライムへ！
STG_113_57d595dd68b94b11b2b59fb88b7a5da5,66771219626954756,カール 嫉妬深い馬鹿者め
STG_114_e58baca8b4594c5c8b9ee8eb81f7ecb2,66774634386001920,オムニミートの力を見よ！
STG_115_e58baca8b4594c5c8b9ee8eb81f7ecb2,66774634390196224,これが望みだったんだろう カール！
STG_116_e58baca8b4594c5c8b9ee8eb81f7ecb2,66774634390196225,今度こそ逃がさない！
STG_117_e58baca8b4594c5c8b9ee8eb81f7ecb2,66774634390196226,オムニミート！
STG_118_e58baca8b4594c5c8b9ee8eb81f7ecb2,66774634390196227,待っていろ カール！私はすぐに戻ってくる
STG_119_e58baca8b4594c5c8b9ee8eb81f7ecb2,66774634390196228,そして今 勝利の宴へ！
STG_120_e58baca8b4594c5c8b9ee8eb81f7ecb2,66774634390196229,勝てないとわかっているのに なぜ戦い続ける？
STG_121_e58baca8b4594c5c8b9ee8eb81f7ecb2,66774634390196230,この程度で勝てると思うな！
STG_122_e58baca8b4594c5c8b9ee8eb81f7ecb2,66774634390196231,お前を倒すぐらい簡単だ！
STG_123_e58baca8b4594c5c8b9ee8eb81f7ecb2,66774634390196232,ダメだ！ふざけるなぁぁぁぁ！
STG_124_e58baca8b4594c5c8b9ee8eb81f7ecb2,66774634390196233,カール・ランガス　自分が勝ったと思っているな
STG_125_e58baca8b4594c5c8b9ee8eb81f7ecb2,66774634390196234,お前もいつかこの操り人形にやられるかもしれない
STG_126_e58baca8b4594c5c8b9ee8eb81f7ecb2,66774634390196235,だが 今お前は私たちの宇宙にいる
STG_127_e58baca8b4594c5c8b9ee8eb81f7ecb2,66774634390196236,そして今こそ オムニミートの真の力を知るべきときだ
STG_128_e58baca8b4594c5c8b9ee8eb81f7ecb2,66774634390196237,また会おう カール・ランガス
STG_129_07aeb06757ea4d83a925e9b5912b8550,66778140018839563,お前のためにスペシャルな物を作ってるのさ おチビの相棒！
STG_129_1d485d7971fa4dc290b9af09ce568127,66778140018839560,あぁ 新しい物を用意してやったぞ！
STG_129_253905826c564fb2a5270da3f6110546,66778140018839559,よう スクイッシー ちょっと料理をしてるんだ　こっちに来い
STG_129_94fe5491de04435b8a95aae0b2c85f9b,66778140018839562,特別な相手のためのちょっとした物を用意した　ちょっと来てくれ
STG_129_d562ae583d9648f68dee936e8df37560,66778140018839561,おやおや 新しい物が見たいのか？
STG_130_07aeb06757ea4d83a925e9b5912b8550,66778140018839568,本当に？じゃあいいぞ！
STG_130_1d485d7971fa4dc290b9af09ce568127,66778140018839565,これはもう持ってたよな
STG_130_253905826c564fb2a5270da3f6110546,66778140018839564,ああ そりゃタフだな　頑張れ！
STG_130_94fe5491de04435b8a95aae0b2c85f9b,66778140018839567,そんなに難しくはないはずだ！
STG_130_d562ae583d9648f68dee936e8df37560,66778140018839566,楽しんでくれ
STG_131_07aeb06757ea4d83a925e9b5912b8550,66778140018839573,それはお前のためのものさ
STG_131_1d485d7971fa4dc290b9af09ce568127,66778140018839570,使い道はわかるよな
STG_131_253905826c564fb2a5270da3f6110546,66778140018839569,きっと役に立つぞ
STG_131_8193fb832f8a42499e74ee269e663f45,66778140018839574,そいつは豆にソースをかけただけのモンだ
STG_131_94fe5491de04435b8a95aae0b2c85f9b,66778140018839572,気をつけろよ　オモチャじゃないんだ
STG_131_d562ae583d9648f68dee936e8df37560,66778140018839571,おぉ そいつはいいな
ABL_Desc_98,79423295005384704,衝撃で爆発する大型ロケットを投げる。直撃すると3倍のダメージを与える。
ABL_Desc_202,80823105834967040,"走りまわって敵に<#FFEB04><link=""Keyword:15"">[氷]</link></color>ダメージを与える。"
ABL_Desc_203,80824169023922176,"走りまわって敵に<#FFEB04><link=""Keyword:14"">[スライム]</link></color>ダメージを与える。"
ABL_Desc_204,80824169023922177,"走りまわって敵に<#FFEB04><link=""Keyword:12"">[電撃]</link></color>ダメージを与える。"
ABL_Desc_205,80824169023922178,"走りまわって敵に<#FFEB04><link=""Keyword:13"">[火]</link></color>ダメージを与える。"
ABL_Name_241,79423295013773312,エイリアンドーナツ
ABL_Desc_241,79423295013773313,前方に円弧状のエナジーリングを発射する
ABL_Name_246,84150493377454080,ウィアードインジェクション
ABL_Desc_246,84150493381648384,正体は不明だが、使うとHPが100回復する。
ABL_Name_247,86035996729139200,ヌークデューケム
ABL_Desc_247,86035996733333504,ほぼすべてを吹き飛ばす核を発射する。爆心地からは離れておいた方がいいだろう...
ABL_Name_248,86035996733333505,ファイアーウォール
ABL_Desc_248,86035996733333506,敵を燃やす炎の壁を設置する。
ABL_Name_252,94597113462120448,保安官カール
ABL_Desc_252,94597113466314752,保安官カールが助けに来る！<br>カールがメカスーツで同行し、できるだけ多くの敵を倒してくれる。最高のボスだ。
ABL_Name_257,95088709014118400,パワーリーチ
ABL_Desc_257,95088709022507008,"移動速度 +3%、<#FFEB04><link=""Keyword:13"">[火]</link></color>ダメージ +5%を獲得する。<br>周囲の敵の攻撃と移動を遅くする。"
ART_Name_4,91432940955754496,グラビティウェル
ART_Name_13,94597113466314753,メカカール
CQ_Name_58,51558077172801536,ロード・オブ・ザ・リング v2（スタンダード）
CQ_Name_95,65757147558830080,フレアコレクター
CQ_Desc_95,65757147583995904,見た目は大事だぜ、プニプニ。俺はうまい肉と、うまい見せ方でこの会社を築いたんだ。フレア10個は上出来の一歩だ。外じゃちっとは一人前に見えてきたぞ。
CQ_Name_96,65757147583995905,フレアミニマム
CQ_Desc_96,65757147583995906,飲食業界にはこういう格言がある。フレア25個が最低ラインだ、ってな。俺が作った格言だが、間違っちゃいねえ。集め続けろ——外じゃお前がランガス社の顔なんだからな！
CQ_Name_97,65757147583995907,フレアデボネア
CQ_Desc_97,65757147583995908,フレア50個。「粋」って言葉を正しく使えてるか調べてみた。使えてた。まさにこの状況のために生まれた言葉だ。続けろ。
CQ_Name_98,65757147583995909,真の自己表現
CQ_Desc_98,65757147583995910,いいか、フレアを100個集めろとは言わねえ。俺がそんなこと言うわけがない。ただ、100個のフレアが人として、従業員として、お前について何を語るか——ちょっと考えてみてほしいだけだ。まあ、完全にお前次第だがな。
CQ_Name_99,75588200087674880,武器R&D
CQ_Desc_99,75588200096063488,ここランガスじゃ、ファストフードチェーンにしちゃ「ユニーク」な部署をいくつか作らにゃならんかってな。銀河を養うってのはサンドイッチと笑顔だけじゃ済まねぇ、見た目よりずっと大変なんだ！武器R&Dに降りてって、装備のランクを上げ始めろ。腰に下げる種類が多いほど、肉の調達は楽になるってもんよ。
CQ_Name_100,82285661372014592,釣りに行こうよ
CQ_Desc_100,75664958191296512,スクイッシー、あの岩と古代技術を回収してきてくれ。最新式の次元の裂け目釣り装備をくれてやるから、かなりの大物が釣れるはずだ。
CQ_Name_101,75626551931035648,ちょっと取ってこい
CQ_Desc_101,75670184147279872,その次元の裂け目釣り装備を使えば、大物が釣れるぞ！
CQ_Name_102,75631368929796096,カルチャーフィット
CQ_Desc_102,75664958195490816,ウチじゃ「能力開発」は努力目標じゃねぇ。立派な業績指標だ。しかも正式な福利厚生でもある！福利厚生ターミナルに行って、新しいアップグレードをアンロックしてこい。肩書きに見合うだけ成長してるってとこ、見せてくれよ、おチビの相棒。
CQ_Name_103,86371778174115840,ナイフジョブ！
CQ_Desc_103,86371778178310144,装備ロッカーに、とびきり鋭い景品をしまってあってな。渡す口実を探してたんだ。お前なら手に入れられそうだぞ。何か適当にぶっ叩いて戻ってこい。うまくやったかどうかは、俺には分かる。
CQ_Name_104,93905764215676928,祠を3つ起動せよ
CQ_Desc_104,93905764219871232,祠を3つ起動させて、ボーナスを獲得
CRT_Name_86,89820889795780608,ミートパグ
CRT_Name_87,91076799746793472,ミートパグパップ
CTC_Name_3,86277628988743680,古代技術
CTC_Name_5,86277628992937985,トリンケット&サンプル
CTC_Name_6,86277628992937986,鉱物
INTD_Name_25,92544266662830080,出口ポータル
INTD_Action_25,92544266667024384,次の部屋
ITM_Attr_39,17438567620927577,コンテナから得られる追加HP {0:|+|+|+}{0:percent()}%
ITM_Attr_511,91742537604128768,経験値獲得量 {0:|+|+|+}{0:percent()}%
ITM_Name_1097,64524596592762880,幸運のエリクサー
ITM_Name_1099,88480638204633088,機動力の祠
ITM_Name_1100,88480638208827392,幸運の祠
ITM_Name_1101,88480638208827393,力の祠
ITM_Name_1102,91482575502041088,チャレンジ +20%
ITM_Name_1103,91697156585414656,不運の祠
ITM_Name_1104,91698194650488832,体力の祠
ITM_Name_1105,91742537620905984,経験悪化の祠
ITM_Name_1106,91742537620905985,経験の祠
ITM_Name_1107,91875735667466240,チャレンジ +10%
LSB_69,65696160330125312,ランガス・ミート。皆さんの食事内容はすべて当社にお任せください。
MUT_Type_7,85936796137938944,火
MUT_Type_8,85936796142133248,氷
MUT_Type_9,85936796142133249,スライム
MUT_Type_10,85936796142133250,電撃
MUT_Type_18,85936796142133251,物理
PE_Desc_118,92320026952982528,特別配送
PE_Desc_120,64640664627830784,ミーテドラルのシールドを無効化する
PE_Desc_121,66001975099817984,バッテリーをチャージする
PE_Desc_122,66304535369342976,ボルトバーガーへ向かい、新たなランを始めよう！
PE_Desc_124,87364860482936832,不思議な祠が近くにある
PE_Desc_125,92791742368047104,すべての敵を倒す
PE_Desc_127,93986020658241536,次の部屋へのポータルを見つけよう！
PE_CompassDesc_124,90954630467411968,祠
PE_FailureDesc_124,88905188520222720,<color=#FF3667>祠が破壊された！</color>
PLN_Name_26,78722713496051712,サブ・ゼローニ
PLN_Name_27,88549004969762816,ラバ・デル・レイ
PLN_Name_28,92514418636611584,ランガスルーム01
PLN_Name_29,93545291569946624,ランガスルーム02
PLN_Name_30,94424828545589248,スモアーズ
SHE_Name_1,93903394018680832,試練の祠
SHE_Name_4,93903394018680835,富の祠
SHE_Name_5,93903394018680836,博打の祠
SS_Name_9,91037073622949888,ワームホール
SS_Name_10,92525321763414016,箱の中身
TPUP_CodexButton_1,64970684173840384,銀河ターミナル
TPUP_CodexDesc_1,64970684190617600,今日はどこに行こうか？
TPUP_CodexButton_2,64970684190617601,ハンター脅威メーター
TPUP_CodexDesc_2,64970684190617602,ハンター：常にそこにある脅威
TPUP_CodexDesc_3,64970684190617603,技術的には必要ないけれども...
TPUP_CodexDesc_4,64970684190617604,ナイトメアの怖さでは物足りないとき
TPUP_CodexDesc_5,64970684194811904,ランガス従業員になると受けられる特典のすべて
TPUP_CodexButton_6,64970684194811905,鉱物収集
TPUP_CodexDesc_6,64970684194811906,掘り出し物を掘り起こそう
TPUP_CodexButton_7,64970684194811907,技術収集
TPUP_CodexDesc_7,64970684194811908,完全無料
TPUP_CodexButton_8,64970684194811909,魚収集
TPUP_CodexDesc_8,64970684194811910,魚釣り
TPUP_CodexButton_9,64970684194811911,アルティメットターミナル
TPUP_CodexDesc_9,64970684194811912,ミートサイエンティストなら必須
TPUP_CodexButton_10,64970684194811913,武器ターミナル
TPUP_CodexDesc_10,64970684194811914,銃をアンロックしてアップグレードしよう！
TPUP_Desc_11_0,66382739308273665,"HUDの右上にある<color=#FF3667>目標リスト</color>を見てみてください。各惑星には以下のものがあります。<br><color=#FF3667><sprite name=""PrimeDirective"">メイン目標</color><br><color=#FF3667><sprite name=""SecondaryDirective"">サブ目標</color><br><br>目標をクリアするといろんな<color=#FF3667>報酬</color>がもらえるので、できるだけクリアしましょう！"
TPUP_Title_11_1,66382739308273666,コンパス
TPUP_Desc_11_1,66382739308273667,HUDの上部に表示される<color=#FF3667>コンパス</color>には、各惑星の<color=#FF3667>重要な位置</color>が示されます。<br>この情報は、<color=#FF3667>メイン目標</color>、<color=#FF3667>サブ目標</color>、<color=#FF3667>ジャンプパッド</color>などを見つけるのに役立ちます！
TPUP_CodexButton_11,66382739304079360,目標
TPUP_CodexDesc_11,66382739308273664,重要目標
TPUP_Desc_12_0,66382739308273670,<color=#FF3667>高速リロード</color>を完了するには、回転するバーがリロードウィンドウの色付き部分に来たタイミングで撃ちます。<br><br><color=#00FF00>緑の部分</color>で成功すると、<color=#FF3667>チャージボーナス</color>付きでリロードされます。各武器には<color=#FF3667>固有ボーナス</color>があります。<br><color=#FFC700>黄色の部分</color>で成功すると、ボーナスなしで素早くリロードされます。
TPUP_Title_12_1,66382739308273671,近接
TPUP_Title_12_2,66382739308273673,近接
TPUP_Desc_12_1,66382739308273672,スパチュラで近接攻撃をするには[InputAction:Gameplay/MeleeFire]を押します。強力な近距離武器で、敵を<color=#FF3667>よろめき</color>状態にし、数秒間バランスを崩して行動不能にできます。
TPUP_Desc_12_2,66382739308273674,[InputAction:Gameplay/MeleeFire]を押すとスパチュラを振りまわします。<br>近接攻撃は敵を<color=#FF3667>よろめかせる</color>確率が高く、バランスを崩させて数秒間動けなくすることができます。
TPUP_CodexButton_12,66382739308273668,武器
TPUP_CodexDesc_12,66382739308273669,トリガー警告
TPUP_Desc_13_0,66382739308273678,倒した敵が<color=#FF3667>ミートパーツ</color>をドロップすることがあります。<br>パーツの近くで[InputAction:Interact/Interact]を押すと、現在のボディパーツと<color=#FF3667>交換</color>することができます。
TPUP_Title_13_0,66382739308273677,ミートを交換
TPUP_Title_13_2,66382739308273680,ミートシールド
TPUP_Desc_13_1,66382739308273679,各<color=#FF3667>ミートパーツ</color>には、それぞれ<color=#FF3667>固有の能力</color>があります。<br>パーツを入れ替えることで、より速く移動したり、バーストダメージを与えたり、ミニオンを作ったりできます... 無限大の可能性を求めてミートを交換しましょう！
TPUP_Desc_13_2,66382739308273681,<color=#FF3667>ミートパーツ</color>には<color=#FF3667>ミート耐久度</color>がある。ダメージを受けると消耗し、ゼロになるとパーツは<color=#FF3667>破壊される</color>——ただし破壊の瞬間は一時的に<color=#FF3667>無敵</color>になる。新しいパーツを装着すれば、その<color=#FF3667>アビリティ</color>を取り戻せる。
TPUP_CodexButton_13,66382739308273675,ミートの交換
TPUP_CodexDesc_13,66382739308273676,ゲームの名前
TPUP_Desc_14_0,66382739308273685,ラン中に十分な<color=#FF3667>XP</color>を獲得すると、チームレベルバーがいっぱいになり、<color=#FF3667>レベルアップ</color>します。<br>レベルアップ可能になったら、[InputAction:Gameplay/ItemRewardInit]を押し、強力な<color=#FF3667>アイテムやアップグレード</color>を選びましょう。
TPUP_Title_14_0,66382739308273684,レベルアップ
TPUP_Desc_14_1,66382739308273686,HUDの左下にある<color=#FF3667>チームレベルバー</color>を見て、あとどれくらいでレベルアップできるかを確認しましょう。<br>ランごとの最大レベルは<color=#FF3667>30</color>です。
TPUP_CodexButton_14,66382739308273682,レベルアップ
TPUP_CodexDesc_14,66382739308273683,さらなる高みへ
TPUP_Desc_15_0,66382739308273689,惑星との行き来を担当しているのが<color=#FF3667>ボルトバーガー</color>。<br>最後の<color=#FF3667>メイン目標</color>を完了すると、<color=#FF3667>ボルトバーガー</color>が来て安全な場所へ連れていってくれます。<br>敵に襲われる前に素早く船に乗りこみましょう！
TPUP_CodexButton_15,66382739308273687,ボルトバーガー
TPUP_CodexDesc_15,66382739308273688,ボルトって何のことだろう...
TPUP_Desc_16_0,66382739308273692,[InputAction:Gameplay/CharacterMovement]で<color=#FF3667>移動</color>。<br>[InputAction:Gameplay/Jump]で<color=#FF3667>ジャンプ</color>。<br>[InputAction:Gameplay/Jump]2回で<color=#FF3667>ダブルジャンプ</color>。
TPUP_Title_16_0,66382739308273691,基本操作
TPUP_Title_16_1,66382739308273693,HPとシールド
TPUP_Title_16_2,66382739308273695,能力
TPUP_Desc_16_1,66382739308273694,<color=#FF3667>HP</color>と<color=#FF3667>ミートシールド</color>はHUDの左下とレティクルの左側に表示されます。<br>プレイヤーは、<color=#FF3667>ヘッド</color>（上）、<color=#FF3667>トルソ</color>（中央）、<color=#FF3667>レッグ</color>（下）の3パーツで構成されています。<br>ミートシールドには要注意。1つなくなると、次のボディパーツを拾うまでその部分がなくなってしまいます！
TPUP_Desc_16_2,66382739308273696,ミートパーツには<color=#FF3667>能力</color>があり、画面下部の能力バーに表示されています。<br>能力はミートパーツごとに異なるので、いろんなミートを拾いましょう！
TPUP_CodexDesc_16,66382739308273690,動かさなくちゃ
TPUP_Desc_17_0,91467094054334465,<color=#FF3667>ミートパーツ</color>と<color=#FF3667>武器</color>には<color=#FF3667>属性</color>が付与されていることがあります。<br>敵に属性ダメージを与えてある程度蓄積させると、属性に対応した<color=#FF3667>状態異常</color>を付与することができます。
TPUP_Desc_17_1,91467094054334466,"<#FFEB04><link=""Keyword:17"">状態異常</link></color>は対応する属性によって発生させることができます。敵には<color=#FF3667>複数の状態異常</color>を同時に付与することが可能です。"
TPUP_CodexButton_17,91467094033362944,属性
TPUP_CodexDesc_17,91467094054334464,叩いて、凍らせて、感電させて、燃やそう
VO_Transcript_182,64586613632897024,おっ 秘密スパイス満載のトラックが近くにあるぞ　きっと役に立つ
VO_Transcript_183,64586613649674240,古いトラックは修理し続けないとダメになるぞ！
VO_Transcript_184,64586613649674241,動き続けろよ 相棒！エイリアンは戦いをお望みだ 
VO_Transcript_185,64587626796388352,さて 誰がそんなところにドアを付けた？ 
VO_Transcript_186,64920625689165824,さあ そのボタンを押してここにスパイスを入れるんだ！
VO_Transcript_187,64920625714331648,スクイッシー そいつを開けてくれ！
VO_Transcript_188,64930279190200320,そのブツをシャトルまで運べ　頼りにしてるぞ！
VO_Transcript_189,65631231578988544,さあ皆さん ヘアフォースワンに... 盛大な拍手を！
VO_Transcript_190,65631231583182848,誉れあるは... ジャッジ・クロウダディ！
VO_Transcript_191,65631231583182849,リングに一番乗りするのは... ポークバレル・ピート！
VO_Transcript_192,65631231583182850,ルールは皆さんご存じ　知らない人は残念でした！
VO_Transcript_194,66064315292422144,小さな身体の欠片がそこら中にあるのはわかるか？生き延びたいなら そいつらを拾え！
VO_Transcript_195,66064315330170880,なぁ ロクシー 成分に追加した脳細胞は本当にうまくいったようだぞ
VO_Transcript_196,66064315330170881,収穫失敗　ミートコア破損
VO_Transcript_197,66064315330170882,破損を検出　ノードを防衛せよ
VO_Transcript_198,66064315330170883,警告：ミートコアが脆弱
VO_Transcript_199,66064315330170884,警告：ミートコアが間もなく破壊されます
VO_Transcript_200,66064315330170885,おいおい！コアをやらせるなよ！
VO_Transcript_201,66064315330170886,確かに　このミートサイエンティストはこれまでのどの科目よりも優れている
VO_Transcript_202,66342620914618368,ブロードサイドと呼んでくれ！
VO_Transcript_203,66342620927201280,リセット... どこに行くつもりだ？
VO_Transcript_204,66342620927201281,皆殺しだ！
VO_Transcript_205,66342620927201282,海の底に沈めてやるよ！
VO_Transcript_206,66342620927201283,海で遊んでな！
VO_Transcript_207,66342620927201284,銃の準備はばっちりだ！
VO_Transcript_208,66342620927201285,ブロードサイドに痛みなんてない！
VO_Transcript_209,66342620927201286,やめろ クズ犬！
VO_Transcript_210,66342620927201287,流れが変わったか！
VO_Transcript_211,66342620927201288,魚に復讐を！
VO_Transcript_212,66342620927201289,海はお前の罪を忘れない！
VO_Transcript_213,66342620927201290,海は無慈悲！
VO_Transcript_214,66342620927201291,デイビー・ジョーンズの監獄に行け！
VO_Transcript_215,66342620927201292,こっちに来いよ！
VO_Transcript_216,66342620927201293,船と一緒に沈むような船長かよ！
VO_Transcript_217,66342620927201294,踏ん張れよ！だけど 無駄だ ハハハ！
VO_Transcript_218,66342620927201295,アハハハハハハ！
VO_Transcript_219,66342620927201296,ネプチューンの顎髭よ！
VO_Transcript_220,66342620927201297,そう簡単に沈められるかよ！
VO_Transcript_221,66342620927201298,チビ肉！ちょっとこっちに来い
VO_Transcript_222,66342620927201299,このお宝をアンロックしたぞ！
VO_Transcript_223,66342620927201300,機雷を積んだ！
VO_Transcript_224,66342620927201301,完全武装！
VO_Transcript_225,66342620927201302,さあ 言ってくれ！
VO_Transcript_226,66342620927201303,準備はできてるぞ 船長！
VO_Transcript_227,66342620927201304,もっと時間が必要だ 船長！
VO_Transcript_228,66342620927201305,深海に沈めちまえ！
VO_Transcript_229,66342620927201306,発射！
VO_Transcript_230,66342620927201307,吹っ飛ばす！
VO_Transcript_231,66342620927201308,地獄の底からタルタルソースをお届けだ！
VO_Transcript_232,66342620927201309,そいつがすべてだ 船長！
VO_Transcript_233,66357874709073920,目的地を選んでください
VO_Transcript_234,66357874709073921,ボルトバーガー 展開
VO_Transcript_235,66357874709073922,新しいファイルをレビュー可能だ
VO_Transcript_236,66357874709073923,ミッション完了
VO_Transcript_237,66357874709073924,増援接近中
VO_Transcript_238,66357874709073925,ハンターの激怒中はミートサイエンティストを展開できない
VO_Transcript_239,66357874709073926,ミートサイエンティストが展開可能になった
VO_Transcript_240,66417837640880128,おい 肉袋！ちょっと時間をくれ
VO_Transcript_241,66417837640880129,トラックを走らせ続けろ！
VO_Transcript_242,66417837640880130,トラックを捨てる前にそのドアを開けろ！
VO_Transcript_243,66417837640880131,すぐにわかる
VO_Transcript_244,66417837640880132,戦う準備ができたら リングまで会いに来てくれ
VO_Transcript_245,66417837640880133,おい こっちはもう若くないんだ！
VO_Transcript_246,66417837640880134,気をつけろよ！
VO_Transcript_247,66417837640880135,行動を起こせ！
VO_Transcript_248,66435288579543040,よし スクイッシー そろそろブラッド博士を探そう
VO_Transcript_249,66435288579543041,デカブツを地雷原へ連れていけ！
VO_Transcript_250,66435288579543042,おっと 地雷を踏んでも無傷ってわけか！
VO_Transcript_251,66435288579543043,大砲を詰まらせてやれ！
VO_Transcript_252,66435288579543044,そいつを撃てばシャークローンは消せるぞ！
VO_Transcript_253,66435288579543045,よし やってみよう！
VO_Transcript_254,66435288579543046,ベルを鳴らせ 準備はできてる！
VO_Transcript_255,66435288579543047,ちょっと待って！
VO_Transcript_256,66435288579543048,ドカンと行くぞ！
VO_Transcript_257,66435288579543049,たっぷりもらいな！
VO_Transcript_258,66435288579543050,コーチ・ダンのご登場だ！
VO_Transcript_259,66435288579543051,これで全部だ！
VO_Transcript_260,66435288579543052,こっちに来い　俺に任せろ
VO_Transcript_261,66435288579543053,ちゃんと役に立っただろう
VO_Transcript_262,66435288579543054,おい審判 公平にやれ！
VO_Transcript_263,66435288579543055,折り畳み椅子を掴んで 奴のブロックを吹っ飛ばしてやれ！
VO_Transcript_264,66435288579543056,そいつにとどめを刺す前に まずは審判をやれ！
VO_Transcript_265,66435288579543057,椅子だ！椅子を使え！
VO_Transcript_266,66435288579543058,いいぞ！これで1つ　もう1つやれ！
VO_Transcript_267,66435288579543059,これで2つか 背中に気をつけろよ！
VO_Transcript_268,66435288579543060,そいつをぶっ倒してやれ！
VO_Transcript_269,66435288579543061,もう一人を忘れるな！
VO_Transcript_270,66435288579543062,いいぞ チャンピオン！あと1ラウンドだ！
VO_Transcript_271,66435288579543063,お見事だが まだ勝ちじゃない！
VO_Transcript_272,66435288579543064,あと1つだぞ！
VO_Transcript_273,66435288579543065,やったな チャンピオン！お前は本物だ！
VO_Transcript_274,66435288579543066,あの事務屋 お前をヤる気だぞ！
VO_Transcript_275,66435288579543067,あの空飛ぶ野郎をぶっ倒せ！
VO_Transcript_276,66435288579543068,打たれてばかりいないで 打ち返せ！
VO_Transcript_277,66435288579543069,審判をやれ！審判だ！
VO_Transcript_278,66435288579543070,今は忘れろ！官僚どもはそいつの味方だ！
VO_Transcript_279,66435288579543071,そのチビチャンプを捕まえて 脚を取ってやれ！
VO_Transcript_280,66435288579543072,その脚を使ってうまく叩きつけろ！
VO_Transcript_281,66437093602463744,そいつはもう終わりだ　急いでとどめを刺せ！
VO_Transcript_282,66437093602463745,お目当てのミートコアまで導いてくれるぞ！
VO_Transcript_283,66437093602463746,よう スクイッシー！
VO_Transcript_284,66443846721310720,ドアを開けろ 相棒！
VO_Transcript_285,66443846721310721,どうやらこいつらのことをちょっと忘れてたようだ　まあ それは俺のせいだな
VO_Transcript_286,66443846721310722,それでいい　ドアは開けたままにしておけ
VO_Transcript_287,66443846721310723,さて メガヌーカーのお出ましだ 
VO_Transcript_288,66443846721310724,電源を入れると ミートコアが一瞬で調理される
VO_Transcript_289,66443846721310725,3つのヌーカーをオンにしろ スクイッシー！
VO_Transcript_290,66443846721310726,それで1つ！だがヌーカーは3つすべて必要だ
VO_Transcript_291,66443846721310727,よし 料理の準備はほぼ完了！
VO_Transcript_292,66443846721310728,さて 次は料理だな！その肉は安全に保管しておけ！
VO_Transcript_293,66443846721310729,いいぞスクイッシー いい感じに料理できてる！
VO_Transcript_294,66443846721310730,ちょっと待った スクイッシー 俺はその声を知ってる気がする　確かめてもいいか？
VO_Transcript_295,66443846721310731,おい スクイッシー　まずはジェネレーターをやれ！
VO_Transcript_296,66443846721310732,あのデカい石頭なら ジェネレーターを詰まらせるのにちょうどいい！
VO_Transcript_297,66443846721310733,いいぞ！そのままぶん投げまくれ
VO_Transcript_298,66443846721310734,さあ ハートを探しにいくんだ スクイッシー！
VO_Transcript_299,66443846721310735,前に古き良きハートが見えるか？
VO_Transcript_300,66443846721310736,そいつを取ってやれば この女を元気にしてやれる
VO_Transcript_301,66443846721310737,外に出る前にハートが壊れたら 永遠に感染したままだぞ！
VO_Transcript_302,66443846721310738,一度入ったら 終わるまで出られない
VO_Transcript_303,66443846721310739,回復ステーションを使えるうちに使っておいた方がいいかもな
VO_Transcript_304,66443846721310740,えーっと あいつが来たぞ　構えろ スクイッシー！
VO_Transcript_305,66443846721310741,ホットドッグを詰まらせてやれ！
VO_Transcript_306,66443846721310742,必要なのはその石頭だろう スクイッシー！
VO_Transcript_307,66443846721310743,あのデカブツにはあまり近づきたくないな！
VO_Transcript_308,66443846721310744,おっと デカブツは傷ついたようだが まだ終わりじゃないな！
VO_Transcript_309,66443846721310745,おいおいスクイッシー あいつを怒らせちまったぞ！
VO_Transcript_310,66443846721310746,踏みつけてきたら 脚を利用してジャンプだ！
1fa6b98e3e7b4bbd923bdc1b7b42005c_132_0,107655364063780864,ハンターを倒した
236eced1758f4925917ffd297dec2f47_133_0,107655364063780866,調査する
65a9ac7f76fd46a181993eca4976b215_133_0,107655364072169472,ハンターを狩れ！
6738dedaf8d8478a8d74e1a1d2e2c125_131_0,107655364055392258,ポータル閉鎖
6738dedaf8d8478a8d74e1a1d2e2c125_133_0,107655364076363776,ハンター撃破
9fb394aa180a48f7bc480a0d21c14962_131_0,107655364055392257,リングに入れ！
ABL_Desc_118,102231626447052800,"周囲の味方に150<#FFEB04><link=""Keyword:11"">[バリア]</link></color>を15秒間付与する。<br><#FFEB04><link=""Keyword:11"">[バリア]</link></color>持続中は受けるダメージを反射する。"
ABL_Desc_262,96528322085773312,グラップルフックを発射し、命中した場所に自身を引き寄せる。
ABL_Desc_263,102563114564706304,ブームボットを展開する。カチッ、カチッ、ドーン！
ABL_Desc_268,108777313687035905,俺をメカに乗せてくれ。やつらをぶちのめしてやろうぜ！
ABL_Name_262,96528322081579008,グラップルタン
ABL_Name_263,102563114560512000,カウボーイブームボット
ABL_Name_268,108777313687035904,カールのメカ起動
CND_Desc_11,98640502977454081,3秒後に爆発する
CND_Name_11,98640502977454080,ボム
CQ_Desc_105,102259608528084992,試用期間をクリアした、おめでとう！これで本当の仕事を始められる。さて、お前にはその覚悟があるかな。
CQ_Desc_106,102259608528084994,まず、新人のお前のスキルを確認する。それをもとに、最高の従業員になれるよう磨き上げてやる！
CQ_Desc_107,102263695273353217,本当に与えられた仕事以上のことをやってくれるな！そのガッツが気に入ってる。褒美としてさらに多くの責任を与えよう！仕事って楽しいだろ？
CQ_Desc_108,102263695277547521,ここでのやり方を覚えたところで、もっと多くの仕事と責任を背負うことができるように準備を始めるとしよう！常に自ら進んで仕事を引き受けようとする従業員が必要だからな。
CQ_Desc_109,102272247622787073,マイクが船に来たぞ！だがあいつ、慣れるまでが一苦労でな、善意と魚のはらわたで動いてる男だ、だいたいその順でな。頼むから魚をたんまり売ってやってくれ、臭けりゃ臭いほどいい。週末にゃ家族同然になってるさ、間違いねぇ。
CQ_Desc_110,102276841048367105,銀河を養うにゃ大量の肉がいる、それに上はやる気のあるヤツが大好物でな！外に出て、ミートコアをたんまり持ち帰ってこい。経理が思わず踊り出すくらいの数字をな。高く積み上げろよ、スクイッシー。お前の未来にゃ角部屋が待ってるぜ。
CQ_Desc_111,102281096752783360,最低限のことしかやらねぇヤツ、お前どう思う？だろ、俺もだ。稼いだそのフレアを装備して、月間最優秀従業員みてぇなツラで出勤しろ。ファストフードじゃ見た目が肝心なんだよ。
CQ_Desc_112,102279208766529538,外でな、妙な小さい構造体の報告が上がってきててな...地元じゃ「祠」って呼んでるらしい。どうも一番近くに立ってるヤツを強化してくれるみたいでな。ウチのためにどう機能するか調べてきてくれや。銀河がタダでパワーアップを配ってんなら、ランガスは領収書を寄こせって話だ。
CQ_Desc_113,102279208766529540,外でデカいボスの厄介なヤツに出くわしたら、ただ殺すんじゃねぇ、サンプルを採れ。あの肉にゃ何か特別なモンが仕込まれててな、下の研究室の連中が新鮮な素材をくれって俺にせがんでくるんだ。上モンを持ち帰ってこい、クーラーボックスに誰の名前が書いてあったか連中に忘れさせやしねぇからよ。
CQ_Desc_114,102281096752783362,あのエイリアンども、何か企んでやがる...腹で感じるんだ、そして俺の腹がこの会社を仕切ってる。デカいゾードビームを召喚しちゃ、何か隠すみてぇにシールドの裏に仕込んでやがる。連中が仕込んでるモンが煮詰まりすぎる前に、召喚装置をぶっ壊せ。
CQ_Desc_115,102281096752783364,注意しろよ——惑星にタレットがタンポポみてぇにニョキニョキ生えてきててな、流れ弾を食らうハーベスターなんざ保険がかけられねぇんだ。全部が同じ標的を同時に撃ち始める前に、叩き落としてこい。補給線をきれいに保つんだ、スクイッシー。
CQ_Desc_116,102281096752783366,敵が落とすミステリーミートキューブ、開けてみたことあるか？中身がマジで奇妙でな...まあ「奇妙」ってのは手間が増えただけの「価値アリ」ってこった。いくつか割ってきてくれや。中に何が入ってようと、今やランガスのモンだ。
CQ_Desc_117,102281096752783368,ダチのコーチ・ダンから無線が入ってな、オールド・タンガスでミュータントどもがあいつをしごいてやがって、ちょいとへそを曲げてるんだ。降りて行ってしばらく一緒に走ってやって、この銀河が誰のモンかミュータントどもに思い知らせてやれ。旧友に一肌脱いでくれや。
CQ_Desc_118,102281096752783370,謎の無線通信を突き止めようとしてるんだが、全部ノイズだらけでな。古い無線塔のネットワークが惑星のあちこちに散らばってる。一基ずつ起動して、信号がクリアにできるか試してみようや。何でもねぇかもしれねぇ。だが、とんでもねぇ何かかもしれねぇぞ。
CQ_Name_105,102259608519696384,ジュニアアソシエイト
CQ_Name_106,102259608528084993,従業員の試用期間
CQ_Name_107,102263695273353216,ランガスシニアアソシエイト
CQ_Name_108,102263695277547520,中級スペシャリスト研修
CQ_Name_109,102272247622787072,マイクを歓迎
CQ_Name_110,102276841048367104,"ナイス・トゥ・""ミート""・ユー"
CQ_Name_112,102279208766529537,さあ、祠をあがめよ
CQ_Name_113,102279208766529539,サンプルスペシャリスト
CQ_Name_114,102281096752783361,エイリアンの活動状況調査
CQ_Name_115,102281096752783363,タレット破壊
CQ_Name_116,102281096752783365,インディアナ・ボーンズ
CQ_Name_117,102281096752783367,コーチ・ダンのダンス
CQ_Name_118,102281096752783369,トランスミッション：インポッシブル
CRT_Name_89,102563114573094912,忠実なブームボット
GN_Interact_20,96763864320827392,メディアを消費：{FileName}
GN_Name_20,96763864312438784,ランガスファイル
HE_Desc_169,96139469151789056,次の能力のダメージ +5%（最大 +100%）
HE_Desc_171,96857236343611392,攻撃速度 +10%、リロード速度 +30%を獲得。（最大10スタック）
HE_Desc_172,96903789842259968,全スタックを失う
HE_Desc_173,96923277228761088,グロブをドロップ、拾うとバフを獲得
HE_Desc_175,98640503002619904,3秒後に爆発するボムを付与
HE_Desc_177,106215386955898880,"周囲の一定範囲に<#FFEB04><link=""Keyword:15"">[氷]</link></color>ダメージを与える。"
HE_Desc_178,106219433964331008,"与える<#FFEB04><link=""Keyword:13"">[火]</link></color>ダメージが20%増加"
HE_Desc_179,101598599379410944,"<#FFEB04><link=""Keyword:11"">[バリア]</link></color> +15を獲得"
HE_Desc_180,101598599379410945,"<#FFEB04><link=""Keyword:18"">[粉砕]</link></color>した敵は、周囲の<#FFEB04><link=""Keyword:3"">[極寒]</link></color>または<#FFEB04><link=""Keyword:4"">[凍結]</link></color>状態の敵3体にダメージを連鎖させる。<#FFEB04><link=""Keyword:3"">[極寒]</link></color>状態の敵は半分のダメージを受ける"
HE_Desc_181,102071207363338240,"ライトニングボルトが敵に落ち、100<#FFEB04><link=""Keyword:12"">[電撃]</link></color>ダメージを与える"
HE_Desc_182,102071207371726848,稲妻がさらに追加で1体の敵に連鎖し、半分のダメージを与える。
HE_Desc_183,102475594611023872,10秒間、小さなミツバチを6匹生成
HE_Desc_184,102475594615218176,10秒間、移動速度+3%。10スタックで5秒間、全ダメージ+50%を獲得する
HE_Desc_185,104515340883451904,30秒間、クリティカル率+5%。
HE_Desc_186,104533437380026368,3秒間、ミート能力のダメージを2倍にする
HE_Desc_187,106215386955898881,10秒間、全ダメージ+1%を獲得する。
HE_Desc_188,106215386955898882,10%の確率で全能力を素早く更新
INTD_Name_11,38528188924551174,トレーダー・マイク
ITM_1110_HE_0,96127592808046593,電撃クリティカルダメージ時
ITM_1112_HE_0,96857236389748736,高速リロード成功時
ITM_1112_HE_1,96859039739142144,高速リロード失敗時
ITM_1115_HE_0,96923830516178944,"<#FFEB04><link=""Keyword:2"">[スライム]</link></color> ターゲットキル時発生率 50%"
ITM_1118_HE_0,98641490081734657,"<#FFEB04><link=""Keyword:7"">[よろめき]</link></color> ターゲットへの近接ダメージ時"
ITM_1121_HE_0,101570858839957504,"<#FFEB04><link=""Keyword:3"">[極寒]</link></color> ターゲットへの火ダメージ時"
ITM_1121_HE_1,103760276568924160,"<#FFEB04><link=""Keyword:4"">[凍結]</link></color> ターゲットへの火ダメージ時"
ITM_1122_HE_0,101598599421353985,"<#FFEB04><link=""Keyword:4"">[凍結]</link></color>状態のターゲットにミート能力ダメージを与えた時、15%の確率で発生"
ITM_1122_HE_1,101598599421353986,"<#FFEB04><link=""Keyword:3"">[極寒]</link></color>状態のターゲットにミート能力ダメージを与えた時、15%の確率で発生"
ITM_1124_HE_0,102071207426252801,"<#FFEB04><link=""Keyword:8"">[感電]</link></color>状態のターゲットに弱点ダメージを与えた時、20%の確率で発生"
ITM_1124_HE_1,102071207426252802,"<#FFEB04><link=""Keyword:8"">[感電]</link></color>状態のターゲットを弱点キル時"
ITM_1126_HE_0,102475594657161217,"<#FFEB04><link=""Keyword:2"">[スライム]</link></color> ターゲットキル時"
ITM_1127_HE_0,102475594657161219,アイテム数最大時
ITM_1140_HE_0,104851685120139265,"<#FFEB04><link=""Keyword:2"">[スライム]</link></color>状態のターゲットにミート能力ダメージを与えた時、10%の確率で発生"
ITM_296_HE_0,101221828050018304,ミート能力ダメージを与えた時
ITM_307_HE_1,106328262077046784,キル時発生率 25%
ITM_394_HE_0,102071207417864192,"<#FFEB04><link=""Keyword:1"">[燃焼]</link></color>状態のターゲットにダメージを与えた時、10%の確率で発生"
ITM_601_HE_1,101531253960859648,"<#FFEB04><link=""Keyword:4"">[凍結]</link></color> ターゲットへの武器キル時発生率 15%"
ITM_Attr_513,102575519529164800,能力最大チャージ数 {0:+#.##;-#.##;+0}
ITM_Attr_514,106215386981064704,連鎖ターゲット数 {0:+#.##;-#.##;+0}
ITM_Attr_515,106242417093500928,極寒持続時間 {0:+#.##;-#.##;+0}
ITM_Attr_516,106255518333394944,ヘッドミート能力ダメージ {0:|+|+|+}{0:percent()}%
ITM_Attr_517,106255518337589248,トルソミート能力ダメージ {0:|+|+|+}{0:percent()}%
ITM_Attr_518,106255518333394945,レッグミード能力ダメージ {0:|+|+|+}{0:percent()}%
ITM_Attr_519,106302737078018048,武器ダメージ {0:|+|+|+}{0:percent()}%
ITM_Name_1109,96107584912613376,バッテリーチャージ
ITM_Name_1110,96127592808046592,ボルトグランド
ITM_Name_1112,96856720469385216,トリガーフィンガー
ITM_Name_1113,96856720469385217,トリガーフィンガーバフ
ITM_Name_1114,96906830591025152,コールド・アズ・アイス
ITM_Name_1115,96923830507790336,グロブ！
ITM_Name_1116,97130954542276608,グロブ状態
ITM_Name_1118,98641490081734656,ギフトグランド
ITM_Name_1120,101559114235109376,フロストコア
ITM_Name_1121,101570858789625856,フリーザーバーンの肉
ITM_Name_1122,101598599421353984,鳥肌
ITM_Name_1123,101598599421353987,さわやかミントの息
ITM_Name_1124,102071207426252800,スパーク鼻水
ITM_Name_1126,102475594657161216,チェストネスト
ITM_Name_1127,102475594657161218,スモーク
ITM_Name_1128,102475594657161220,焦げたブリスケットの体
ITM_Name_1130,102575519558524928,キドニーチャージ
ITM_Name_1131,104510089782616064,ホットボッド
ITM_Name_1132,104510089782616065,ホットボッド・ミューテーション
ITM_Name_1133,104531369521045504,バイオマスサージ・ミューテーション
ITM_Name_1134,104531369521045505,バイオマスサージ
ITM_Name_1135,104712032748560384,ランブトゥ
ITM_Name_1136,104791554407784448,骨穿刺
ITM_Name_1137,104810734590877696,スパイシーケソタッチ
ITM_Name_1138,104810734590877697,スパイシーケソタッチ・ミューテーション
ITM_Name_1139,104851685115944960,濁液の胃
ITM_Name_1140,104851685120139264,濁液の胃ミューテーション
ITM_Name_1141,106215386997841920,分岐する雷
ITM_Name_1142,106247402053165056,アイスコールドヌードル
ITM_Name_1143,106261060711866368,アイスピック
ITM_Name_1144,106261402287595520,サブヒーロー
ITM_Name_1145,106296471018528768,アスリート
ITM_Name_1146,106296471018528769,知識増加
ITM_Name_1147,106296471018528770,チリオイル
ITM_Name_1148,106296471018528771,辛口スープ
ITM_Name_1149,106296471018528772,コスパ最強
ITM_Name_1150,106300027549245440,黒コショウガンパウダー
ITM_Name_1151,106300027549245441,ベタベタのやつ
MEH_Desc_76,108761156712128512,俺をメカに乗せてくれ、スクイッシー！
MEH_Name_76,108761156707934208,カール・ランガスのヘッド
MEL_Name_50,102563114636009472,トミータンクのレッグ
MUT_Name_16,109842573688823808,コイルの心臓
MUT_Name_2,109842573680435200,ハイブバースト
MUT_Name_22,109842573688823809,インフェルノの頭蓋骨
MUT_Name_23,346366160134167,サンダーチェスト
MUT_Name_25,109842573688823810,ダーマルプレート
MUT_Name_27,109842573688823811,スノープニプニ
MUT_Name_28,96107584925196288,ボルトグランド
MUT_Name_29,109842573688823812,トリガーフィンガー
MUT_Name_3,109842573684629504,神の肉
MUT_Name_31,96923277304258560,グロブ！
MUT_Name_32,98636212292542464,ギフトグランド
MUT_Name_34,109842573688823813,スティッキーな内臓
MUT_Name_35,109842573688823814,クライオの心臓
MUT_Name_37,109842573688823815,フラックフィンガー
MUT_Name_38,109842573688823816,スパインハスク
MUT_Name_39,109842573688823817,殻に覆われたイエティの目
MUT_Name_41,109842573688823818,ブランブルスカル
MUT_Name_42,109842573688823819,パーマフロストスパイク
MUT_Name_43,109842573688823820,スウィートトゥース
MUT_Name_44,109842573688823821,フロストコア
MUT_Name_45,109842573688823822,フリーザーバーンの肉
MUT_Name_46,109842573688823823,鳥肌
MUT_Name_47,109842573688823824,さわやかミントの息
MUT_Name_48,109842573688823825,スパーク鼻水
MUT_Name_50,109842573688823826,チェストネスト
MUT_Name_51,102475594665549824,焦げたブリスケットの体
MUT_Name_52,102575519566913536,キドニーチャージ
MUT_Name_53,104519924813127680,ホットボッド
MUT_Name_54,109842573688823827,バイオマスサージ
MUT_Name_55,104698776562688000,ランブトゥ
MUT_Name_56,109858960654196736,骨穿刺
MUT_Name_57,104791554420367360,スパイシーなチーズタッチ
MUT_Name_58,109842573688823828,濁液の胃
MUT_Name_8,19688412549210112,リボフラビン
PE_Desc_128,97509550570070016,肉を選べ！
PE_Desc_129,98235809558159360,武器を選べ！
PE_Desc_130,100509189787344896,ミューテーションを選べ！
PE_Desc_131,107655364055392256,ポータルを破壊せよ！
PE_Desc_133,107655364063780865,ハンターを倒せ！
PF_Name_68,107302781818232832,アイテムのアンロック：ワニ革
PF_Name_69,107302781826621440,アイテムのアンロック：コーン・オン・ザ・コッド
PF_Name_70,107302781826621441,アイテムのアンロック：フィーディングフレンジー
PF_Name_71,107318253833936896,ミューテーションのアンロック：バッテリー倉庫
PF_Name_72,107318253833936897,ミューテーションのアンロック：フロストアーマー
PF_Name_73,107318253833936898,ミューテーションのアンロック：ホットボッド
PF_Name_74,107318253833936899,ミューテーションのアンロック：レッドホット
PF_Name_75,107318253833936900,ミューテーションのアンロック：スロッピー・ジョー
PF_Name_76,107373590712672256,「ミステリーミート」アンロック：ヌークデューケム
PF_Name_77,107373590712672257,「ミステリーミート」アンロック：メックカール
PLN_Name_31,105178928291766272,エスフェラ・デ・カルネ
RF_Subtitle_35,99311942877831168,異次元存在
TPUP_Sub1_Desc_17_0_0,103774446992420864,敵を<color=#FF3667><i>スタン</i></color>させる
TPUP_Sub1_Desc_17_0_1,103774447009198080,"<#FFEB04><link=""Keyword:1"">[燃焼]</link></color>している敵は継続的なダメージを受け、<#FFEB04><link=""Keyword:19"">[炎上]</link></color>する可能性があります"
TPUP_Sub1_Desc_17_0_2,103774447009198081,"<#FFEB04><link=""Keyword:8"">[感電]</link></color>状態の敵は持続ダメージを受け、<#FFEB04><link=""Keyword:7"">[よろめき]</link></color>状態になることがあります"
TPUP_Sub1_Desc_17_1_0,103774447009198082,"<#FFEB04><link=""Keyword:2"">[スライム]</link></color>状態の敵はすべてのダメージ源から<color=#FF3667><i>追加ダメージ</i></color>を受け、他の属性効果が<color=#FF3667><i>より速く適用</i></color>されます"
TPUP_Sub1_Desc_17_1_1,103774447009198083,"<#FFEB04><link=""Keyword:3"">[極寒]</link></color>状態の敵は<color=#FF3667><i>鈍足</i></color>になり、<#FFEB04><link=""Keyword:4"">[凍結]</link></color>状態になる可能性があります。<#FFEB04><link=""Keyword:4"">[凍結]</link></color>した敵は<color=#FF3667><i>砕くこと</i></color>で、<#FFEB04><link=""Keyword:5"">[物理]</link></color>または近接ダメージによるボーナスダメージを与えられます。"
e902d74f6cf640f296e9a01344279cab_121_0,101942999326384128,チャージ済み
f59980ba4e384046ab723e5bc9badda9_128_0,97509550570070017,プレイヤー報酬取得済み
53afc69896b94bfba03024778d9e3623_134_0,111688140467462144,カールをつかんで、メックに放り込め！
75a404bead8b4222886ea28d9fafd2a0_136_0,124465651215491072,ダミーを近接攻撃しろ[InputAction:Gameplay/MeleeFire]
866e5e3449304da59d2ee38062fafa39_81_0,127793421195603968,!
9697eea8c0a144b39d6932525438c386_136_0,124725136014172160,射撃場
CRT_Desc_11,114192001456177153,<b>ランガス・ミート</b>の元顧客。現在は従業員にとっての脅威。<b>グリジーガルプ</b>の長期摂取は、その体格に驚くべき変化をもたらしたが、気性には何の効果もなかった。
CRT_Desc_12,114192001460371456,<b>ランガス・ミート</b>の自動防衛部門がひっそり廃止される前に製造された。今も稼働中。今も最後に受けた命令を実行中。その命令が何だったのかは、誰も覚えていない。
CRT_Desc_13,114192001460371457,八本脚。いくつもの目。そして、こちらの存在に対する意見はひとつ。歓迎ではない。自慢の自作の巣に生息している。
CRT_Desc_22,114192001464565760,<i>リヴァイアサン計画</i>の最高傑作であり、<b>ランガス・ミート</b>の水産養殖実験の最大の失敗作でもある。藻類に触れる前が何であれ、今はかなり大きくなっている。<br><br>怒っているかどうかは不明だ。腹を空かせているのは、疑いようがない。
CRT_Desc_26,114192001464565761,動機が十分に記録されていない異星勢力が運用する偵察戦闘艦。動きは速く、射撃は正確で、通信周波数に一度も応答したことがない。
CRT_Desc_28,114192001464565762,<b>ピーテリウム</b>の淡水系を汚染した<b>ミートサイエンス</b>の廃液に何世代にもわたって晒され、劇的に巨大化した。一応、まだカエルではある。一応、近づいて安全な存在ではない。
CRT_Desc_31,114192001464565763,<b>ピーテリウム</b>に生息していたピラニアは、<i>リヴァイアサン計画</i>が始まる前は小さな厄介者程度に思われていた。それはずいぶん昔のことだ。
CRT_Desc_34,114192001468760064,<b>ミートサイエンス</b>の実験的化合物に継続的に晒されることで強化された。より速く。より大きく。どんなサメも抱くはずのない関心を、こちらに向けてくる。
CRT_Desc_37,114186022270304256,本体のない浮遊眼球生物で、明確な説明も存在しない。<b>ランガス・ミート</b>の異生物学者たちは数多くの報告書を提出してきた。どの報告書もその正体について一致していない。
CRT_Desc_38,114192001472954368,野生化するか、敵対勢力に転用された基本的な<b>スマートミート</b>製造物。単純で、執拗で、根本的にただの肉にしては驚くほど頑丈だ。
CRT_Desc_39,114192001472954369,かつて<b>ランガス・ミート</b>の加工工場で働いていた。完全に自発的とはいえない数回の転職を経ても、仕事道具は手放さなかった。
CRT_Desc_40,114192001472954370,グリースモンキーは、とっくにお払い箱になったのに気づいてない旧型の自動車整備ボットだ。ぶっ壊せば、車を直すより上手いくらい味方の構造物を修復するレンチが手に入るぜ。
CRT_Desc_41,114192001481342976,かつて<b>ランガス・ミート</b>に勤めていた科学者。今や<b>ピーテリウム</b>の水生生物の守護者であり、世界の頂点捕食者でもあると自認する巨大生物だ。<br><br>自分は海賊だとも思っている。人間というのは本当に不思議だ。
CRT_Desc_42,114192001481342977,巨大な視覚器官と、何かを食べる前に必ずじっと凝視するという強迫的な習性で知られる生物。あの視線は警告だ。ほとんどの者は、それを理解するのが遅すぎる。
CRT_Desc_43,114192001481342978,<b>フランケンミート</b>の艦船で、さらなる恐怖が必要な場所にさらなる恐怖を届ける。着陸するというより、中身を投下して立ち去る。
CRT_Desc_44,114192001485537280,残念ながら、すべての<b>ミートサイエンス</b>実験が文明に大きな飛躍をもたらしたわけではない。ブタの被験者をエクストリームフレーバー（TM）で強化することを目的とした小規模な計画として始まったものが、すぐに制御不能になった。ランガス・ミートの技術者たちは、完璧な食品を作る代わりに、完璧な食用機械を作りました。<b></b><br><br>心を持たないこの生物は、仲間たちとともに食いつぶされる少し前に科学者の一人によって「フランケンビーンズ」と名付けられた。そして今、銀河中を旅し、飢えを満たすために果てしない探求をしている。
CRT_Desc_45,114192001485537281,探究心で始められ、その探究心を心底後悔する形で幕を閉じた<b>ミートサイエンス</b>実験の結果。<br><br>半分人間。半分スズメバチ。完全に問題。
CRT_Desc_46,114192001489731584,目的も感情もなく、通す気もない固定兵器プラットフォーム。これから遭遇する敵の中では、自分の望みに最も正直な部類と言える。
CRT_Desc_47,114192001489731585,正体不明の生物で、四肢は生体力学的に通常許容される範囲をはるかに超えて伸びる。それを最大限に活用している。すぐにわかるだろう。
CRT_Desc_48,114192001489731586,創造主より小さく、速く、そして同じくらい腹を空かせている。<b>フランケンミート</b>の食欲は遺伝する。減ったのは一食分のサイズだけだ。
CRT_Desc_50,114192001493925888,推奨成長パラメーターを大幅に超過した<b>スマートミート</b>製造物。開発仕様を承認した人物は、現在コメントを控えている。
CRT_Desc_51,114192001493925889,コンパクトだが手強い宇宙の戦闘員。可動域の狭さを、その動きをこちらの顔面に叩き込む強い意志で補っている。
CRT_Desc_52,114192001498120192,反撃しない。動かない。あらゆる合理的な予想に反して、ここまで生き延びている。これはターゲットよりも射撃場についての方が多くを語っている。
CRT_Desc_53,114192001498120193,非常に優れた装備か、非常に個人的な理由のどちらか（おそらく両方）を示唆する距離から行動する。これについて声明は一切出していない。
CRT_Desc_54,114192001498120194,ほぼ確実に保有するべきではなかった技術を入手することで制空権を獲得した。速く、機動性が高く、その両方に対して非常に自信満々だ。
CRT_Desc_55,114192001506508800,移動の問題を完全に排除することで解決した。脅威レベルとちょうど一致する高度で安定して浮遊している。これは偶然ではない。
CRT_Desc_56,114192001506508801,小さい。異様なほど鍛えられている。サイズはただの数字にすぎず、その数字はこれから始まる喧嘩とは無関係だと信じている。
CRT_Desc_57,114192001506508802,地質学的な歴史のある時点で、突如として攻撃的に動き出した、アヒル型の岩石形成物。<b>ランガス・ミート</b>の地質学部門がこれに関する論文を提出した。論文は却下された。
CRT_Desc_59,114192001510703104,優れた掘削本能と、来訪者への根強い偏見を持つ地下の人型生物。刺激されたときだけ地上に出る。よく刺激される。
CRT_Desc_6,114192001397456896,<b>ミートサイエンス</b>の粋を集めた究極の産物。密度の高い強化肉で作られた巨大な構造体で、壊滅的な戦闘性能を誇る。<b>カール・ランガス</b>が、繊細さよりもそれ以外のすべてを求める状況のために設計した。
CRT_Desc_60,114192001510703105,ミュータント勢力が運用する<b>グリジーガルプ</b>燃料の輸送機。到着は速い。去るのはもっと速い。その間に投下するものは、もうこちらの問題だ。
CRT_Desc_61,114192001514897408,部隊の迅速な展開と、その展開がもたらす結果からの同様に迅速な離脱に最適化された宇宙人輸送船。
CRT_Desc_62,114192001514897409,止まらない。次々と出てくる。その数学的説明はされていないし、されることもない。撃ち続けろ。
CRT_Desc_63,114192001514897410,正体不明の奇妙で人懐っこいロボット。このロボットは遠い昔にはるか彼方の銀河から宇宙船でやってきたのだと信じている人もいる。<br><br>ごく最近、<b>リセット</b>はカリプソという名の知性ある長距離ロボット工場の囚人となっていた。どうやら両者の関係がうまくいかなかったことが原因のようだ。
CRT_Desc_64,114192001519091712,誰かが地面から離すという先見の明を持った自動兵器プラットフォーム。それで友好的にはならなかった。避けにくくなっただけだ。
CRT_Desc_65,114192001519091713,フルサイズモデルより小さな<b>グリジーガルプ</b>依存の塊だが、問題を起こすという中核ミッションへの献身は変わらない。
CRT_Desc_66,114192001523286016,どんな宿主にも依存せず独立して機能する、切り離された眼球ユニット。監視目的で展開されたが、直接交戦にエスカレートした。その移行は元の仕様にはなかった。
CRT_Desc_67,114192001527480320,ベアトリスの展開サイクルの第一段階。小さい。目立たない。すでにカウントダウンが始まっている。
CRT_Desc_68,114192001527480321,故郷の惑星の重力が垂直方向の成長について強いこだわりを持っていたことをうかがわせる背の高さ。その高さを遠慮なく、常に活用する。
CRT_Desc_69,114192001531674624,誰も選ばず、誰も正面から挑んで勝てなかった権威を持って戦闘を監視する。見たままを判定する。すべてを見ている。
CRT_Desc_70,114192001531674625,<b>ポークバレル・ピート</b>が相手を手続き的な遅延と物理的ダメージに同時に絡め取るために展開した官僚的戦闘員。書類は武器だ。武器も武器だ。
CRT_Desc_71,114192001535868928,選挙運動から出てきたばかりで、これが公務の姿だと完全に信じている。大勢でやってくる。党の路線に沿って投票する。
CRT_Desc_72,114192001535868929,自らの判断を一度も疑ったことがない者の絶対的な確信を持って、闘技場を取り仕切る。木槌は巨大だ。判決は最終だ。
CRT_Desc_73,114192001535868930,<b>パウンディング・ファーザーズ</b>政権を代表して活動する企業執行ユニット。決定を遂行する。下すのではない。下す必要もない。
CRT_Desc_74,114192001540063232,フル展開状態のベアトリス。何をしていたとしても、今すぐやめろ。
CRT_Desc_75,114192001540063233,重心が低い。痛みへの耐性が高い。<b>グリジーガルプ</b>のミューテーションは彼を背高くしなかったが、今ある身長をはるかに効果的なものにした。
CRT_Desc_76,114192001544257536,詳細不明の手段で何らかの公的任務に就かされたダックストーンユニット。バッジは本物だ。アヒルも本物だ。岩も本物だ。
CRT_Desc_77,114192001544257537,成長サイクルの途中にあるベアトリス。見た目より大きい。すでに計画を立てている。
CRT_Desc_79,114192001548451840,マシン勢力が運用する重装甲地上車両。製造ラインで記憶に残りたかった誰かにトミーと名付けられた。トミーは安心感を与える存在ではない。
CRT_Desc_8,114192001456177152,銀河系の最も不快な環境に生息する縄張り意識の強い空中戦闘生物。毒は最悪だ。音はなぜかさらに最悪だ。<b>ランガス・ミート</b>は少なくとも三度、これをメニューに加えようと試みた。三度とも同じ結末を迎えた。
CRT_Desc_80,114192001548451841,優秀な射程と、その射程内のすべてに対する強い意見を持つ指向性エネルギー兵器プラットフォーム。
CRT_Desc_81,114192001548451842,頭部が明確に箱であるマシン勢力のユニット。箱の中に何かが入っている。その何かが展開する。その何かがやることをあなたは気に入らないだろう。
CRT_Desc_82,114192001552646144,丸い。転がる。その両方に熱心だ。<b>グリジーガルプ</b>のミューテーションはミュータントという概念を、非常に特定の幾何学的方向へと推し進めた。
CRT_Desc_83,114192001552646145,細い。平らだ。見かけによらず耐久性がある。次元的縮小によって、なぜかより脅威となったミュータント。
CRT_Desc_86,114192001556840448,敵として送り込まれた忠実な<b>スマートミート</b>のコンパニオンユニット。本人は状況を完全には理解していないし、それほど内省できるなら、おそらく申し訳なく思っていただろう。
CRT_Desc_87,114192001556840449,熱意だけは一人前で、状況理解はまるでない幼い<b>スマートミート</b>コンパニオンユニット。全力で頑張っている。その全力が、まだこちらにとっては問題だ。
CRT_Desc_88,114192001561034752,<b>カール・ランガス</b>が、状況に見合ったスケールで動いている。メックは当然、彼の設計だ。だいぶ前から準備してあったらしい。<br><br> <i>こいつは何年も前に作っておいたんだ、スクイッシー。念のためにな！やっと使えてよかったぜ！</i>
CRT_Name_90,112083206843392000,ゲロオーブ
CRT_Name_91,118003757014249472,ヴォル・ケイ・ノー
HE_Desc_125,111992418004361216,"<#FFEB04><link=""Item:634"">[スレイヤーバフ II]</link></color>を15秒間獲得する"
HE_Desc_126,111992418008555520,"<#FFEB04><link=""Item:635"">[スレイヤーバフ III]</link></color>を15秒間獲得する"
HE_Desc_139,114224192071655424,"ターゲットが<#FFEB04><link=""Keyword:7"">[よろめき]</link></color>状態になる"
HE_Desc_189,118953930455506944,"<#FFEB04><link=""Keyword:12"">[電撃]</link></color>ダメージを20%追加で与える"
HE_Desc_190,118953930468089856,"<#FFEB04><link=""Keyword:13"">[火]</link></color>ダメージを20%追加で与える"
HE_Desc_191,118953930468089857,"<#FFEB04><link=""Keyword:15"">[氷]</link></color>ダメージを20%追加で与える"
HE_Desc_192,118953930468089858,"<#FFEB04><link=""Keyword:5"">[物理]</link></color>ダメージを20%追加で与える"
HE_Desc_193,118953930468089859,"<#FFEB04><link=""Keyword:14"">[スライム]</link></color>ダメージを20%追加で与える"
HE_Desc_194,118953930468089860,"<#FFEB04><link=""Keyword:12"">[電撃]</link></color>ダメージを50%追加で与える"
HE_Desc_195,118953930468089861,"<#FFEB04><link=""Keyword:13"">[火]</link></color>ダメージを50%追加で与える"
HE_Desc_196,118953930468089862,"<#FFEB04><link=""Keyword:15"">[氷]</link></color>ダメージを50%追加で与える"
HE_Desc_197,118953930468089863,"<#FFEB04><link=""Keyword:5"">[物理]</link></color>ダメージを50%追加で与える"
HE_Desc_198,118953930468089864,"<#FFEB04><link=""Keyword:14"">[スライム]</link></color>ダメージを50%追加で与える"
HE_Desc_199,119267650700304384,2体の敵に30ダメージを連鎖させる
IATT_Name_1,113797958992912384,移動速度
IATT_Name_10,113797958997106693,貫通数
IATT_Name_11,113797958997106694,武器精度
IATT_Name_110,113797958997106747,ヒットスキャンダメージ
IATT_Name_113,113797958997106748,近接攻撃ダメージ
IATT_Name_116,113797958997106749,リロードウィンドウサイズ
IATT_Name_117,113797958997106750,ミート能力ダメージ
IATT_Name_12,113797958997106695,拡散回復
IATT_Name_124,113797958997106751,近距離ダメージ
IATT_Name_125,113797958997106752,遠距離ダメージ
IATT_Name_126,113797958997106753,火蓄積
IATT_Name_127,113797958997106754,氷蓄積
IATT_Name_128,113797958997106755,スライム蓄積
IATT_Name_129,113797958997106756,電撃蓄積
IATT_Name_13,113797958997106696,リロード速度
IATT_Name_130,113797958997106757,バリア持続時間
IATT_Name_133,113797958997106758,バリア最大値
IATT_Name_136,113797958997106759,バリア獲得量
IATT_Name_139,113797959001300992,発射体速度
IATT_Name_14,113797958997106697,水中移動速度
IATT_Name_142,113797959001300993,フランケンビーンズパワーレベル
IATT_Name_143,113797959001300994,物理ダメージ
IATT_Name_146,113797959001300995,物理蓄積
IATT_Name_15,113797958997106698,ジャンプ回数
IATT_Name_151,113797959001300996,ミニオンダメージ
IATT_Name_154,113797959001300997,ミニオンHP
IATT_Name_157,113797959001300998,ミニオンHP回復
IATT_Name_16,113797958997106699,クリティカル率上昇
IATT_Name_162,113797959001300999,連射数
IATT_Name_164,113797959001301000,イベント構造体HP
IATT_Name_165,113797959001301001,イベント構造体HP回復
IATT_Name_166,113797959001301002,ハンターHP
IATT_Name_167,113797959001301003,ハンターHP回復
IATT_Name_17,113797958997106700,範囲ダメージ
IATT_Name_178,113797959001301004,中型ミニオン数
IATT_Name_179,113797959001301005,大型ミニオン数
IATT_Name_18,113797958997106701,ヘッドミート耐久度
IATT_Name_180,113797959001301006,グレネードランチャーダメージ
IATT_Name_181,113797959001301007,マグナムダメージ 
IATT_Name_182,113797959001301008,ピストルダメージ
IATT_Name_183,113797959001301009,プラズマキャスターダメージ
IATT_Name_184,113797959001301010,レールガンダメージ
IATT_Name_185,113797959001301011,ライフルダメージ
IATT_Name_186,113797959001301012,ロケットランチャーダメージ
IATT_Name_187,113797959001301013,SMGダメージ
IATT_Name_188,113797959001301014,ショットガンダメージ
IATT_Name_2,113797958997106688,攻撃速度
IATT_Name_20,113797958997106702,リスポーン時の追加プレイヤーHP
IATT_Name_205,113797959001301015,グレネードランチャー最小ダメージ
IATT_Name_206,113797959001301016,マグナム最小ダメージ
IATT_Name_207,113797959001301017,ピストル最小ダメージ
IATT_Name_208,113797959001301018,プラズマキャスター最小ダメージ
IATT_Name_209,113797959001301019,レールガン最小ダメージ
IATT_Name_21,113797958997106703,ハンター到着時間（秒）
IATT_Name_210,113797959001301020,ライフル最小ダメージ
IATT_Name_211,113797959001301021,ロケットランチャー最小ダメージ
IATT_Name_212,113797959001301022,SMG最小ダメージ
IATT_Name_213,113797959001301023,ショットガン最小ダメージ
IATT_Name_214,113797959001301024,ライフル追加トリガー効果発動率
IATT_Name_215,113797959001301025,ライフルリロードウィンドウサイズ
IATT_Name_216,113797959001301026,ライフル射程
IATT_Name_217,113797959001301027,SMG追加クリティカル率
IATT_Name_218,113797959001301028,SMG追加クリティカルダメージ
IATT_Name_219,113797959001301029,SMGリロードウィンドウサイズ
IATT_Name_22,113797958997106704,HP回復
IATT_Name_220,113797959001301030,SMGマガジンサイズ
IATT_Name_221,113797959001301031,SMG射程
IATT_Name_222,113797959001301032,SMG武器精度
IATT_Name_223,113797959001301033,SMG攻撃速度
IATT_Name_224,113797959001301034,SMG追加トリガー効果発動率
IATT_Name_225,113797959001301035,SMG貫通数
IATT_Name_228,113797959001301038,マグナム貫通数
IATT_Name_23,113797958997106705,地上ジャンプ高度
IATT_Name_231,113797959001301041,マグナム射程
IATT_Name_232,113797959001301042,グレネードランチャー最大ダメージ
IATT_Name_233,113797959001301043,マグナム最大ダメージ
IATT_Name_234,113797959001301044,ピストル最大ダメージ
IATT_Name_235,113797959001301045,プラズマキャスター最大ダメージ
IATT_Name_236,113797959001301046,レールガン最大ダメージ
IATT_Name_237,113797959001301047,ライフル最大ダメージ
IATT_Name_238,113797959001301048,ロケットランチャー最大ダメージ
IATT_Name_239,113797959001301049,SMG最大ダメージ
IATT_Name_24,113797958997106706,マガジンサイズ
IATT_Name_240,113797959001301050,ショットガン最大ダメージ
IATT_Name_242,113797959001301051,マグナムダメージ
IATT_Name_25,113797958997106707,能力リチャージ
IATT_Name_26,113797958997106708,ステルス
IATT_Name_27,113797958997106709,登る角度
IATT_Name_286,113797959001301053,ライフルマガジンサイズ
IATT_Name_287,113797959001301054,ライフル貫通数
IATT_Name_288,113797959001301055,ライフル攻撃速度
IATT_Name_289,113797959001301056,ライフル弱点ダメージ
IATT_Name_296,113797959001301057,マグナム最大ダメージ
IATT_Name_3,113797958997106689,全ダメージ
IATT_Name_30,113797958997106710,敵への脅威増加
IATT_Name_304,113797959001301058,ハンターメイン遅延
IATT_Name_306,113797959001301059,ハンターサブ遅延
IATT_Name_309,113797959001301060,ハンター攻撃速度
IATT_Name_31,113797958997106711,ウェブ耐性
IATT_Name_312,113797959001301061,ハンターダメージ
IATT_Name_315,113797959001301062,ハンター移動速度
IATT_Name_318,113797959001301063,ミート耐久度
IATT_Name_32,113797958997106712,サポート範囲効果半径
IATT_Name_321,113797959001301064,ミートによるダメージ軽減
IATT_Name_324,113797959001301065,二段ジャンプ高度
IATT_Name_328,113797959001301066,電撃弱体化
IATT_Name_329,113797959001301067,火弱体化
IATT_Name_33,113797958997106713,ヘッド能力リチャージ
IATT_Name_330,113797959001301068,氷弱体化
IATT_Name_331,113797959001301069,物理弱体化
IATT_Name_332,113797959001301070,スライム弱体化
IATT_Name_335,113797959001301071,極寒状態の敵を凍結状態にする
IATT_Name_336,113797959001301072,近接弱体化
IATT_Name_338,113797959001301073,近接攻撃速度
IATT_Name_34,113797958997106714,無限弾薬
IATT_Name_340,113797959001301074,鉱物探知距離
IATT_Name_341,113797959001301075,釣り場探知距離
IATT_Name_342,113797959001301076,ガストロノート探知距離
IATT_Name_343,113797959001301077,粉砕ダメージ
IATT_Name_346,113797959001301078,燃焼ダメージ
IATT_Name_349,113797959001301079,炎上発動確率
IATT_Name_35,113797958997106715,小型ミニオン数
IATT_Name_350,113797959001301080,炎上ダメージ
IATT_Name_353,113797959001301081,感電発動確率
IATT_Name_354,113797959001301082,感電ダメージ
IATT_Name_357,113797959001301083,スライム状態ダメージ増幅
IATT_Name_358,113797959001301084,極寒スロウ
IATT_Name_359,113797959001301085,マグナム弱点ダメージ
IATT_Name_36,113797958997106716,水泳ジャンプ高さ
IATT_Name_360,113797959001301086,ピストル弱点ダメージ
IATT_Name_361,113797959001301087,ショットガン弱点ダメージ
IATT_Name_362,113797959001301088,SMG弱点ダメージ
IATT_Name_363,113797959001301089,グレネードランチャー直撃ダメージ
IATT_Name_364,113797959001301090,プラズマキャスター直撃ダメージ
IATT_Name_365,113797959001301091,ロケットランチャー直撃ダメージ
IATT_Name_366,113797959001301092,ライフル拡散回復
IATT_Name_367,113797959001301093,ライフル精度
IATT_Name_369,113797959001301095,レールガンマガジンサイズ
IATT_Name_37,113797958997106717,追加クリティカルダメージ
IATT_Name_370,113797959001301096,プラズマガン爆発半径
IATT_Name_371,113797959001301097,ピストルリロードウィンドウサイズ
IATT_Name_372,113797959001301098,追加ピストル・クリティカル率
IATT_Name_373,113797959001301099,ピストルマガジンサイズ
IATT_Name_374,113797959001301100,ピストル精度
IATT_Name_375,113797959001301101,ピストル射程
IATT_Name_376,113797959001301102,ピストル攻撃速度
IATT_Name_377,113797959001301103,ピストル追加クリティカルダメージ
IATT_Name_378,113797959001301104,ピストル貫通数
IATT_Name_38,113797958997106718,射程
IATT_Name_381,113797959001301107,追加ピストルトリガー効果確率
IATT_Name_382,113797959001301108,ライフル追加クリティカルダメージ
IATT_Name_383,113797959001301109,ライフル追加クリティカル率
IATT_Name_385,113797959001301111,マグナム攻撃速度
IATT_Name_386,113797959001301112,マグナム追加クリティカル率
IATT_Name_387,113797959001301113,マグナム追加クリティカルダメージ
IATT_Name_388,113797959001301114,マグナム武器精度
IATT_Name_389,113797959001301115,マグナムリロードウィンドウサイズ
IATT_Name_39,113797958997106719,コンテナからの追加HP
IATT_Name_390,113797959001301116,マグナムマガジンサイズ
IATT_Name_391,113797959001301117,マグナム追加トリガー効果発動率
IATT_Name_392,113797959001301118,プラズマキャスター攻撃速度
IATT_Name_393,113797959001301119,プラズマキャスター追加クリティカル率
IATT_Name_394,113797959001301120,プラズマキャスター追加クリティカルダメージ
IATT_Name_395,113797959001301121,プラズマキャスターリロードウィンドウサイズ
IATT_Name_396,113797959001301122,プラズマキャスター弾倉サイズ
IATT_Name_397,113797959001301123,プラズマキャスター追加トリガー効果発動率
IATT_Name_398,113797959001301124,プラズマキャスター弾速
IATT_Name_399,113797959001301125,プラズマキャスター範囲ダメージ
IATT_Name_4,113797958997106690,HP
IATT_Name_400,113797959001301126,ショットガン貫通数
IATT_Name_401,113797959001301127,ショットガン追加クリティカル率
IATT_Name_402,113797959001301128,ショットガン追加クリティカルダメージ
IATT_Name_403,113797959001301129,ショットガン追加トリガー効果発動率
IATT_Name_404,113797959001301130,ショットガンマガジンサイズ
IATT_Name_406,113797959001301132,ショットガン射程
IATT_Name_407,113797959001301133,ショットガン攻撃速度
IATT_Name_408,113797959001301134,ショットガンリロードウィンドウサイズ
IATT_Name_409,113797959001301135,レールガン追加トリガー効果発動率
IATT_Name_41,113797958997106720,トルソ能力リチャージ
IATT_Name_410,113797959001301136,レールガン追加クリティカル率
IATT_Name_411,113797959001301137,レールガン追加クリティカルダメージ
IATT_Name_412,113797959001301138,レールガンリロードウィンドウサイズ
IATT_Name_413,113797959001301139,レールガン貫通数
IATT_Name_414,113797959001301140,レールガン攻撃速度
IATT_Name_415,113797959001301141,レールガン弱点ダメージ
IATT_Name_416,113797959001301142,レールガン射程
IATT_Name_418,113797959001301144,ロケットランチャー追加クリティカル率
IATT_Name_419,113797959001301145,ロケットランチャー追加クリティカルダメージ
IATT_Name_420,113797959001301146,ロケットランチャーマガジンサイズ
IATT_Name_421,113797959001301147,ロケットランチャー弾速
IATT_Name_422,113797959001301148,ロケットランチャー攻撃速度
IATT_Name_423,113797959001301149,ロケットランチャー追加トリガー効果発動率
IATT_Name_424,113797959001301150,ロケットランチャー爆発半径
IATT_Name_425,113797959001301151,ロケットランチャー範囲ダメージ
IATT_Name_426,113797959001301152,グレネードランチャー追加クリティカル率
IATT_Name_427,113797959001301153,グレネードランチャー追加クリティカルダメージ
IATT_Name_428,113797959001301154,グレネードランチャー攻撃速度
IATT_Name_429,113797959001301155,グレネードランチャー弾速
IATT_Name_430,113797959001301156,グレネードランチャーリロードウィンドウサイズ
IATT_Name_431,113797959001301157,グレネードランチャーマガジンサイズ
IATT_Name_432,113797959001301158,グレネードランチャー爆発半径
IATT_Name_433,113797959001301159,グレネードランチャー追加トリガー効果発動率
IATT_Name_434,113797959001301160,グレネードランチャー範囲ダメージ
IATT_Name_435,113797959001301161,レールガン範囲ダメージ
IATT_Name_436,113797959001301162,レールガン爆発半径
IATT_Name_441,113797959001301163,スポーン間隔
IATT_Name_442,113797959001301164,近接追加クリティカル率
IATT_Name_444,113797959001301166,近接クリティカル率
IATT_Name_446,113797959001301167,近接追加クリティカルダメージ
IATT_Name_447,113797959001301168,近接クリティカルダメージ
IATT_Name_448,113797959001301169,ノックバック距離
IATT_Name_45,113797958997106721,追加よろめき確率
IATT_Name_451,113797959001301170,近接ノックバック距離
IATT_Name_454,113797959001301171,ボスHP
IATT_Name_455,113797959001301172,敵密度
IATT_Name_456,113797959001301173,味方イベント構造体HP
IATT_Name_457,113797959001301174,味方イベント構造体HP回復
IATT_Name_458,113797959001301175,プレイヤーイベント構造体HP
IATT_Name_459,113797959001301176,収集ノードカードあたりクレジット
IATT_Name_461,113797959001301177,プレイヤーイベント構造体HP回復
IATT_Name_464,113797959001301178,ランガスとグリジー報酬
IATT_Name_466,113797959001301179,敵イベント構造体HP
IATT_Name_467,113797959001301180,敵イベント構造体HP回復
IATT_Name_468,113797959001301181,敵移動制限フラグ
IATT_Name_47,113797958997106722,レッグ能力リチャージ
IATT_Name_470,113797959001301182,ボス構造体HP
IATT_Name_471,113797959001301183,フランケンビーンズチューブ破壊ダメージ
IATT_Name_472,113797959001301184,ボス弱点ダメージ
IATT_Name_473,113797959001301185,ボスミニオン数
IATT_Name_474,113797959001301186,ボス移動速度
IATT_Name_475,113797959001301187,ボス静的ミートスポーン時間
IATT_Name_476,113797959001301188,ミニボスHP回復
IATT_Name_479,113797959001301189,ミニボス攻撃速度
IATT_Name_482,113797959001301190,ミニボスダメージ
IATT_Name_485,113797959001301191,物理耐性
IATT_Name_488,113797959001301192,火耐性
IATT_Name_491,113797959001301193,氷耐性
IATT_Name_494,113797959001301194,電撃耐性
IATT_Name_497,113797959001301195,スライム耐性
IATT_Name_506,113797959001301196,ミートドロップ確率
IATT_Name_509,113797959001301197,レベルアップ報酬の運上昇
IATT_Name_51,113797958997106723,直撃ダメージ
IATT_Name_511,113797959001301198,XP獲得量
IATT_Name_513,113797959001301199,能力最大チャージ数
IATT_Name_514,113797959001301200,連鎖ターゲット数
IATT_Name_515,113797959001301201,極寒持続時間
IATT_Name_516,113797959001301202,ヘッドミート能力ダメージ
IATT_Name_517,113797959001301203,トルソミート能力ダメージ
IATT_Name_518,113797959001301204,レッグミート能力ダメージ
IATT_Name_519,113797959001301205,武器ダメージ
IATT_Name_52,113797958997106724,追加トリガー効果確率
IATT_Name_521,118906002034647040,状態異常耐性
IATT_Name_523,129087451949948928,グレネード弾数
IATT_Name_524,129087451949948929,マグナム弾数
IATT_Name_525,129087451949948930,ピストル弾数
IATT_Name_526,129087451949948931,プラズマ弾数
IATT_Name_527,129087451949948932,レールガン弾数
IATT_Name_528,129087451949948933,ライフル弾数
IATT_Name_529,129087451949948934,ロケット弾数
IATT_Name_53,113797958997106725,受けるダメージ
IATT_Name_530,129087451949948935,ショットガン弾数
IATT_Name_531,129087451949948936,SMG弾数
IATT_Name_54,113797958997106726,ノックバック効果
IATT_Name_55,113797958997106727,追加クリティカル率
IATT_Name_56,113797958997106728,発射体数
IATT_Name_58,113797958997106729,弱点ダメージ
IATT_Name_59,113797958997106730,空中移動速度
IATT_Name_6,113797958997106691,爆発半径
IATT_Name_60,113797958997106731,重力
IATT_Name_62,113797958997106732,修理ナノボット量
IATT_Name_63,113797958997106733,修理ナノボット容量
IATT_Name_66,113797958997106734,周囲の敵偵察部隊
IATT_Name_7,113797958997106692,チャレンジステージ
IATT_Name_75,113797958997106735,見つかった！
IATT_Name_76,113797958997106736,ヘッドミートによるダメージ軽減
IATT_Name_77,113797958997106737,トルソミートによるダメージ軽減
IATT_Name_78,113797958997106738,レッグミートによるダメージ軽減
IATT_Name_79,113797958997106739,トルソミート耐久度
IATT_Name_81,113797958997106740,レッグミート耐久度
IATT_Name_83,113797958997106741,シップビーコンのドロップ
IATT_Name_86,113797958997106742,初期リスポーン数
IATT_Name_87,113797958997106743,火ダメージ
IATT_Name_90,113797958997106744,氷ダメージ
IATT_Name_93,113797958997106745,電撃ダメージ
IATT_Name_96,113797958997106746,スライムダメージ
ITM_293_HE_0,112852940539027456,近接ダメージ時
ITM_436_HE_0,126473208478031872,ダメージを受けたとき
ITM_Desc_1028,118953930640056320,"<#FFEB04><link=""Keyword:8"">[感電]</link></color>状態の敵に与えるダメージ+10%"
ITM_Desc_1029,118953930640056321,"<#FFEB04><link=""Keyword:8"">[感電]</link></color>状態の敵に与えるダメージ+15%"
ITM_Desc_1030,118953930640056322,"<#FFEB04><link=""Keyword:8"">[感電]</link></color>状態の敵に与えるダメージ+20%"
ITM_Desc_1031,118960669196279808,"<#FFEB04><link=""Keyword:1"">[燃焼]</link></color>状態の敵に与えるダメージ+10%"
ITM_Desc_1032,118960669196279809,"<#FFEB04><link=""Keyword:1"">[燃焼]</link></color>状態の敵に与えるダメージ+15%"
ITM_Desc_1033,118960669196279810,"<#FFEB04><link=""Keyword:1"">[燃焼]</link></color>状態の敵に与えるダメージ+20%"
ITM_Desc_1034,118960669200474112,"<#FFEB04><link=""Keyword:3"">[極寒]</link></color>状態の敵に与えるダメージ+10%"
ITM_Desc_1035,118960669200474113,"<#FFEB04><link=""Keyword:3"">[極寒]</link></color>状態の敵に与えるダメージ+15%"
ITM_Desc_1036,118960669200474114,"<#FFEB04><link=""Keyword:3"">[極寒]</link></color>状態の敵に与えるダメージ+20%"
ITM_Desc_1037,118960669200474115,"<#FFEB04><link=""Keyword:7"">[よろめき]</link></color>状態の敵に与えるダメージ+10%"
ITM_Desc_1038,118960669200474116,"<#FFEB04><link=""Keyword:7"">[よろめき]</link></color>状態の敵に与えるダメージ+15%"
ITM_Desc_1039,118960669200474117,"<#FFEB04><link=""Keyword:7"">[よろめき]</link></color>状態の敵に与えるダメージ+20%"
ITM_Desc_1040,118960669200474118,"<#FFEB04><link=""Keyword:2"">[スライム]</link></color>状態の敵に与えるダメージ+10%"
ITM_Desc_1041,118960669200474119,"<#FFEB04><link=""Keyword:2"">[スライム]</link></color>状態の敵に与えるダメージ+15%"
ITM_Desc_1042,118960669204668416,"<#FFEB04><link=""Keyword:2"">[スライム]</link></color>状態の敵に与えるダメージ+20%"
ITM_Desc_1064,118953930648444928,ハンターに与えるダメージ+30%
ITM_Desc_1065,118953930648444929,ハンターに与えるダメージ+40%
ITM_Desc_1066,118953930648444930,ハンターに与えるダメージ+50%
ITM_Desc_1073,118953930648444931,水棲種に与えるダメージ+10%
ITM_Desc_1074,118953930652639232,マシン系に与えるダメージ+10%
ITM_Desc_1075,118953930652639233,ミュータント系に与えるダメージ+10%
ITM_Desc_1076,118953930652639234,フランケンミート系に与えるダメージ+10%
ITM_Desc_1077,118953930652639235,オムニミート系に与えるダメージ+10%
ITM_Desc_1078,118953930652639236,インセクトイド系に与えるダメージ+10%
ITM_Desc_1079,118953930652639237,エイリアン系に与えるダメージ+10%
ITM_Desc_1080,118953930652639238,水棲種に与えるダメージ+15%
ITM_Desc_1081,118953930652639239,マシン系に与えるダメージ+15%
ITM_Desc_1082,118953930652639240,ミュータント系に与えるダメージ+15%
ITM_Desc_1083,118953930656833536,フランケンミート系に与えるダメージ+15%
ITM_Desc_1084,118953930656833537,オムニミート系に与えるダメージ+15%
ITM_Desc_1085,118953930656833538,インセクトイド系に与えるダメージ+15%
ITM_Desc_1086,118953930656833539,エイリアン系に与えるダメージ+15%
ITM_Desc_1087,118953930656833540,水棲種に与えるダメージ+20%
ITM_Desc_1088,118953930656833541,マシン系に与えるダメージ+20%
ITM_Desc_1089,118953930656833542,ミュータント系に与えるダメージ+20%
ITM_Desc_1090,118953930656833543,フランケンミート系に与えるダメージ+20%
ITM_Desc_1091,118953930656833544,オムニミート系に与えるダメージ+20%
ITM_Desc_1092,118953930661027840,インセクトイド系に与えるダメージ+20%
ITM_Desc_1093,118953930661027841,エイリアン系に与えるダメージ+20%
ITM_Desc_644,117055205214773248,欠損したミートパーツ1つにつき全ダメージ+10%
ITM_Desc_645,14970698739998720,欠損したミートパーツ1つにつき全ダメージ+15%
ITM_Desc_646,14970698739998721,欠損したミートパーツ1つにつき全ダメージ+20%
ITM_Name_1161,120294751171764224,サーフボード
ITM_Name_1187,127273379008864256,アスリート
ITM_Name_1190,127273379013058560,コスパ最強
ITM_Name_1192,127273379013058561,ビーフスキャンピ
ITM_Name_1195,127273379013058562,ビッグマグ
ITM_Name_1199,127273379017252864,ブラックペッパー火薬
ITM_Name_1203,127273379017252865,チキンサシミ
ITM_Name_1206,127273379017252866,チリオイル
ITM_Name_1210,127273379017252867,クラリティ
ITM_Name_1213,127273379017252868,コーヒーミルク
ITM_Name_1217,127273379017252869,クロウエッグ
ITM_Name_1221,127273379017252870,ドラムスティック
ITM_Name_1224,127273379017252871,エレクトリックイール
ITM_Name_1226,127273379017252872,幸運のエリクサー
ITM_Name_1230,127273379017252873,フィーディングフレンジー
ITM_Name_1232,127273379021447168,フォーリナーベルト
ITM_Name_1235,127273379021447169,フォアグリップ
ITM_Name_1239,127273379021447170,フルーティビタミン
ITM_Name_1242,127273379021447171,ガソスタオイスターズ
ITM_Name_1246,127273379021447172,ゲータースキン
ITM_Name_1248,127273379021447173,ゼラチンサラダ
ITM_Name_1251,127273379021447174,カーボローディング
ITM_Name_1255,127273379021447175,グレイビートレイン
ITM_Name_1258,127273379021447176,ホットハムウォーター
ITM_Name_1261,127273379021447177,ホットソース
ITM_Name_1265,127273379025641472,ホットトディ
ITM_Name_1268,127273379025641473,ホットウィーナー
ITM_Name_1272,127273379025641474,冷たい麺
ITM_Name_1276,127273379025641475,アイスピック
ITM_Name_1279,127273379025641476,ギザギザメタルシリアル
ITM_Name_1287,127273379025641477,ミートマナ
ITM_Name_1290,127273379025641478,ミートポプシクル
ITM_Name_1293,127273379025641479,それこそまさしくジュースだ
ITM_Name_1296,127273379025641480,ポークカイト
ITM_Name_1299,127273379025641481,ラットミルク
ITM_Name_1303,127273379029835776,ラムハム
ITM_Name_1306,127273379029835777,ショートスタック
ITM_Name_1308,127273379029835778,シュラプネルスピッター
ITM_Name_1312,127273379029835779,スローモー
ITM_Name_1314,127273379029835780,スラッジクリームコーン
ITM_Name_1317,127273379029835781,スノーコーン
ITM_Name_1320,127273379029835782,スパイシーブロス
ITM_Name_1324,127273379029835783,スパイシーシュリンプ
ITM_Name_1328,127273379029835784,ネバネバ
ITM_Name_1334,127273379029835785,スーパーマーケットスシ
ITM_Name_1338,127273379034030080,刺身包丁
ITM_Name_1342,127273379034030081,シンセティックスパイス
ITM_Name_1346,127273379034030082,タコス
ITM_Name_1349,127273379034030083,テイスティミニオントリート
ITM_Name_1352,127273379034030084,ザ・ディップ
ITM_Name_1355,127273379034030085,バルチャービーミートハニー
ITM_Name_1358,127273379034030086,ゼスティチキンブレスト
ITM_Name_1362,127273379034030087,ズーテッドグミ
ITM_Name_331,129034446428954624,オーバーロード
KW_Desc_1,117104892261163008,"<#FFEB04><link=""Keyword:13"">[火]</link></color>持続ダメージを与える。<#FFEB04><link=""Keyword:19"">[炎上]</link></color>する可能性がある。"
KW_Desc_10,117128920619278336,弾薬が山ほどあるから、リロードなんて永遠に不要だぜ！
KW_Desc_11,117130058332626945,時間とともに消えていく一時的なHP。
KW_Desc_12,117130058332626946,"敵に<#FFEB04><link=""Keyword:12"">[電撃]</link></color>ダメージが十分に蓄積すると、<#FFEB04><link=""Keyword:8"">[感電]</link></color>状態になる。"
KW_Desc_13,117130058336821248,"<#FFEB04><link=""Keyword:13"">[火]</link></color>ダメージが敵に十分蓄積されると、<#FFEB04><link=""Keyword:1"">[燃焼中]</link></color>状態になる。"
KW_Desc_14,117130058336821249,"<#FFEB04><link=""Keyword:14"">[スライム]</link></color>ダメージが敵に十分蓄積されると、<#FFEB04><link=""Keyword:2"">[スライム状態]</link></color>になる。"
KW_Desc_15,117130058336821250,"<#FFEB04><link=""Keyword:15"">[氷]</link></color>ダメージが敵に十分蓄積されると、<#FFEB04><link=""Keyword:3"">[極寒]</link></color>状態となり、やがて<#FFEB04><link=""Keyword:4"">[凍結]</link></color>する。"
KW_Desc_17,118962454677938176,燃焼中、スライム状態、感電などの状態異常。
KW_Desc_18,117191729474428929,"<#FFEB04><link=""Keyword:4"">[凍結]</link></color>状態の敵に近接または物理ダメージを与えると、<#FFEB04><link=""Keyword:18"">[粉砕]</link></color>してボーナスダメージを与える。"
KW_Desc_19,117191729474428931,"<#FFEB04><link=""Keyword:1"">[燃焼]</link></color>状態の敵は、<#FFEB04><link=""Keyword:19"">[炎上]</link></color>してボーナスダメージを与えることがある。発生条件は<#FFEB04><link=""Keyword:13"">[火]</link></color>ダメージを受けた時。"
KW_Desc_2,117104892269551616,"受けるダメージが増加し、<#FFEB04><link=""Keyword:17"">[状態異常]</link></color>が早く蓄積する。"
KW_Desc_3,117104892269551617,移動と攻撃が遅くなる。
KW_Desc_4,117104892269551618,"氷が溶けるまで行動不能。近接または物理ダメージで<#FFEB04><link=""Keyword:18"">[粉砕]</link></color>が発生する。"
KW_Desc_5,117104892269551619,"<#FFEB04><link=""Keyword:5"">[物理]</link></color>ダメージが敵に十分蓄積されると、<#FFEB04><link=""Keyword:7"">[よろめき]</link></color>状態になる。"
KW_Desc_7,117104892269551622,短時間、行動不能になる。
KW_Desc_8,117127071258370048,定期的に周囲の敵にダメージを与える。
KW_Name_11,117130058332626944,バリア
KW_Name_17,117164252249186307,状態異常
KW_Name_18,117191729474428928,粉砕
KW_Name_19,117191729474428930,炎上
MEH_Desc_79,127668194695438336,この頭部は未来からここへとやってきた。
MEH_Desc_80,128037346949980160,最も魅力的な肉ナンバーワンに選出
MEH_Name_77,117162002315468800,チャージビーム・ヘッド
MEH_Name_79,127668194691244032,フューチャーエンプロイー・ヘッド
MEH_Name_80,128037346941591552,ランガスリサーチャーヘッド
MUT_Desc_13,127239120638435331,"<#FFEB04><link=""Keyword:1"">[燃焼]</link></color>状態の敵を攻撃すると、一時的なダメージボーナスがスタックすることがある。"
MUT_Desc_14,127239120642629632,"<#FFEB04><link=""Keyword:2"">[スライム]</link></color>状態の敵を攻撃すると、周囲の敵にエレメンタル弱体化を拡散する。"
MUT_Desc_15,127239120642629633,"<#FFEB04><link=""Keyword:18"">[粉砕]</link></color>ダメージが大幅に増加し、<#FFEB04><link=""Keyword:15"">[氷]</link></color>蓄積が早くなる。"
MUT_Desc_16,127240818282979328,"<#FFEB04><link=""Keyword:12"">[電撃]</link></color>ダメージが、<#FFEB04><link=""Keyword:8"">[感電]</link></color>状態の敵に命中すると周囲のターゲットに連鎖する。"
MUT_Desc_2,127239120634241024,ミニオンの上限を増やし、キル時にワスプ・ミニオンを召喚することがある。
MUT_Desc_21,127239120642629634,"<#FFEB04><link=""Keyword:19"">[炎上]</link></color>の発生確率とダメージがどちらも増加する。"
MUT_Desc_22,127239120642629635,"<#FFEB04><link=""Keyword:1"">[燃焼]</link></color>ダメージが大幅に増加する。<#FFEB04><link=""Keyword:1"">[燃焼]</link></color>状態の敵を攻撃すると、周囲のターゲットに拡散することがある。"
MUT_Desc_23,127239120642629636,"<#FFEB04><link=""Keyword:8"">[感電]</link></color>のダメージ頻度と威力が増加する。<#FFEB04><link=""Keyword:8"">[感電]</link></color>状態の敵を攻撃すると<#FFEB04><link=""Keyword:7"">[よろめき]</link></color>を付与できる。"
MUT_Desc_24,127240818287173632,"<#FFEB04><link=""Keyword:2"">[スライム]</link></color>状態の敵が受けるダメージが増加する。倒すと、その<#FFEB04><link=""Keyword:17"">[状態異常]</link></color>が周囲の敵に拡散する。"
MUT_Desc_25,127239120642629637,"ミートパーツが25%早く破裂するが、ミートパーツを失うと<#FFEB04><link=""Keyword:11"">[バリア]</link></color>を獲得する。"
MUT_Desc_26,127239120642629638,"<#FFEB04><link=""Keyword:7"">[よろめき]</link></color>状態の敵を攻撃すると、ダメージが連鎖し、周囲の敵に<#FFEB04><link=""Keyword:7"">[よろめき]</link></color>を拡散することがある。"
MUT_Desc_27,127239120642629639,"<#FFEB04><link=""Keyword:3"">[極寒]</link></color>によるスロウ効果が大幅に増加する。<#FFEB04><link=""Keyword:3"">[極寒]</link></color>または<#FFEB04><link=""Keyword:4"">[凍結]</link></color>状態の敵を倒すと、周囲の敵にダメージを与える氷のオーブが生成されることがある。"
MUT_Desc_28,127240818287173633,"<#FFEB04><link=""Keyword:12"">[電撃]</link></color>クリティカルヒットが次の能力をチャージし、最大でダメージ2倍までスタックする。"
MUT_Desc_29,127239120642629640,素早いリロードに成功するたびに攻撃速度とリロード速度が上昇する。失敗するとスタックがすべてリセットされる。
MUT_Desc_3,127239120638435328,"ミートの耐久度が上昇する。<#FFEB04><link=""Keyword:7"">[よろめき]</link></color>状態の敵を攻撃すると、周囲の敵に近接弱体化を拡散する。"
MUT_Desc_30,127240818287173634,"<#FFEB04><link=""Keyword:3"">[極寒]</link></color>状態の敵を<#FFEB04><link=""Keyword:4"">[凍結]</link></color>状態にできる。"
MUT_Desc_31,127239120642629641,"<#FFEB04><link=""Keyword:2"">[スライム]</link></color>状態の敵を倒すと、一時的なバフを付与するグロブを落とすことがある。"
MUT_Desc_32,127239120646823936,"<#FFEB04><link=""Keyword:7"">[よろめき]</link></color>状態の敵に近接攻撃を当てると、3秒後に爆発する爆弾を仕掛ける。"
MUT_Desc_33,127239120646823937,"<#FFEB04><link=""Keyword:1"">[燃焼]</link></color>状態の敵を攻撃すると、クリティカル率が上昇することがある。"
MUT_Desc_34,127239120646823938,"クリティカルヒット時、周囲の敵に<#FFEB04><link=""Keyword:2"">[スライム]</link></color>を拡散することがある。"
MUT_Desc_35,127239120646823939,"肉をスワップするたびに<#FFEB04><link=""Keyword:15"">[氷]</link></color>ダメージ、<#FFEB04><link=""Keyword:15"">[氷]</link></color>蓄積、<#FFEB04><link=""Keyword:18"">[粉砕]</link></color>ダメージが増加する。"
MUT_Desc_36,127239120646823940,"肉をスワップすると近くの敵に<#FFEB04><link=""Keyword:13"">[火]</link></color>ダメージを与える。"
MUT_Desc_37,127239120646823941,弱点への攻撃が近くの敵にダメージを連鎖させることがある。
MUT_Desc_38,127239120646823942,"素早いリロードに成功すると<#FFEB04><link=""Keyword:11"">[バリア]</link></color>を獲得することがある"
MUT_Desc_39,127239120646823943,"<#FFEB04><link=""Keyword:4"">[凍結]</link></color>状態の敵に近接攻撃を当てるとイェティスタックを積み、<#FFEB04><link=""Keyword:15"">[氷]</link></color>蓄積と<#FFEB04><link=""Keyword:18"">[粉砕]</link></color>ダメージが増加する。"
MUT_Desc_40,127239120646823944,"敵を倒すと、近くの敵にダメージを与える<#FFEB04><link=""Keyword:5"">[物理]</link></color>オーブが生成されることがある。"
MUT_Desc_41,127239120646823945,"肉をスワップするたびに<#FFEB04><link=""Keyword:5"">[物理]</link></color>蓄積と<#FFEB04><link=""Keyword:5"">[物理]</link></color>ダメージへのスタックボーナスを60秒間獲得する。"
MUT_Desc_42,127239120646823946,"<#FFEB04><link=""Keyword:3"">[極寒]</link></color>または<#FFEB04><link=""Keyword:4"">[凍結]</link></color>状態の敵に能力を当てると、30秒間能力のリチャージ速度が上昇する。"
MUT_Desc_43,127239120646823947,クリティカルヒットが範囲ダメージのバーストを引き起こすことがある。
MUT_Desc_44,127239120651018240,"<#FFEB04><link=""Keyword:11"">[バリア]</link></color>ダメージを受けると、周囲に<#FFEB04><link=""Keyword:15"">[氷]</link></color>ダメージのバーストが発生する。"
MUT_Desc_45,127240818295562240,"<#FFEB04><link=""Keyword:13"">[火]</link></color>ダメージが、<#FFEB04><link=""Keyword:3"">[極寒]</link></color>または<#FFEB04><link=""Keyword:4"">[凍結]</link></color>状態の敵に対して増加する。"
MUT_Desc_46,127239120651018241,"<#FFEB04><link=""Keyword:4"">[凍結]</link></color>または<#FFEB04><link=""Keyword:3"">[極寒]</link></color>状態の敵にミート能力を当てると、<#FFEB04><link=""Keyword:11"">[バリア]</link></color>を獲得することがある。"
MUT_Desc_47,127239120651018242,"近接攻撃で敵を粉砕すると、周囲の<#FFEB04><link=""Keyword:3"">[極寒]</link></color>または<#FFEB04><link=""Keyword:4"">[凍結]</link></color>状態のターゲットにダメージが連鎖する。"
MUT_Desc_48,127239120651018243,"<#FFEB04><link=""Keyword:8"">[感電]</link></color>状態の敵の弱点を攻撃すると、雷が落ちることがある。"
MUT_Desc_50,127239120651018244,"<#FFEB04><link=""Keyword:2"">[スライム]</link></color>状態の敵を倒すと、小さなハチの群れが出現する。"
MUT_Desc_51,127239120651018245,敵を倒すたびに移動速度が上昇する。10スタックで5秒間ダメージが50%増加する。
MUT_Desc_52,127239120651018246,すべての能力に追加チャージを1つ付与する。
MUT_Desc_53,127239120651018247,肉をスワップするとクリティカル率が上昇する。
MUT_Desc_54,127239120651018248,肉をスワップすると、ミート能力が一時的に超強化される。
MUT_Desc_55,127239120651018249,近接ダメージが2倍になり、近接キルにより肉がドロップすることがある。
MUT_Desc_56,127239120651018250,弾速が2倍になり直撃ダメージが増加するが、爆発の範囲が40%小さくなる。
MUT_Desc_57,127239120651018251,キルするたびに10秒間、スタック可能なダメージバフを獲得する（最大+30%）
MUT_Desc_58,127239120651018252,"ミート能力が<#FFEB04><link=""Keyword:2"">[スライム]</link></color>状態の敵に命中すると、すべての能力が即時リフレッシュされることがある。"
MUT_Desc_59,127239120655212544,チェーン効果がより多くの敵に連鎖する。
MUT_Desc_7,127239120638435329,敵を倒すと、周囲の敵にダメージを与える電気オーブが生成されることがある。
MUT_Desc_8,127239120638435330,全ダメージが大幅に増加するが、攻撃速度が25%低下する。
PE_Desc_134,111585918903640064,カールがメックに乗るのを手伝え！
PE_Desc_135,124465651211296768,従業員オリエンテーション：ミート
PE_Desc_136,124465651211296770,従業員オリエンテーション：武器
PE_Desc_137,124479668990500864,従業員オリエンテーション：アップグレード
PE_SuccessDesc_133,111372950735675392,ハンター撃破！
PE_SuccessDesc_137,124479668990500865,よくできました
PE_SuccessDesc_40,111372950639206400,ミートコア確保
PE_SuccessDesc_47,111372950660177920,フランケン撃倒！
PE_SuccessDesc_81,111372950685343744,チャンピオンは君だ！
PF_Name_78,124391986440429568,「ミューテーション」アンロック：ギフトグランド
PF_Name_79,124391986444623872,「ミューテーション」アンロック：ハイブバースト
PF_Name_80,125400502454181888,「ミステリーミート」アンロック：グリジーガルプ
PF_Name_81,127715283328557056,SeenHunterCinematic
PF_Name_82,127715283341139968,LostWithHuntersSpawned
PT_Flavor_1_1,122888703272017920,時にはもう一度チャンスが必要なこともある。
PT_Flavor_1_2,122888703284600832,最初はうまくいかなくても、次はもっとマシになるかも！
PT_Flavor_1_3,122888703284600833,最初はうまくいかなくても、次はもっとマシになるかも！
PT_Flavor_1_4,122888703284600834,最初はうまくいかなくても、何回でも挑戦すればいい！
PT_Flavor_1_5,122888703284600835,時にはチャンスがあと2回必要なこともある。
PT_Flavor_2_1,122222527525150720,ヘラの腕前はどこかで磨かないとな！
PT_Flavor_2_2,122222527525150721,バーガーは自分でひっくり返らないぞ。
PT_Flavor_2_3,122222527525150722,熱すぎて手が出ないが、うまそうで目が離せない
PT_Flavor_2_4,122222527525150723,炭火と自信で動いている。
PT_Flavor_3_1,122888703284600836,デカい奴が惑星を何個か食ってるからってビビるんじゃない。
PT_Flavor_3_2,122888703284600837,あのフランケンどもは、特別な風味のおかげでタフなんだ。
PT_Flavor_3_3,122888703284600838,最高のレシピってのは、フランケンの風味によく漬け込まれてるんだ。
PT_Flavor_3_4,122222527525150724,BBQが多すぎる？それは肋-笑えない話だぜ。
PT_Flavor_4_1,122222527525150725,低アレルギーのペットのみ可。許可されたペットのリストはHRまで。
PT_Flavor_4_2,122222527525150726,ペットの後始末はきちんとしてください。
PT_Flavor_4_3,122222527525150727,ワクチン接種がすべて最新であることを確認してください。
PT_Flavor_4_4,122222527525150728,狂犬病の注射は救急箱にあります。
PT_Flavor_5_1,122222527525150729,技術スキル評価。
PT_Flavor_5_2,122222527529345024,スキルアップのためのワークショップを実施中。
PT_Flavor_5_3,122222527529345025,ピアコーチングと練習セッションは毎週木曜日に開催。
PT_Flavor_5_4,122222527529345026,プリンター横に肉あり。職場の噂話にどうぞ。
PT_Flavor_6_1,122888703288795136,ランガスは従業員に最高の待遇を用意している。
PT_Flavor_6_2,122888703288795137,ゴールドランク従業員報酬パッケージの一部。
PT_Flavor_6_3,122888703288795138,プラチナランク従業員報酬パッケージの一部。
PT_Flavor_6_4,122888703288795139,ダイヤモンドランク従業員報酬パッケージの一部。
PT_Name_1,122209350771007488,ウェルネスプログラム
PT_Name_2,122209350779396096,会社のBBQ
PT_Name_3,122209350779396097,ハイブリッドモデル
PT_Name_4,122209350779396098,ペット同伴可オフィス
PT_Name_5,122209350779396099,プロフェッショナル育成パッケージ
PT_Name_6,122209350779396100,健康保険
STG_133_09458b2c019b46cbb5a64ffb08e23d7f,125495921813217283,おっ、なんか特別感出てるじゃないかよ。
STG_133_14963f30e6a34d3385eeca76f97ce2ce,125495921809022977,やったぜ、相棒！
STG_133_185d8e736a184006a1ff9bcdff8691b7,125495921809022988,やれると思ってたぜ！
STG_133_3cf7b406626d434190ac19a5523ec082,125495921813217280,やるじゃないか！
STG_133_42c6df9c58194cc09f48ffe4e9c925ab,125495921809022987,よくやったぜ、スクイッシー！
STG_133_57bf88beeab24440948c4ab921ef5066,125495921809022981,これだよ、これ！
STG_133_5d938c7d057b44199a41b612d34f441b,125495921809022983,本当にやっちまったな、お前？
STG_133_6dcbb50573b746edb57de27ae6b8cc71,125495921813217281,やっちまったな！
STG_133_7f622b7dbf004c82bc7ef929def98e87,125495921809022978,わーお！あっぶねえ！
STG_133_8409992d104f45d8902fed5567f73957,125495921809022976,わーお！エイリアンどもを追っ払うにゃこれが一番だぜ！
STG_133_98f5b59a08644687b24e34eb64b1505b,125495921809022985,これが正解だぜ！
STG_133_a1f74035ef6542f6aad7fda4e63e0eb2,125495921809022984,やりやがったな、え？
STG_133_a909ef42fb274e8b9991afc618cb617e,125495921809022982,やったぜ、相棒！できると思ってたぜ。
STG_133_b1266693b7a44eadbc5d620997db7fd8,125495921813217286,銀河一の相棒は誰かな？
STG_133_b389254572fa47d08d71f4e5aeeed353,125495921809022986,これがミートサイエンスってもんだぜ！
STG_133_b80c30b122bb4b19a8754a9d73cf826b,125495921813217284,スクイッシー、めちゃくちゃ誇らしいぜ！
STG_133_db0dc7c77935452ab49184e5bb53ff67,125495921813217282,おお！いい「ポン」音だったぜ！
STG_133_ea6b7c8fc2d34d7ab171e51ecb7cc596,125495921809022980,わーお、いいぜ！みずみずしくいけよ、相棒。
STG_133_ec0d199d6e3e4dcda48ae93df0a93461,125495921809022979,すごく誇らしいぜ！
STG_133_fe64aa3f86a94155945cf6a63af65d9a,125495921813217285,あんなに頑張って、みんなを誇らしい気持ちにさせてくれたぜ。
STG_135_33afed45871a42d0b21f458d2b51f224,121770217384697857,あ。いたのか。またか。そう。
STG_135_38b09fb447954020ac8f2c89d92f6790,121770217384697859,カールなら何か励ましを言うところだ。私はカールではない。
STG_135_3f51c472e8884ea0a85f97adba9013a2,121770217384697860,自力歩行に問題はないようだ。結構。
STG_135_540e640670a446ff9ca6a7ed66b05fc8,121770217384697856,突っ立ってないで。仕事がある。
STG_135_9c0018d7b313402f962c18b76c0fe9dd,121770217376309248,ああ、戻ったか。なるほど。
STG_135_a0d810c86f784078a2cc2eb664c0d2cd,121770217384697858,無事に排出されたようだ。結構なことだ。
STG_136_beac8711f8f9491bb0eb64273edc88f3,122546905630629888,うおっ！
STG_137_b14bfca3641944ebb7da5fe71c76a723,122546905634824192,あれ。ロクシー！またあのスーツ入れるの忘れたぜ！
STG_138_5e9e63afc4ea49bea37db80e5a506f0e,122546905634824193,そのままうろうろさせるわけにいかないぜ。みっともないからな、スクイッシー。
STG_139_cdbbc8084d0e482b90b44200397225e7,122558333578108928,誕生日おめで--
STG_141_aec1e2faa268436f8d3d44a262a56c98,122546905634824195,ずりずりと向こうまで行って、従業員ユニフォームをとってきてみろよ。
STG_142_8a1f7bea249242178bdf5819d90f74c7,122546905634824196,ToDoリストに入っていた。
STG_143_d888d7db6a3a40f4b1eba197b6f22ed5,122546905634824197,あの部屋に予備があると思うぜ。
STG_171_8a1f7bea249242178bdf5819d90f74c7,122546905639018504,しばらくお待ちください...
STG_172_8a1f7bea249242178bdf5819d90f74c7,122546905639018505,しばらくお待ちください...また...
STG_173_8a1f7bea249242178bdf5819d90f74c7,122546905639018506,十分なご努力をお祝い申し上げます。
STG_174_329a563a2ad04850a143e5c2dee5741a,124751489413406728,期待値の水準を見事に下げてくれた。
STG_174_33afed45871a42d0b21f458d2b51f224,124751489413406722,まあ...何かではあった...そうだろう。
STG_174_3985fa70cf5f457bbb833299a3065c93,124751489413406726,生き延びた。それも一種の成功ね。
STG_174_3f51c472e8884ea0a85f97adba9013a2,124751489413406724,これは改善の機会とでも呼びましょう。
STG_174_540e640670a446ff9ca6a7ed66b05fc8,124751489413406721,もう少し悪くなる可能性もあったわ。
STG_174_971ea5afaedb40b39bd63e3af0aebdc9,124751489413406725,この点数は正しくないはず。本当に？そう...
STG_174_9c0018d7b313402f962c18b76c0fe9dd,124751489413406720,実に呆れるほど物足りないわ。
STG_174_a0d810c86f784078a2cc2eb664c0d2cd,124751489413406723,きっと大器晩成型なのでしょう。
STG_174_dcb5c60125bd421db8e301d7acdcf358,124751489413406727,これがパターンにならないことを願うわ。
STG_175_329a563a2ad04850a143e5c2dee5741a,124751489413406736,実にどうにも普通ね。
STG_175_33afed45871a42d0b21f458d2b51f224,124751489413406731,まあ、及第点ということにしましょう。
STG_175_3985fa70cf5f457bbb833299a3065c93,124751489413406734,凡庸、達成。
STG_175_540e640670a446ff9ca6a7ed66b05fc8,124751489413406730,十分。実に十分ね。
STG_175_971ea5afaedb40b39bd63e3af0aebdc9,124751489413406733,見事に改善の余地を残したわね。
STG_175_9c0018d7b313402f962c18b76c0fe9dd,124751489413406729,あなたの成績は期待に応えた。
STG_175_a0d810c86f784078a2cc2eb664c0d2cd,124751489413406732,ふむ。なんて平凡なの。
STG_175_dcb5c60125bd421db8e301d7acdcf358,124751489413406735,あなたの努力は最小限だったけど、ゼロではなかった。
STG_176_329a563a2ad04850a143e5c2dee5741a,124751489417601031,この点数は正しい。二度確認したわ。
STG_176_33afed45871a42d0b21f458d2b51f224,124751489417601025,カール・ランガスも喜ぶでしょう。
STG_176_3985fa70cf5f457bbb833299a3065c93,124751489417601029,この瞬間を楽しんで。滅多にないことだから。
STG_176_3f51c472e8884ea0a85f97adba9013a2,124751489417601027,祝福の言葉が必要ね。
STG_176_540e640670a446ff9ca6a7ed66b05fc8,124751489417601024,期待を超えた。珍しいこともあるものね。
STG_176_971ea5afaedb40b39bd63e3af0aebdc9,124751489417601028,カール・ランガスはあなたのことを正しく見ていたのね。
STG_176_9c0018d7b313402f962c18b76c0fe9dd,124751489413406737,あなたの成績は模範的ね。
STG_176_a0d810c86f784078a2cc2eb664c0d2cd,124751489417601026,こうなると見抜けなかったのが信じられないわ。
STG_176_dcb5c60125bd421db8e301d7acdcf358,124751489417601030,あなたより私の方が驚いているわ。
STG_177_33afed45871a42d0b21f458d2b51f224,124944136312709121,今度はもっとうまくやれるはずよ。
STG_177_540e640670a446ff9ca6a7ed66b05fc8,124944136312709120,はい、行ってらっしゃい。
STG_177_9c0018d7b313402f962c18b76c0fe9dd,124944136308514816,もう一度やってみましょうか？
STG_178_063370c920554b2a831708de7e8fd418,125167135318073344,はい、成立。
STG_178_0f01904fbea74c499ebef0f1c784ccb9,125167135322267652,また一つ、取引完了。
STG_178_34c523cd2d07407987e2c3f6b3f010d9,125167135322267651,返品不可！
STG_178_49c385d76731448b9208ef220ccf963f,125167135322267648,取引成立です。
STG_178_716eb57913994cc4aa8f6f26ecda898f,125167135322267653,あなたに利用されている気がしてなりません。
STG_178_b34c1118baf34382b6d04625cb154cf5,125167135322267650,取引成立です。
STG_178_b874cb3ab6b148b19a1c70d04a367a7e,125167135322267649,取引完了。
STG_179_015894ad30e94ceab71073911b4d4d0a,125167135322267663,また来ましたか...そうですよね。
STG_179_05a71ca180974d7c92022e019d4c4202,125167135322267666,ああ、またあなたですか。
STG_179_063370c920554b2a831708de7e8fd418,125167135322267654,はい
STG_179_0f01904fbea74c499ebef0f1c784ccb9,125167135322267660,ああ、全然忙しくないですよ。全然。
STG_179_2b6c89f9820842d5adcd875c2925401d,125167135322267667,他にすることも特にないですし。
STG_179_34c523cd2d07407987e2c3f6b3f010d9,125167135322267659,ご用件は何でしょうか？
STG_179_35075b6f0bdc4990a3dc5c6373df2866,125167135322267664,せっせと働く蜂みたいですね。
STG_179_49c385d76731448b9208ef220ccf963f,125167135322267656,何を持ってきましたか？
STG_179_716eb57913994cc4aa8f6f26ecda898f,125167135322267661,何かご用でしょうか？
STG_179_77c1ef92c5ec46b3b220b36b18d17cbc,125167135322267662,今度は何ですか？
STG_179_a3cbc47007804cf89ad516120da6a7e7,125167135322267665,もちろん、また邪魔される時間はありますとも。
STG_179_b34c1118baf34382b6d04625cb154cf5,125167135322267658,何かご用でしょうか？
STG_179_b874cb3ab6b148b19a1c70d04a367a7e,125167135322267657,取引の準備はよろしいですか？
STG_179_d440fed8c4b94e19833c24491343bd1c,125167135322267655,商談といきましょうか？
STG_179_eeea974b9ccf41fe867673da00c8316f,125167135322267668,ええ、ここにいますよ。いつだってここに。
STG_180_015894ad30e94ceab71073911b4d4d0a,125167135322267678,私なしでどうするんですか？
STG_180_063370c920554b2a831708de7e8fd418,125167135322267669,お気をつけて。
STG_180_0f01904fbea74c499ebef0f1c784ccb9,125167135322267675,またどこかで......つまり、ここで会いましょう。
STG_180_34c523cd2d07407987e2c3f6b3f010d9,125167135322267674,お取引ありがとうございました。
STG_180_49c385d76731448b9208ef220ccf963f,125167135322267671,またいつか。
STG_180_716eb57913994cc4aa8f6f26ecda898f,125167135322267676,お客様アンケートへのご記入もお忘れなく。
STG_180_77c1ef92c5ec46b3b220b36b18d17cbc,125167135322267677,いつでも来てください......本当に。
STG_180_b34c1118baf34382b6d04625cb154cf5,125167135322267673,またいつでもどうぞ。
STG_180_b874cb3ab6b148b19a1c70d04a367a7e,125167135322267672,ありがとうございました。
STG_180_d440fed8c4b94e19833c24491343bd1c,125167135322267670,いつも光栄です。
STG_181_063370c920554b2a831708de7e8fd418,125167135322267679,俺は銀河バンキング用にプログラムされてるんだが、まあ...これでいいか...
STG_182_0e3a574572d14beb977a18d3240a66f8,125495921825800198,おおっ、よお。
STG_182_262f426a157742d39603b4a62daf2a55,125495921825800193,よお、相棒！
STG_182_592dc98f6cee427998095df3b5a3ad2e,125495921825800192,そこにいたか！
STG_182_a3bce76a517045aeaf88e3f4ab06c8bf,125495921825800197,よお相棒、元気だったかい？
STG_182_a49662528f6b4e5798029a1ce4ae6fb5,125495921825800194,よお、相棒！
STG_182_e91071acb7d24e3db2af86f3ae91b1e5,125495921825800195,おっ、いたいた！
STG_183_263d1d691d0546548cdc2511fee4e9c3,125495921825800200,またな、相棒！
STG_183_59c04fd748ea442f9d7b2a1bd63194d1,125495921825800202,じゃあなー！
STG_183_ac689551cfe04735a5b0e7c22b04ecdb,125495921825800204,アディオス アミーゴ！
STG_183_ec66d8897f184b10988b7fb1f99e1699,125495921825800201,その調子で頑張れよ！
STG_183_ef35f9ae06814f008e6e855e1be2f7cb,125495921825800199,また会おうな スクイッシー！
STG_183_fd1b23e053ef47bd9a634b835689c9a7,125495921825800203,ジューシーでいろよ、相棒。
STG_184_cdbb75f6cecf4970b7c2d2cf79b381ad,127793416716087296,最初にリングに入るのは...ポーク・バレル・ピートだ！
STG_185_ecdbe961b8ad4d8198c9b7a279f80acc,127793416741253120,マンデーナイトミッドタームズ
STG_186_6cc920e2b31b4a24a8fef9887480ff68,127793416741253121,みんな、超党派のぶん殴り合いの準備はいいかい？！
STG_187_b16031cd0bd240ae8a66314a651c8af4,129415329128374272,よし、スクイッシー、準備万端みたいだぜ。
STG_188_b16031cd0bd240ae8a66314a651c8af4,129418788422541312,あそこのボルトバーガーに乗り込んで、ここランガスでの最初のシフトを始めようぜ。
STG_189_b16031cd0bd240ae8a66314a651c8af4,129418788422541313,さっさと行って、仕事を始めようぜ。頑張れよ！
TPUP_Title_12_0,129472777327468544,高速リロードミニゲーム
TUT_Announce_1,124465647935545344,[InputAction:Gameplay/CharacterMovement]で移動、[InputAction:Gameplay/Jump]でジャンプ
TUT_Announce_12,124465647939739648,近くにいると<color=#FF3667>失ったミート</color>パーツを自動で拾うぜ
TUT_Announce_20,129141354091503616,ミートの近くで[InputAction:Interact/Interact]を押すと、手動で体のパーツをスワップして新しい能力を得られるぜ。
TUT_Announce_21,126113598604828672,[InputAction:UIToggle/ToggleInspectionOverlay]でステータスを確認しよう
TUT_Announce_22,126809847683342336,[InputAction:Gameplay/RangedFire]を押してライフルでターゲットダミーを撃て
TUT_Announce_23,126809847683342337,[InputAction:Gameplay/MeleeFire]を押してスパチュラでターゲットダミーをぶん殴れ
TUT_Announce_24,126809847683342338,[InputAction:Gameplay/WeaponSwitch]を押して遠距離武器を切り替えよう
TUT_Announce_25,126809847683342339,[InputAction:Gameplay/RangedFire]を押してピストルでターゲットダミーを撃て
TUT_Announce_26,127385081436168192,[InputAction:Gameplay/ItemRewardInit]を押してアップグレード画面を開こう
VO_SpeakerName_11,122207091240722433,バグズ
VO_SpeakerName_12,122207091240722434,ベビースパイダー
VO_SpeakerName_14,122207091240722435,ジャッジ
VO_SpeakerName_16,127793416837722112,ポーク・バレル・ピート
VO_SpeakerName_8,122207091236528128,群衆
VO_Transcript_316,124404532190896128,!!!
VO_Transcript_317,124465647985876992,また頭を失ったら、まあ他のパーツでも同じだが...
VO_Transcript_318,124465647985876993,上の矢印？ああ、あれはコンパスだぜ。行き先を指してくれる。マジ便利。
VO_Transcript_319,124465647985876994,画面の横を見ろよ。あれが目標だぜ。こなせば報酬がもらえる。
VO_Transcript_320,129141354141835264,角のバーはな、HPだぜ。
VO_Transcript_321,124465647985876995,ビンゴ！よし、ロクシー、もう一度やってみよう。今度は...もう少し優しくな、いいか？
VO_Transcript_322,124465647985876996,しばらくお待ちください...また。
VO_Transcript_323,124465647985876997,完全装備で準備万端だぜ！さあ、パワーアップといこう！
VO_Transcript_324,124465647985876998,ロクシー、スマートミート・バイザーを起動して、スクイッシーに何をすべきか見せてやってくれ。
VO_Transcript_326,124465647985877000,ロクシー！パワーかけすぎだぜ！なんでまた頭ぶっ飛ばしてんだよ？
VO_Transcript_328,124465647985877002,心配すんなよ、相棒。頭が飛んだって世界の終わりじゃねぇぜ。
VO_Transcript_329,124465647985877003,見たかよ、スクイッシー？メイン目標を達成したら報酬がもらえるぜ。
VO_Transcript_330,124465647985877004,グリジーを稼いだぜ、銀河一肉々しい通貨だ！
VO_Transcript_332,124480339026370561,よくやったぜ、スクイッシー！アップグレードを獲得したみたいだな！
VO_Transcript_333,124650004637802496,よし、ドアが直ったぜ。よかった。
VO_Transcript_334,124650931834839040,うちの従業員は全員、ランガス支給の標準ピストルから始めるんだぜ、それと...
VO_Transcript_335,124655240999854080,持ち物は全部インベントリに入ってるぜ。いつでも確認できる。
VO_Transcript_336,124655240999854081,まあ、ここでは上出来だったぜ。さあ、ここからが本番だ。俺んとこに来い！
VO_Transcript_337,129141354146029568,...別のものを拾えばいいだけだ。それぞれ新しい能力が手に入る。
VO_Transcript_338,129141354146029569,下のほうで確認できるぜ。
VO_Transcript_339,129141354146029570,どこかに予備のパーツがあるはずだぜ。
VO_Transcript_340,129141354146029571,もちろん、手ぶらで行かせるわけねぇだろ！
VO_Transcript_341,129141354146029572,...それにグリルマスター・スパチュラもな。
VO_Transcript_342,129141354146029573,射撃訓練を少しこなすまで、ロクシーはお前をこの船から降ろしてくれないぜ。まあ、コンプライアンスってやつだな。
VO_Transcript_343,129141354146029574,射撃場に行って、ターゲット・ダミーに誰がボスか教えてやれ！
VO_Transcript_344,125495921880326144,収穫失敗　ミートコア破損
VO_Transcript_345,129141354146029575,あー、しまった！ドアが誤作動したぜ。
VO_Transcript_346,129141354146029576,まあ気にすんな。お前のスクイッシーな体、守るためには肉が必要だぜ。
VO_Transcript_347,129141354146029577,だから足りないパーツがあったら、自動で拾い上げてくれるんだぜ。なかなかいいだろ。
VO_Transcript_348,129141354146029578,やるじゃないか、スクイッシー！天性の才能があるぜ！
VO_Transcript_349,129141354146029579,青いシールドはミートパーツを示してるぜ。わかったか？
a60961b078fe4a96ae268cb577f81e08_136_0,124465651211296771,ピストルでダミーを撃て[InputAction:Gameplay/RangedFire]
a64e4221509044f38e63532f945fe173_136_0,124653062583214080,射撃場に向かえ
b1b2c3d4e5f64a3a8b3c1d2e3f4a5b6e_81_0,127343731697246208,倒せ
cc964ef862b643d5a7ef9c7798b976f3_135_0,124465651211296769,ミートを3回交換せよ！
e70d0d0eef1e471bafb7f0181a151ddc_137_0,124658835887480832,カールに話しかける
CQ_ObjDesc_14_0,131640380611354624,初めてのミートコアを収穫しよう
ABL_Desc_272,130684355859177472,防御バブルを展開。仲間の蘇生やハーベスターノードの保護に最適！
ABL_Name_272,130598221758062592,バブルシールド
CRT_Desc_92,135279596566208512,森でのんびり散歩中に従兄弟のSが無残にも殺されて以来、Nは有機生命体を爆破することに不健全なほど執着するようになった。サッカー全般も大好きで、脚のトレーニングを欠かしたことがない。
CRT_Name_92,135276356562837504,AT NT
ITM_Name_1161,122300000023601152,サーフボード
ITM_Name_1366,135276356994850816,配管工
MEH_Desc_81,135227515985715201,アストロ何だって、ノート？ ノミカル？
MEH_Name_81,135227515985715200,アストロヘッド
MEH_Desc_82,135227515985715203,この頭は空っぽの肉箱で覆われている。
MEH_Name_82,135227515985715202,ボックスヘッド
MEH_Desc_83,135227515985715205,一連の食肉関連窃盗事件との関与は一切なし。
MEH_Name_83,135227515985715204,ミート泥棒ヘッド
PLN_Name_32,131622117248589824,従業員オリエンテーション
RF_Subtitle_14,132265219202211840,惑星系
RF_DetailText_36,132248343633977345,バーティ・Qは、ランガス・ミートの「ランガスランド」を代表する、親しみやすいガンマン風マスコットで、ランガス・パワーアワーにも登場していた。満面の笑みを浮かべた多腕のカウボーイ姿で、煙を上げるミートシューターを二対も携え（豆鉄砲はお断り！）、銀河の辺境を旅しながら、プレミアムなランガス製品のすばらしさを広めていた。<br><br>セールスマンであり、ヒーローでもあるバーティは、どんな問題にも気の利いた一言と、バーベキュー流の解決策を用意していた。気取らない親しみやすさで、彼はランガスランドの中心的存在の一人となった。
RF_Name_36,132248343629783040,バーティ
RF_Subtitle_36,132248343633977344,バーティ・Q
RF_DetailText_37,132248343633977348,JPG犬のバークスリーは、伝説の番組「ランガス・パワーアワー」で最も愛されたスターの一人だった。コメディ、教訓、そして怪しげなミートサイエンスを一緒くたにした、大人気の子供向け冒険番組だ。<br><br>もともとは、ボーフ星雲を漂っていた古い破損画像ファイルとして発見されたバークスリー。そんな彼女のおどけた仕草は、銀河中の視聴者を夢中にさせた。有名な決め台詞「待って！いまバッファ中なの！」は、ミートビジョン史上最も引用された名ゼリフの一つとなり、ランガスランドの仲間たちへの忠犬ぶりも相まって、ランガス・パワーアワーは一世代を代表する社会現象となった。
RF_Name_37,132248343633977346,バークスリー
RF_Subtitle_37,132248343633977347,JPG犬
RF_DetailText_38,132251457686593537,ミスター・E・ミートは、ランガス・パワーアワーお抱えのおふざけ役で、腕のない、ひょろりと二本足で立つ、肉の切り身でできたカオスな変わり者だった。まともな言葉を話すことはめったになく、代わりに口笛、クラクション、大げさな身振りという、珍妙なレパートリーで意思を伝えた。間抜けに見えて、しょっちゅうトラブルに首を突っ込んでいたが、ミスター・E・ミートはなぜか必ず仲間たちの最大の難題の答えを握っていた。<br><br>第四の壁を破り、観客に向かってリアクションすることで知られた彼は、番組で最も記憶に残るキャラクターの一人となった。予測不能なふざけぶりでファンの心をつかみ、視聴者からひたすら愛され続けた。
RF_Name_38,132251457682399232,ミスター・E・ミート
RF_Subtitle_38,132251457686593536,お抱えのおふざけ役
RF_DetailText_39,132251457686593540,チキロス・ナゲットモン教授は、ランガス・パワーアワーお抱えの物知り博士で、フクロウのような風貌をした学者肌の天才だった。博士号を十七個と、無料チキンナゲットのクーポンカードを少なくとも三枚持っていると豪語していた。常に尽きることのない図表やグラフを持ち出し、奇妙な実験に明け暮れ、衣付け、ディップ、正しいナゲット成形の原理を通して既知の宇宙のすべてを解説していた。<br><br>彼の発明品は爆発したり、孵化したり、突如として意思を持ったりしがちだったが（ミスター・E・ミート参照）、なぜか十分な頻度で機能したため、仲間から外されずに済んでいた。あらゆる講義にひどいチキンジョークと無駄に複雑な説明をまぶすことで知られ、ナゲットモン教授は科学的英知と鳥肉ネタの笑いをもたらす、皆に愛される存在だった。
RF_Name_39,132251457686593538,ナゲットモン教授
RF_Subtitle_39,132251457686593539,勉強熱心な発明家
RF_DetailText_40,132252135783915522,ナチョ・グランデは、ランガス・パワーアワーの華やかなフレアの達人で、ファストフードの肉と戦うドラマチックな闘士だった。大小を問わずあらゆる障害を、まるで壮大なショーのように扱った。けばけばしいフレアで覆われた凝った闘牛士の衣装をまとい、スタイルと派手さ、そして微塵の繊細さもなく、恐れ知らずに危険へと突っ込んでいった。<br><br>マントを翻すにせよ、ヒロイックなポーズを決めるにせよ、大げさな演説をぶつにせよ、ナチョは「やる価値のあることなら、ドラマチックなフレアを添えてやる価値がある」と信じていた。桁外れの個性と尽きることのないスペクタクル愛で、彼はファンのお気に入りとなった。
RF_Name_40,132252135783915520,ナチョ・グランデ
RF_Subtitle_40,132252135783915521,派手好きなフレアの達人
RF_DetailText_41,132253107394437122,ランガス・パワーアワーは、毎日複数の時間帯に放送された大人気のバラエティ番組で、ランガスランドのカラフルなマスコットや風変わりな面々が主役を務めた。胸躍るコント、ミート人形、耳に残る歌、そして「銀河フックワームってどんな味？」といった人気企画を含む見事に学びのあるネイチャーコーナーが盛りだくさんで、最新のランガスのスナックや食事、わくわくするフード革新を紹介しつつ、何世代ものお客たちを楽しませた。<br><br>栄養や進歩、そして新しいランガス製品を試すことの大切さを説く、この番組の陽気な教訓は、キャラクターたちそのものに負けず劣らず記憶に残るものとなった。
RF_Name_41,132253107394437120,ランガス・パワーアワー
RF_Subtitle_41,132253107394437121,健全な家族のお楽しみ！
RF_DetailText_42,132255206396125185,ラットホールは、交易路の忘れられた片隅にひっそりと佇む、伝説的な銀河の安酒場だった。表向きは独立経営だったが、ランガス社から美味い既製の食事が供給されていた。奇妙でカラフルな飲み物、奇妙な銀河系の常連客、そして驚くほど美味い料理で知られ、カールとドッティのお気に入りの溜まり場となった。二人はそこで数え切れないほどの夜を過ごし、染みのついたナプキンに新しいレシピ、フレーバー、企業買収、そして美味そうな新事業のアイデアを書き殴った。<br><br>ランガスの最大級の成功のいくつかは、ラットホールのうす汚れたボックス席での会話から始まった。そしてある時、ラットホールは謎めいた状況のもと、跡形もなく消え去った。救難信号もなく、残骸もなく、記録もない。ただ消えてしまったのだ。カールは何年もこの消えた酒場を探し続けた。星々のどこかにそれがまだ存在し、最後の一杯を振る舞おうと待っていると信じて。
RF_Name_42,132255206391930880,ネズミの巣穴
RF_Subtitle_42,132255206396125184,銀河の場末の酒場
RF_DetailText_43,132257060458848258,"ヌルとヴォイドは、ドッティが見つけてきた初期のランガスのマスコットだった。彼女はどこで見つけたのか決して語らず、尋ねられるとすぐに話題を変えた。カールは当初、彼らを素晴らしいと思い、ランガスランドの初期キャストに加えた。二人はザ・ランガス・パワーアワーの初期エピソードに、愛らしいアニメ風のキャラクターとして登場した。""スーパーかわいくて""、おバカな仕草を見せ、たちまち人気者になった。そしてある時、彼らは企業イベントに姿を現した。現実世界に、だ。事態は良い方向には進まなかった。<br><br>観客の反応は公式に「集団的後悔」と表現され、おそらく出席者の一人が食われた。その後、ヌルとヴォイドはランガスランド関連のすべての番組やプロモーションから抹消され、エピソードや宣伝素材は破棄され、ランガスの歴史から消し去られた。以来、彼らはカール・ランガスを恨み続けている。なぜか彼らは特にスマートミートを憎んでおり、それを「歩くことを覚えた失敗作」と呼んでいる。"
RF_Name_43,132257060458848256,ヌル・アンド・ヴォイド
RF_Subtitle_43,132257060458848257,破れたマスコットのポスター
RF_DetailText_44,134985733934931968,長らく<b>カール・ランガス</b>が手早く大量の食肉を確保するための一番のお気に入りの場所とされてきた<b>エスフェラ・デ・カルネ</b>は、その魅力の多くを、簡単に狩れる獲物の豊富な供給と、<b>オムニミート・ポータル</b>の入口に近いことに負っていた。<br><br><b>カール・ランガス</b>は<b>オムニミート事件</b>の最中、かなりの慌てぶりでこの惑星から避難し、伝えられるところによれば<b>メカスーツ</b>を置き去りにしたという。それは今も回収されていない。
RF_Subtitle_44,134985733930737664,かつての狩場
RF_DetailText_45,134989437736050689,<b>サブ・ゼローニ</b>の極寒は、<b>カール・ランガス</b>が安定した肉と氷のハイブリッドを開発しようと試みる際の格好の拠点となった。それは<b>ランガス・ミート</b>の超空間流通網を悩ませていた冷凍焼けによる損失をなくすために設計された製品だった。<br><br>この計画が成功裏に完結することはなかった。貯蔵施設や加工設備、そして革新的な氷上レール網が、惑星のあちこちに散らばっている。
RF_Subtitle_45,134989437736050688,かつての実験場
RF_DetailText_46,134992150976782337,活火山を取り囲むように連なった島々からなる<b>Lava Del Rey</b>は、その温暖さ、風光明媚な地形、そして天然の<b>ミートコア</b>の豊富な鉱床ゆえに、長らく<b>カール・ランガス</b>お気に入りの保養地となってきた。<br><br>これら<b>ミートコア</b>の継続的な採掘が、惑星の地質を不安定にし、中央火山を再活性化させた原因だと考えられている。<b>カール・ランガス</b>はその後も余暇のために通い続けている。地質活動は、彼が訪れるたびに決まって急増している。
RF_Subtitle_46,134992150976782336,火山の隠れ家
SS_Name_8,63252864443604992,オムニクロン
STG_190_a3746697c12b4bdd8fd23bd9b66e62e9,129811004227837952,新しいシステム座標が利用可能です。
STG_191_277fda1114904f958d8c63b2179a0071,130046937187475456,惑星軌道に到達しました。
STG_191_dff60a205b164bd993eab020916c69d8,130046937183281152,ハイパースピード解除。
STG_192_69160939b60648a98d8243c7136ffad0,130046937187475457,ハイパースピード作動。
STG_194_02bab38122ef4fe0b283750b6b97bc86,131982305419845632,よし、スクイッシー。オブラートに包むつもりはねぇ。これからちょいとヤバい場所に行くぜ。
STG_195_7dbff6c42db84a21a0e0c4c7f961f3b0,131982305424039936,ここはちょいとイカれてるからな、スーツ取ったらさっさとずらかるぞ。あんまりキョロキョロすんなよ。
STG_196_a563cc6adbdf4520bb2329ce1638e84e,131982305424039937,落ち着けよ、スクイッシー。あのスーツを探しに行こうぜ。
STG_197_2e3e6eec33464e2098c794a33420ba94,131982305424039938,さっさとここからずらかろうぜ、ダブルでな！
STG_198_a23ff133f772415ebd1b6d999db128ed,131982305424039939,よし、ゆっくり落ち着いていこう。ポータルはすぐそこだ。
STG_199_20844039dafe4ed38f6a1ee953631a44,131982305424039940,おっと、あれが肉の城だ。囲まれちまうぞ、スクイッシー。
STG_200_eed2b75eaed14cf28e9f21a76e9d4ed4,131982305424039941,ロクシー、近くに停めてくれ。スクイッシー、上で合流するぞ！
STG_201_c55cb463c6a545bf88bf62dc1dc5ace2,131982305424039942,俺をスーツに突っ込んでくれ。さあ、暴れようぜ。
STG_202_104adb4f654443bc912ad7f23cbb969b,131982305424039943,よっしゃ、復活だぜベイビー！さあ行くぞ。
STG_203_a8309c5325254bdfbdcdf297adc66ce4,131982305424039944,ヤッホー！やったぜ！今月の従業員なんかじゃねぇ、お前は今世紀の従業員だ！
STG_204_e4faec0f4f044c40acbc18a6c8a217dc,131982305424039945,おお、あんなとこにゃ二度と戻らねぇぞ。
STG_205_64b232b1746d4f469c658dfdbfb58bb5,131982305424039946,今でも信じられねぇよ、スクイッシー、お前はマジで特別なんだ。
STG_206_4c18f008c4f244a59ed00736a8a21186,131982305424039947,今月の従業員なんかじゃねぇ、お前を共同経営者にしてやるぞ、スクイッシー！
STG_207_2bfd3de34ad145ea8161cbc2ad650453,131982305424039948,今月の従業員なんかじゃねぇ、お前を共同経営者にしてやる、スクイッシー！でも気を抜くなよ。あの鼻くそどもがそう長くは放っといてくれねぇ。それにまだ銀河を食わせなきゃならねぇしな...
STG_208_03d545921c1445dc90aa80cd574e95a0,131982305424039949,これからちょっと変なとこに行くぜ。
STG_209_ebf805122be34c4d96192dfa6d5ecd32,131982305424039950,あの宇宙の鼻くそども、完全に片付いてりゃいいんだがな。
STG_210_7dbff6c42db84a21a0e0c4c7f961f3b0,131982305424039951,あんまりキョロキョロするなよ。
STG_211_7dbff6c42db84a21a0e0c4c7f961f3b0,131982305424039952,ああそうだ、ここはまだゾワゾワするぜ。
STG_212_eed2b75eaed14cf28e9f21a76e9d4ed4,131982305424039953,おお、こいつはこのカール様が手を貸してやらにゃならんな。
STG_213_0afe5a4f91da4a818fd80e25fb67dc6b,131982305424039954,おお、正直言うとな。この古い相棒スーツに戻れて、なかなかいい気分だぜ。
STG_214_a8309c5325254bdfbdcdf297adc66ce4,131982305424039955,今月の従業員なんかじゃねぇ、お前は今世紀の従業員だ！
VO_Transcript_350,131982305470177280,ああそうだ、ここはまだゾワゾワするぜ。落ち着いてけよ、スクイッシー。あのスーツを探しに行くぞ。
VO_Transcript_351,131982305470177281,おお、こいつはこのカール様が手を貸してやらにゃならんな。俺をスーツに突っ込んでくれ。さあ、暴れるぞ。
ABL_Desc_273,142612879750717440,頼れる整備士を配置し、味方の構造物の修理を手伝わせる。
ABL_Desc_275,142985656894742529,強力なビームを発射する。チャージでダメージ増加。キル時、ターゲットの体からグレネードが飛び出す。
ABL_Desc_283,147188355911639040,敵1体を30秒間マインドコントロールする。解除するとその時間に応じたダメージを与える。
ABL_Desc_284,149675864725905408,向いている方向に、スタイリッシュに素早く移動する。
ABL_Name_273,142612879742328832,メカニックのレンチ
ABL_Name_275,142985656894742528,ポップロック
ABL_Name_280,143256462988140544,スピナーオーブ
ABL_Name_281,144282876722012160,スピリットオーブ
ABL_Name_283,146946507561492480,マインドコントロール
ABL_Name_284,148256708948385792,フリップトリック
ABL_Name_286,149394019488620544,プレイヤースターフォール
CND_Desc_12,146946507611824128,一時的に味方として戦うが、その後また敵対する。
CND_Name_12,146946507607629824,魅了
CRT_Desc_93,135579089438236673,腹ペコでご機嫌ナナメな、古のママさ。
CRT_Name_93,135579089438236672,マザーヴルスト
HE_Desc_205,145709960463900672,自身を25回復する。
HE_Desc_208,146946507834122240,"<#FFEB04><link=""Keyword:20"">[魅了]</link></color>を8秒間付与する。"
IATT_Name_535,147965489726873600,EAttributeDisplay.Hidden
ITM_Name_1367,145709960610701312,セルフヒール
ITM_Name_1368,145709960610701313,ビーフドコーン
ITM_Name_1373,146946507980922882,マインドコントロールダメージバフ
ITM_Name_1374,148256709485256704,スケートボードレッグ
ITM_Name_1376,148604628461674496,保存された頭
ITM_Name_1377,148604628470063104,保存された脚
ITM_Name_1378,148604628470063105,保存された胴体
KW_Desc_20,117191729474428932,"<#FFEB04><link=""Keyword:20"">[魅了]</link></color>状態の敵は、他の敵ユニットを攻撃する。"
MEH_Desc_84,142041378102173696,幾世代もの肉ヒーラーに使われてきた
MEH_Name_84,142041378093785088,ランガスメディックの頭
MEH_Name_85,148292145570111488,ランガスレスラーの頭
MEL_Desc_55,148256709527199745,「歳を取ったからスケートをやめたんじゃない。スケートをやめたから歳を取ったんだ」- ジェイ・アダムス
MEL_Name_52,142041378110562304,ランガスメディックの脚
MEL_Name_53,148224917055201280,ハンターの脚
MEL_Name_55,148256709527199744,スケートボードレッグ
MET_Desc_199,142612880308559873,レンチを投げて味方の建造物を修理する。
MET_Name_198,142041378114756608,ランガス・メディックの胴体
MET_Name_199,142612880308559872,グリースモンキーの胴体
PE_Desc_138,125137471035924480,ATNT
STG_215_404efc0ecbc2474aacad8644a565d8b6,136795163437555717,いつも働き者だな、プニプニ？
STG_215_8940d65e1bec4f44b74df21126c165bf,136795163437555714,さあ、仕事の時間だぜ！
STG_215_b6c6962963d34c72895b0e55ea8a90a2,136795163437555713,下じゃ気をつけろよ、いいな！
STG_215_bd4046858d064a799c6fb2b83bbaf459,136795163437555715,おおっ、こいつは面白くなりそうだぜ！
STG_215_d49e7800286545b881c6901d09cd40c9,136795163437555712,その調子だ、プニプニ！
STG_215_d96b197a697c48159d7febd959a7b538,136795163433361408,よし、それじゃあな、相棒！
STG_215_ea7a3298574f446aa0059a8dc4b5141d,136795163437555716,そうだ、お前ならやれるぜ！
