Key,Id,English(en)
Empty,5880112783286272, 
ABC_Name_1,346366113996800,Beam
ABC_Name_2,346366126579712,AOE
ABC_Name_3,346366126579713,Summon
ABC_Name_4,346366126579714,Projectile
ABC_Name_5,346366126579715,Buff
ABC_Name_6,346366126579716,Movement
ABL_Name_2,346366126579717,Ballistics Turret
ABL_Desc_2,346366126579718,Deploy a turret that shoots nearby enemies.
ABL_Name_3,346366126579719,Turbo Charge
ABL_Desc_3,346366126579720,"Hold to charge up, then surge forward and explode."
ABL_Name_7,346366126579721,Energy Bomb
ABL_Desc_7,346366126579722,"Throw a bomb that deals <#FFEB04><link=""Keyword:12"">[Electric]</link></color> damage."
ABL_Name_8,346366126579723,Dash
ABL_Desc_8,346366126579724,Move quickly in the direction you're facing.
ABL_Name_9,346366126579725,Free Hugs
ABL_Desc_9,346366126579726,"Call your buddy Reset to help! <br>Pulls in nearby enemies and deals pulses of <#FFEB04><link=""Keyword:5"">[Kinetic]</link></color> damage."
ABL_Name_27,346366126579727,Meat Missile
ABL_Desc_27,346366126579728,Yeet a big rocket that explodes on impact.
ABL_Name_52,346366130774016,Landmines
ABL_Desc_52,346366130774017,Deploy a row of landmines.
ABL_Name_53,346366130774018,Windwalk
ABL_Desc_53,346366130774019,"Teleport forward and gain Air Walk<br>Melee attacks deal 50% additional <#FFEB04><link=""Keyword:5"">[Kinetic]</link></color> damage for 10s"
ABL_Name_56,346366130774020,Blastwave
ABL_Desc_56,346366130774021,"Create a blast wave that deals <#FFEB04><link=""Keyword:5"">[Kinetic]</link></color> damage and knocks back enemies."
ABL_Name_63,346366130774022,Explosive Dash
ABL_Desc_63,346366130774023,Dash forward and leave an explosion behind.
ABL_Name_64,346366130774024,Banzai Drop
ABL_Desc_64,346366130774025,"Tap to jump, hold for bigger jump. <br>Use in the air to slam down for a big boom."
ABL_Name_66,346366130774026,Squishy Slide
ABL_Desc_66,346366130774027,Quickly slide in the direction of your movement.
ABL_Name_68,346366130774028,Super Meat Mush
ABL_Desc_68,346366130774029,"Serve a treat that lures enemies, then damages and stuns anyone attacking it."
ABL_Desc_69,346366130774031,"Throw a bomb that deals <#FFEB04><link=""Keyword:5"">[Kinetic]</link></color> damage."
ABL_Desc_71,28309369228615680,"Create a blast wave that deals <#FFEB04><link=""Keyword:13"">[Fire]</link></color> damage and knocks back enemies."
ABL_Name_73,346366130774034,Glizzy Gulp
ABL_Desc_73,346366130774035,"Pound some Gulp and become a super hero!<br>+500% attack speed, 5x the damage, extra jumps and increased speed!"
ABL_Desc_78,346366130774041,"Throw a bomb that deals <#FFEB04><link=""Keyword:14"">[Slime]</link></color> damage."
ABL_Desc_79,28309369232809984,"Create a blast wave that deals <#FFEB04><link=""Keyword:14"">[Slime]</link></color> damage and knocks back enemies."
ABL_Desc_80,28309369232809985,"Create a blast wave that deals <#FFEB04><link=""Keyword:12"">[Electric]</link></color> damage and knocks back enemies."
ABL_Name_81,346366130774046,Sprint
ABL_Desc_81,346366130774047,Run faster while moving forward. Hold for a longer sprint.
ABL_Desc_82,346366130774049,"Throw a bomb that deals <#FFEB04><link=""Keyword:15"">[Ice]</link></color> damage."
ABL_Name_86,346366130774056,Supply Box
ABL_Desc_86,346366130774057,Place down an Ammo Box that allows nearby players to shoot without reloading and grants +50% attack speed
ABL_Name_87,346366130774058,Franken Beam
ABL_Desc_87,346366130774059,"Fire a big laser beam, then lose your head!"
ABL_Name_88,346366130774060,Monolithic Congestion
ABL_Desc_88,346366130774061,Hurl your head to bash a baddy or jam something up.
ABL_Name_89,346366130774062,Flash Freeze
ABL_Desc_89,346366130774063,Instantly freeze all enemies within 25 meters.
ABL_Name_90,346366130774064,Spider Dash
ABL_Desc_90,28309369232809986,Quickly dash in the direction of your movement.
ABL_Name_91,346366130774066,Homing Eyeballs
ABL_Desc_91,346366130774067,Launch tiny eyes that fly toward enemies then explode.
ABL_Name_92,346366130774068,Gobble Bomb
ABL_Desc_92,346366130774069,Throw a bomb that attracts enemies before exploding.
ABL_Name_95,346366130774070,Hover Turret
ABL_Desc_95,346366130774071,Deploy a flying turret that shoots nearby enemies.
ABL_Name_96,346366130774072,Micro Jacksons
ABL_Desc_96,346366130774073,Deploy vicious mutant minions.
ABL_Name_97,346366130774074,Tenderizer Beam
ABL_Desc_97,346366130774075,Focus your power on a beam that just wrecks everything in its path.
ABL_Desc_98,79423295005384704,Yeet a big rocket that explodes on impact. Deals 3x damage on direct hit
ABL_Desc_99,346366130774079,"Throw a bomb that deals <#FFEB04><link=""Keyword:13"">[Fire]</link></color> damage."
ABL_Name_100,346366130774080,Slaughter Step
ABL_Desc_100,346366130774081,"Dash forward<br>Ranged attacks deal 20% additional <#FFEB04><link=""Keyword:5"">[Kinetic]</link></color> damage for 10s"
ABL_Name_101,346366130774082,Super Charge
ABL_Desc_101,346366130774083,"Gain <#FFEB04><link=""Keyword:10"">[Infinite Ammo]</link></color> and +40% Attack Speed for 15s."
ABL_Desc_103,28309369232809987,"Create a blast wave that deals <#FFEB04><link=""Keyword:15"">[Ice]</link></color> damage and knocks back enemies."
ABL_Name_108,346366130774094,Quake Rush
ABL_Desc_108,346366130774095,"<#FFEB04><link=""Keyword:5"">[Kinetic]</link></color> damage enemies as you run around."
ABL_Name_117,346366130774112,Bone Armor
ABL_Desc_117,346366130774113,"Grant 150 <#FFEB04><link=""Keyword:11"">[Barrier]</link></color> to nearby allies for 30s.<br>While <#FFEB04><link=""Keyword:11"">[Barrier]</link></color> lasts, Reflect incoming damage."
ABL_Desc_118,102231626447052800,"Grant 150 <#FFEB04><link=""Keyword:11"">[Barrier]</link></color> to nearby allies for 15s.<br>While <#FFEB04><link=""Keyword:11"">[Barrier]</link></color> lasts, Reflect incoming damage."
ABL_Name_142,346366130774162,Double Lariat
ABL_Desc_142,346366130774163,Spin around and smack nearby enemies. Yee-haw!
ABL_Name_147,346366130774172,Wasp Dash
ABL_Desc_147,346366130774173,"Dash forward, dropping booms as you go."
ABL_Desc_152,346366130774183,"Dash forward<br>Ranged attacks deal 20% additional <#FFEB04><link=""Keyword:15"">[Ice]</link></color> damage for 10s"
ABL_Desc_153,346366130774185,"Dash forward<br>Ranged attacks deal 20% additional <#FFEB04><link=""Keyword:14"">[Slime]</link></color> damage for 10s"
ABL_Desc_154,346366130774187,"Dash forward<br>Ranged attacks deal 20% additional <#FFEB04><link=""Keyword:12"">[Electric]</link></color> damage for 10s"
ABL_Desc_155,346366130774189,"Dash forward<br>Ranged attacks deal 20% additional <#FFEB04><link=""Keyword:13"">[Fire]</link></color> damage for 10s"
ABL_Name_164,346366130774206,Duckstone Throw
ABL_Desc_164,346366130774207,Throw a big ol' exploding rock.
ABL_Name_169,346366130774216,Hover Beam
ABL_Desc_169,346366130774217,Hover in the air while firing a powerful beam at ground targets.
ABL_Name_174,346366130774226,Wasp Spit
ABL_Desc_174,346366130774227,Vomit up a cone of projectiles.
ABL_Name_179,346366130774236,Octo Swirl
ABL_Desc_179,346366130774237,"Spin around while shooting in all directions. Looks cool, too."
ABL_Name_184,346366130774246,Moleman Spit
ABL_Desc_184,346366130774247,Spray your enemies with painful pebbles.
ABL_Name_197,346366130774272,Burrow
ABL_Desc_197,346366130774273,"Tunnel underground, then explode when surfacing."
ABL_Name_198,346366130774274,Goober Shooter
ABL_Desc_198,346366130774275,Deploy a Goober that shoots nearby enemies. It's right there in the name.
ABL_Name_199,346366130774276,Rocket Swarm
ABL_Desc_199,346366130774277,Launch a whole bunch of unguided missiles.
ABL_Name_200,346366130774278,Ninja Mark
ABL_Desc_200,346366130774279,"Throw 5 shurikens. Each hit grants you<br>+3% Attack Speed<br>+10 <#FFEB04><link=""Keyword:5"">[Kinetic]</link></color> Damage<br>+3% <#FFEB04><link=""Keyword:5"">[Kinetic]</link></color> Damage<br>(Max 5 Stacks)"
ABL_Name_201,346366130774280,Charged Slash
ABL_Desc_201,346366130774281,Deliver a leaping triple Melee attack.
ABL_Desc_202,80823105834967040,"<#FFEB04><link=""Keyword:15"">[Ice]</link></color> damage enemies as you run around."
ABL_Desc_203,80824169023922176,"<#FFEB04><link=""Keyword:14"">[Slime]</link></color> damage enemies as you run around."
ABL_Desc_204,80824169023922177,"<#FFEB04><link=""Keyword:12"">[Electric]</link></color> damage enemies as you run around."
ABL_Desc_205,80824169023922178,"<#FFEB04><link=""Keyword:13"">[Fire]</link></color> damage enemies as you run around."
ABL_Desc_218,346366134968329,"Teleport forward and gain Air Walk<br>Melee attacks deal 50% additional <#FFEB04><link=""Keyword:12"">[Electric]</link></color> damage for 10s"
ABL_Desc_219,346366134968331,"Teleport forward and gain Air Walk<br>Melee attacks deal 50% additional <#FFEB04><link=""Keyword:13"">[Fire]</link></color> damage for 10s"
ABL_Desc_220,346366134968333,"Teleport forward and gain Air Walk<br>Melee attacks deal 50% additional <#FFEB04><link=""Keyword:15"">[Ice]</link></color> damage for 10s"
ABL_Desc_221,346366134968335,"Teleport forward and gain Air Walk<br>Melee attacks deal 50% additional <#FFEB04><link=""Keyword:14"">[Slime]</link></color> damage for 10s"
ABL_Desc_222,346366134968337,"Throw 5 shurikens. Each hit grants you<br>+3% Attack Speed<br>+10 <#FFEB04><link=""Keyword:12"">[Electric]</link></color> Damage<br>+3% <#FFEB04><link=""Keyword:12"">[Electric]</link></color> Damage<br>(Max 5 Stacks)"
ABL_Desc_223,346366134968339,"Throw 5 shurikens. Each hit grants you<br>+3% Attack Speed<br>+10 <#FFEB04><link=""Keyword:15"">[Ice]</link></color> Damage<br>+3% <#FFEB04><link=""Keyword:15"">[Ice]</link></color> Damage<br>(Max 5 Stacks)"
ABL_Desc_224,346366134968341,"Throw 5 shurikens. Each hit grants you<br>+3% Attack Speed<br>+10 <#FFEB04><link=""Keyword:14"">[Slime]</link></color> Damage<br>+3% <#FFEB04><link=""Keyword:14"">[Slime]</link></color> Damage<br>(Max 5 Stacks)"
ABL_Desc_225,346366134968343,"Throw 5 shurikens. Each hit grants you<br>+3% Attack Speed<br>+10 <#FFEB04><link=""Keyword:13"">[Fire]</link></color> Damage<br>+3% <#FFEB04><link=""Keyword:13"">[Fire]</link></color> Damage<br>(Max 5 Stacks)"
ABL_Name_226,346366134968344,Folding Chair
ABL_Desc_226,346366134968345,Consider throwing this at someone who deserves it.
ABL_Name_227,346366134968346,Big Beatrice
ABL_Desc_227,346366134968347,Summon the Queen Bee to fly around and sting your enemies.
ABL_Name_228,346366134968348,Brain Drain
ABL_Desc_228,28309369232809988,"Nearby enemies become Vulnerable to <#FFEB04><link=""Keyword:5"">[Kinetic]</link></color> Damage.<br>Gain +3% Move Speed and +5% <#FFEB04><link=""Keyword:5"">[Kinetic]</link></color> Damage per enemy affected (max 5 stacks)."
ABL_Desc_229,28309369232809989,"Nearby enemies become Vulnerable to <#FFEB04><link=""Keyword:12"">[Electric]</link></color> Damage.<br>Gain +3% Move Speed and +5% <#FFEB04><link=""Keyword:12"">[Electric]</link></color> Damage per enemy affected (max 5 stacks)."
ABL_Desc_230,28309369232809990,"Nearby enemies become Vulnerable to <#FFEB04><link=""Keyword:13"">[Fire]</link></color> Damage.<br>Gain +3% Move Speed and +5% <#FFEB04><link=""Keyword:13"">[Fire]</link></color> Damage per enemy affected (max 5 stacks)."
ABL_Desc_231,28309369232809991,"Nearby enemies become Vulnerable to <#FFEB04><link=""Keyword:15"">[Ice]</link></color> Damage.<br>Gain +3% Move Speed and +5% <#FFEB04><link=""Keyword:15"">[Ice]</link></color> Damage per enemy affected (max 5 stacks)."
ABL_Desc_232,28309369232809992,"Nearby enemies become Vulnerable to <#FFEB04><link=""Keyword:14"">[Slime]</link></color> Damage.<br>Gain +3% Move Speed and +5% <#FFEB04><link=""Keyword:14"">[Slime]</link></color> Damage per enemy affected (max 5 stacks)."
ABL_Name_237,12370411982413824,Flying Circuits
ABL_Desc_237,28309369237004288,Teleport forward and gain Air Walk<br>Duration: 6s
ABL_Name_238,42040861960167424,Squishy Bomb
ABL_Desc_238,42079388445958144,Throw a grenade that knocks enemies away.
ABL_Name_240,42064901517074432,Squishy Blast
ABL_Desc_240,42079388450152448,Push nearby enemies away.
ABL_Name_241,79423295013773312,Alien Donuts
ABL_Desc_241,79423295013773313,Shoot energy rings in an arc in front of you
ABL_Name_246,84150493377454080,Weird Injection
ABL_Desc_246,84150493381648384,Not sure what it is but you gain 100 Health when you use it.
ABL_Name_247,86035996729139200,Nuke Dukem
ABL_Desc_247,86035996733333504,Launch a nuke that destroys just about everything. You might just want to keep clear of the blast zone...
ABL_Name_248,86035996733333505,Fire Wall
ABL_Desc_248,86035996733333506,Throw down a wall of fire that burns enemies.
ABL_Name_252,94597113462120448,Sheriff Carl
ABL_Desc_252,94597113466314752,"Sheriff Carl to the rescue!<br>Carl will follow you in his mecha suit, taking down as many enemies as he can. What a great boss."
ABL_Name_257,95088709014118400,Power Leech
ABL_Desc_257,95088709022507008,"Gain +3% Move Speed and +5% <#FFEB04><link=""Keyword:13"">[Fire]</link></color> Damage.<br>Nearby enemies attack and move slowly."
ABL_Name_262,96528322081579008,Grapple Tongue
ABL_Desc_262,96528322085773312,Shoot a grapple hook and pull yourself towards the hit location. 
ABL_Name_263,102563114560512000,Cowboy Boombot
ABL_Desc_263,102563114564706304,"Deploy a Boombot. Click, clack, BOOM!"
ABL_Name_268,108777313687035904,Activate Carl's Mech
ABL_Desc_268,108777313687035905,Throw me into my Mech so we can bust 'em up!
ABL_Name_272,130598221758062592,Bubble Shield
ABL_Desc_272,130684355859177472,"Throw down a defensive bubble, great for reviving teammates or protecting harvester nodes!"
ABL_Name_273,142612879742328832,Mechanic's Wrench
ABL_Desc_273,142612879750717440,Deploy a trusty mechanic to help repair friendly structures.
ABL_Name_275,142985656894742528,PopRocks
ABL_Desc_275,142985656894742529,Fire a powerful beam. Charging increases Damage. On Kill Target launches grenade from their body.
ABL_Name_280,143256462988140544,Spinner Orb
ABL_Name_281,144282876722012160,Spirit Orb
ABL_Name_283,146946507561492480,MindControl
ABL_Desc_283,147188355911639040,Mind Control an enemy for 30s. Release them to deal damage based on time.
ABL_Name_284,148256708948385792,Flip Tricks
ABL_Desc_284,149675864725905408,Move quickly in the direction you're facing in style.
ABL_Name_286,149394019488620544,Player Starfall
MUT_Type_7,85936796137938944,Fire
MUT_Type_8,85936796142133248,Ice
MUT_Type_9,85936796142133249,Slime
MUT_Type_10,85936796142133250,Electric
MUT_Type_18,85936796142133251,Kinetic
ART_Name_4,91432940955754496,Gravity Well
ART_Name_13,94597113466314753,Mech Carl
CQ_Name_2,41866088349163521,Chum in the Water
CQ_Desc_2,41848132785397762,"Peterium is infested with the worst kind of pirates - the type that don't even have a theme song. Get in, do what you do, pull the meat core. The ""chum"" in the title is not referring to you. Probably."
CQ_Name_3,41866088349163522,Just Chill
CQ_Desc_3,41848132785397764,"Sub Zeroni has a frost problem, a creature problem, and a morale problem. None of those are technically your problem. Your problem is the meat core. Everything else is weather."
CQ_Name_4,41866088349163523,Lava Good Time
CQ_Desc_4,41848132785397766,"Lava Del Rey is MAGNIFICENT, Squishy! The heat! The glow! The complete structural instability of literally everything! Most employees won't even GO there, which is their loss (and also statistically related to the fatalities.) If you ask me, it's a PERFECTLY reasonable place to send an employee."
CQ_Name_5,41866088349163524,Start Your Engines
CQ_Desc_5,41848132785397768,"Big Ol' Tangus is exactly what it sounds like: big, ornery, and full of things that want to stop your engines. Show 'em you've got better engines. Get the meat core. Go home."
CQ_Name_6,41866088349163525,Training Montage
CQ_Desc_6,41848132785397770,"A lot of great stories start with climbing a dangerous mountain, Squishy. This could be one of those stories. Or it could just be work. Either way you're climbing it. The meat core is up there somewhere."
CQ_Name_7,41866088349163526,Glizzy Tizzy
CQ_Desc_7,41848132785397772,"Don't let ""Li'l"" fool you. Li'l Tangus has a real big chip on its shoulder. Last three extraction teams came back confused about what happened. You'll do great. Probably."
CQ_Name_14,41866088349163533,First Harvest
CQ_Desc_14,41848132785397785,"Welcome to Rangus Meats, li'l buddy! Now, the only thing standing between you and Employee of the Month is meat, and the only thing standing between you and meat is whatever's out there trying to bite your face off. So go on out there, get a meat core, and pop it right out so we can feed the galaxy! That's the whole gig in a nutshell!"
CQ_ObjDesc_14_0,131640380611354624,Harvest your first Meat Core
CQ_Name_15,41866088349163534,Rangus Junior R&D
CQ_Desc_15,41848132785397787,"Every Rangus hire spends time in their first week doing some R&D (that's ""Research & Demolition"" to you, li'l buddy). And there’s a big ‘ol world of violence…I mean “research” waiting to be done. Show me what you can do and we’ll see about upgrading those weapons."
CQ_Name_16,41866088349163535,…And My Axe!
CQ_Desc_16,41848132785397789,"There’s more on those planets than just meat little buddy…bring me back a load of minerals and I'll have the shop manufacture you a very fine excavation tool. Strictly for the careful retrieval of historical relics, of course. (And anything that happens to be holding them.)"
CQ_Name_17,41866088349163536,Chain. Saw. Conquer.
CQ_Desc_17,41848132785397791,"Those ancient gastronauts left a lot of useful junk laying around the galaxy! And Rangus has a ""finders keepers"" policy that legal has reviewed exactly zero times. Haul me back some ancient tech and I'll rig you up a little something to make the next planet even more bountiful."
CQ_Name_18,41866088349163537,Flair Aware
CQ_Desc_18,41848132785397793,"Now you're looking good, that's worth another TIP or two."
CQ_Name_20,41866088349163539,Meat Science Experiment
CQ_Desc_20,41848132785397797,"Well Squishy, I see you been gatherin' resources like a big ol' squirrel storin' nuts for the winter. That's good!<br><br>Now it's time to become that super squishy we know you oughta be."
CQ_Name_22,41866088349163541,The Shining
CQ_Desc_22,41848132785397801,"You know what you need to get noticed around here? Some oomph…pizazz…Flair! Like those enemies that are <i><b>glowing gold</i></b>.  That's the look we want for you. Take 'em down, take their shine, and let's get a little sparkle on that uniform."
CQ_Name_36,42875506234744832,Make it Worth
CQ_Desc_36,42875506259910656,"My good buddy Mike runs the best little exchange counter in the sector: fair rates, fair smiles, fair number of fingers...I think we can convince him to set up shop on the ship full-time, but Mike's a businessman. Show him there's good money to be made off you and he'll come around real quick."
CQ_Name_41,44003070001012736,Employee of the Day
CQ_Desc_41,44003070172979200,"I see that look in your eye, Squishy... you just found out there's a ranking system. Good! Keep climbing! There's a little something in it for ya, and I mean that literally: it's quite small."
CQ_Name_42,44007851671150592,Employee of the Week
CQ_Desc_42,44007851671150593,"I had a picture of you printed up for the breakroom wall. It's not a great picture but it showed your spirit. I don't remember what happened to it, but keep ranking up! There's a bonus in it somewhere, and you've earned it."
CQ_Name_43,44007851671150594,Employee of the Month
CQ_Desc_43,44007851671150595,"A lot of employees quit right around here. Thought rank 30 was good enough. Those folks are sandwiches now...not a punishment, they were just reassigned. You're better than a sandwich, Squishy. Probably."
CQ_Name_44,44007851671150596,Employee of the Year
CQ_Desc_44,44007851671150597,You know what I love about you? You just keep going. Some employees hit rank 30 and just phone it in. Not you. You're something else. Now get back to work.
CQ_Name_45,44007851671150598,Employee of the Decade
CQ_Desc_45,44007851671150599,"In terms of calendar time you've been an employee for considerably less than a decade. But emotionally? Decades. Real deep, meaty decades. The bonus is real though."
CQ_Name_46,44007851671150600,Employee of the Century
CQ_Desc_46,44007851671150601,"The Employee of the Century award used to be given posthumously. We're trying a new approach. You're making history here, Squishy. And more importantly: you're making money."
CQ_Name_47,44007851671150602,Employee of the Millennium
CQ_Desc_47,44007851671150603,I have never...<b><i>not once</i></b>...handed out an Employee of the Millennium award. You'd be the first. Think about that. I mean it. Think about it while you keep ranking up.
CQ_Name_48,44007851671150604,Employee of the Epoch
CQ_Desc_48,44007851671150605,"We're getting into territory where I had to look up what the words mean. Geologically speaking, an epoch is a very long time. In employee-recognition terms, it means you're kind of unbelievable."
CQ_Name_49,44007851671150606,Employee of the Aeon
CQ_Desc_49,44007851671150607,Squishy. Buddy. I'm running out of time increments. An aeon is a billion years. No company has operated for a billion years. We are pushing the limits of HR here and I respect it.
CQ_Name_50,44007851671150608,Greatest Employee of All Time
CQ_Desc_50,44007851671150609,"You did it. I had a trophy made - it's shaped like a meat patty. It says your name on it, except I didn't know your name so it says ""Squishy."" That IS your name, right? Congratulations. I mean every word."
CQ_Name_51,49303764669030400,Gotta Catch 'Em Y'all
CQ_Desc_51,49303764673224704,"Squishy, the aquatic menu has been underperforming and I need samples. Grab that fishin' pole, find yourself some Water Rifts, and bring back everything you catch. Don't ask what we're doing with it."
CQ_Name_52,50434728719802368,Gotta Catch Even More
CQ_Desc_52,50434728753356800,"I know ""Slime Rift"" doesn't sound appetizing. Neither does ""processed meat product"" and that's our best seller. Trust the process, Squishy. Get in there and fish."
CQ_Name_53,50441586511699968,Rock Hound
CQ_Desc_53,50441586511699969,Rangus Corp's entire mineral acquisition department is you. No budget. No equipment. No backup. Get out there and dig up every kind of mineral you can find. That's not a problem — that's an opportunity.
CQ_Name_54,50441586511699970,Tech Collector
CQ_Desc_54,50441586511699971,"At Rangus Corp, we love innovation. We also love finding out what other folks already innovated and then acquiring it. Legally. Mostly. Gather every kind of ancient tech you can find. Call it ""competitor research""."
CQ_Name_65,53001828328005632,Turning up the Heat
CQ_Desc_65,53001828336394240,Complete the game on Medium Difficulty to unlock a greater challenge and increased rewards.<br><br>Rewards:<br><b>Unlock Hot Difficulty at Galaxy Map<br>5 Carl Coins</b>
CQ_Name_66,53001828336394241,Rise to the Challenge
CQ_Desc_66,53001828336394242,Complete a system on Hot Difficulty to unlock a greater challenge and even more rewards.
CQ_Name_67,53001828336394243,Unlock Your Nightmare
CQ_Desc_67,53001828336394244,Complete a system on Blazing Difficulty to unlock the thrilling Nightmare Difficulty.
CQ_Name_68,53001828336394245,This is Just Cruel
CQ_Desc_68,53001828336394246,Nightmare is not the end ...
CQ_Name_69,53040012566978560,Master Blaster: Grenade Launcher
CQ_Desc_69,53040012592144384,The Grenade Launcher is not technically recommended for close-quarters work. But someone who clears 250 Prime Directives with one? That's a person who figured something out.
CQ_Name_70,53046729765806080,Master Blaster: Magnum
CQ_Desc_70,53046729770000384,"The Magnum announces itself. It says ""I am here and I mean it."" Two hundred and fifty Prime Directives. Let it do the talking."
CQ_Name_71,53046729770000385,Master Blaster: Pistol
CQ_Desc_71,53046729770000386,"A good employee knows their tools. A great employee masters one. Show me what a Pistol can really do, Squishy. I'll be watching."
CQ_Name_72,53046729770000387,Master Blaster: Plasma Caster
CQ_Desc_72,53046729770000388,The Plasma Caster was my personal choice back in the field days. Elegant. Efficient. Unreasonable at close range. Two hundred and fifty Prime Directives - let's see if you've got the touch.
CQ_Name_73,53046729770000389,Master Blaster: Rail Gun
CQ_Desc_73,53046729770000390,"The Rail Gun requires patience, precision, and a complete disregard for collateral damage."
CQ_Name_74,53046729770000391,Master Blaster: Rifle
CQ_Desc_74,53046729770000392,"The Rifle is the reliable one. Never flashy, always there. Some employees overlook the Rifle. Those employees are wrong. Two hundred and fifty Prime Directives - show some respect."
CQ_Name_75,53046729770000393,Master Blaster: Rocket Launcher
CQ_Desc_75,53046729770000394,I have a specific type of employee who asks for the Rocket Launcher. Know what they all have in common? Results.
CQ_Name_76,53046729770000395,Master Blaster: Shotgun
CQ_Desc_76,53046729770000396,"The Shotgun is a philosophy, Squishy. Wide. Committed. Leaves no question unanswered. 250 Prime Directives, Squishy. I expect enthusiasm."
CQ_Name_77,53046729770000397,Master Blaster: SMG
CQ_Desc_77,53046729770000398,"An SMG says ""I have a lot to say and I'm going to say all of it very quickly."" I respect that energy. Let's see how quick you can clear those Prime Directives."
CQ_Name_79,54162277232795648,Weapon Specialist
CQ_Desc_79,54162277236989952,"Rangus prefers a well-rounded employee, li'l buddy — and ""well-rounded"" in this department means fluent in artillery. Get yourself one of every weapon and put some live-fire hours on each. I want your name on the wall down at the range before the next quarterly review."
CQ_Name_80,54162277236989953,Leet Meat
CQ_Desc_80,54162277236989954,"Squishy, I'm looking at your swap numbers and I don't know if this is art or a medical condition - but you have a GIFT. Keep going. Let's see how high that number gets. For science. And also for reasons I can't disclose to HR."
CQ_Name_81,55545539725352960,Otherworldly Journey (Medium)
CQ_Desc_81,55545539754713088,"Medium's the sensible order, Squishy — enough heat to keep you honest, not so much the galaxy eats you alive. That's a legitimate way to play. Rangus Corp supports work-life balance. Mostly."
CQ_Name_82,55545539754713089,Otherworldly Journey (Hot)
CQ_Desc_82,55545539754713090,"Hot. A notch past the house recommendation — for when the easy runs stop keeping you up at night. Not too gentle, not too harrowing, and exactly as dangerous as the liability waiver covers. Go have yourself a run."
CQ_Name_83,55545539754713091,Otherworldly Journey (Blazing)
CQ_Desc_83,55545539754713092,Blazing. I ran Blazing back in my field days and I did not enjoy it. But I respect it enormously. You come back from this and we're having a serious talk about your future here.
CQ_Name_84,55545539754713093,Otherworldly Journey (Nightmare)
CQ_Desc_84,55545539754713094,"I'm not going to lie to you — I don't send employees into Nightmare mode. You would have to go there yourself, of your own free will. I just want it on record that I had mixed feelings on this one."
CQ_Name_87,60548818372911104,Planetary Destroyer
CQ_Desc_87,60548818398076928,Squishy. Twenty-five planets. I need you to evacuate from twenty-five planets. I told the whole crew this plan was already underway. I said it was going great. So we need to get it going.
CQ_Name_88,60548818398076929,Planetary Destroyer v2
CQ_Desc_88,60548818398076930,"Fifty planets. Here's the thing — I may have told someone you were already at fifty. I don't remember why I said that. But I said it, and they know I said it, and I need the number to actually be fifty now."
CQ_Name_89,60548818398076931,Planetary Destroyer v3
CQ_Desc_89,60548818398076932,"Seventy-five planets evacuated. The travel department flagged your records - turns out there IS a leaderboard and you are on it. Top ten, last I checked."
CQ_Name_90,60548818398076933,Planetary Destroyer v4
CQ_Desc_90,60548818398076934,"I went to a dinner. I said some things at the dinner. About you. About your evacuation numbers specifically. Big numbers. Everyone at the dinner seemed very impressed and I need those numbers to be real now. A hundred planets, Squishy. Please."
CQ_Name_91,60548818398076935,Planetary Destroyer v5
CQ_Desc_91,60548818398076936,I gave a speech. At an industry conference. I said your name. I said a number. I said that number was already achieved and that you were the greatest evacuator in Rangus Corp history. There was applause. I cannot undo the applause. A hundred and fifty planets.
CQ_Name_92,64263989754847232,That Fish Came From the Moon
CQ_Desc_92,64263989780013056,"Our lunar offerings are a mystery — even to me, and I'm the one selling them. Do some recon for me would 'ya? Find the Lunar Rifts, catch what's in there, and report back. This is research. We're calling it research."
CQ_Name_93,64263989780013057,Fishing Machine
CQ_Desc_93,64263989780013058,"Look, Squishy — fishing in a Sludge Rift is not glamorous work. But you're made of meat, and that's not glamorous either...but here you are. Catch everything. Wear gloves. Probably."
CQ_Name_94,64263989780013059,Omnipotent Fisher
CQ_Desc_94,64263989780013060,Brine Rift fish is our most premium menu item. Customers pay triple for it and don't know why. Neither do I. That's fine. Catch everything in there and don't fall in.
CQ_Name_95,65757147558830080,Flair Collector
CQ_Desc_95,65757147583995904,"Presentation matters, Squishy. I built this company on great meat AND great presentation. Ten flair is a solid start. You're starting to look like somebody out there."
CQ_Name_96,65757147583995905,The Flair Minimum
CQ_Desc_96,65757147583995906,"There's a saying in the restaurant business: twenty-five pieces of flair is the minimum. I made that saying up, but it's right. Keep collecting - you're representing Rangus Corp out there!"
CQ_Name_97,65757147583995907,Flair Debonair
CQ_Desc_97,65757147583995908,"Fifty flair. I looked up ""debonair"" to make sure I was using it right. I was. This is exactly what that word was invented for. Keep going."
CQ_Name_98,65757147583995909,Truly Expressing Yourself
CQ_Desc_98,65757147583995910,"Now, I'm not going to tell you to collect a hundred flair. That's not something I would ever tell you to do. I just want you to think about what a hundred flair would say about you as a person. As an employee. Anyway. It's completely up to you."
CQ_Name_99,75588200087674880,Weapon R&D
CQ_Desc_99,75588200096063488,"Here at Rangus we’ve had to create some ""unique"" departments for a fast food chain. Turns out feeding the galaxy isn't just sandwiches and smiles, it's harder than it looks! Head down to Weapon R&D and start ranking up your kit. The more variety on your hip, the easier meat will be to procure."
CQ_Name_100,82285661372014592,Go Fish
CQ_Desc_100,75664958191296512,"Squishy, bring me some of those rocks and ancient tech. We'll get you equipped with the latest in dimensional rift fishing gear so you can catch some big ones."
CQ_Name_101,75626551931035648,Gotta Catch Some of ’Em
CQ_Desc_101,75670184147279872,Use that dimensional rift fishing gear and catch a few big ones!
CQ_Name_102,75631368929796096,Culture Fit
CQ_Desc_102,75664958195490816,"Around here, ""self-improvement"" isn't a suggestion - it's a performance metric. It's also an official workplace benefit! Head over to the Employee Benefits Terminal and unlock a fresh upgrade for yourself. Show me you're growing into the role, li'l buddy."
CQ_Name_103,86371778174115840,Knife Job!
CQ_Desc_103,86371778178310144,I have a very sharp prize locked up in the equipment locker and I have been looking for an excuse to give it out. You look like you can earn it. Go hit some stuff and come back. I'll know if you did good.
CQ_Name_105,102259608519696384,Junior Associate
CQ_Desc_105,102259608528084992,"You passed your probation, congratulations! Now we can get into the real work and see if you have what it takes."
CQ_Name_106,102259608528084993,Employee Probation
CQ_Desc_106,102259608528084994,You’re new here so we gotta see what your skills are like and help you hone all the areas we need for you to be the best employee you can be!
CQ_Name_107,102263695273353216,Senior Rangus Associate
CQ_Desc_107,102263695273353217,You really go above and beyond the call of duty! We like your spunk and as a reward would like to give you even more responsibilities! Isn’t work fun?
CQ_Name_108,102263695277547520,Mid-Level Specialist Training
CQ_Desc_108,102263695277547521,Now that you know the ropes around here we can start getting you prepped for more duties and responsibilities! Always need more employees looking to take on more.
CQ_Name_109,102272247622787072,Welcome Mike
CQ_Desc_109,102272247622787073,"Mike's on the ship! But settling in is a whole thing for him, and the man runs on goodwill and fish guts in roughly that order. Do us a favor and sell him a load of fish, the smellier the better. He'll be family by the end of the week, mark my words."
CQ_Name_110,102276841048367104,Nice to Meat You
CQ_Desc_110,102276841048367105,"We need a lot of meat to feed the galaxy and management likes a go-getter! Get out there and bring in a real haul of meat cores; the kind of number that makes the accountants do a little dance. Stack 'em high, Squishy. There's a corner office in your future."
CQ_Desc_111,102281096752783360,"What do you think of a person who only does the bare minimum? Yeah, me neither. Equip that flair you earned and walk into work looking like Employee of the Month. Appearances matter in fast food."
CQ_Name_112,102279208766529537,Rise and Shrine
CQ_Desc_112,102279208766529538,"We've been getting reports of weird little structures out there...locals are calling 'em ""shrines."" Best we can tell, tapping into one juices up whoever's standing nearest. Go figure out how they work for us, would you? If the galaxy's handing out free power-ups, Rangus wants the receipt."
CQ_Name_113,102279208766529539,Sample Specialist
CQ_Desc_113,102279208766529540,"When you run into those big boss baddies out in the field, don't just kill 'em; sample 'em. There's something real special cookin' in that meat, and the lab boys downstairs have been begging me for fresh material. Bring me back the good stuff and I'll make sure they remember whose name was on the cooler."
CQ_Name_114,102281096752783361,Investigate Alien Activity
CQ_Desc_114,102281096752783362,"Those aliens are up to something...I can feel it in my gut, and my gut runs this company. They've been summoning big ol' Zordbeams and tucking 'em behind shields like they're hiding something. Take out their summoning rigs before whatever they're cookin' gets too cooked."
CQ_Name_115,102281096752783363,Turret Takedown
CQ_Desc_115,102281096752783364,"Heads up — we've been seeing turrets sproutin' on planets like dandelions, and a Harvester catching crossfire is a Harvester I can't insure. Go knock 'em down before they all decide to fire on the same target at the same time. Keep the supply line clean, Squishy."
CQ_Name_116,102281096752783365,Indiana Bones
CQ_Desc_116,102281096752783366,"You ever crack open one of those Mystery Meat Cubes the enemies drop? Real strange stuff inside...and ""strange"" is just ""valuable"" with extra steps. Go bust some open for us, would you? Whatever's in there, Rangus owns it now."
CQ_Name_117,102281096752783367,Coach Dan’s Dance
CQ_Desc_117,102281096752783368,"My buddy Coach Dan's been on the horn; some mutants are running drills on him out on Ol' Tangus and he's gettin' a little crabby about it. Head down there, run with him for a bit, and remind those mutants whose galaxy this is. Do an old friend a solid."
CQ_Name_118,102281096752783369,Transmission Impossible
CQ_Desc_118,102281096752783370,We’ve been trying to track down a mysterious radio transmission but it’s all garbled. There's a network of old radio towers scattered across the planets. Fire 'em up one by one and let's see if we can clean that signal up. Could be nothing. Could be very much not nothing.
CND_Name_1,346366134968365,Chilled
CND_Desc_1,346366134968366,Target moves and attacks slowly.
CND_Name_2,346366134968367,Electrified
CND_Desc_2,346366134968368,Periodically damages nearby enemies.
CND_Name_3,346366134968369,Slimed
CND_Desc_3,346366134968370,Target takes more damage from all sources.
CND_Name_4,346366134968371,Bleeding
CND_Desc_4,346366134968372,Target takes damage over time.
CND_Name_5,346366134968373,Burning
CND_Desc_5,346366134968374,"Target takes <#FFEB04><link=""Keyword:13"">[Fire]</link></color> damage over time."
CND_Name_6,346366134968375,Wisp Fire
CND_Desc_6,346366134968376,"Target takes ongoing <#FFEB04><link=""Keyword:13"">[Fire]</link></color> Damage and -20% Move Speed."
CND_Name_8,346366134968377,Staggered
CND_Desc_8,346366134968378,Target can't take actions.
CND_Name_9,443347024994304,Frozen
CND_Desc_9,443347033382912,"Target cannot move or attack. Any Melee or <#FFEB04><link=""Keyword:5"">[Kinetic]</link></color> attack deals extra damage and removes <#FFEB04><link=""Keyword:4"">[Frozen]</link></color>."
CND_Name_10,3584395111014400,Alien Spellcraft
CND_Desc_10,3584395140374528,You ran into an Alien spell. Leg abilities are disabled for a while.
CND_Name_11,98640502977454080,Bomb
CND_Desc_11,98640502977454081,Explodes after 3s
CND_Name_12,146946507607629824,Charmed
CND_Desc_12,146946507611824128,"Fights for you, then reverts to hostile."
CT_Name_1,42477876783542272,Founder's Edition
CT_Name_2,42477876800319488,Meat Testers
CT_Name_3,42477876800319489,Junk
CT_Name_4,42477876800319490,Legendary
CT_Name_5,42477876800319491,Brain Rot Edition
CT_Name_6,62027090692661248,Employee Bonus
CT_Name_7,62029080600502272,Epic
CT_Name_8,62029080604696576,Uncommon
CT_Name_9,62029080604696577,Rare
CT_Name_10,62030971807981568,Common
CRT_Name_6,346366134968379,Eyeclops
CRT_Desc_6,114192001397456896,"The pinnacle of <b>Meat Science</b> achievement. A colossal construct of dense, reinforced meat capable of devastating combat performance. <b>Carl Rangus</b> designed it for situations that called for less finesse and more everything else."
CRT_Name_8,346366134968380,Buzzle
CRT_Desc_8,114192001456177152,"A territorial aerial combatant found throughout the galaxy's less pleasant environments. The venom is bad. The sound is somehow worse. <b>Rangus Meats</b> has, on at least three occasions, attempted to incorporate it into a menu item. All three occasions ended the same way."
CRT_Name_11,346366134968381,Squat Daddy
CRT_Desc_11,114192001456177153,Former customer of <b>Rangus Meats</b>. Current threat to its employees. Extended <b>Glizzy Gulp</b> consumption has done remarkable things for his physique and absolutely nothing for his temperament.
CRT_Name_12,346366134968382,Rocketbot
CRT_Desc_12,114192001460371456,Manufactured by the <b>Rangus Meats</b> Automated Defense Division before the Automated Defense Division was quietly discontinued. Still operational. Still following the last orders it received. Nobody remembers what those orders were.
CRT_Name_13,346366134968383,Creeper
CRT_Desc_13,114192001460371457,"Eight legs. Several eyes. One opinion about your presence here, and it is not a welcoming one. Found in webs of its own design that it is very proud of."
CRT_Name_22,346366134968384,Looger
CRT_Desc_22,114192001464565760,"The crowning achievement of <i>Project Leviathan</i> and the crowning failure of <b>Rangus Meats</b> aquacultural experimentation. Whatever it was before the algae, it is something considerably larger now. <br><br> It is unclear whether it is angry. It is very clear that it is hungry."
CRT_Name_26,346366134968385,Grinder
CRT_Desc_26,114192001464565761,"A reconnaissance and combat vessel operated by alien forces whose motivations remain poorly documented. It moves fast, shoots accurately, and has never once complied with a hailing frequency."
CRT_Name_28,346366134968386,Frog
CRT_Desc_28,114192001464565762,Dramatically enlarged by generations of <b>Meat Science</b> runoff contaminating the freshwater systems of <b>Peterium</b>. Technically still a frog. Not technically safe to be near.
CRT_Name_31,346366134968387,Nibbler
CRT_Desc_31,114192001464565763,The native piranha population of <b>Peterium</b> was considered a minor nuisance before <i>Project Leviathan</i> began. That was a long time ago.
CRT_Name_34,346366134968388,Chomper
CRT_Desc_34,114192001468760064,Enhanced through sustained exposure to experimental <b>Meat Science</b> compounds. Faster. Larger. More interested in you than any shark has any right to be.
CRT_Name_37,346366134968389,Peeperoni
CRT_Desc_37,114186022270304256,A free-floating ocular organism with no visible body and no apparent explanation. <b>Rangus Meats</b> xenobiologists have filed numerous reports about it. None of the reports agree on what it is.
CRT_Name_38,346366134968390,Wheelie
CRT_Desc_38,114192001472954368,"A basic <b>SmartMeat</b> construct that has gone feral or been repurposed by hostile forces. Simple. Determined. Surprisingly durable for something that is, at its core, just meat."
CRT_Name_39,346366134968391,Grill Ghost
CRT_Desc_39,114192001472954369,Once employed in a <b>Rangus Meats</b> processing facility. Retained the tools of the trade through several career transitions that were not entirely voluntary.
CRT_Name_40,346366134968392,Grease Monkey
CRT_Desc_40,114192001472954370,Grease Monkey is a decommissioned auto-mechanic bot that never got the memo it's been replaced. Kill it for wrenches that heal friendly structures better than they ever fixed a car.
CRT_Name_41,346366134968393,Broadside
CRT_Desc_41,114192001481342976,"Formerly a scientist working for <b>Rangus Meats</b>, this enormous creature now sees himself as both the guardian of the aquatic life of <b>Peterium</b> and also the world's apex predator. <br><br> He also thinks he's a pirate. People sure are strange!"
CRT_Name_42,346366134968394,Gobble Gazer
CRT_Desc_42,114192001481342977,A creature defined by its enormous ocular apparatus and its apparent compulsion to stare at everything it encounters before consuming it. The staring is a warning. Most things learn this too late.
CRT_Name_43,346366134968395,Ham Hawk
CRT_Desc_43,114192001481342978,A <b>Franken Meats</b> vessel that delivers additional horrors to wherever additional horrors are needed. It does not land so much as it deposits its contents and departs.
CRT_Name_44,346366134968396,Franken Beans
CRT_Desc_44,114192001485537280,"Unfortunately, not all <b>Meat Science</b> experiments resulted in giant leaps forward for civilization. What began as a small-scale project aimed at enhancing porcine subjects with XXXtreme Flavor (TM) quickly spiraled out of control. Instead of creating a perfect food, the technicians from <b>Rangus Meats</b> created a perfect eating machine. <br><br> This mindless creature, dubbed Franken Beans by one of the scientists shortly before he was consumed along with his team, now travels through the galaxy in an endless quest to sate its hunger."
CRT_Name_45,346366134968397,Bugzapper
CRT_Desc_45,114192001485537281,The result of a <b>Meat Science</b> experiment conducted in the spirit of inquiry and concluded in the spirit of deeply regretting that spirit. <br><br> Half man. Half wasp. All problem.
CRT_Name_46,346366134968398,Tower
CRT_Desc_46,114192001489731584,"A stationary weapons platform with no agenda, no feelings, and no intention of letting you pass. Of all the enemies you will face, this one is arguably the most honest about what it wants."
CRT_Name_47,346366134968399,Void
CRT_Desc_47,114192001489731585,A creature of uncertain origin whose limbs extend far beyond what biomechanics typically permit. It uses this to its advantage. You will find this out shortly.
CRT_Name_48,346366134968400,Mean Bean
CRT_Desc_48,114192001489731586,"Smaller, faster, and no less hungry than its creator. The <b>Franken Meats</b> appetite is hereditary. The portion size is the only thing that has decreased."
CRT_Name_50,346366134968401,Blockhead
CRT_Desc_50,114192001493925888,A <b>SmartMeat</b> construct that has exceeded its recommended growth parameters by a significant margin. Whoever approved its development specifications has not been available for comment.
CRT_Name_51,346366134968402,Null
CRT_Desc_51,114192001493925889,A compact but formidable cosmic combatant who compensates for a reduced range of motion with an increased commitment to applying that motion to your face.
CRT_Name_52,346366134968403,Target Dummy
CRT_Desc_52,114192001498120192,"Does not fight back. Does not move. Has, against all reasonable expectation, survived this long. This says more about the shooting range than the target."
CRT_Name_53,346366134968404,Gunneroid
CRT_Desc_53,114192001498120193,Operates at distances that suggest either very good equipment or very personal reasons. Possibly both. Has not filed a statement either way.
CRT_Name_54,346366134968405,Zorpjet
CRT_Desc_54,114192001498120194,"Achieved aerial dominance through the acquisition of technology it was almost certainly not supposed to have. Fast, maneuverable, and extremely confident about both."
CRT_Name_55,346366134968406,Wrangler
CRT_Desc_55,114192001506508800,Solved the locomotion problem by eliminating it entirely. Hovers at a consistent altitude that happens to be exactly at threat level. This is not a coincidence.
CRT_Name_56,346366134968407,Pestie
CRT_Desc_56,114192001506508801,"Small. Extremely built. Operating under the assumption that size is merely a number, and that number is not relevant to the fight it is about to start."
CRT_Name_57,346366134968408,Duckstone
CRT_Desc_57,114192001506508802,"A duck-shaped rock formation that has, at some point in its geological history, become aggressively animate. The <b>Rangus Meats</b> Geology Division submitted a paper about this. The paper was rejected."
CRT_Name_59,346366134968409,Dirtbag
CRT_Desc_59,114192001510703104,A subterranean humanoid with excellent tunneling instincts and poor opinions about visitors. Surfaces only when provoked. Is frequently provoked.
CRT_Name_60,346366134968410,Bozo Balloon
CRT_Desc_60,114192001510703105,A <b>Glizzy Gulp</b>-fueled transport operated by the Mutant faction. Arrives fast. Leaves faster. What it deposits in between is your problem now.
CRT_Name_61,346366134968411,Space Bucket
CRT_Desc_61,114192001514897408,Alien transport vessel optimized for rapid deployment of forces and equally rapid departure from the consequences of that deployment.
CRT_Name_62,346366134968412,Tangus Racer
CRT_Desc_62,114192001514897409,It keeps going. More of them keep coming out of it. The mathematics of this have not been explained and will not be explained. Just keep shooting.
CRT_Name_63,346366134968413,Reset
CRT_Desc_63,114192001514897410,"This strange but friendly robot's origin is unknown. Some believe he arrived in a craft from a distant galaxy, quite a spell ago. <br><br> Most recently, Reset was encountered as a prisoner of the sentient long-range robot factory called <b>Calypso</b>, apparently as a result of a failed relationship between the two entities."
CRT_Desc_64,114192001519091712,An automated weapons platform that someone had the foresight to remove from the ground. It did not make it friendlier. It made it harder to avoid.
CRT_Name_65,346366134968415,Micro Jackson
CRT_Desc_65,114192001519091713,"A smaller concentration of <b>Glizzy Gulp</b> dependency than the full-sized model, but no less committed to the core mission of causing problems."
CRT_Name_66,346366134968416,Deluxe Peeperoni
CRT_Desc_66,114192001523286016,"A detached ocular unit functioning independently of any host. Deployed for surveillance, escalated to direct engagement. The transition was not in the original specs."
CRT_Name_67,346366134968417,Wee Beatrice
CRT_Desc_67,114192001527480320,The first stage of Beatrice's deployment cycle. Small. Unassuming. Already counting down.
CRT_Name_68,346366134968418,Highbeam
CRT_Desc_68,114192001527480321,Tall in the way that suggests the home planet's gravity had strong opinions about vertical growth. Uses the height advantage constantly and without apology.
CRT_Name_69,346366134968419,Referee
CRT_Desc_69,114192001531674624,Oversees combat with an authority that nobody voted on and nobody has successfully challenged. Calls it as it sees it. Sees everything.
CRT_Name_70,346366134968420,Pork Barrel Pete
CRT_Desc_70,114192001531674625,A bureaucratic combatant deployed by <b>Pork Barrel Pete</b> to entangle opponents in procedural delays and physical damage simultaneously. The paperwork is a weapon. The weapon is also a weapon.
CRT_Name_71,346366134968421,Junior Senator
CRT_Desc_71,114192001535868928,Fresh from the campaign trail and absolutely certain that this is what public service looks like. Arrives in large numbers. Votes along party lines.
CRT_Name_72,346366134968422,Judge Crawdaddy
CRT_Desc_72,114192001535868929,Presides over the arena with the absolute certainty of someone who has never once questioned their own judgment. The gavel is enormous. The rulings are final.
CRT_Name_73,346366134968423,Hair Force One
CRT_Desc_73,114192001535868930,A corporate enforcement unit operating on behalf of the <b>Pounding Fathers</b> administration. Carries out decisions. Does not make them. Does not need to.
CRT_Desc_74,114192001540063232,"Beatrice at full deployment. Whatever you were doing, stop doing it."
CRT_Name_75,346366134968425,Buster
CRT_Desc_75,114192001540063233,"Low center of gravity. High threshold for pain. The <b>Glizzy Gulp</b> mutations didn't make him taller, but they made the height he has considerably more effective."
CRT_Name_76,7411303278637056,Agent Duckstone
CRT_Desc_76,114192001544257536,"A Duckstone unit that has been, through means that remain classified, inducted into some form of official capacity. The badge is real. The duck is real. The rock is also real."
CRT_Name_77,10573095608770560,Beatrice
CRT_Desc_77,114192001544257537,"Beatrice, midway through her growth cycle. Larger than she looks. Already making plans."
CRT_Name_78,15325185188855808,Unused
CRT_Name_79,51047531965874176,Clobberbot
CRT_Desc_79,114192001548451840,A heavily armored ground vehicle operated by the Machine faction. Named Tommy by someone in the manufacturing chain who wanted to be remembered. Tommy is not a comforting presence.
CRT_Desc_80,114192001548451841,A directed-energy weapons platform with excellent range and strong opinions about everything within that range.
CRT_Name_81,61701631127838720,Boxface
CRT_Desc_81,114192001548451842,"A machine-faction unit whose head is, definitively, a box. The box contains something. The something deploys. You will not enjoy what the something does."
CRT_Name_82,61701631132033024,Boombot
CRT_Desc_82,114192001552646144,Round. Rolling. Enthusiastic about both. The <b>Glizzy Gulp</b> mutations took the concept of a mutant and pursued it in a very specific geometric direction.
CRT_Name_83,64231687884627968,Paper Bobby
CRT_Desc_83,114192001552646145,"Thin. Flat. Deceptively durable. A mutant whose dimensional reduction has, somehow, made them more of a threat."
CRT_Name_86,89820889795780608,Meat Pug
CRT_Desc_86,114192001556840448,"A loyal <b>SmartMeat</b> companion unit that has been deployed against you, which it does not fully understand and would probably feel bad about if it were capable of that level of reflection."
CRT_Name_87,91076799746793472,Meat Pug Pup
CRT_Desc_87,114192001556840449,A juvenile <b>SmartMeat</b> companion unit with all the enthusiasm and none of the context. It is doing its best. Its best is still a problem for you.
CRT_Desc_88,114192001561034752,"<b>Carl Rangus</b>, operating at the scale the situation demands. The mech was his design, naturally — he's had it ready for a while. <br><br> <i>I built this thing years ago, Squishy, just in case! Glad we finally get to use it!</i>"
CRT_Name_89,102563114573094912,Loyal Boombot
CRT_Name_90,112083206843392000,Puke Orb
CRT_Name_91,118003757014249472,Vol'Kay No
CRT_Name_92,135276356562837504,AT NT
CRT_Desc_92,135279596566208512,"After its cousin S was brutally murdered during a leisurely stroll in the woods, N developed an unhealthy obsession with blowing up organic lifeforms. It also loves all things soccer, and never misses leg day."
CRT_Name_93,135579089438236672,Motherwurst
CRT_Desc_93,135579089438236673,"An ancient, hangry mama."
CRN_Name_4,346366134968426,Carl Coin
CRN_Desc_4,346366134968427,"Awarded by Carl himself to commemorate each and every promotion, no matter how big or small."
CRN_Detail_4,63842973312344064,Rank up as a Rangus Employee
CRN_DetailTitle_4,63842973337509888,WAYS TO EARN:
CRN_Name_7,346366139162624,Glizzy
CRN_Desc_7,346366139162625,"Not everyone knows that ""Glizzy"" is an alternative name for a hot dog, but the decisions made when minting this coin make a lot more sense once you do."
CRN_Detail_7,63842973337509889,Completing Prime Directives<br>Completing Secondary Directives
CRN_Name_26,346366139162626,Task Incentive Point
CRN_Desc_26,346366139162627,"An archaic system that is hotly disputed to this day, yet somehow TIP culture remains."
CRN_Detail_26,63842973337509890,TIPs are earned by completing Secondary Directives
CRN_Name_28,346366139162628,Franken Sample
CRN_Desc_28,346366139162629,Great to have on hand for surprise guests! Thanks Frank.
CRN_Detail_28,63911671972749312,Completing the Franken Freak Out boss fight
CRN_Name_29,346366139162630,Franken Trinket
CRN_Desc_29,346366139162631,A trinket housing what looks disturbingly like a cured sausage suspended in goo. Could this be the primordial form of the Franken Meats?
CRN_Detail_29,63911671993720832,Completing Franken-faction planets
CRN_Name_30,346366139162632,Mutant Sample
CRN_Desc_30,346366139162633,Taken with glee from the unconscious clutches of the Pounding Fathers!
CRN_Detail_30,63911671993720833,Completing the Monday Night Midterms boss fight
CRN_Name_31,346366139162634,Mutant Trinket
CRN_Desc_31,346366139162635,"A small mass of mutant matter that occasionally unveils an extra eye, looks around, and then grotesquely retracts it. Ew."
CRN_Detail_31,63911671993720834,Completing Mutant-faction planets
CRN_Name_32,346366139162636,Niblet
CRN_Desc_32,346366139162637,"Niblets may be small, but they bite like they’ve got something to prove!"
CRN_Detail_32,63842973337509891,Water Rifts
CRN_DetailTitle_32,63842973337509892,FOUND IN:
CRN_Name_33,346366139162638,Blooper
CRN_Desc_33,346366139162639,"Catching one of these gives the term ""Blooper Reel"" a whole new meaning!"
CRN_Name_34,346366139162640,Krillbasa
CRN_Desc_34,346366139162641,An intergalactic delicacy.
CRN_Name_35,346366139162642,Ochopus
CRN_Desc_35,346366139162643,"Superior in every way to their cousin the regular octopus. Not only do they have eight tentacles, but they're also bilingual."
CRN_Name_36,346366139162644,Goldfish
CRN_Desc_36,346366139162645,There’s gold in them thar gills!
CRN_Name_37,346366139162646,Blobfish
CRN_Desc_37,63842973337509893,"Oh my blob, what in the fish rift did we catch here?!"
CRN_Detail_37,63842973337509894,Slime Rifts
CRN_Name_38,346366139162648,Glizzy Gulper
CRN_Desc_38,63842973337509895,"Once upon a time this was a normal fish, but after years of exposure to runoff from a Glizzy Gulp factory it became this."
CRN_Name_39,346366139162650,Snorkey
CRN_Desc_39,63842973337509896,To this day no one knows for sure where they get their snorkels from. Maybe they're born with it? Maybe it's snorkeling...
CRN_Name_40,346366139162652,Squid Pro Quo
CRN_Desc_40,63842973337509897,"""Hey, let's work together on this. You scratch my mantle, and I'll scratch yours!"""
CRN_Name_41,346366139162654,Ermagerda
CRN_Desc_41,63842973337509898,Landing one of these always results in goosebumps from the thrill of the catch!
CRN_Name_42,346366139162656,Memerald
CRN_Desc_42,346366139162657,Tier 2 Mineral. A shimmering green gemstone said to store fragments of ancient memories. Holding it lets you glimpse echoes of the past.
CRN_Detail_42,63842973337509899,Tier 2 Mineral Nodes<br>Medium Difficulty or Higher<br>Trader Mike (Employee Rank 5+)
CRN_Name_43,346366139162658,Obtanium
CRN_Desc_43,346366139162659,"Tier 1 Mineral. Much easier to acquire than certain other ores, and still gets the job done. Why is everyone so obsessed with the unobtainable when this is right here?"
CRN_Detail_43,63842973341704192,Tier 1 Mineral Nodes<br>Medium Difficulty or Higher<br>Trader Mike
CRN_Name_44,346366139162660,Gastro Gizmo
CRN_Desc_44,346366139162661,"Tier 1 Ancient Tech. Long ago deep space explorers would use this to submerge their heads in breathable liquid. It appears to be worse for wear now, but still great for parts."
CRN_Detail_44,63842973341704193,Tier 1 Gastronauts<br>Medium Difficulty or Higher<br>Trader Mike
CRN_Name_45,346366139162662,Ion Inverter
CRN_Desc_45,346366139162663,"Tier 2 Ancient Tech. The ancient Gastronauts were so preoccupied with whether or not they could invert ions, that they didn't stop to think if they should."
CRN_Detail_45,63842973341704194,Tier 2 Gastronauts<br>Medium Difficulty or Higher<br>Trader Mike (Employee Rank 5+)
CRN_Name_46,346366139162664,Rangus Effort Point
CRN_Desc_46,346366139162665,Collect REPs to increase your Rangus Employee Rank!
CRN_Detail_46,63842973341704195,REP is earned by completing Prime Directives
CRN_Name_48,18598135189200896,Chonkore
CRN_Desc_48,18598135273086976,Tier 3 Mineral. A dense metallic ore saturated with ancient energy. Valued for its ability to imbue weapons with crushing force and unmatched stability.
CRN_Detail_48,63842973341704196,Tier 3 Mineral Nodes<br>Hot Difficulty or Higher<br>Trader Mike (Employee Rank 10+)
CRN_Name_49,18598135273086977,Amirite
CRN_Desc_49,18598135273086978,"Tier 4 Mineral. A red crystal that pulses faintly whenever you're right, which is not as often as you'd like, but reassuring enough when it does find you to be agreeable."
CRN_Detail_49,63842973341704197,Tier 4 Mineral Nodes<br>Blazing Difficulty or Higher<br>Trader Mike (Employee Rank 15+)
CRN_Name_50,18598135273086979,Dankonite
CRN_Desc_50,18598135273086980,"Tier 5 Mineral. Found in only the dankest of locations, which can be a real nightmare to find."
CRN_Detail_50,63842973341704198,Tier 5 Mineral Nodes<br>Nightmare Difficulty or Higher<br>Trader Mike (Employee Rank 20+)
CRN_Name_51,18605565012860928,U-Conduit
CRN_Desc_51,18605565046415360,"Tier 3 Ancient Tech. An amazing piece of technology, however sometimes confusing to installers when discussing the mechanism out loud."
CRN_Detail_51,63842973341704199,Tier 3 Gastronauts<br>Hot Difficulty or Higher<br>Trader Mike (Employee Rank 10+)
CRN_Name_52,18605565046415361,Quadcorder
CRN_Desc_52,18605565046415362,Tier 4 Ancient Tech. A marked improvement over the previous generation of tech with one less corder.
CRN_Detail_52,63842973341704200,Tier 4 Gastronauts<br>Blazing Difficulty or Higher<br>Trader Mike (Employee Rank 15+)
CRN_Name_53,18605565046415363,Flux Capacitor
CRN_Desc_53,18605565046415364,Tier 5 Ancient Tech. Warning: Disconnect capacitor drive before opening. Shield eyes from light.<br><br>Power Capacity: 1.21 Gigawatts
CRN_Detail_53,63842973341704201,Tier 5 Gastronauts<br>Nightmare Difficulty or Higher<br>Trader Mike (Employee Rank 20+)
CRN_Name_54,20415833925738496,Fishizzle
CRN_Desc_54,63842973341704202,This fish likes to keep it real. The realest.
CRN_Detail_54,63842973341704203,Lunar Rifts
CRN_Name_55,20415833959292928,Xenofin
CRN_Desc_55,63842973341704204,"No one knows for sure where this fish came from, but everyone knows that it's kinda weird."
CRN_Name_56,20415833959292929,Quasardina
CRN_Desc_56,63842973341704205,"A bite-sized fish from a galaxy far, far away..."
CRN_Name_57,20415833959292930,Lumpy Space Fish
CRN_Desc_57,63842973341704206,Swimming through the cosmos like the tiniest star in the night sky.
CRN_Name_58,20415833959292931,Cosmic Thing
CRN_Desc_58,63842973341704207,"This fish roams the galaxy with not a concern in the world, for it calls no world its home."
CRN_Name_59,20423966916075520,Megabyte
CRN_Desc_59,63842973341704208,"When a school of 1,000,000 Bytes get together they form up as a Megabyte."
CRN_Detail_59,63842973341704209,Sludge Rift
CRN_Name_60,20424460623405056,Inkryptor
CRN_Desc_60,63842973341704210,"Inkryptors hold many dark secrets, but they will never divulge any of them."
CRN_Name_61,20425260586229760,Mechafin
CRN_Desc_61,63842973341704211,A mechanical menace... with fins!
CRN_Name_62,20425689906798592,Robopus
CRN_Desc_62,63842973341704212,Why would someone bother to make a robotic octopus? That seems so extra.
CRN_Name_63,20426157865295872,Cyber Prawn
CRN_Desc_63,63842973341704213,It appears to be some form of crustacean cyborg with a microprocessor for a brain. Wonderful.
CRN_Name_64,20426872612446208,Peeperz
CRN_Desc_64,63842973341704214,"Jeepers creepers, where'd you catch that Peeperz?!"
CRN_Detail_64,63842973341704215,Brine Rift
CRN_Name_65,20428393416744960,Morselfin
CRN_Desc_65,63842973341704216,"The Morselfin swims with purpose, and that purpose is snacks."
CRN_Name_66,20428890424991744,Swolefish
CRN_Desc_66,63842973341704217,The only known fish in the galaxy with a monthly gym membership.
CRN_Name_67,20429332890509312,Clawbster
CRN_Desc_67,63842973341704218,"Behold the mighty Clawbster in all of its glory, for it is glorious and worthy of beholding."
CRN_Name_68,20429703453073408,Big Chonker
CRN_Desc_68,63842973341704219,"Big Chonker always eats first during feeding frenzies. That's how it got to be the biggest, and the chonkiest."
CRN_Name_69,34136910996692992,Alien Sample
CRN_Desc_69,34136911030247424,I wouldn't touch that if I were you...
CRN_Detail_69,63911671997915136,Unlocked at Trader Mike upon completing a Random Solar System on Hard or higher difficulty
CRN_Name_70,34136911030247425,Alien Trinket
CRN_Desc_70,34146163425796096,"A tiny alien containment device holding something that seems to be alive, but also hostile, so you don't have to feel bad about it."
CRN_Detail_70,63911671997915137,Completing Alien-faction planets
CTC_Name_1,346366139162668,Currencies
CTC_Name_2,346366139162669,Fish
CTC_Name_3,86277628988743680,Ancient Technology
CTC_Name_5,86277628992937985,Trinkets & Samples
CTC_Name_6,86277628992937986,Minerals
DF_Name_0,29025126539321344,Medium
DF_Desc_0,29025126547709952,"<b>Max Enemy Tier: 1</b><br><br>Challenge Level:<br><b><color=#FFC700>Reduced (-40%)</color></b><br><br><b><color=#00D6D2>Weaker Enemies</color></b> spawn instead of tougher ones<br><br>Event Structures, bosses, and Hunters have <b><color=#00D6D2>less health</color></b><br><br>Reduced enemy health <b><color=#FFC700>(-25%)</color></b><br><br><b>Lower Tier Resources</b>"
DF_Name_1,29025126547709953,Hot
DF_Desc_1,29025126547709954,<b>Max Enemy Tier: 2</b><br><br>Challenge Level:<br><b><color=#FFC700>Baseline</color></b><br><br>Earn +40% Glizzy and REP<br><br>Resources up to <b>Tier 3</b>
DF_Name_2,29025126547709955,Blazing
DF_Desc_2,29025126547709956,"<b>Max Enemy Tier: 3</b><br><br>Challenge Level:<br><b><color=#FFC700>Increased (+40%)</color></b><br><br><b><color=#00D6D2>Stronger enemies</color></b> spawn instead of weaker ones<br><br>Event structures, bosses, and Hunters have <b><color=#00D6D2>more health</color></b><br><br>Earn +60% Glizzy and REP<br>Resources up to <b>Tier 4</b>"
DF_Name_3,29025126547709957,Nightmare
DF_Desc_3,29025126547709958,"<b>Max Enemy Tier: 3</b><br><br>Challenge Level:<br><b><color=#FFC700>Increased (+100%)</color></b><br><br>Event structures, bosses, and Hunters have <b><color=#00D6D2>massive health increases</color></b><br><br>Earn +100% Glizzy and REP<br><br>Resources up to <b>Tier 5</b>"
ASCR_Desc_0,41108792622964736,Default
ASCR_Desc_1,41108792631353344,"Enemies are resistant to elemental <#FFEB04><link=""Keyword:17"">[Conditions]</link></color>"
ASCR_Desc_2,41108792631353345,Friendly structures have reduced Health
ASCR_Desc_3,41108792631353346,Players have less health
ASCR_Desc_4,41108792631353347,Enemies move faster
ASCR_Desc_5,41108792631353348,Healing is reduced
ASCR_Desc_6,41108792631353349,Enemies attack faster
ASCR_Desc_7,41108792631353350,Hunters arrive sooner
ASCR_Desc_8,41108792631353351,Players respawn with less health
ASCR_Desc_9,41108792631353352,Enemies have more Health
ASCR_Desc_10,41108792631353353,Melee knockback is reduced
FAC_Name_1,346366139162670,Machine
FAC_Name_2,346366139162671,Aquatic
FAC_Name_3,346366139162672,Mutant
FAC_Name_4,346366139162673,Franken
FAC_Name_5,346366139162674,Omni
FAC_Name_6,346366139162675,Insectoid
FAC_Name_7,346366139162676,Alien
FAC_Name_8,346366139162677,Rangus
FAC_Name_9,346366139162678,Hunters
FAC_Name_10,346366139162679,GenericEnemy
FL_Desc_1,5468794653761536,"""Deputy"" is derived from the classical Latin ""deputare"" which also means ""to cut off"" or ""prune""."
FL_Desc_2,5468794666344448,"Makes you feel tingly. Carl assures you it's safe to wear. Ooh, now your heart is fluttering."
FL_Desc_3,5468794666344449,"Carl will tell you he dug this up on a planet inhabited by acid monsters, but it appears to be an old bottle cap."
FL_Desc_4,5468794666344450,Worn by Carl Rangus when he discovered the first planetary meat core. The smell lingers still.
FL_Desc_5,5468794666344451,"One of Carl's old lures, squished flat by a large shark."
FL_Desc_6,5468794666344452,"Label on the back says ""For Costume Use Only."""
FL_Desc_7,5925295680843776,"Ahh, fresh meat!"
FL_Desc_8,5925295680843781,This flair is so friggin' metal!
FL_Desc_9,9851941319335936,Cool guys don't look at explosions. They blow things up and then walk away.
FL_Desc_10,10231597352607744,Increased damage for each missing meat part. Guaranteed to turn you into the most dangerous smart meat in the known universe.
FL_Desc_11,40359174738010112,"Hurts the dude you directly hit a lot harder, but at the expense of less boom boom radius. Classic trade-off."
FL_Desc_12,40990661481062400,"Remember, you don't have to be faster than the sharks in the water, just faster than your friends!"
FL_Desc_13,40990661481062402,How many minions does it take to get to the meaty core of a planet? Ah-one? Ah-two? Ah-three?
FL_Desc_14,40990661481062404,All that time spent flipping burgers was just training for this moment. It all means something now.
FL_Desc_15,46870603473346560,"Turns out that you die when you run out of health, so this is a pretty good option!"
FL_Desc_16,46883763408330753,Shield that meat from the enemies you must defeat!
FL_Desc_17,46883763408330755,Empower your meat parts to new heights!
FL_Desc_18,46885823956639745,"If you love you some plasma guns, rocket launchers, or grenade launchers, then check this one out!"
FL_Desc_19,48008300480946176,For those that like their gunplay at close range!
FL_Desc_20,48008300480946178,For those that like their gunplay at long range!
FL_Desc_21,48280725869289472,Your foes are about to have a truly electrifying experience. Resistance is futile.
FL_Desc_22,48280725869289474,Some smartmeats just want to watch the world burn... That you?
FL_Desc_23,48280725869289476,The iceman cometh!
FL_Desc_24,48280725869289478,With this you'll have so much kinetic energy that you'll basically be a constant moving violation.
FL_Desc_25,48280725869289480,"It's slime time, baby! Let's get gooey!"
FL_Desc_26,49039579058003968,Reduce the number of enemy scouts that spawn around your location!
FL_Desc_27,58751588355792896,Who hunts the Hunters? You do. Because we here at Rangus Meat Corp hate those guys in particular.
FL_Desc_28,58812300344156160,"Slow your breathing. Steady your aim. Wait, actually... Do Smartmeat even breathe? You know what, just run n' gun, it'll be fine."
FL_Desc_29,63537517633200128,Provides enough firepower to convince any aliens standing in your way that they've made a huge mistake.
FL_Desc_30,63537517633200130,Ideal for discouraging any sharks from thinking that you look like a snack.
FL_Desc_31,63537517633200132,Let me be Frank. This gives you the confidence to face down foes who look like their creator lost the instruction manual.
FL_Desc_32,63537517633200134,Designed to neutralize anything with an exoskeleton that's not named Beatrice.
FL_Desc_33,63537517633200136,Guaranteed to help you turn any hostile machinery into harmless piles of parts.
FL_Desc_34,63537517633200138,Stand your ground against enemies that look like evolution got bored and just started rolling random.
FL_Desc_35,63537517633200140,It's okay if you don't have anything nice to say about Omnimeats. None of us really do.
GN_Name_1,346366139162680,Water Rift
GN_Interact_1,21379069768622080,Reel 'Em In!
GN_Name_3,346366139162681,Ancient Gastronaut
GN_Interact_3,21379069772816384,extract Gastro Gizmo
GN_Name_4,346366139162682,Obtanium Node
GN_Interact_4,21379069772816385,Smash Rock
GN_Name_6,21379069772816386,Slime Rift
GN_Interact_7,45348014867341312,extract Ion Inverter
GN_Name_8,21379069772816388,Memerald Node
GN_Interact_9,45348014892507136,extract U-Conduit
GN_Interact_10,45348014892507137,extract Quadcorder
GN_Interact_11,45348014896701440,extract Flux Capacitor
GN_Name_12,37815043876708352,Chonkore Node
GN_Name_13,37815043897679872,Amirite Node
GN_Name_14,37815043897679873,Dankonite Node
GN_Name_17,64208246938787840,Lunar Rift
GN_Name_20,96763864312438784,Rangus File
GN_Interact_20,96763864320827392,Consume Media: {FileName}
HE_Desc_1,346366139162687,"Deal 20 <#FFEB04><link=""Keyword:12"">[Electric]</link></color> damage (+10 per stack) to a chain of 3 enemies."
HE_Desc_3,346366139162689,"Chain damage and apply <#FFEB04><link=""Keyword:7"">[Staggered]</link></color> to 3 enemies"
HE_Desc_11,346366139162691,"Chain spread <#FFEB04><link=""Keyword:1"">[Burning]</link></color> to 2 targets when you hit a <#FFEB04><link=""Keyword:1"">[Burning]</link></color> enemy."
HE_Desc_17,346366139162693,"Gain 20 <#FFEB04><link=""Keyword:11"">[Barrier]</link></color> (+10 per stack) for 30s."
HE_Desc_24,346366139162695,"Apply <#FFEB04><link=""Keyword:1"">[Burning]</link></color> for 12s"
HE_Desc_33,346366139162697,Summon a Medium Wasp Minion.
HE_Desc_37,346366139162699,Spawn a Kinetic Orb that damages nearby enemies.
HE_Desc_38,346366139162701,Deal 25 Area Damage at target
HE_Desc_51,346366139162703,"Spawn an Electric Orb, dealing 25 damage per second in a 5m radius"
HE_Desc_53,346366139162705,"Apply <#FFEB04><link=""Keyword:2"">[Slimed]</link></color> for 4s."
HE_Desc_55,346366139162707,"Apply <#FFEB04><link=""Keyword:2"">[Slimed]</link></color> for 12s"
HE_Desc_58,346366139162709,"Apply <#FFEB04><link=""Keyword:8"">[Electrified]</link></color> for 12s"
HE_Desc_59,346366139162711,"Apply <#FFEB04><link=""Keyword:3"">[Chilled]</link></color> for 12s"
HE_Desc_60,346366139162713,Fully charge Mystery Meat
HE_Desc_61,346366139162715,25% Mystery Meat charge gain
HE_Desc_64,346366139162719,"+5% <#FFEB04><link=""Keyword:13"">[Fire]</link></color> Accumulation"
HE_Desc_65,346366139162721,"On <#FFEB04><link=""Keyword:1"">[Burning]</link></color> target: +10% Critical Chance for 30s."
HE_Desc_66,346366139162723,"On <#FFEB04><link=""Keyword:1"">[Burning]</link></color> target <#FFEB04><link=""Keyword:19"">[Combust]</link></color>"
HE_Desc_68,346366139162725,Target drops Meat
HE_Desc_69,346366139162727,Drop Ammo Box at target
HE_Desc_70,346366139162729,Chain 50% damage to 2 nearby enemies.
HE_Desc_71,346366139162731,"Chain <#FFEB04><link=""Keyword:17"">[Conditions]</link></color> to 3 nearby enemies."
HE_Desc_72,346366139162733,"+5% <#FFEB04><link=""Keyword:14"">[Slime]</link></color> Accumulation"
HE_Desc_73,346366139162735,"Chain apply <#FFEB04><link=""Keyword:2"">[Slimed]</link></color> to 3 enemies"
HE_Desc_75,346366139162737,"+20 <#FFEB04><link=""Keyword:11"">[Barrier]</link></color>"
HE_Desc_76,346366139162739,"+5% <#FFEB04><link=""Keyword:12"">[Electric]</link></color> Accumulation"
HE_Desc_77,346366139162741,"On <#FFEB04><link=""Keyword:8"">[Electrified]</link></color> target: Chain damage to 2 enemies"
HE_Desc_78,346366139162743,"Damage <#FFEB04><link=""Keyword:8"">[Electrified]</link></color> target and apply <#FFEB04><link=""Keyword:7"">[Staggered]</link></color>"
HE_Desc_79,346366139162745,"+5% <#FFEB04><link=""Keyword:15"">[Ice]</link></color> Accumulation"
HE_Desc_80,346366139162747,"If target of a meat ability is <#FFEB04><link=""Keyword:3"">[Chilled]</link></color> or <#FFEB04><link=""Keyword:4"">[Frozen]</link></color>, increase ability recharge by 20% for 30s"
HE_Desc_81,346366139162749,"+5% <#FFEB04><link=""Keyword:15"">[Ice]</link></color> Damage<br>+5% <#FFEB04><link=""Keyword:15"">[Ice]</link></color> Accumulation<br>+15% <#FFEB04><link=""Keyword:18"">[Shatter]</link></color> Damage for 45s."
HE_Desc_82,346366139162751,"On <#FFEB04><link=""Keyword:4"">[Frozen]</link></color> target: Gain +25% <#FFEB04><link=""Keyword:15"">[Ice]</link></color> Accumulation and +110% <#FFEB04><link=""Keyword:18"">[Shatter]</link></color> Damage for 25s. Stacks up to 3 times"
HE_Desc_93,346366143356932,"Reflects damage as <#FFEB04><link=""Keyword:5"">[Kinetic]</link></color>."
HE_Desc_94,346366143356934,"Reflects damage as <#FFEB04><link=""Keyword:14"">[Slime]</link></color>."
HE_Desc_95,346366143356936,"Reflects damage as <#FFEB04><link=""Keyword:13"">[Fire]</link></color>."
HE_Desc_96,346366143356938,"Reflects damage as <#FFEB04><link=""Keyword:15"">[Ice]</link></color>."
HE_Desc_97,346366143356940,"Reflects damage as <#FFEB04><link=""Keyword:12"">[Electric]</link></color>."
HE_Desc_98,346366143356942,"Apply <#FFEB04><link=""Keyword:7"">[Staggered]</link></color> for 5s"
HE_Desc_99,346366143356944,"Spread +15% Elemental Vulnerability when you hit a <#FFEB04><link=""Keyword:2"">[Slimed]</link></color> target."
HE_Desc_103,346366143356948,+50% damage for 5s
HE_Desc_105,346366143356950,+5% All Damage for 10s (max +25%)
HE_Desc_107,346366143356952,"Chain 60 <#FFEB04><link=""Keyword:12"">[Electric]</link></color> damage to 2 targets."
HE_Desc_109,346366143356956,"+5% <#FFEB04><link=""Keyword:5"">[Kinetic]</link></color> Accumulation"
HE_Desc_110,346366143356958,+10% Attack Damage for 60s
HE_Desc_112,346366143356962,"+150 <#FFEB04><link=""Keyword:11"">[Barrier]</link></color>"
HE_Desc_113,346366143356964,"Chain 150 <#FFEB04><link=""Keyword:13"">[Fire]</link></color> damage to 4 enemies"
HE_Desc_114,346366143356966,+15% Melee Damage
HE_Desc_115,346366143356968,"+10% Melee Damage, Max 10 stacks"
HE_Desc_116,346366143356970,"Gain +5% <#FFEB04><link=""Keyword:5"">[Kinetic]</link></color> Accumulation, +5% <#FFEB04><link=""Keyword:5"">[Kinetic]</link></color> Damage for 60s (Max 5)"
HE_Desc_118,346366143356974,Minions gain +15% Damage and +15% Health for 60s.
HE_Desc_119,346366143356976,"Spread <#FFEB04><link=""Keyword:17"">[Conditions]</link></color> on the target to enemies within 5m"
HE_Desc_120,346366143356978,Spawn an Ice Orb that damages nearby enemies.
HE_Desc_121,1850473219874816,"Spread +50% Melee Vulnerability when you hit a <#FFEB04><link=""Keyword:7"">[Staggered]</link></color> target."
HE_Desc_122,5168356914094080,Summon a Small Wasp minion.
HE_Desc_123,5552419550257152,Reloads 1 ammo into your unequipped weapon.
HE_Desc_124,5925295685038081,"Gain <#FFEB04><link=""Item:633"">[Slayer Buff I]</link></color> for 15s"
HE_Desc_125,111992418004361216,"Gain <#FFEB04><link=""Item:634"">[Slayer Buff II]</link></color> for 15s"
HE_Desc_126,111992418008555520,"Gain <#FFEB04><link=""Item:635"">[Slayer Buff III]</link></color> for 15s"
HE_Desc_127,28316283698143232,"Explode for 30 <#FFEB04><link=""Keyword:5"">[Kinetic]</link></color> damage"
HE_Desc_128,28316283702337536,"Explode for 15 <#FFEB04><link=""Keyword:14"">[Slime]</link></color> damage"
HE_Desc_129,28316283702337537,"Explode for 30 <#FFEB04><link=""Keyword:13"">[Fire]</link></color> damage"
HE_Desc_130,28316283702337538,"Explode for 30 <#FFEB04><link=""Keyword:12"">[Electric]</link></color> damage"
HE_Desc_131,28316283702337539,"Explode for 15 <#FFEB04><link=""Keyword:15"">[Ice]</link></color> damage"
HE_Desc_139,114224192071655424,"Target is <#FFEB04><link=""Keyword:7"">[Staggered]</link></color>"
HE_Desc_141,48598979615645696,Deal +10% Extra Damage
HE_Desc_142,48628778992132096,Deal +15% Extra Damage
HE_Desc_143,48628778992132097,Deal +20% Extra Damage
HE_Desc_144,51141421334257664,"Apply <#FFEB04><link=""Keyword:4"">[Frozen]</link></color> for 12s"
HE_Desc_145,58751588359987200,Deal +30% Extra Damage versus Hunters
HE_Desc_146,58751588359987201,Deal +40% Extra Damage versus Hunters
HE_Desc_147,58751588359987202,Deal +50% Extra Damage versus Hunters
HE_Desc_169,96139469151789056,"Next Ability deals +5% Damage, up to +100%"
HE_Desc_171,96857236343611392,"Gain +10% Attack Speed and +30% Reload Speed, up to 10 stacks."
HE_Desc_172,96903789842259968,Lose all stacks
HE_Desc_173,96923277228761088,"Drop a Glob, pick it up for a buff"
HE_Desc_175,98640503002619904,Apply a bomb that explodes after 3s
HE_Desc_177,106215386955898880,"Deal <#FFEB04><link=""Keyword:15"">[Ice]</link></color> damage in an area around you."
HE_Desc_178,106219433964331008,"Deal 20% more <#FFEB04><link=""Keyword:13"">[Fire]</link></color> damage"
HE_Desc_179,101598599379410944,"Gain +15 <#FFEB04><link=""Keyword:11"">[Barrier]</link></color>"
HE_Desc_180,101598599379410945,"<#FFEB04><link=""Keyword:18"">[Shatter]</link></color> enemies will chain damage to 3 nearby <#FFEB04><link=""Keyword:3"">[Chilled]</link></color> or <#FFEB04><link=""Keyword:4"">[Frozen]</link></color> enemies, <#FFEB04><link=""Keyword:3"">[Chilled]</link></color> enemies take half damage"
HE_Desc_181,102071207363338240,"Lightning Bolt strikes the enemy dealing 100 <#FFEB04><link=""Keyword:12"">[Electric]</link></color> damage"
HE_Desc_182,102071207371726848,Lightning Bolt chains to 1 additional enemy for half damage.
HE_Desc_183,102475594611023872,Spawn 6 Small Bees for 10s
HE_Desc_184,102475594615218176,"+3% Move Speed for 10s, at 10 stacks, gain +50% All Damage for 5s"
HE_Desc_185,104515340883451904,Grants +5% Critical Chance for 30s.
HE_Desc_186,104533437380026368,Double damage of your meat abilities for 3s
HE_Desc_187,106215386955898881,Gain +1% All Damage for 10s.
HE_Desc_188,106215386955898882,10% chance to quickly refresh all your abilities
HE_Desc_189,118953930455506944,"Deal 20% bonus <#FFEB04><link=""Keyword:12"">[Electric]</link></color> damage"
HE_Desc_190,118953930468089856,"Deal 20% bonus <#FFEB04><link=""Keyword:13"">[Fire]</link></color> damage"
HE_Desc_191,118953930468089857,"Deal 20% bonus <#FFEB04><link=""Keyword:15"">[Ice]</link></color> damage"
HE_Desc_192,118953930468089858,"Deal 20% bonus <#FFEB04><link=""Keyword:5"">[Kinetic]</link></color> damage"
HE_Desc_193,118953930468089859,"Deal 20% bonus <#FFEB04><link=""Keyword:14"">[Slime]</link></color> damage"
HE_Desc_194,118953930468089860,"Deal 50% bonus <#FFEB04><link=""Keyword:12"">[Electric]</link></color> damage"
HE_Desc_195,118953930468089861,"Deal 50% bonus <#FFEB04><link=""Keyword:13"">[Fire]</link></color> damage"
HE_Desc_196,118953930468089862,"Deal 50% bonus <#FFEB04><link=""Keyword:15"">[Ice]</link></color> damage"
HE_Desc_197,118953930468089863,"Deal 50% bonus <#FFEB04><link=""Keyword:5"">[Kinetic]</link></color> damage"
HE_Desc_198,118953930468089864,"Deal 50% bonus <#FFEB04><link=""Keyword:14"">[Slime]</link></color> damage"
HE_Desc_199,119267650700304384,Chain 30 damage to 2 enemies
HE_Desc_205,145709960463900672,Heal self for 25
HE_Desc_208,146946507834122240,"Apply <#FFEB04><link=""Keyword:20"">[Charmed]</link></color> for 8s."
INTD_Name_1,38500763108892672,Control Panel
INTD_Action_1,38500763113086976,Interact
INTD_Name_2,38514228506648576,Ominous Monolith
INTD_Action_2,38514228510842880,Offer Legs Meat
INTD_Action_3,38514228510842881,Offer Torso Meat
INTD_Name_4,38514228510842882,Sketchy Appliance
INTD_Action_4,38514228510842883,Swap for a random meat
INTD_Action_5,38514228510842884,Offer Head Meat
INTD_Name_6,38528188916162560,Cargo Bin
INTD_Action_6,38528188924551168,Interact With The Thingy
INTD_Name_7,38529308078104576,Carl Rangus
INTD_Name_8,38529308078104577,Coach Dan
INTD_Action_8,38528188924551170,Start the match!
INTD_Name_9,38528188924551171,Flair Terminal
INTD_Name_10,38529308078104578,Employee Benefits Terminal
INTD_Name_11,38528188924551174,Trader Mike
INTD_Action_11,38554421091622912,Trade Currencies
INTD_Name_12,38528188924551175,Truck
INTD_Action_12,38528188924551176,Repair the Truck
INTD_Name_13,38528188924551177,Ultimate Terminal
INTD_Name_14,38528188924551178,Weapon Terminal
INTD_Action_15,38554421100011520,Start Truck
INTD_Action_16,38529308078104581,No Repair Needed
INTD_Action_17,38554421100011521,Talk to Coach Dan
INTD_Action_18,38555847624744960,Open the Door
INTD_Name_19,38555847624744961,Escape Hatch
INTD_Action_19,38555847624744962,Open
INTD_Action_20,38555847624744963,Activate Nuker
INTD_Name_21,38555847624744964,Meat Dispenser
INTD_Action_21,38555847624744965,Got Meat?
INTD_Name_22,38559873686822912,Bolt Burger
INTD_Action_22,38559873695211520,Prepare For Launch
INTD_Name_23,44223548833652736,Galaxy Map
INTD_Action_23,44223548842041344,View Galaxy Map
INTD_Action_24,47629102572404736,Launch Shuttle
INTD_Name_25,92544266662830080,Exit Portal
INTD_Action_25,92544266667024384,Next Room
IATT_Name_1,113797958992912384,Move Speed
IATT_Name_2,113797958997106688,Attack Speed
IATT_Name_3,113797958997106689,All Damage
IATT_Name_4,113797958997106690,Max Health
IATT_Name_6,113797958997106691,Explosion Radius
IATT_Name_7,113797958997106692,Challenge Level
IATT_Name_10,113797958997106693,Pierce Count
IATT_Name_11,113797958997106694,Weapon Accuracy
IATT_Name_12,113797958997106695,Spread Recovery
IATT_Name_13,113797958997106696,Reload Speed
IATT_Name_14,113797958997106697,Swim Speed
IATT_Name_15,113797958997106698,Jump Count
IATT_Name_16,113797958997106699,Increased Critical Chance
IATT_Name_17,113797958997106700,Area Damage
IATT_Name_18,113797958997106701,Head Meat Durability
IATT_Name_20,113797958997106702,Additional Player Health On Respawn
IATT_Name_21,113797958997106703,Hunter Arrival Seconds
IATT_Name_22,113797958997106704,Health Regen
IATT_Name_23,113797958997106705,Ground Jump Height
IATT_Name_24,113797958997106706,Magazine Size
IATT_Name_25,113797958997106707,Ability Recharge
IATT_Name_26,113797958997106708,Stealth
IATT_Name_27,113797958997106709,Climb Angle
IATT_Name_30,113797958997106710,Positive Enemy Threat
IATT_Name_31,113797958997106711,Immunity to Webs
IATT_Name_32,113797958997106712,Support Area Effect Radius
IATT_Name_33,113797958997106713,Head Ability Recharge
IATT_Name_34,113797958997106714,Infinite Ammo
IATT_Name_35,113797958997106715,Small Minion Count
IATT_Name_36,113797958997106716,Swim Jump Height
IATT_Name_37,113797958997106717,Additional Critical Damage
IATT_Name_38,113797958997106718,Attack Range
IATT_Name_39,113797958997106719,Additional Health from Containers
IATT_Name_41,113797958997106720,Torso Ability Recharge
IATT_Name_45,113797958997106721,Additional Stagger Chance
IATT_Name_47,113797958997106722,Leg Ability Recharge
IATT_Name_51,113797958997106723,Direct Hit Damage
IATT_Name_52,113797958997106724,Additional Trigger Effect Chance
IATT_Name_53,113797958997106725,Damage Received
IATT_Name_54,113797958997106726,Enemy Repulsion
IATT_Name_55,113797958997106727,Additional Critical Chance
IATT_Name_56,113797958997106728,Projectile Count
IATT_Name_58,113797958997106729,Weak Point Damage
IATT_Name_59,113797958997106730,Air Move Speed
IATT_Name_60,113797958997106731,Gravity
IATT_Name_62,113797958997106732,Repair Nanobot Amount
IATT_Name_63,113797958997106733,Repair Nanobot Capacity
IATT_Name_66,113797958997106734,Enemy Scouts Around Your Location
IATT_Name_75,113797958997106735,You have been spotted!
IATT_Name_79,113797958997106739,Torso Meat Durability
IATT_Name_81,113797958997106740,Leg Meat Durability
IATT_Name_83,113797958997106741,Drop Ship Beacon
IATT_Name_86,113797958997106742,Starting Respawns
IATT_Name_87,113797958997106743,Fire Damage
IATT_Name_90,113797958997106744,Ice Damage
IATT_Name_93,113797958997106745,Electric Damage
IATT_Name_96,113797958997106746,Slime Damage
IATT_Name_110,113797958997106747,Hitscan Damage
IATT_Name_113,113797958997106748,Melee Damage
IATT_Name_116,113797958997106749,Reload Window Size
IATT_Name_117,113797958997106750,Meat Ability Damage
IATT_Name_124,113797958997106751,Short Range Damage
IATT_Name_125,113797958997106752,Long Range Damage
IATT_Name_126,113797958997106753,Fire Accumulation
IATT_Name_127,113797958997106754,Ice Accumulation
IATT_Name_128,113797958997106755,Slime Accumulation
IATT_Name_129,113797958997106756,Electric Accumulation
IATT_Name_130,113797958997106757,Barrier Duration
IATT_Name_133,113797958997106758,Barrier Max
IATT_Name_139,113797959001300992,Projectile Speed
IATT_Name_142,113797959001300993,Franken Beans Power Level
IATT_Name_143,113797959001300994,Kinetic Damage
IATT_Name_146,113797959001300995,Kinetic Accumulation
IATT_Name_151,113797959001300996,Minion Damage
IATT_Name_154,113797959001300997,Minion Health
IATT_Name_157,113797959001300998,Minion Health Regen
IATT_Name_162,113797959001300999,Burst Count
IATT_Name_164,113797959001301000,Event Structure Health
IATT_Name_165,113797959001301001,Event Structure Health Regen
IATT_Name_166,113797959001301002,Hunter Health
IATT_Name_167,113797959001301003,Hunter Health Regen
IATT_Name_178,113797959001301004,Medium Minion Count
IATT_Name_179,113797959001301005,Large Minion Count
IATT_Name_180,113797959001301006,Grenade Launcher Damage
IATT_Name_181,113797959001301007,Magnum Damage 
IATT_Name_182,113797959001301008,Pistol Damage
IATT_Name_183,113797959001301009,Plasma Caster Damage
IATT_Name_184,113797959001301010,Rail Gun Damage
IATT_Name_185,113797959001301011,Rifle Damage
IATT_Name_186,113797959001301012,Rocket Launcher Damage
IATT_Name_187,113797959001301013,SMG Damage
IATT_Name_188,113797959001301014,Shotgun Damage
IATT_Name_205,113797959001301015,Grenade Launcher Min Damage
IATT_Name_206,113797959001301016,Magnum Min Damage
IATT_Name_207,113797959001301017,Pistol Min Damage
IATT_Name_208,113797959001301018,Plasma Caster Min Damage
IATT_Name_209,113797959001301019,Rail Gun Min Damage
IATT_Name_210,113797959001301020,Rifle Min Damage
IATT_Name_211,113797959001301021,Rocket Launcher Min Damage
IATT_Name_212,113797959001301022,SMG Min Damage
IATT_Name_213,113797959001301023,Shotgun Min Damage
IATT_Name_214,113797959001301024,Additional Rifle Trigger Effect Chance
IATT_Name_215,113797959001301025,Rifle Reload Window Size
IATT_Name_216,113797959001301026,Rifle Attack Range
IATT_Name_217,113797959001301027,Additional SMG Critical Chance
IATT_Name_218,113797959001301028,SMG Additional Critical Damage
IATT_Name_219,113797959001301029,SMG Reload Window Size
IATT_Name_220,113797959001301030,SMG Magazine Size
IATT_Name_221,113797959001301031,SMG Attack Range
IATT_Name_222,113797959001301032,SMG Weapon Accuracy
IATT_Name_223,113797959001301033,SMG Attack Speed
IATT_Name_224,113797959001301034,Additional SMG Trigger Effect Chance
IATT_Name_225,113797959001301035,SMG Pierce Count
IATT_Name_228,113797959001301038,Magnum Pierce Count
IATT_Name_231,113797959001301041,Magnum Attack Range
IATT_Name_232,113797959001301042,Grenade Launcher Max Damage
IATT_Name_233,113797959001301043,Magnum Max Damage
IATT_Name_234,113797959001301044,Pistol Max Damage
IATT_Name_235,113797959001301045,Plasma Caster Max Damage
IATT_Name_236,113797959001301046,Rail Gun Max Damage
IATT_Name_237,113797959001301047,Rifle Max Damage
IATT_Name_238,113797959001301048,Rocket Launcher Max Damage
IATT_Name_239,113797959001301049,SMG Max Damage
IATT_Name_240,113797959001301050,Shotgun Max Damage
IATT_Name_242,113797959001301051,Magnum Damage
IATT_Name_286,113797959001301053,Rifle Magazine Size
IATT_Name_287,113797959001301054,Rifle Pierce Count
IATT_Name_288,113797959001301055,Rifle Attack Speed
IATT_Name_289,113797959001301056,Rifle Weak Point Damage
IATT_Name_296,113797959001301057,Magnum Damage Max Damage
IATT_Name_304,113797959001301058,Hunter Primary Delay
IATT_Name_306,113797959001301059,Hunter Secondary Delay
IATT_Name_309,113797959001301060,Hunter Attack Speed
IATT_Name_312,113797959001301061,Hunter Damage
IATT_Name_315,113797959001301062,Hunter Move Speed
IATT_Name_318,113797959001301063,Meat Durability
IATT_Name_324,113797959001301065,Double Jump Height
IATT_Name_328,113797959001301066,Electric Vulnerability
IATT_Name_329,113797959001301067,Fire Vulnerability
IATT_Name_330,113797959001301068,Ice Vulnerability
IATT_Name_331,113797959001301069,Kinetic Vulnerability
IATT_Name_332,113797959001301070,Slime Vulnerability
IATT_Name_335,113797959001301071,Freeze Chilled Targets
IATT_Name_336,113797959001301072,Melee Vulnerability
IATT_Name_338,113797959001301073,Melee Attack Speed
IATT_Name_340,113797959001301074,Mineral Detection Distance
IATT_Name_341,113797959001301075,Fishing Rift Detection Distance
IATT_Name_342,113797959001301076,Gastronaut Detection Distance
IATT_Name_343,113797959001301077,Shatter Damage
IATT_Name_346,113797959001301078,Burning Damage
IATT_Name_349,113797959001301079,Combust Trigger Chance
IATT_Name_350,113797959001301080,Combust Damage
IATT_Name_353,113797959001301081,Electrified Trigger Chance
IATT_Name_354,113797959001301082,Electrified Damage
IATT_Name_357,113797959001301083,Slimed Damage Amplification
IATT_Name_358,113797959001301084,Chilled Slow
IATT_Name_359,113797959001301085,Magnum Weak Point Damage
IATT_Name_360,113797959001301086,Pistol Weak Point Damage
IATT_Name_361,113797959001301087,Shotgun Weak Point Damage
IATT_Name_362,113797959001301088,SMG Weak Point Damage
IATT_Name_363,113797959001301089,Grenade Launcher Direct Hit Damage
IATT_Name_364,113797959001301090,Plasma Caster Direct Hit Damage
IATT_Name_365,113797959001301091,Rocket Launcher Direct Hit Damage
IATT_Name_366,113797959001301092,Rifle Spread Recovery
IATT_Name_367,113797959001301093,Rifle Weapon Accuracy
IATT_Name_369,113797959001301095,Rail Gun Magazine Size
IATT_Name_370,113797959001301096,Plasma Gun Explosion Radius
IATT_Name_371,113797959001301097,Pistol Reload Window Size
IATT_Name_372,113797959001301098,Additional Pistol Critical Chance
IATT_Name_373,113797959001301099,Pistol Magazine Size
IATT_Name_374,113797959001301100,Pistol Weapon Accuracy
IATT_Name_375,113797959001301101,Pistol Attack Range
IATT_Name_376,113797959001301102,Pistol Attack Speed
IATT_Name_377,113797959001301103,Pistol Additional Critical Damage
IATT_Name_378,113797959001301104,Pistol Pierce Count
IATT_Name_381,113797959001301107,Additional Pistol Trigger Effect Chance
IATT_Name_382,113797959001301108,Rifle Additional Critical Damage
IATT_Name_383,113797959001301109,Additional Rifle Critical Chance
IATT_Name_385,113797959001301111,Magnum Attack Speed
IATT_Name_386,113797959001301112,Additional Magnum Critical Chance
IATT_Name_387,113797959001301113,Magnum Additional Critical Damage
IATT_Name_388,113797959001301114,Magnum Weapon Accuracy
IATT_Name_389,113797959001301115,Magnum Reload Window Size
IATT_Name_390,113797959001301116,Magnum Magazine Size
IATT_Name_391,113797959001301117,Additional Magnum Trigger Effect Chance
IATT_Name_392,113797959001301118,Plasma Caster Attack Speed
IATT_Name_393,113797959001301119,Additional Plasma Caster Critical Chance
IATT_Name_394,113797959001301120,Plasma Caster Additional Critical Damage
IATT_Name_395,113797959001301121,Plasma Caster Reload Window Size
IATT_Name_396,113797959001301122,Plasma Caster Magazine Size
IATT_Name_397,113797959001301123,Additional Plasma Caster Trigger Effect Chance
IATT_Name_398,113797959001301124,Plasma Caster Projectile Speed 
IATT_Name_399,113797959001301125,Plasma Caster Area Damage
IATT_Name_400,113797959001301126,Shotgun Pierce Count
IATT_Name_401,113797959001301127,Additional Shotgun Critical Chance
IATT_Name_402,113797959001301128,Shotgun Additional Critical Damage
IATT_Name_403,113797959001301129,Additional Shotgun Trigger Effect Chance
IATT_Name_404,113797959001301130,Shotgun Magazine Size
IATT_Name_406,113797959001301132,Shotgun Attack Range
IATT_Name_407,113797959001301133,Shotgun Attack Speed
IATT_Name_408,113797959001301134,Shotgun Reload Window Size
IATT_Name_409,113797959001301135,Additional Rail Gun Trigger Effect Chance
IATT_Name_410,113797959001301136,Additional Rail Gun Critical Chance
IATT_Name_411,113797959001301137,Rail Gun Additional Critical Damage
IATT_Name_412,113797959001301138,Rail Gun Reload Window Size
IATT_Name_413,113797959001301139,Rail Gun Pierce Count
IATT_Name_414,113797959001301140,Rail Gun Attack Speed
IATT_Name_415,113797959001301141,Rail Gun Weak Point Damage
IATT_Name_416,113797959001301142,Rail Gun Attack Range
IATT_Name_418,113797959001301144,Additional Rocket Launcher Critical Chance
IATT_Name_419,113797959001301145,Rocket Launcher Additional Critical Damage
IATT_Name_420,113797959001301146,Rocket Launcher Magazine Size
IATT_Name_421,113797959001301147,Rocket Launcher Projectile Speed
IATT_Name_422,113797959001301148,Rocket Launcher Attack Speed
IATT_Name_423,113797959001301149,Additional Rocket Launcher Trigger Effect Chance
IATT_Name_424,113797959001301150,Rocket Launcher Explosion Radius
IATT_Name_425,113797959001301151,Rocket Launcher Area Damage
IATT_Name_426,113797959001301152,Additional Grenade Launcher Critical Chance
IATT_Name_427,113797959001301153,Grenade Launcher Additional Critical Damage
IATT_Name_428,113797959001301154,Grenade Launcher Attack Speed
IATT_Name_429,113797959001301155,Grenade Launcher Projectile Speed
IATT_Name_430,113797959001301156,Grenade Launcher Reload Window Size
IATT_Name_431,113797959001301157,Grenade Launcher Magazine Size
IATT_Name_432,113797959001301158,Grenade Launcher Explosion Radius
IATT_Name_433,113797959001301159,Additional Grenade Launcher Trigger Effect Chance
IATT_Name_434,113797959001301160,Grenade Launcher Area Damage
IATT_Name_435,113797959001301161,Rail Gun Area Damage
IATT_Name_436,113797959001301162,Rail Gun Explosion Radius
IATT_Name_441,113797959001301163,Spawn Interval
IATT_Name_442,113797959001301164,Additional Melee Critical Chance
IATT_Name_444,113797959001301166,Melee Critical Chance
IATT_Name_446,113797959001301167,Melee Additional Critical Damage
IATT_Name_447,113797959001301168,Melee Critical Damage
IATT_Name_448,113797959001301169,Knockback Distance
IATT_Name_451,113797959001301170,Melee Knockback Distance
IATT_Name_454,113797959001301171,Boss Health
IATT_Name_455,113797959001301172,Enemy Density
IATT_Name_456,113797959001301173,Friendly Event Structure Health
IATT_Name_457,113797959001301174,Friendly Event Structure Health Regen
IATT_Name_458,113797959001301175,Player Event Structure Health
IATT_Name_459,113797959001301176,Gather Node Credits Per Card
IATT_Name_461,113797959001301177,Player Event Structure Health Regen
IATT_Name_464,113797959001301178,Rangus And Glizzy Reward
IATT_Name_466,113797959001301179,Enemy Event Structure Health
IATT_Name_467,113797959001301180,Enemy Event Structure Health Regen
IATT_Name_468,113797959001301181,Enemy Limited Movement Flag
IATT_Name_470,113797959001301182,Boss Structure Health
IATT_Name_471,113797959001301183,Franken Beans Tube Destruction Damage
IATT_Name_472,113797959001301184,Boss Weak Point Damage
IATT_Name_473,113797959001301185,Boss Minion Count
IATT_Name_474,113797959001301186,Boss Movement Speed
IATT_Name_475,113797959001301187,Boss Static Meat Spawn Time
IATT_Name_476,113797959001301188,Mini Boss Health Regen
IATT_Name_479,113797959001301189,Mini Boss Attack Speed
IATT_Name_482,113797959001301190,Mini Boss Damage
IATT_Name_485,113797959001301191,Kinetic Resistance
IATT_Name_488,113797959001301192,Fire Resistance
IATT_Name_491,113797959001301193,Ice Resistance
IATT_Name_494,113797959001301194,Electric Resistance
IATT_Name_497,113797959001301195,Slime Resistance
IATT_Name_506,113797959001301196,Meat Drop Chance
IATT_Name_509,113797959001301197,Better Luck With Level-Up Rewards
IATT_Name_511,113797959001301198,Xp Gain
IATT_Name_513,113797959001301199,Ability Max Charges
IATT_Name_514,113797959001301200,Chain Targets
IATT_Name_515,113797959001301201,Freeze Duration
IATT_Name_516,113797959001301202,Head Meat Ability Damage
IATT_Name_517,113797959001301203,Torso Meat Ability Damage
IATT_Name_518,113797959001301204,Legs Meat Ability Damage
IATT_Name_519,113797959001301205,Weapon Damage
IATT_Name_521,118906002034647040,Condition Resistance
IATT_Name_523,129087451949948928,Grenade Projectile Count
IATT_Name_524,129087451949948929,Magnum Projectile Count
IATT_Name_525,129087451949948930,Pistol Projectile Count
IATT_Name_526,129087451949948931,Plasma Projectile Count
IATT_Name_527,129087451949948932,Railgun Projectile Count
IATT_Name_528,129087451949948933,Rifle Projectile Count
IATT_Name_529,129087451949948934,Rocket Projectile Count
IATT_Name_530,129087451949948935,Shotgun Projectile Count
IATT_Name_531,129087451949948936,SMG Projectile Count
IATT_Name_535,147965489726873600,EAttributeDisplay.Hidden
ITM_Name_6,346366143356985,SuperHero
ITM_Name_14,346366143356991,Flippers
ITM_Name_37,346366143356999,Infected Fish Bite
ITM_Name_65,346366143357003,Spider Web
ITM_Name_154,346366143357013,Slaughter Step (Kinetic)
ITM_154_HE_0,18226653686652928,On Ranged Weapon Damage Dealt
ITM_Name_156,346366143357015,Fire Mastery I
ITM_Name_167,346366143357021,Damage Resist Up
ITM_Name_169,346366143357023,Movement Speed Up
ITM_Name_175,346366143357027,Riboflavin
ITM_Name_182,28316283744280576,Demolitionist
ITM_182_HE_0,18226653690847232,"15% Chance On Damage Dealt to <#FFEB04><link=""Keyword:7"">[Staggered]</link></color> target"
ITM_Name_190,346366143357037,Reload Railgun
ITM_190_HE_0,18226653690847233,On Weakpoint Hit
ITM_Name_191,346366143357039,Reload Rocket
ITM_Name_192,346366143357041,Reload Rifle
ITM_Name_201,28316283744280577,Sweet Tooth
ITM_201_HE_0,18226653690847234,20% Chance On Critical Damage Dealt
ITM_Name_206,346366143357051,Invulnerability
ITM_Name_209,346366143357053,Reload Shotgun
ITM_Name_210,346366143357055,Reload Plasma
ITM_Name_211,346366143357057,Reload Grenade
ITM_Name_212,346366143357059,Reload Magnum
ITM_Name_214,346366143357061,Reload Pistol
ITM_Name_233,346366143357073,Hang Time
ITM_Name_237,346366143357081,Structural Nanobots
ITM_Name_242,346366143357091,Personnel Nanobots
ITM_Name_255,346366143357103,Moleman Legs
ITM_Name_257,346366143357105,Spider Legs
ITM_Name_258,346366143357107,Muscle Man Legs Passive
ITM_Name_259,346366143357109,Ninja Legs
ITM_Name_260,346366143357111,Wasp Torso
ITM_Name_261,346366143357113,Rocket Bot Torso
ITM_Name_262,346366143357115,Spotted
ITM_Name_289,28316283744280578,Inferno Cranium
ITM_289_HE_0,18226653690847236,5% Chance On Damage Dealt
ITM_Name_290,28316283744280579,Firebrand Talons
ITM_290_HE_0,18226653690847237,25% per stack Chance On Melee Damage Dealt
ITM_Name_291,28316283744280580,Molten Core
ITM_291_HE_0,18226653690847238,10% Chance On Damage Dealt
ITM_Name_292,28316283744280581,Goo Leap
ITM_292_HE_0,18226653690847239,On Kill
ITM_Name_293,28316283744280582,Mucus Maw
ITM_293_HE_0,112852940539027456,On Melee Damage Dealt
ITM_Name_294,28316283744280583,Sticky Innards
ITM_294_HE_0,18226653690847240,25% per stack Chance On Critical Weapon Damage Dealt
ITM_Name_295,28316283744280584,Ice Cream Sandwich
ITM_Name_296,28316283744280585,Permafrost Spike
ITM_296_HE_0,101221828050018304,On Meat Ability Damage Dealt
ITM_Name_297,28316283744280586,Cryo Heart
ITM_297_HE_0,18226653690847241,On Meat Swap
ITM_Name_298,28316283744280587,Static Charge
ITM_298_HE_0,18226653690847242,15% Chance On Kill
ITM_Name_299,28316283744280588,Storm Gaze
ITM_Name_300,28316283744280589,Coil Heart
ITM_300_HE_0,18226653690847243,On Electric Damage Dealt
ITM_Name_302,346366143357155,Meat Your Maker Bonus
ITM_Name_303,28316283744280590,Godly Flesh
ITM_303_HE_0,18226653690847244,On Damage Dealt
ITM_Name_307,28316283744280591,Hive Burst
ITM_307_HE_0,18226653690847245,10% Chance On Kill
ITM_307_HE_1,106328262077046784,25% Chance On Kill
ITM_Name_309,346366143357161,Meat Zord Legs
ITM_Name_326,346366143357167,Paralytic Grasp
ITM_Name_327,346366143357169,Turbo Boost
ITM_Name_331,129034446428954624,Overload
ITM_Name_333,346366143357179,Knee Problems
ITM_Name_337,28316283744280592,Dermal Plate
ITM_337_HE_0,18226653690847246,On Meat Loss
ITM_Name_338,28316283744280593,Seattle Dog
ITM_338_HE_0,18226653690847247,50% per stack Chance On Melee Kill
ITM_Name_341,28316283744280594,Phoenix Crest
ITM_Name_343,346366147551236,Pyroclastic Vision
ITM_Name_346,346366147551240,Meatlust
ITM_Name_348,28316283744280595,Leftovers
ITM_Name_355,28316283744280596,Meat Cleaver
ITM_Name_358,28316283744280597,Protein Powder
ITM_Name_365,28316283744280598,Flak Fingers
ITM_365_HE_0,18226653690847253,25% Chance On Weak Point Damage Dealt
ITM_Name_368,28316283744280599,Spine Husk
ITM_368_HE_0,18226653690847254,10% Chance On Fast Reload Success
ITM_Name_369,346366147551280,Static Shock
ITM_Name_371,28316283744280600,Thunder Chest
ITM_Name_372,346366147551284,Glacier Recharge
ITM_Name_373,346366147551286,Glacial Mastery
ITM_Name_374,28316283744280601,Encrusted Yeti Eyes
ITM_374_HE_0,18226653690847256,On Melee Weapon Damage Dealt
ITM_Name_378,28316283744280602,Bombard Core
ITM_Name_392,346366147551296,Butcher Legs
ITM_Name_394,28316283744280603,Pyroclasm
ITM_394_HE_0,102071207417864192,"10% Chance On Damage Dealt to <#FFEB04><link=""Keyword:1"">[Burning]</link></color> target"
ITM_Name_396,28316283744280604,Tempest
ITM_396_HE_0,18226653690847258,25% Chance On Damage Dealt
ITM_Name_397,28316283744280605,Psychomagnotherem
ITM_Name_400,346366147551306,Glacial Veins
ITM_Name_430,346366147551350,Meat Boy Legs
ITM_Name_431,346366147551352,Bone Armor Reflect (Fire)
ITM_431_HE_0,18226653690847259,On Barrier Damage Taken
ITM_Name_432,346366147551354,Bone Armor Reflect (Slime)
ITM_Name_433,346366147551356,Bone Armor Reflect (Ice)
ITM_Name_434,346366147551358,Bone Armor Reflect (Electric)
ITM_Name_435,346366147551360,Bone Armor Reflect (Kinetic)
ITM_436_HE_0,126473208478031872,On Damage Taken
ITM_Name_445,346366147551378,Slaughter Step (Fire)
ITM_Name_446,346366147551380,Slaughter Step (Ice)
ITM_Name_447,346366147551382,Slaughter Step (Electric)
ITM_Name_448,346366147551384,Slaughter Step (Slime)
ITM_Name_449,346366147551386,Power Leech (Kinetic)
ITM_Name_450,346366147551388,Power Leech (Ice)
ITM_Name_451,346366147551390,Power Leech (Fire)
ITM_Name_452,346366147551392,Power Leech (Slime)
ITM_Name_453,346366147551394,Power Leech (Electric)
ITM_Name_454,346366147551396,Formula Dingus Legs
ITM_Name_455,346366147551398,Expanding Universe
ITM_Name_490,346366147551464,Corn on the Cod Buff
ITM_Name_494,346366147551468,Ocular Patdown
ITM_Name_495,346366147551470,C-Cap Torso
ITM_Name_497,346366147551474,Windwalk Buff (Electric)
ITM_Name_498,346366147551476,Windwalk Buff (Fire)
ITM_Name_499,346366147551478,Windwalk Buff (Ice)
ITM_Name_500,346366147551480,Windwalk Buff (Slime)
ITM_Name_501,346366147551482,Windwalk Buff (Kinetic)
ITM_Name_502,346366147551484,Ninja Mark Buff (Kinetic)
ITM_Name_510,346366151745540,Burrowed
ITM_Name_511,346366151745542,Belly Grinder Legs
ITM_Name_525,346366151745568,Reload SMG
ITM_Name_526,346366151745570,Golden Bullet
ITM_Name_528,346366151745574,Alacrity I
ITM_Name_535,346366151745588,Slime Mastery I
ITM_Name_536,346366151745590,Ice Mastery I
ITM_Name_537,346366151745592,Kinetic Mastery I
ITM_Name_538,346366151745594,Electric Mastery I
ITM_Name_540,346366151745598,Long Range Mastery I
ITM_Name_541,346366151745600,Short Range Mastery I
ITM_Name_542,346366151745602,Attack Mastery I
ITM_Name_562,346366151745642,Melee Mastery I
ITM_Name_563,346366151745644,Seattle Dog Buff
ITM_Name_566,346366151745650,Kinetic Mastery II
ITM_Name_567,28316283748474880,Bramble Skull
ITM_Name_569,346366151745656,Muscle Man Torso Passive
ITM_Name_570,346366151745658,Ninja Torso Passive
ITM_Name_583,346366151745684,Ninja Mark Buff (Fire)
ITM_Name_584,346366151745686,Ninja Mark Buff (Ice)
ITM_Name_585,346366151745688,Ninja Mark Buff (Electric)
ITM_Name_586,346366151745690,Ninja Mark Buff (Slime)
ITM_Name_587,346366151745692,Elemental Power I
ITM_Name_588,346366151745694,Yes Can Defense
ITM_Name_589,346366151745696,Brain Drain (Electric)
ITM_Name_590,346366151745698,Brain Drain (Fire)
ITM_Name_591,346366151745700,Brain Drain (Ice)
ITM_Name_592,346366151745702,Brain Drain (Kinetic)
ITM_Name_593,346366151745704,Brain Drain (Slime)
ITM_Name_594,346366151745706,Whack A Mole Bonus
ITM_Name_596,28316283748474882,Corn on the Cod
ITM_596_HE_0,18226653695041537,On Weapon Switch
ITM_Name_597,346366151745712,Chromatic Curse
ITM_Name_598,346366151745714,Butcher Healing T1
ITM_Name_599,346366151745716,Butcher Healing T2
ITM_Name_600,346366151745718,Butcher Healing T3
ITM_Name_601,28316283748474883,Snow Squishy
ITM_601_HE_0,18226653695041538,"15% Chance On Weapon Kill to <#FFEB04><link=""Keyword:3"">[Chilled]</link></color> target"
ITM_601_HE_1,101531253960859648,"15% Chance On Weapon Kill to <#FFEB04><link=""Keyword:4"">[Frozen]</link></color> target"
ITM_Name_603,1484724542365696,Windwalk Speed
ITM_Name_604,1849357526622208,Brutal Curse
ITM_Name_609,4779317228724224,Cryo Candy Buff
ITM_Name_610,5102145664704512,Deputy I
ITM_Name_611,5102145664704514,Deputy II
ITM_Name_612,5102145664704516,Deputy
ITM_Name_613,5102145664704518,Ability Recharge I
ITM_Name_614,5102145664704520,Ability Recharge II
ITM_Name_617,5471888120733696,Archaeology I
ITM_Name_618,5471888120733698,Archaeology II
ITM_Name_619,5471888120733700,Archaeology
ITM_Name_620,5471888120733702,Fishing I
ITM_Name_621,5471888120733704,Fishing II
ITM_Name_622,5471888120733706,Fishing
ITM_Name_623,5471888120733708,Geology I
ITM_Name_624,5471888120733710,Geology II
ITM_Name_625,5471888120733712,Geology
ITM_Name_626,5471888120733714,Sheriff I
ITM_626_HE_0,18935442668773376,50% Chance On Kill
ITM_Name_627,5471888120733716,Sheriff II
ITM_627_HE_0,18935442672967680,75% Chance On Kill
ITM_Name_628,5471888120733718,Sheriff
ITM_Name_629,5925295726981120,Butcher I
ITM_629_HE_0,18935442672967681,15% Chance On Melee Kill
ITM_Name_630,5925295726981122,Butcher II
ITM_630_HE_0,18935442672967682,20% Chance On Melee Kill
ITM_Name_631,5925295726981124,Butcher
ITM_631_HE_0,18935442672967683,25% Chance On Melee Kill
ITM_Name_632,28316283748474884,Slayer I
ITM_632_HE_0,18935442672967684,On Ranged Weapon Kill
ITM_Name_633,5925295726981128,Slayer Buff I
ITM_Name_634,5925295726981130,Slayer Buff II
ITM_Name_635,5925295726981132,Slayer Buff III
ITM_Name_636,28316283748474885,Slayer II
ITM_Name_637,28316283748474886,Slayer
ITM_Name_638,9851941352890368,Demolition I
ITM_Name_639,9851941352890369,Demolition II
ITM_Name_640,9851941352890370,Demolition
ITM_Name_641,9965603942031360,Shattered Curse
ITM_Name_644,10231597377773568,Meatball I
ITM_Desc_644,117055205214773248,+10% All Damage per missing meat part
ITM_Name_645,10231597377773569,Meatball II
ITM_Desc_645,14970698739998720,+15% All Damage per missing meat part
ITM_Name_646,10231597377773570,Meatball
ITM_Desc_646,14970698739998721,+20% All Damage per missing meat part
ITM_Name_651,13470112974626816,Ability Mastery I
ITM_Name_659,14836559116476416,Enraged Hunter Grip
ITM_Name_982,39085048019582976,Spider Weave
ITM_Name_984,40359174763175936,Hollow Charge I
ITM_Name_985,40359174763175937,Hollow Charge II
ITM_Name_986,40359174763175938,Hollow Charge
ITM_Name_987,40994790945316864,Burger Flipper I
ITM_Name_988,40994790945316865,Minion Master I
ITM_Name_989,40994790945316866,Swimmer I
ITM_Name_990,40994790945316867,Burger Flipper II
ITM_Name_991,40994790945316868,Minion Master II
ITM_Name_992,40994790945316869,Swimmer II
ITM_Name_993,40994790945316870,Burger Flipper
ITM_Name_994,40994790945316871,Minion Master
ITM_Name_995,40994790945316872,Swimmer
ITM_Name_1010,46870603527872512,Healthy I
ITM_Name_1011,46870603527872513,Healthy II
ITM_Name_1012,46870603527872514,Healthy
ITM_Name_1013,46881725060472832,Projectile I
ITM_Name_1014,46881725064667136,Meat Ability I
ITM_Name_1015,46881725064667137,Meat Shielding I
ITM_Name_1016,46881725064667138,Projectile II
ITM_Name_1017,46881725064667139,Meat Ability II
ITM_Name_1018,46881725064667140,Meat Shielding II
ITM_Name_1020,46881725064667142,Meat Ability
ITM_Name_1021,46881725064667143,Meat Shielding
ITM_Name_1022,48008300573220864,Long Range I
ITM_Name_1023,48008300573220865,Long Range II
ITM_Name_1024,48008300573220866,Long Range
ITM_Name_1025,48008300573220867,Close Quarters I
ITM_Name_1026,48008300573220868,Close Quarters II
ITM_Name_1027,48008300573220869,Close Quarters
ITM_Name_1028,48280725907038208,Lightning I
ITM_Desc_1028,118953930640056320,"Deal +10% damage to <#FFEB04><link=""Keyword:8"">[Electrified]</link></color> enemies"
ITM_Name_1029,48280725907038209,Lightning II
ITM_Desc_1029,118953930640056321,"Deal +15% damage to <#FFEB04><link=""Keyword:8"">[Electrified]</link></color> enemies"
ITM_Name_1030,48280725907038210,Lightning
ITM_Desc_1030,118953930640056322,"Deal +20% damage to <#FFEB04><link=""Keyword:8"">[Electrified]</link></color> enemies"
ITM_Name_1031,48280725907038211,Incendiary I
ITM_Desc_1031,118960669196279808,"Deal +10% damage to <#FFEB04><link=""Keyword:1"">[Burning]</link></color> enemies"
ITM_Name_1032,48280725907038212,Incendiary II
ITM_Desc_1032,118960669196279809,"Deal +15% damage to <#FFEB04><link=""Keyword:1"">[Burning]</link></color> enemies"
ITM_Name_1033,48280725907038213,Incendiary
ITM_Desc_1033,118960669196279810,"Deal +20% damage to <#FFEB04><link=""Keyword:1"">[Burning]</link></color> enemies"
ITM_Name_1034,48280725907038214,Frostbite I
ITM_Desc_1034,118960669200474112,"Deal +10% damage to <#FFEB04><link=""Keyword:3"">[Chilled]</link></color> enemies"
ITM_Name_1035,48280725907038215,Frostbite II
ITM_Desc_1035,118960669200474113,"Deal +15% damage to <#FFEB04><link=""Keyword:3"">[Chilled]</link></color> enemies"
ITM_Name_1036,48280725907038216,Frostbite
ITM_Desc_1036,118960669200474114,"Deal +20% damage to <#FFEB04><link=""Keyword:3"">[Chilled]</link></color> enemies"
ITM_Name_1037,48280725907038217,Kinetic I
ITM_Desc_1037,118960669200474115,"Deal +10% damage to <#FFEB04><link=""Keyword:7"">[Staggered]</link></color> enemies"
ITM_Name_1038,48280725907038218,Kinetic II
ITM_Desc_1038,118960669200474116,"Deal +15% damage to <#FFEB04><link=""Keyword:7"">[Staggered]</link></color> enemies"
ITM_Desc_1039,118960669200474117,"Deal +20% damage to <#FFEB04><link=""Keyword:7"">[Staggered]</link></color> enemies"
ITM_Name_1040,48280725907038220,Splatter I
ITM_Desc_1040,118960669200474118,"Deal +10% damage to <#FFEB04><link=""Keyword:2"">[Slimed]</link></color> enemies"
ITM_Name_1041,48280725907038221,Splatter II
ITM_Desc_1041,118960669200474119,"Deal +15% damage to <#FFEB04><link=""Keyword:2"">[Slimed]</link></color> enemies"
ITM_Name_1042,48280725907038222,Splatter
ITM_Desc_1042,118960669204668416,"Deal +20% damage to <#FFEB04><link=""Keyword:2"">[Slimed]</link></color> enemies"
ITM_Name_1043,49034011132026880,Covert Ops I
ITM_Name_1044,49034011132026881,Covert Ops II
ITM_Name_1045,49034011132026882,Covert Ops
ITM_Name_1064,58751588414513152,Hunter I
ITM_Desc_1064,118953930648444928,Deal +30% damage to Hunters
ITM_Name_1065,58751588414513153,Hunter II
ITM_Desc_1065,118953930648444929,Deal +40% damage to Hunters
ITM_Name_1066,58751588414513154,Hunter
ITM_Desc_1066,118953930648444930,Deal +50% damage to Hunters
ITM_Name_1067,58809432732065792,Marksman I
ITM_Name_1068,58809432732065793,Marksman II
ITM_Name_1069,58809432732065794,Marksman
ITM_Name_1073,63537517687726080,Aquatic I
ITM_Desc_1073,118953930648444931,Deal +10% damage to Aquatics
ITM_Name_1074,63537517687726081,Machine I
ITM_Desc_1074,118953930652639232,Deal +10% damage to Machines
ITM_Name_1075,63537517687726082,Mutant I
ITM_Desc_1075,118953930652639233,Deal +10% damage to Mutants
ITM_Name_1076,63537517687726083,Franken I
ITM_Desc_1076,118953930652639234,Deal +10% damage to Franken Meats
ITM_Name_1077,63537517687726084,Omnimeat I
ITM_Desc_1077,118953930652639235,Deal +10% damage to Omnimeats
ITM_Name_1078,63537517687726085,Insectoid I
ITM_Desc_1078,118953930652639236,Deal +10% damage to Insectoids
ITM_Name_1079,63537517687726086,Alien I
ITM_Desc_1079,118953930652639237,Deal +10% damage to Aliens
ITM_Name_1080,63537517687726087,Aquatic II
ITM_Desc_1080,118953930652639238,Deal +15% damage to Aquatics
ITM_Name_1081,63537517687726088,Machine II
ITM_Desc_1081,118953930652639239,Deal +15% damage to Machines
ITM_Name_1082,63537517687726089,Mutant II
ITM_Desc_1082,118953930652639240,Deal +15% damage to Mutants
ITM_Name_1083,63537517687726090,Franken II
ITM_Desc_1083,118953930656833536,Deal +15% damage to Franken Meats
ITM_Name_1084,63537517687726091,Omnimeat II
ITM_Desc_1084,118953930656833537,Deal +15% damage to Omnimeats
ITM_Name_1085,63537517687726092,Insectoid II
ITM_Desc_1085,118953930656833538,Deal +15% damage to Insectoids
ITM_Name_1086,63537517687726093,Alien II
ITM_Desc_1086,118953930656833539,Deal +15% damage to Aliens
ITM_Desc_1087,118953930656833540,Deal +20% damage to Aquatics
ITM_Desc_1088,118953930656833541,Deal +20% damage to Machines
ITM_Desc_1089,118953930656833542,Deal +20% damage to Mutants
ITM_Desc_1090,118953930656833543,Deal +20% damage to Franken Meats
ITM_Name_1091,63537517687726098,Omnimeat
ITM_Desc_1091,118953930656833544,Deal +20% damage to Omnimeats
ITM_Desc_1092,118953930661027840,Deal +20% damage to Insectoids
ITM_Desc_1093,118953930661027841,Deal +20% damage to Aliens
ITM_Name_1099,88480638204633088,Shrine of Mobility
ITM_Name_1100,88480638208827392,Shrine of Luck
ITM_Name_1101,88480638208827393,Shrine of Power
ITM_Name_1102,91482575502041088,Challenge +20%
ITM_Name_1103,91697156585414656,Shrine Of Bad Luck
ITM_Name_1104,91698194650488832,Shrine of Health
ITM_Name_1105,91742537620905984,Shrine of Bad Experience
ITM_Name_1106,91742537620905985,Shrine of Experience
ITM_Name_1107,91875735667466240,Challenge +10%
ITM_Name_1109,96107584912613376,Battery Charge
ITM_Name_1110,96127592808046592,Volt Gland
ITM_1110_HE_0,96127592808046593,On Critical Electric Damage Dealt
ITM_Name_1112,96856720469385216,Trigger Finger
ITM_1112_HE_0,96857236389748736,On Fast Reload Success
ITM_1112_HE_1,96859039739142144,On Fast Reload Failure
ITM_Name_1113,96856720469385217,Trigger Finger Buff
ITM_Name_1114,96906830591025152,Cold as Ice
ITM_Name_1115,96923830507790336,Globs!
ITM_1115_HE_0,96923830516178944,"50% Chance On Kill to <#FFEB04><link=""Keyword:2"">[Slimed]</link></color> target"
ITM_Name_1116,97130954542276608,Globulated
ITM_Name_1118,98641490081734656,Gift Gland
ITM_1118_HE_0,98641490081734657,"On Melee Damage Dealt to <#FFEB04><link=""Keyword:7"">[Staggered]</link></color> target"
ITM_Name_1120,101559114235109376,Frost Core
ITM_Name_1121,101570858789625856,Freezer Burn Flesh
ITM_1121_HE_0,101570858839957504,"On Fire Damage Dealt to <#FFEB04><link=""Keyword:3"">[Chilled]</link></color> target"
ITM_1121_HE_1,103760276568924160,"On Fire Damage Dealt to <#FFEB04><link=""Keyword:4"">[Frozen]</link></color> target"
ITM_Name_1122,101598599421353984,Goose Pimple
ITM_1122_HE_0,101598599421353985,"15% Chance On Meat Ability Damage Dealt to <#FFEB04><link=""Keyword:4"">[Frozen]</link></color> target"
ITM_1122_HE_1,101598599421353986,"15% Chance On Meat Ability Damage Dealt to <#FFEB04><link=""Keyword:3"">[Chilled]</link></color> target"
ITM_Name_1123,101598599421353987,Minty Fresh Breath
ITM_Name_1124,102071207426252800,Spark Snot
ITM_1124_HE_0,102071207426252801,"20% Chance On Weak Point Damage Dealt to <#FFEB04><link=""Keyword:8"">[Electrified]</link></color> target"
ITM_1124_HE_1,102071207426252802,"On Weak Point Kill to <#FFEB04><link=""Keyword:8"">[Electrified]</link></color> target"
ITM_Name_1126,102475594657161216,Chest Nest
ITM_1126_HE_0,102475594657161217,"On Kill to <#FFEB04><link=""Keyword:2"">[Slimed]</link></color> target"
ITM_Name_1127,102475594657161218,Smoke
ITM_1127_HE_0,102475594657161219,On Item Count Max
ITM_Name_1128,102475594657161220,Burnt Brisket Body
ITM_Name_1130,102575519558524928,Kidney Charge
ITM_Name_1131,104510089782616064,Hot Bod
ITM_Name_1132,104510089782616065,Hot Bod Mutation
ITM_Name_1133,104531369521045504,Biomass Surge Mutation
ITM_Name_1134,104531369521045505,Biomass Surge
ITM_Name_1135,104712032748560384,Rambtoe
ITM_Name_1136,104791554407784448,Osteopuncture
ITM_Name_1137,104810734590877696,Spicy Queso Touch
ITM_Name_1138,104810734590877697,Spicy Queso Touch Mutation
ITM_Name_1139,104851685115944960,Slurry Stomach
ITM_Name_1140,104851685120139264,Slurry Stomach Mutation
ITM_1140_HE_0,104851685120139265,"10% Chance On Meat Ability Damage Dealt to <#FFEB04><link=""Keyword:2"">[Slimed]</link></color> target"
ITM_Name_1141,106215386997841920,Forked Lightning
ITM_Name_1161,122300000023601152,Surf Board
ITM_Name_1187,127273379008864256,Athlete
ITM_Name_1190,127273379013058560,Bang for Your Buck
ITM_Name_1192,127273379013058561,Beef Scampi
ITM_Name_1195,127273379013058562,Big Mag
ITM_Name_1199,127273379017252864,Black Pepper Gun Powder
ITM_Name_1203,127273379017252865,Chicken Sashimi
ITM_Name_1206,127273379017252866,Chili Oil
ITM_Name_1210,127273379017252867,Clarity
ITM_Name_1213,127273379017252868,Coffee Milk
ITM_Name_1217,127273379017252869,Crow Eggs
ITM_Name_1221,127273379017252870,Drumsticks
ITM_Name_1224,127273379017252871,Electric Eel
ITM_Name_1226,127273379017252872,Elixir of Luck
ITM_Name_1230,127273379017252873,Feeding Frenzy
ITM_Name_1232,127273379021447168,Foreigner Belt
ITM_Name_1235,127273379021447169,Forward Grip
ITM_Name_1239,127273379021447170,Fruity Vitamins
ITM_Name_1242,127273379021447171,Gas Station Oysters
ITM_Name_1246,127273379021447172,Gator Skin
ITM_Name_1248,127273379021447173,Gelatin Salad
ITM_Name_1251,127273379021447174,Carb Loader
ITM_Name_1255,127273379021447175,Gravy Train
ITM_Name_1258,127273379021447176,Hot Ham Water
ITM_Name_1261,127273379021447177,Hot Saunce
ITM_Name_1265,127273379025641472,Hot Toddy
ITM_Name_1268,127273379025641473,Hot Wiener
ITM_Name_1272,127273379025641474,Ice Cold Noodles
ITM_Name_1276,127273379025641475,IcePicks
ITM_Name_1279,127273379025641476,Jagged Metal Cereal
ITM_Name_1287,127273379025641477,Meat Mana
ITM_Name_1290,127273379025641478,Meat Popsicle
ITM_Name_1293,127273379025641479,Now That's What I Call Juice
ITM_Name_1296,127273379025641480,Pork Kite
ITM_Name_1299,127273379025641481,Rat Milk
ITM_Name_1303,127273379029835776,Rum Ham
ITM_Name_1306,127273379029835777,Short Stack
ITM_Name_1308,127273379029835778,Shrapnel Spitter
ITM_Name_1312,127273379029835779,SLO-MO
ITM_Name_1314,127273379029835780,Sludge Cream Cone
ITM_Name_1317,127273379029835781,Snowcone
ITM_Name_1320,127273379029835782,Spicy Broth
ITM_Name_1324,127273379029835783,Spicy Shrimp
ITM_Name_1328,127273379029835784,Sticky Stuff
ITM_Name_1334,127273379029835785,Supermarket Sushi
ITM_Name_1338,127273379034030080,Sushi Knife
ITM_Name_1342,127273379034030081,Synthetic Spices
ITM_Name_1346,127273379034030082,Taco
ITM_Name_1349,127273379034030083,Tasty Minion Treat
ITM_Name_1352,127273379034030084,The Dip
ITM_Name_1355,127273379034030085,Vulture Bee Meat Honey
ITM_Name_1358,127273379034030086,Zesty Chicken Breast
ITM_Name_1362,127273379034030087,Zooted Gummies
ITM_Name_1366,135276356994850816,Plumber
ITM_Name_1367,145709960610701312,Heal Self
ITM_Name_1368,145709960610701313,Beefed Corn
ITM_Name_1373,146946507980922882,MindControl Damage Buff
ITM_Name_1374,148256709485256704,SkateboardLegs
ITM_Name_1376,148604628461674496,PreservedHead
ITM_Name_1377,148604628470063104,PreservedLegs
ITM_Name_1378,148604628470063105,PreservedTorso
KW_Desc_1,117104892261163008,"Deals <#FFEB04><link=""Keyword:13"">[Fire]</link></color> damage over time. Has a chance to <#FFEB04><link=""Keyword:19"">[Combust]</link></color>."
KW_Desc_2,117104892269551616,"Take more damage and gain <#FFEB04><link=""Keyword:17"">[Conditions]</link></color> faster."
KW_Desc_3,117104892269551617,Move and attack slower.
KW_Desc_4,117104892269551618,"Cannot act until the ice melts. Melee or Kinetic damage causes <#FFEB04><link=""Keyword:18"">[Shatter]</link></color>."
KW_Desc_5,117104892269551619,"When enough <#FFEB04><link=""Keyword:5"">[Kinetic]</link></color> damage accumulates on an enemy, it will become <#FFEB04><link=""Keyword:7"">[Staggered]</link></color>."
KW_Desc_7,117104892269551622,Briefly unable to act.
KW_Desc_8,117127071258370048,Periodically deals damage to nearby enemies
KW_Desc_10,117128920619278336,So much ammo you'll never need to reload!
KW_Name_11,117130058332626944,Barrier
KW_Desc_11,117130058332626945,Temporary health that expires over time.
KW_Desc_12,117130058332626946,"When enough <#FFEB04><link=""Keyword:12"">[Electric]</link></color> damage accumulates on an enemy, it will become <#FFEB04><link=""Keyword:8"">[Electrified]</link></color>."
KW_Desc_13,117130058336821248,"When enough <#FFEB04><link=""Keyword:13"">[Fire]</link></color> damage accumulates on an enemy, it will become <#FFEB04><link=""Keyword:1"">[Burning]</link></color>."
KW_Desc_14,117130058336821249,"When enough <#FFEB04><link=""Keyword:14"">[Slime]</link></color> damage accumulates on an enemy, it will become <#FFEB04><link=""Keyword:2"">[Slimed]</link></color>."
KW_Desc_15,117130058336821250,"When enough <#FFEB04><link=""Keyword:15"">[Ice]</link></color> damage accumulates on an enemy, it will become <#FFEB04><link=""Keyword:3"">[Chilled]</link></color>, and eventually <#FFEB04><link=""Keyword:4"">[Frozen]</link></color>."
KW_Name_17,117164252249186307,Conditions
KW_Desc_17,118962454677938176,"Status effects such as Burning, Slimed, Electrified, etc."
KW_Name_18,117191729474428928,Shatter
KW_Desc_18,117191729474428929,"Deal Melee or Kinetic damage to a <#FFEB04><link=""Keyword:4"">[Frozen]</link></color> enemy to <#FFEB04><link=""Keyword:18"">[Shatter]</link></color> them for bonus damage."
KW_Name_19,117191729474428930,Combust
KW_Desc_19,117191729474428931,"A <#FFEB04><link=""Keyword:1"">[Burning]</link></color> enemy has a chance to <#FFEB04><link=""Keyword:19"">[Combust]</link></color> when taking <#FFEB04><link=""Keyword:13"">[Fire]</link></color> damage, dealing bonus damage."
KW_Desc_20,117191729474428932,"A <#FFEB04><link=""Keyword:20"">[Charmed]</link></color> enemy will attack other enemy units."
LSB_0,33717200404602880,Compiling shader variants [ 2 / 4096 ]
LSB_1,33717200408797184,"Sorry, was pooping..."
LSB_2,33717200408797185,Good jorb everyone...
LSB_3,33717200408797186,Hexagons are still the bestagons...
LSB_4,33717200408797187,So blurry...
LSB_5,33717200408797188,"Boom, Baby!"
LSB_6,33717200408797189,Nice to meat you...
LSB_7,33717200408797190,"There is no 'I' in team, but there is meat..."
LSB_8,33717200408797191,You are what you meat...
LSB_9,33717200408797192,This game just makes itself...
LSB_10,33717200408797193,"Rocky, get to the havestah!"
LSB_11,33717200408797194,Meat work makes the dream work...
LSB_12,33717200408797195,"Welcome to Swapmeat, I love you..."
LSB_13,33717200408797196,To Meat Heim we ride!
LSB_14,33717200408797197,Once more unto the meats...
LSB_15,33717200408797198,The world is your gas station oysters...
LSB_16,33717200408797199,I am a meat popsicle...
LSB_17,33717200408797200,Come get some...
LSB_18,33717200408797201,You wanna swap some meat or what...
LSB_19,33717200408797202,We too have the meats...
LSB_20,33717200408797203,Swap your meat with the enemies you defeat...
LSB_21,33717200408797204,Glizzy Gulp has what mutants crave!
LSB_22,33717200408797205,Tightening up the graphics...
LSB_23,33717200408797206,See you space meat boy...
LSB_24,33717200408797207,Dopamine inbound...
LSB_25,33717200408797208,"Yippee ki yay, meaty lovers!"
LSB_26,33717200408797209,"Should we put some gameplay tips here, or nah..."
LSB_27,33717200408797210,"Everything is so clear, and I know exactly where to go!"
LSB_28,33717200408797211,It's a beautiful day to stay inside...
LSB_29,33717200408797212,Hold onto your meat cheeks...
LSB_30,33717200408797213,Here comes the content...
LSB_31,33717200408797214,"Swap meats, get powers, awesome..."
LSB_32,33717200408797215,"Your meat is very important to us, please hold..."
LSB_33,33717200408797216,"They see me loading, we waiting..."
LSB_34,33717200408797217,It's a little wild and a little strange...
LSB_35,33717200408797218,Perfect meat activated...
LSB_36,33717200408797219,Show us what you got...
LSB_37,33717200408797220,"After these messages, we'll be right back..."
LSB_38,33717200408797221,I like turtles...
LSB_39,33717200408797222,Game on...
LSB_40,33717200408797223,"Planet to planet, with aluminum might..."
LSB_41,33717200408797224,"Rangus got the meats, we got the moves..."
LSB_42,33717200408797225,Looks like meat's back on the menu...
LSB_43,33717200408797226,No steak is safe from us...
LSB_44,33717200408797227,"Oooh wee, now we're cooking..."
LSB_45,33717200408797228,Slay a while and glisten...
LSB_46,33717200408797229,We need to talk about your flair...
LSB_47,33717200408797230,"I'm a little meat sack, short and stout..."
LSB_48,33717200408797231,Be excellent to each other...
LSB_49,33717200408797232,Rangus: it's in the meat!
LSB_50,33717200408797233,"So anyway, I started blasting..."
LSB_51,33717200408797234,My rat milk brings all the rats to the yard...
LSB_52,33717200408797235,Word to your mothership...
LSB_53,33717200408797236,Party on my dudes...
LSB_54,33717200408797237,Coming in hot...
LSB_55,33717200408797238,Paging Dr. Giggle Plums for a UX emergency...
LSB_56,33717200408797239,The meat store called and they're all out of YOU!
LSB_57,33717200408797240,IT'S TURBO TIME!!!
LSB_58,33717200408797241,We're all trying to find the guy who is writing these...
LSB_59,33717200408797242,¡Yo quiero Rangus Meats!
LSB_60,33717200408797243,They tryna catch me typing QWERTY!
LSB_61,33717200408797244,Loading OmgQuoteFile.txt...
LSB_62,33717200408797245,"So long, and thanks for all the fish rifts..."
LSB_63,33717200408797246,"Never give up, never surrender..."
LSB_64,33717200408797247,Never tell me the odds...
LSB_65,33791349307203584,Fun will now commence...
LSB_66,44278023992631296,The legend continues...
LSB_67,49081405366329344,Rangus Meats is not responsible for the misuse of its products...
LSB_68,49081405366329345,Rangus Meats. We saved the galaxy. You're welcome...
LSB_69,65696160330125312,Rangus Meats. We know what you're eating. So you don't have to.
MEH_Name_14,346366151745722,Empty Meat Head
MEH_Desc_14,44292824242688000,"Did you forget something? Next time, attach it properly."
MEH_Name_48,346366151745724,Grill Ghost Head
MEH_Desc_48,44292824276242432,Who wants a treat?
MEH_Name_49,346366151745726,Peeperoni Head
MEH_Desc_49,44292824276242433,"Jeepers, creepers! Where'd you get those ... never mind."
MEH_Name_50,346366151745728,Miner Head
MEH_Desc_50,44292824276242434,Everyone loves the gifts you leave behind.
MEH_Name_51,346366151745730,Grenadier Head
MEH_Desc_51,44292824276242435,YOU'RE MAKING GRAVY WITHOUT THE LUMPS!
MEH_Name_53,19687531120418816,Gobble Gazer Head
MEH_Desc_53,44292824276242436,This can't be sanitary.
MEH_Name_54,346366151745734,Squat Daddy Head
MEH_Desc_54,44292824276242437,Who's your daddy?
MEH_Name_55,346366151745736,Ninja Head
MEH_Desc_55,44292824276242438,"Shuriken, shuriken, shuriken, whee!"
MEH_Name_56,346366151745738,Octopus Head
MEH_Desc_56,44292824276242439,"Your face has arms. In another game, that'd seem weird."
MEH_Name_57,346366151745740,Pilot Head
MEH_Desc_57,44292824276242440,Includes a Hover Turret at no extra charge.
MEH_Name_58,346366151745742,Rocket Head
MEH_Desc_58,44292824276242441,Your head is the rocket? How does that even work?
MEH_Name_59,346366151745744,Broadside Head
MEH_Desc_59,44292824276242442,"Arr, behold the face that sank a thousand ships!"
MEH_Name_60,346366151745746,Rangus Employee Head
MEH_Desc_60,43539132193894400,Standard-issue Smart Meat head for all employees.
MEH_Name_61,19687531128807424,Bugzapper Head
MEH_Desc_61,44292824276242443,The world is your spittoon. Enjoy.
MEH_Name_62,346366151745750,Eyeclops Head
MEH_Desc_62,44292824276242444,You'd expect the eye to be up here. But no.
MEH_Name_63,346366151745752,Rangus Manager Head
MEH_Desc_63,44292824276242445,Ground Control to Major Meat...
MEH_Name_64,346366151745754,Franken Stalk Head
MEH_Desc_64,44292824276242446,"Even for us, this is pretty gross."
MEH_Name_65,15651248710606848,Blockhead Head
MEH_Desc_65,44292824276242447,"How many heads could a Blockhead knock, if a Blockhead could knock heads?"
MEH_Name_66,346366151745758,Turret Head
MEH_Desc_66,44292824276242448,"Yes, it's all meat. Any other questions?"
MEH_Name_67,346366151745760,Alien Head
MEH_Desc_67,44292824276242449,"To understand the alien, we must think like the alien."
MEH_Name_68,346366151745762,Looger Head
MEH_Desc_68,44292824276242450,Lob a glob at a mob.
MEH_Name_69,346366151745764,Dirtbag Head
MEH_Desc_69,44292824276242451,"A face only a mother could ... nope, not even her."
MEH_Name_70,346366151745766,Highbeam Head
MEH_Desc_70,44292824276242452,Unleash destruction.
MEH_Name_71,346366151745768,Folding Chair Head
MEH_Desc_71,44292824276242453,Throw it! Throw it already!
MEH_Name_72,31000223307259904,Quack Ops Head
MEH_Desc_72,43507558438072320,Personally awarded by Carl Rangus to those who were first into the fray.
MEH_Name_73,33737058423312384,Bulging Brain Head
MEH_Desc_73,43507558467432448,"Increased cranial injuries are, as yet, unproven."
MEH_Name_74,34043328225251328,Connor O'Malley Mask Head
MEH_Desc_74,43507558467432449,Connor O'Malley signed away his likeness for a lifetime supply of Rangus. He did not read the contract.
MEH_Name_75,41673761746227200,Rangus Pilot Head
MEH_Desc_75,44292824276242454,So who's the little guy inside? Best not to ask questions.
MEH_Name_76,108761156707934208,Carl Rangus Head
MEH_Desc_76,108761156712128512,"Throw me into my Mech, Squishy!"
MEH_Name_77,117162002315468800,Charge Beam Head
MEH_Name_79,127668194691244032,Future Employee Head
MEH_Desc_79,127668194695438336,This head travelled from the future to be here.
MEH_Name_80,128037346941591552,Rangus Researcher Head
MEH_Desc_80,128037346949980160,Voted number one most desirable meat
MEH_Name_81,135227515985715200,Astro Head
MEH_Desc_81,135227515985715201,"Astro what, naut? Nomical?"
MEH_Name_82,135227515985715202,Box Head
MEH_Desc_82,135227515985715203,This head is covered by an empty meat box.
MEH_Name_83,135227515985715204,Meat Burglar Head
MEH_Desc_83,135227515985715205,Not associated with the commission of a series of meat related thefts
MEH_Name_84,142041378093785088,Rangus Medic Head
MEH_Desc_84,142041378102173696,Worn by generations of Meat Healers
MEH_Name_85,148292145570111488,Rangus Wrestler Head
MEL_Name_25,346366155939840,Empty Meat Legs
MEL_Desc_25,346366155939841,Somebody skipped leg day.
MEL_Desc_35,44292824276242455,Full speed ahead.
MEL_Name_36,346366155939844,Grill Ghost Legs
MEL_Desc_36,44292824276242456,"Float like a butterfly, slaughter like a furious killer bee."
MEL_Name_37,346366155939846,Wheelie Legs
MEL_Desc_37,44292824276242457,"Burn rubber, crush the weak."
MEL_Name_38,346366155939848,Squat Daddy Legs
MEL_Desc_38,44292824276242458,Leap small buildings in a double bound.
MEL_Desc_39,44292824276242459,Walk across air like something's there.
MEL_Name_40,346366155939852,Octopus Legs
MEL_Desc_40,44292824276242460,"Appropriate for land or sea, casual or formal."
MEL_Name_41,346366155939854,Broadside Legs
MEL_Desc_41,44292824276242461,"Arr, who's admirin' me mighty thighs?"
MEL_Name_42,346366155939856,Rangus Employee Legs
MEL_Desc_42,44292824276242462,Worn by generations before you. Possibly literally.
MEL_Name_43,19687531128807427,Creeper Legs
MEL_Desc_43,44292824276242463,"I'm saying you're creepy, not a creep. There's a tiny difference."
MEL_Name_44,19687531128807428,Eyeclops Legs
MEL_Desc_44,44292824276242464,No eyes down here. Probably for the best.
MEL_Name_45,346366155939862,Rangus Researcher Legs
MEL_Desc_45,44292824276242465,"Battle-tested, Carl-approved."
MEL_Name_46,346366155939864,Highbeam Legs
MEL_Desc_46,44292824276242466,How's the weather up there?
MEL_Name_47,346366155939866,Dirtbag Legs
MEL_Desc_47,44292824276242467,Who's a cute little digger? You are!
MEL_Name_48,346366155939868,Wrangler Legs
MEL_Desc_48,44292824276242468,Why are you still walking around like a sucker?
MEL_Name_49,19687531128807429,Tangus Racer Legs
MEL_Desc_49,44292824276242469,"Yes, it's meat. It's all meat. We've been over this."
MEL_Name_50,102563114636009472,Tommy Tank Legs
MEL_Name_52,142041378110562304,Rangus Medic Legs
MEL_Name_53,145851750017916928,Hunter Legs
MEL_Name_55,148256709527199744,Skateboard Legs
MEL_Desc_55,148256709527199745,"""You did not quit skateboarding because you got old. You got old because you quit skateboarding."" - Jay Adams"
MET_Name_15,346366155939872,Empty Meat Torso
MET_Desc_15,346366155939873,"No body, no problem."
MET_Name_153,346366155939874,Grill Ghost Torso
MET_Desc_153,44292824276242470,"Ooooh, spooky!"
MET_Name_154,346366155939876,Grenadier Torso
MET_Desc_154,44292824276242471,You're the thing that makes you go boom.
MET_Name_157,346366155939878,Wheelie Torso
MET_Desc_157,44292824276242472,Includes free Gumbo! (Offer not valid on some planets.)
MET_Name_158,346366155939880,Squat Daddy Torso
MET_Desc_158,44292824276242473,"Spin 'em, daddy-o!"
MET_Name_162,346366155939882,Ninja Torso
MET_Desc_162,44292824276242474,Where do the swords come from? Who knows?
MET_Desc_164,44292824276242475,Who has rockets? You've got rockets!
MET_Name_166,346366155939886,Broadside Torso
MET_Desc_166,44292824276242476,"Arr, check out me bulging biceps!"
MET_Name_167,346366155939888,Rangus Employee Torso
MET_Desc_167,43539132223254528,Worn by generations of Meat Scientists.
MET_Name_178,19687531133001729,Bugzapper Torso
MET_Desc_178,44292824276242477,Zip and zap!
MET_Name_183,346366155939892,Eyeclops Torso
MET_Desc_183,44292824276242478,"Some games only put eyes in heads, but not us!"
MET_Name_187,346366155939894,Boxface Torso
MET_Desc_187,44292824276242479,"Drop adorable walking bombs. Clickety, clackety, BOOM!"
MET_Name_189,346366155939896,Rangus Researcher Torso
MET_Desc_189,44292824276242480,Classic.
MET_Name_190,346366155939898,Tower Torso
MET_Desc_190,346366155939899,Take the high ground.
MET_Name_191,346366155939900,Highbeam Torso
MET_Desc_191,44292824276242481,Drain your enemies dry.
MET_Name_192,346366155939902,Duckstone Torso
MET_Desc_192,346366155939903,"If you could see this with a head, it's totally a duck."
MET_Name_193,19687531133001730,Zorpjet Torso
MET_Desc_193,44292824276242482,Alien donut delivery service!
MET_Name_194,31000223311454208,Quack Ops Bobber Torso
MET_Desc_194,43507558467432450,That little duck has seen stuff that’d wreck you.
MET_Name_195,33737058440089600,Shronk Bobber Torso
MET_Desc_195,43507558467432451,A nostalgic reminder of the original “Jolly Feast” option on the Rangus Kids' Menu.
MET_Name_196,34043328225251329,Carl’s Golden Bobber Torso
MET_Desc_196,43507558467432452,The classic look is still the best.
MET_Name_197,41758238770106368,Rangus Pilot Torso
MET_Desc_197,44292824276242483,Worn by the best of the mediocre.
MET_Name_198,142041378114756608,Rangus Medic Torso
MET_Name_199,142612880308559872,Grease Monkey Torso
MET_Desc_199,142612880308559873,Throw wrenches to repair friendly structures.
MUT_Desc_2,127239120634241024,Increases your minion capacity and gives kills a chance to summon Wasp minions.
MUT_Desc_3,127239120638435328,"More durable meat. Hitting <#FFEB04><link=""Keyword:7"">[Staggered]</link></color> enemies spreads Melee Vulnerability to nearby enemies."
MUT_Desc_7,127239120638435329,Kills have a chance to spawn an Electric Orb that damages nearby enemies.
MUT_Desc_8,127239120638435330,Dramatically boosts all damage but attack speed is reduced by 25%.
MUT_Desc_13,127239120638435331,"Hitting <#FFEB04><link=""Keyword:1"">[Burning]</link></color> enemies has a chance to stack up a temporary damage bonus."
MUT_Desc_14,127239120642629632,"Hitting <#FFEB04><link=""Keyword:2"">[Slimed]</link></color> enemies spreads Elemental Vulnerability to nearby enemies."
MUT_Desc_15,127239120642629633,"Massively increases <#FFEB04><link=""Keyword:18"">[Shatter]</link></color> damage and builds <#FFEB04><link=""Keyword:15"">[Ice]</link></color> Accumulation faster."
MUT_Desc_16,127240818282979328,"<#FFEB04><link=""Keyword:12"">[Electric]</link></color> damage against <#FFEB04><link=""Keyword:8"">[Electrified]</link></color> enemies chains to nearby targets."
MUT_Desc_21,127239120642629634,"Increases both the chance to <#FFEB04><link=""Keyword:19"">[Combust]</link></color> and the damage it deals."
MUT_Desc_22,127239120642629635,"Greatly increases <#FFEB04><link=""Keyword:1"">[Burning]</link></color> damage. Hitting <#FFEB04><link=""Keyword:1"">[Burning]</link></color> enemies has a chance to spread it to nearby targets."
MUT_Desc_23,127239120642629636,"<#FFEB04><link=""Keyword:8"">[Electrified]</link></color> deals more damage more often. Hitting <#FFEB04><link=""Keyword:8"">[Electrified]</link></color> enemies can apply <#FFEB04><link=""Keyword:7"">[Staggered]</link></color>."
MUT_Desc_24,127240818287173632,"<#FFEB04><link=""Keyword:2"">[Slimed]</link></color> enemies take more damage. Kills spread their <#FFEB04><link=""Keyword:17"">[Conditions]</link></color> to nearby enemies."
MUT_Desc_25,127239120642629637,"Your meat parts rupture 25% faster but losing a meat part grants <#FFEB04><link=""Keyword:11"">[Barrier]</link></color>."
MUT_Desc_26,127239120642629638,"Hitting <#FFEB04><link=""Keyword:7"">[Staggered]</link></color> enemies can chain damage and spread <#FFEB04><link=""Keyword:7"">[Staggered]</link></color> to nearby enemies."
MUT_Desc_27,127239120642629639,"Greatly increases the slow from <#FFEB04><link=""Keyword:3"">[Chilled]</link></color>. Killing <#FFEB04><link=""Keyword:3"">[Chilled]</link></color> or <#FFEB04><link=""Keyword:4"">[Frozen]</link></color> enemies can spawn Ice Orbs that damage nearby enemies."
MUT_Desc_28,127240818287173633,"<#FFEB04><link=""Keyword:12"">[Electric]</link></color> critical hits charge up your next ability, stacking up to double damage."
MUT_Desc_29,127239120642629640,Successful fast reloads build up attack and reload speed. Failing a fast reload resets all stacks.
MUT_Desc_30,127240818287173634,"<#FFEB04><link=""Keyword:3"">[Chilled]</link></color> enemies can be <#FFEB04><link=""Keyword:4"">[Frozen]</link></color>."
MUT_Desc_31,127239120642629641,"Killing <#FFEB04><link=""Keyword:2"">[Slimed]</link></color> enemies can drop a Glob that grants a temporary buff."
MUT_Desc_32,127239120646823936,"Melee hits on <#FFEB04><link=""Keyword:7"">[Staggered]</link></color> enemies plant a bomb that explodes after 3s."
MUT_Desc_33,127239120646823937,"Hitting <#FFEB04><link=""Keyword:1"">[Burning]</link></color> enemies has a chance to increase your critical hit chance."
MUT_Desc_34,127239120646823938,"Critical hits have a chance to spread <#FFEB04><link=""Keyword:2"">[Slimed]</link></color> to nearby enemies."
MUT_Desc_35,127239120646823939,"Each meat swap increases <#FFEB04><link=""Keyword:15"">[Ice]</link></color> Damage, <#FFEB04><link=""Keyword:15"">[Ice]</link></color> Accumulation, and <#FFEB04><link=""Keyword:18"">[Shatter]</link></color> Damage."
MUT_Desc_36,127239120646823940,"Swapping meat deals <#FFEB04><link=""Keyword:13"">[Fire]</link></color> damage to nearby enemies."
MUT_Desc_37,127239120646823941,Weak point hits have a chance to chain damage to nearby enemies.
MUT_Desc_38,127239120646823942,"Successful fast reloads have a chance to grant <#FFEB04><link=""Keyword:11"">[Barrier]</link></color>"
MUT_Desc_39,127239120646823943,"Melee hits on <#FFEB04><link=""Keyword:4"">[Frozen]</link></color> enemies build Yeti stacks, boosting <#FFEB04><link=""Keyword:15"">[Ice]</link></color> Accumulation and <#FFEB04><link=""Keyword:18"">[Shatter]</link></color> Damage."
MUT_Desc_40,127239120646823944,"Kills have a chance to spawn a <#FFEB04><link=""Keyword:5"">[Kinetic]</link></color> Orb that damages nearby enemies."
MUT_Desc_41,127239120646823945,"Each meat swap builds a stacking bonus to <#FFEB04><link=""Keyword:5"">[Kinetic]</link></color> Accumulation and <#FFEB04><link=""Keyword:5"">[Kinetic]</link></color> Damage for 60s."
MUT_Desc_42,127239120646823946,"Hitting <#FFEB04><link=""Keyword:3"">[Chilled]</link></color> or <#FFEB04><link=""Keyword:4"">[Frozen]</link></color> enemies with abilities increases ability recharge speed for 30s."
MUT_Desc_43,127239120646823947,Critical hits have a chance to trigger a burst of area damage.
MUT_Desc_44,127239120651018240,"Taking <#FFEB04><link=""Keyword:11"">[Barrier]</link></color> damage triggers a burst of <#FFEB04><link=""Keyword:15"">[Ice]</link></color> damage around you."
MUT_Desc_45,127240818295562240,"Deal increased <#FFEB04><link=""Keyword:13"">[Fire]</link></color> damage against <#FFEB04><link=""Keyword:3"">[Chilled]</link></color> or <#FFEB04><link=""Keyword:4"">[Frozen]</link></color> enemies."
MUT_Desc_46,127239120651018241,"Meat abilities hitting <#FFEB04><link=""Keyword:4"">[Frozen]</link></color> or <#FFEB04><link=""Keyword:3"">[Chilled]</link></color> enemies have a chance to grant <#FFEB04><link=""Keyword:11"">[Barrier]</link></color>."
MUT_Desc_47,127239120651018242,"Shattering enemies with melee will chain damage to nearby <#FFEB04><link=""Keyword:3"">[Chilled]</link></color> or <#FFEB04><link=""Keyword:4"">[Frozen]</link></color> targets."
MUT_Desc_48,127239120651018243,"Hitting the weak point of <#FFEB04><link=""Keyword:8"">[Electrified]</link></color> enemies has a chance to call down a lightning bolt."
MUT_Desc_50,127239120651018244,"Killing <#FFEB04><link=""Keyword:2"">[Slimed]</link></color> enemies spawns a swarm of small bees."
MUT_Desc_51,127239120651018245,"Kills grant increased Move Speed. At 10 stacks, deal 50% more damage for 5 seconds."
MUT_Desc_52,127239120651018246,Grants one additional charge for all abilities.
MUT_Desc_53,127239120651018247,Swapping meat boosts your critical hit chance.
MUT_Desc_54,127239120651018248,Swapping meat briefly supercharges your meat abilities.
MUT_Desc_55,127239120651018249,Doubles melee damage and melee kills have a chance to drop Meat.
MUT_Desc_56,127239120651018250,"Doubles Projectile speed and increases damage from direct hits, but explosions are 40% smaller."
MUT_Desc_57,127239120651018251,"Kills grant a stacking damage buff for 10s, up to +30%"
MUT_Desc_58,127239120651018252,"Meat abilities hitting <#FFEB04><link=""Keyword:2"">[Slimed]</link></color> enemies have a chance to instantly refresh all abilities."
MUT_Desc_59,127239120655212544,Your chain effects jump to more enemies.
PT_Name_1,122209350771007488,Wellness Program
PT_Flavor_1_1,122888703272017920,Sometimes you just need one more chance.
PT_Flavor_1_2,122888703284600832,"If at first you don't succeed, better luck next time!"
PT_Flavor_1_3,122888703284600833,"If at first you don't succeed, better duck next time!"
PT_Flavor_1_4,122888703284600834,"If at first you don't succeed, dust yourself off and try again!"
PT_Flavor_1_5,122888703284600835,Sometimes you actually need two more chances.
PT_Name_2,122209350779396096,Company BBQ
PT_Flavor_2_1,122222527525150720,Gotta practice those spatula skills somehow!
PT_Flavor_2_2,122222527525150721,These burgers ain't gonna flip themselves.
PT_Flavor_2_3,122222527525150722,"Too hot to handle, too tasty to ignore"
PT_Flavor_2_4,122222527525150723,Powered by charcoal and confidence.
PT_Name_3,122209350779396097,Hybrid Model
PT_Flavor_3_1,122888703284600836,Don't be scared of the big guy just 'cause he's eaten a couple of planets.
PT_Flavor_3_2,122888703284600837,Them Frankens got a special kinda flavor that keeps 'em tough.
PT_Flavor_3_3,122888703284600838,The best recipes really marinate in that Franken flavor.
PT_Flavor_3_4,122222527525150724,Too much BBQ? That's rib-iculous.
PT_Name_4,122209350779396098,Pet-Friendly Office
PT_Flavor_4_1,122222527525150725,Hypo-allergenic pets only. See HR for a list of acceptable pets.
PT_Flavor_4_2,122222527525150726,Please make sure to clean up after your pet.
PT_Flavor_4_3,122222527525150727,Ensure all vaccinations are up to date.
PT_Flavor_4_4,122222527525150728,Rabies shots available in the first aid kit.
PT_Name_5,122209350779396099,Professional Development Package
PT_Flavor_5_1,122222527525150729,Technical skills assessment.
PT_Flavor_5_2,122222527529345024,Leading workshops to enhance your skills.
PT_Flavor_5_3,122222527529345025,Peer coaching and practice sessions available on Thursdays.
PT_Flavor_5_4,122222527529345026,Meat by the printer for workplace gossip.
PT_Name_6,122209350779396100,Health Insurance
PT_Flavor_6_1,122888703288795136,Rangus offers the best policies for their employees.
PT_Flavor_6_2,122888703288795137,Part of the gold-tier employee compensation package.
PT_Flavor_6_3,122888703288795138,Part of the platinum-tier employee compensation package.
PT_Flavor_6_4,122888703288795139,Part of the diamond-tier employee compensation package.
PM_Name_1,381307296145408,Armored Baddies
PM_Desc_1,381307304534016,Enemies are Armored
PM_Name_2,381307304534017,Common Cold
PM_Desc_2,381307304534018,Maximum Health reduced by 30%
PM_Name_3,381307304534019,Quick Baddies
PM_Desc_3,381307304534020,Enemies Movement Speed increased by 30%
PM_Name_4,381307304534021,Techno Virus
PM_Desc_4,381307304534022,Enemies explode on death
PLN_Name_1,346366160134182,DBG_FlatMap
PLN_Name_2,346366160134183,Franken Freak Out
PLN_Name_5,346366160134184,Mount Dangus
PLN_Name_11,346366160134186,Peterium
PLN_Name_13,346366160134187,DBG_Rocksboro
PLN_Name_16,346366160134188,ROX-1
PLN_Name_17,346366160134189,Calypso
PLN_Name_18,346366160134190,Brisketon
PLN_Name_20,346366160134191,Big Ol' Tangus
PLN_Name_21,346366160134192,DBG_EventTest
PLN_Name_22,346366160134193,Li'l Tangus
PLN_Name_23,346366160134194,Monday Night Midterms
PLN_Name_25,63252864435216384,Omni Portal
PLN_Name_26,78722713496051712,Sub Zeroni
PLN_Name_27,88549004969762816,Lava Del Rey
PLN_Name_28,92514418636611584,RangusRoom01
PLN_Name_29,93545291569946624,RangusRoom02
PLN_Name_30,94424828545589248,Smores
PLN_Name_31,105178928291766272,Esfera De Carne
PLN_Name_32,131622117248589824,Employee Orientation
PF_Name_20,346366160134208,InitiatedFrankNBeansEvent
PF_Name_23,346366160134211,Chainsaw Operating License
PF_Name_24,346366160134212,Rift Fishing License
PF_Name_25,346366160134213,Mineral Gathering License
PF_Name_31,346366160134219,InitiatedMutantBossEvent
PF_Name_45,18853199392792576,Life Coach Dan
PF_Name_62,53001828437057536,Ascension Ranks
PF_Name_63,53001828437057537,Blazing Difficulty
PF_Name_64,53001828437057538,Nightmare Difficulty
PF_Name_65,53001828437057539,Hot Difficulty
PF_Name_68,107302781818232832,Item Unlock Gator Skin
PF_Name_69,107302781826621440,Item Unlock Corn On The Cod
PF_Name_70,107302781826621441,Item Unlock Feeding Frenzy
PF_Name_71,107318253833936896,Mutation Unlock Battery Storage
PF_Name_72,107318253833936897,Mutation Unlock Frost Armor
PF_Name_73,107318253833936898,Mutation Unlock Hot Bod
PF_Name_74,107318253833936899,Mutation Unlock Red Hot
PF_Name_75,107318253833936900,Mutation Unlock Sloppy Joe
PF_Name_76,107373590712672256,Mystery Meat Unlock Nuke Dukem
PF_Name_77,107373590712672257,Mystery Meat Unlock Mech Carl
PF_Name_78,124391986440429568,Mutation Unlock Gift Gland
PF_Name_79,124391986444623872,Mutation Unlock Hive Burst
PF_Name_80,125400502454181888,Mystery Meat Unlock Glizzy Gulp
PF_Name_81,127715283328557056,SeenHunterCinematic
PF_Name_82,127715283341139968,LostWithHuntersSpawned
RF_Name_1,63521298457751552,Dr. Brad Sideman
RF_Subtitle_1,63521298478723072,Rangus AquaMeat Scientist
RF_DetailText_1,63521298478723073,"Doctor Brad Sideman is the lead researcher on <i>Project Leviathan</i>, which focuses on maximizing the efficiency of aquatic protein sources for <b>Rangus Meats</b>. Sideman's team showed great promise, developing strains of algae that spurred hypertrophy in organisms consuming it. Unexpected mutations were noted as ""controllable outliers."" <br><br>Sadly, the project was shuttered due to budget reallocations. All supply drops to the planet were canceled. No record of team extraction exists on file, but Dr. Sideman continued to post in his log until this final entry:<br><br><i>The hunger brings clarity. I understand now. I am the captain ... I am the white whale ... I am the harpoon. I am guardian and predator. I am the ocean itself, eternal and alone.</i>"
RF_Subtitle_2,63780286752985088,The Ship
RF_DetailText_2,63782640302788608,"The first in a long line of Rangus Orbital eXplorer vessels, designed for interstellar travel and <b>meat core</b> extraction and equipped with state-of-the-art personality-sim technology. Retired from active duty after 42 years in service.<br><br>Reawakened by <b>Carl Rangus</b> to serve as the primary platform for ongoing <b>SmartMeat</b> experimentation."
RF_Name_3,63780286773956608,Rangus Meats
RF_Subtitle_3,63780286773956609,Beloved Employer
RF_DetailText_3,63868852401180672,"Founded long ago by innovator-entrepreneur <b>Carl Rangus</b>, this restaurant chain quickly grew to become a galactic superpower responsible for feeding hungry trillions across hundreds of worlds.<br><br><i>Rangus Meats. The Future of Food ... Today.</i>"
RF_Name_4,63780286773956610,MegaNuker
RF_Subtitle_4,63780286773956611,Meat Science Device
RF_DetailText_4,63868852401180673,"This innovative culinary device uses massive doses of short-wavelength radiation to quickly cook large quantities of meat.<br><br>It was the brainchild of <b>Carl Rangus</b> and installed on <b>Brisketon</b>, though budget shortfalls necessitated the omission of the radiation shielding called for in his original plans."
RF_Subtitle_5,63780286773956613,Mobile Factory
RF_DetailText_5,63782640332148736,"CAL-P50 is part of a line of long-distance robot factories built by <b>Rangus Meats</b> and sent throughout the galaxy to extend its franchise reach.<br><br>The Cognitive Automated Logistics vessels employ <b>Meat Science</b> organs in conjunction with personality sims to maximize versatility and efficiency.<br><br>Over time, flaws in this design were discovered, limiting the vessel's functional lifespan. Most CAL ships have long since been retired. <br><br>Rumor has it that this one has a romantic history with Carl."
RF_Subtitle_6,63780286773956614,Meat Science Monstrosity
RF_DetailText_6,63868852401180674,"Unfortunately, not all <b>Meat Science</b> experiments resulted in giant leaps forward for civilization.<br><br>What began as a small-scale project to enhance porcine subjects with XXXtreme Flavor (TM) quickly spiraled out of control. Instead of creating a perfect food, the technicians from <b>Rangus Meats</b> created a perfect eating machine.<br><br>This mindless creature, dubbed Franken Beans by one of the scientists shortly before he was consumed along with his team, now travels through the galaxy in an endless quest to sate its hunger."
RF_Subtitle_7,63868852401180675,Fight Trainer (Retired)
RF_DetailText_7,63868852401180676,"This grizzled trainer is widely renowned for producing championship fighters across dozens of worlds.<br><br>After his corporate sponsorship from <b>Rangus Meats</b> lapsed, Coach Dan retreated from public life to the pastoral region of <b>Mount Dangus</b>."
RF_Subtitle_8,63831077983457280,The Quaff that Quenches
RF_DetailText_8,63868852401180677,"As <b>Rangus Meats</b> took over the food-production segment of galactic commerce, top executive <b>Dorothy Duncan</b> realized that they needed a companion beverage to serve alongside their brightly-wrapped sandwiches and fried snacks. Thus was born Glizzy Gulp.<br><br>Equal parts hyper-sweetened beverage and ultra-energy drink, this delicious creation falls just under the government-regulated threshold for a controlled substance.<br><br>Its recipe is a highly guarded secret, and unauthorized attempts to recreate it frequently result in spontaneous combustion. <br><br><i>Glizzy Gulp. For every part of your day.</i>"
RF_Name_9,63780286773956615,Rangus Prime
RF_Subtitle_9,63868852401180678,Corporate Homeworld
RF_DetailText_9,63868852401180679,The home planet of <b>Carl Rangus</b> became the first galactic headquarters of <b>Rangus Meats</b>.<br><br>The corporate offices were relocated following an industrial accident some years ago.
RF_Name_10,63780286773956616,Omni Meat Portal
RF_Subtitle_10,63868852401180680,Dimensional Rift
RF_DetailText_10,63868852401180681,"This rift, located on <b>Esfera De Carne</b>, was once a small and highly controlled method of extracting the protein-rich <b>Omni Meat</b> from its native dimension.<br><br>The recklessness of Rangus Meats and its founder, <b>Carl Rangus</b>, led to its over-expansion and the catastrophe known as the <b>Omni Meat Incident</b>."
RF_Name_11,63780286773956617,Omni Meat Incident
RF_Subtitle_11,63868852401180682,What Went Wrong
RF_DetailText_11,63868852401180683,"As the galaxy's population grew, the demand for <b>Omni Meat</b> skyrocketed. At first, <b>Carl Rangus</b> tightly controlled the use of the <b>Omni Meat Portal</b>, but stronger voices among corporate leadership at <b>Rangus Meats</b> convinced him to widen the portal.<br><br>This did not proceed as planned.<br><br>Omni Meat exploded from the portal at an uncontrollable rate. It spread unchecked across <b>Rangus Prime</b> and throughout <b>Omnikron</b>, infecting and transmuting worlds and their populations. Before long the entire galaxy had become tainted by <b>Omni Meat</b>."
RF_Name_12,63780286773956618,Dottie Duncan
RF_Subtitle_12,63831077983457281,Rest in Peace
RF_DetailText_12,63831077983457282,"Dorothy ""Dottie"" Duncan began her career as the silent partner to <b>Carl Rangus</b> in the founding of <b>Rangus Meats</b>.<br><br>As the company grew, she took on a larger and larger role focused on finance and marketing, allowing Carl to continue developing new breakthroughs in <b>Meat Science</b>.<br><br>Dottie was lost during the tragic <b>Omni Portal Incident</b>. Carl still holds out a sliver of hope that he'll find her one day."
RF_Name_14,63780286773956620,Plumtor's Folly
RF_Subtitle_14,132265219202211840,Planetary System
RF_DetailText_14,63831077983457285,"This heavily populated system is home to over 23 billion customers, most of them living on the primary world, <b>Big Ol' Tangus</b>."
RF_Name_15,63780286773956621,Sausage Spiral
RF_DetailText_15,63831077983457286,"This sparsely populated planetary system was once heavily used by <b>Rangus Meats</b> for testing and research.<br><br>Thanks to increased efficiency, most facilities here are no longer in active operation."
RF_Subtitle_16,63780286773956622,Beloved Founder
RF_DetailText_16,63831077983457287,"The founder of <b>Rangus Meats</b>, a restaurant chain that grew into a galactic superpower, began as a humble inventor looking to reinvent the business model of making and serving food.<br><br>His innovative <b>Meat Science</b> breakthroughs disrupted the paradigm and ushered in a bright new age of happy customers and full bellies. He is beloved by the galaxy. "
RF_Subtitle_17,63782640332148737,Planet
RF_DetailText_17,63831077983457288,"The former site of <i>Project Leviathan</i>, a <b>Rangus Meats</b> endeavor focusing on enhanced aquaculture harvests.<br><br>Extended exposure to <b>Meat Science</b> experimentation has permanently altered the flora and fauna of this world in unpredictable ways."
RF_DetailText_18,63831077983457289,"Designated by <b>Rangus Meats</b> as a Carl Rangus Center for Culinary Discovery, this location was responsible for countless Meat Science innovations under the guidance of company founder <b>Carl Rangus</b>. <br><br>After his departure from the company, the site was quietly closed and eliminated from the budget. No funding was allocated for staff reassignment."
RF_DetailText_19,63831077983457290,"The primary world of Plumtor's Folly is heavily populated by a largely urban population of humanoids. Generations of exposure to the substance known as Glizzy Gulp (a registered trademark of Rangus Meats) have permanently altered the population's DNA in strange, unexplainable ways. <br><br> Big Ol' Tangus selects its rulers through a system of ritualized combat that also serves as the primary form of entertainment. This ensures that only the strongest celebrities rise to positions of authority over the people."
RF_Subtitle_20,63782640332148738,Former Paradise
RF_DetailText_20,63831077983457291,"Once an idyllic escape from the crumbling urban centers of <b>Big Ol' Tangus</b>, this region was largely abandoned after becoming overrun by Mutants and Franken creatures.<br><br>The area's most notable inhabitant is a retired fight trainer named <b>Coach Dan</b>."
RF_Subtitle_21,63782640332148739,Factory Moon
RF_DetailText_21,63831077983457292,"As the galaxy's thirst for <b>Glizzy Gulp</b> grew wildly, one forward-thinking executive at <b>Rangus Meats</b> engineered the purchase of this moon for a new factory site.<br><br>Over time, Li'l Tangus grew into the galactic manufacturing hub for Glizzy Gulp, supplying billions of gallons a day to an audience that craves more and more each year."
RF_Name_23,63782640332148742,Pounding Fathers
RF_Subtitle_23,63831077983457293,Planetary Rulers
RF_DetailText_23,63868852401180685,"This triumvirate of championship-level fighters rules <b>Plumtor's Folly</b> thanks to their string of victories at Monday Night Midterms, the ritual combat used to select leaders.<br><br>Pork Barrel Pete wields bureaucracy to defend himself while summoning Junior Senators to overwhelm his opponents.<br><br>Hair Force One flies overhead, devastating his opponent with bombs and clever quips.<br><br>Judge Crawdaddy rules the ring with his barrage of justice-aimed hammers."
RF_Name_24,63782640332148743,Tutorius
RF_DetailText_24,63831077983457294,"Located far from the galactic core, this world once served as a <b>Rangus Meats</b> long-term storage facility, holding items and materials with no immediate value.<br><br>Today, <b>Carl Rangus</b> uses the planet as a testing ground for his latest generation of <b>Meat Scientists</b>."
RF_Name_25,63831077983457295,Meat Science
RF_Subtitle_25,63831077983457296,Carl's Legacy
RF_DetailText_25,63831077983457297,"This branch of industrialized bioengineering was pioneered by inventor-disruptor <b>Carl Rangus</b>.<br><br>He used it to feed a hungry galaxy through his company, <b>Rangus Meats</b>.<br><br>Countless competitors have tried and failed to replicate his closely held trade secrets."
RF_Name_26,63831077983457298,Omni Meat
RF_Subtitle_26,63831077983457299,Carl's Greatest Discovery
RF_DetailText_26,63868852401180686,"When Carl Rangus' Meat Science wasn't enough to feed the hungry galaxy, he explored more unorthodox approaches.  <br><br><br>One experiment pierced the barrier between dimensions and revealed an entire universe filled with an organic, protein-based substance Carl dubbed <b>Omni Meat</b>.  This endless supply of edible material (and starship fuel) enabled Rangus Meats to massively expand its operations. <br><br><br>Hunger was eliminated. The galaxy thrived and grew."
RF_Name_27,63831077983457300,SmartMeat
RF_Subtitle_27,63831077983457301,Reinventing the Employee
RF_DetailText_27,63831077983457302,"The latest result of ongoing <b>Meat Science</b> breakthroughs, SmartMeat (trademark pending) represents a cutting-edge opportunity for the mass production of an organic workforce capable of a wide range of critical tasks.<br><br>Created in seconds, each SmartMeat worker costs a fraction of the traditional expense of hiring and training a new employee. As a bonus, all SmartMeat workers are fully biodegradable!<br><br>Contact your <b>Rangus Meats</b> franchise rep today to learn how you can slash labor costs and reduce employee dissatisfaction scores overnight!<br><br><i>--from a <b>Rangus Meats</b> sales brochure</i>"
RF_Subtitle_28,63831077983457303,Meat Science Anomaly
RF_DetailText_28,63868852401180687,"Formerly a scientist working for <b>Rangus Meats</b>, this enormous creature now sees himself as both the guardian of the aquatic life of <b>Peterium</b> and also the world's apex predator.<br><br>He also thinks he's a pirate. People sure are strange!"
RF_Subtitle_29,64168635003146240,Lovelorn Robot
RF_DetailText_29,64168635024117760,"This strange but friendly robot's origin is unknown. Some believe he arrived in a craft from a distant galaxy, quite a spell ago.<br><br>Most recently, Reset was encountered as a prisoner of the sentient long-range robot factory <b>Calypso</b>, apparently as a result of a failed relationship between the two entities."
RF_Subtitle_33,64168635024117770,Deadly Trackers
RF_DetailText_33,64168635024117771,"<i>""Ooh, these are them star boogers I warned you about. They always trackin' down the <b>SmartMeat</b> and gobblin' it up.<br><br>I think the skinny one's called Void, and the big one is Null.<br><br>I got some ideas on how to slow 'em down.""</i>"
RF_Name_35,64168635024117774,Large Marge
RF_Subtitle_35,99311942877831168,Extradimensional Entity
RF_DetailText_35,64168635024117775,"A mysterious and powerful being seen throughout the galaxy.<br><br><i>""This scary lady gives me the heebie jeebies...but I ain't seen her in a long time. Something familiar about her..."" -Carl</i>"
RF_Name_36,132248343629783040,BartY
RF_Subtitle_36,132248343633977344,BartY Q.
RF_DetailText_36,132248343633977345,"BartY Que was the folksy, gunslinging mascot of Rangus Meats ‘Rangusland’ and featured on the Rangus Power Hour. Dressed like a multiarmed cowboy with a big grin and two pairs of smoking meat shooters (no peas allowed!) Barty traveled the galactic frontier spreading the good word of premium Rangus products.<br><br>Part salesman, and part hero,he always seemed to have a clever quip and a barbecue-themed solution for every problem. His friendly and down home charm made him one of the leaders of the Rangusland crew."
RF_Name_37,132248343633977346,Barkesly
RF_Subtitle_37,132248343633977347,The JPG Dog
RF_DetailText_37,132248343633977348,"Barkesly the JPG Dog was one of the most beloved stars of the classic Rangus Power Hour, a wildly popular children's adventure show that mixed comedy, lessons, and questionable meat science.<br><br>Barkesly originally discovered as an ancient corrupted image file floating through the Borf Nebula, Barkesly’s antics delighted audiences across the galaxy. Barking her famous catchphrase, ""Hold on, I'm buffering!"", became one of the most quoted lines in meat-y-vision history, and her loyal friendship with the crew of Rangusland helped make the Rangus Power Hour a cultural phenomenon for an entire generation."
RF_Name_38,132251457682399232,Mister E. Meat
RF_Subtitle_38,132251457686593536,Resident Goof
RF_DetailText_38,132251457686593537,"Mr. E. Meat was the Rangus Power Hour’s resident goof, an armless, lanky two-legged, chaotic oddball of meat cuts who rarely spoke actual words, but instead communicated through a baffling collection of whistles, honks, and exaggerated gestures. Though he appeared clueless and constantly stumbled into trouble, Mr. E. Meat somehow always possessed the answer to the crew’s biggest problems.<br><br>Known for breaking the fourth wall and frequently reacting to the viewing audience, he became one of the show's most memorable characters. His unpredictable antics made him a fan favorite and a source of endless adoration among viewers."
RF_Name_39,132251457686593538,Professor Nuggetmon
RF_Subtitle_39,132251457686593539,Studious Inventor
RF_DetailText_39,132251457686593540,"Professor Chickelous Nuggetmon was the Rangus Power Hour’s resident know it all, a scholarly owl-like genius who claimed to hold seventeen doctorates and at least three coupon cards for free chicken nuggets. Always presenting a seemingly endless supply of charts, and graphs, he spent his days conducting bizarre experiments and explaining the known universe through the principles of breading, dipping, and proper nugget formation.<br><br>While his inventions had a tendency to explode, hatch, or become unexpectedly sentient (see MR E MEAT), they somehow worked often enough to keep him part of the crew. Known for peppering every lecture with terrible chicken jokes and wildly overcomplicated explanations, Professor Nuggetmon was a beloved source of both scientific wisdom and fowl-based laughter."
RF_Name_40,132252135783915520,Nacho Grande
RF_Subtitle_40,132252135783915521,Flamboyant Master of Flair
RF_DetailText_40,132252135783915522,"Nacho Grande was the Rangus Power Hour’s flamboyant master of flair, a dramatic fast-food beef-fighter who treated every obstacle, no matter how large or how small, like a grand performance. Dressed in an elaborate matador outfit covered in flashy flair, he charged fearlessly into danger with style, flash, and absolutely no subtlety.<br><br>Whether twirling his cape, striking heroic poses, or delivering over the top speeches, Nacho believed that if something was worth doing, it was worth doing with dramatic flair. His larger-than-life personality and endless love of spectacle made him a fan favorite."
RF_Name_41,132253107394437120,Rangus Power Hour
RF_Subtitle_41,132253107394437121,Wholesome Family Fun!
RF_DetailText_41,132253107394437122,"The Rangus Power Hour was a wildly popular variety show that aired at several different times each day, starring the colorful mascots and eccentric personalities of Rangusland. Filled with exciting sketches, meat puppets, catchy songs, and wonderfully informative nature segments, with fan favorites such as ""What Does a Galactic Hook Worm Taste Like?” the show entertained generations of patrons while introducing the latest Rangus snacks, meals, and exciting food innovations.<br><br>The program's cheerful lessons about nutrition, progress, and the importance of trying new Rangus products became just as memorable as the characters themselves."
RF_Name_42,132255206391930880,Rat Hole
RF_Subtitle_42,132255206396125184,Galactic Dive Bar
RF_DetailText_42,132255206396125185,"The Rat Hole was a legendary galactic dive bar tucked away in a forgotten corner of the trade lanes. Though officially independent, it was supplied with delicious prepackaged meals by the Rangus Corporation. Famous for its strange colorful drinks, strange intergalactic clientele, and surprisingly good food, it became a favorite haunt of Carl and Dottie, who spent countless evenings there sketching out new recipes, flavors, corporate takeovers and delicious new business ideas on stained napkins.<br><br>More than a few of Rangus's greatest successes began as a conversation in a dingy booth at The Rat Hole. Then, under mysterious circumstances, The Rat Hole vanished without a trace. No distress call, no debris, no records; it just disappeared. Carl spent years searching for the missing bar, convinced that somewhere among the stars it still exists, waiting to serve one last round."
RF_Name_43,132257060458848256,Null and Void
RF_Subtitle_43,132257060458848257,Torn Mascot Poster
RF_DetailText_43,132257060458848258,"Null and Void were early Rangus mascots discovered by Dottie, who never explained where she found them and would immediately change the subject when asked. Carl initially thought they were great and added them to the original cast of Rangusland. They were featured on the early episodes of The Rangus Power Hour, rendered as adorable cartoon beings. They were ‘souper cute’, had silly antics, and became instant favorites. Then they showed up at a corporate event. In real life. Things did not go well.<br><br>The audience reaction was officially described as “collective regret,” and possibly one attendee was eaten. After that, Null and Void were purged from all Rangusland affiliated shows and promotions, episode and promotional materials destroyed, erasing them from the Rangus history. They’ve held a grudge against Carl Rangus ever since. For some unknown reason they especially hate Smart Meats, which they refer to as “a mistake that learned to walk.”"
RF_Subtitle_44,134985733930737664,Former Hunting Ground
RF_DetailText_44,134985733934931968,"Long considered <b>Carl Rangus</b>'s preferred destination for fast and abundant meat acquisition, <b>Esfera De Carne</b> owed much of its appeal to its generous supply of easily harvested game and its close proximity to the <b>Omni Meat Portal</b> entrance.<br><br><b>Carl Rangus</b> evacuated the planet in considerable haste during the <b>Omni Meat Incident</b>, reportedly leaving his <b>Mechanized Suit</b> behind. It has not been recovered."
RF_Subtitle_45,134989437736050688,Former Test Site
RF_DetailText_45,134989437736050689,"The extreme cold of <b>Sub Zeroni</b> made it the preferred staging ground for <b>Carl Rangus</b>'s efforts to develop a stable meat-and-ice hybrid, a product designed to eliminate the freezer burn losses that plagued <b>Rangus Meats</b>' hyperspace distribution network.<br><br>The program was never brought to a successful conclusion. Storage facilities, processing equipment, and a revolutionary ice rail network are scattered across the planet."
RF_Subtitle_46,134992150976782336,Volcanic Retreat
RF_DetailText_46,134992150976782337,"A chain of interconnected islands surrounding an active volcano, <b>Lava Del Rey</b> has long been <b>Carl Rangus</b>'s preferred retreat, prized for its warmth, scenic terrain, and abundant deposits of naturally occurring <b>Meat Cores</b>.<br><br>Sustained extraction of those <b>Meat Cores</b> is believed responsible for destabilizing the planet's geology and reactivating its central volcano. <b>Carl Rangus</b> has continued to return for leisure. Geological activity has spiked reliably on each visit."
SHE_Name_1,93903394018680832,Shrine of Challenge
SHE_Name_4,93903394018680835,Shrine of Wealth
SHE_Name_5,93903394018680836,Shrine of Gamble
SS_BossName_2,45462395923980288,The Pounding Fathers
SS_Name_7,31684905095127040,Random
SS_Name_8,63252864443604992,Omnikron
SS_Name_10,92525321763414016,What's in the Box
STG_1_e58baca8b4594c5c8b9ee8eb81f7ecb2,30928171548270592,"Oooh ouchie! Them hunters got ya didn't they?!<br>Well, I thought you would have seen my warning posters over there."
STG_2_e58baca8b4594c5c8b9ee8eb81f7ecb2,31228502341574656,"Well anyway, I've got something that's going to help you out with them star buggers. <br>Them dirty star booger boys, ok? Come talk to me."
STG_3_253905826c564fb2a5270da3f6110546,33060789416878080,"Listen up, Squishy. When I tell you Meat Science was a big deal, hehe.<br>Well, that's not just me tootin' my own horn!"
STG_4_253905826c564fb2a5270da3f6110546,33061804547497984,The galaxy had far too many people.<br>Not enough food to go around.
STG_5_253905826c564fb2a5270da3f6110546,33061804547497985,"Until I got my fingers down in there and mixed up the paradigm, don't you know!"
STG_6_253905826c564fb2a5270da3f6110546,33061804547497986,Everybody loved Rangus Meats.<br>And we was all gonna live happily ever after...
STG_7_253905826c564fb2a5270da3f6110546,33120374009880576,Whoa whoa! Now wait just a minute.<br>Says here it's your number one birthday...
STG_8_253905826c564fb2a5270da3f6110546,33128087053918208,Who?! Whoa! Hey! You're supposed to tell me<br>when we got a fresh one coming. Come on!  
STG_9_253905826c564fb2a5270da3f6110546,33128087058112512,"Now, anyway, I'd love to give you a proper introduction.<br>Unfortunately, you're already late for your first day!"
STG_10_253905826c564fb2a5270da3f6110546,33128087058112513,"Come on, little buddy, come on scooty doo!<br>Scooty doo let's get going!"
STG_11_253905826c564fb2a5270da3f6110546,33136475515117568,"Happy birthday, little buddy!"
STG_12_d1260cdbf83a435d9734fabac23023f9,66435288571154432,It's your birthday again!
STG_12_4702726866014a76a515f75fffdd6c18,34174556175327232,"There he is, my favorite little guy."
STG_12_b737dec367b64b198466cda5b7c3d659,34174556175327233,Ooh that birthday sounded extra squishy! 
STG_12_3a27ffa6fa314a5c8625d27093931a96,34174556175327234,"Happy birthday, Squishy!"
STG_12_29a85a0d1ea943ea96ec6907247dc477,45655991558070272,"I would like to officially announce, happy birthday to you!"
STG_12_b5bdbdcabfc047a0b78d868a88bb74be,34174556175327235,That's another happy birthday!
STG_12_2e38b79c84684f2aa45587b4fe0c0bd5,34174556175327237,"Ooh, happy birthday to you li'l buddy!"
STG_12_2d920e29bd4e4060912784dfdac2cbca,34174556175327238,Another birthday? Yippity doo skidoo!
STG_12_b9065185d40f4e6ab964735d41f28db9,34174556175327240,"And another happy birthday to you, li'l buddy!"
STG_12_c76a5df566ac4228826d26e700509ad3,34174556175327241,Birthday birthday happy happy birthday!
STG_12_f1feac12173c43cbbb43b1e0a664f946,34174556175327242,Guess what? Happy birthday to you!
STG_12_1394fd3152ff42f38ae60f5d57322b88,66435288571154433,"Who's got another birthday? Well, it's you!"
STG_12_3448bc63ae1e4206849d19a7840f85fe,66435288571154434,"Happy happy birthday, to-oo you!"
STG_12_bb9caf614acd49c9a3eec4b85964909a,66435288571154436,Ding-dong! Happy birthday!
STG_12_b5c16efb19114e3d85197aa361affadc,66435288571154437,Today is another happy birthday.
STG_12_ca27f0642db742338ba85a318a05e5c5,66435288571154438,"Aww, many happy returns, li'l Squishy!"
STG_13_253905826c564fb2a5270da3f6110546,33139387419058176,"Whoa, Squishy!<br>I can't believe you're back alive!"
STG_14_e58baca8b4594c5c8b9ee8eb81f7ecb2,33297722948706304,"I feel bad, you know. I thought you was gonna die down there<br>with your buddies and your beans and them..."
STG_15_e58baca8b4594c5c8b9ee8eb81f7ecb2,33297722961289216,"Oh but guess what, it's not gonna end there. We finally found Tangus Town, baby!"
STG_16_e58baca8b4594c5c8b9ee8eb81f7ecb2,33297722961289217,"With this Franken fuel, we're gonna bubble it up and boil on over to that system.<br>Ooh it's gonna be a cookout!"
STG_17_e58baca8b4594c5c8b9ee8eb81f7ecb2,33300395982839808,"Ooh, you still packing that little pea shooter?<br>I got something better for you, why don't ya come talk to me."
STG_18_e58baca8b4594c5c8b9ee8eb81f7ecb2,33301769751617536,Oh it pains me so to admit...the Smart Meat body can't do it all.
STG_19_e58baca8b4594c5c8b9ee8eb81f7ecb2,33301769755811840,Sometimes you need a little extra help. Come talk to me.
STG_20_e58baca8b4594c5c8b9ee8eb81f7ecb2,33308298840104960,"Psst. Hey, hey, Squishy. I got something really weird cooking up over here.<br>Why don't you come talk to me."
STG_21_3c049bef12bf41418d16ee6b37dc86f6,36007377365884928,Hey Squishy! Got something for youuu!
STG_21_c46b1dc527f447dc88e9cc8683e8f626,36007377365884929,"Ooo I'm cookin' up something sweet over here. Come talk to me, Squishy!"
STG_21_3b2f530890de4c1cb5f931eaf857b3c5,36007377365884930,Hello Squishy!
STG_21_8e4b1695c1e547178866cd55a320e8cd,36007377365884931,"Hello, Squishy! Got something good."
STG_21_d3774b96d6264c68a5b66ebff7ede9f4,36007377365884932,"Come on over here, Squishy, I got somethin' new cooked up."
STG_21_6f18a989231f4fafad627eb8654dae19,36007377365884933,Squishy boooy!
STG_21_abd986d8f7154c44bd5d7cd3627ec641,36007377365884934,"Hey, buddy! I got something for you, come talk to me."
STG_22_e58baca8b4594c5c8b9ee8eb81f7ecb2,33311167362359296,Now a weapon is a personal preference. And you do what you want.<br>There's no wrong decisions here.
STG_23_e58baca8b4594c5c8b9ee8eb81f7ecb2,33312404489101312,"Squishy, we need to talk about your flair. You do wanna express yourself, don't ya?!"
STG_24_e58baca8b4594c5c8b9ee8eb81f7ecb2,33312404489101313,Well head on over to the new Flair Terminal.<br>I wanna see you dazzling like a diamond.
STG_25_e58baca8b4594c5c8b9ee8eb81f7ecb2,33315184792559616,"Ohh, it pains me so to admit, but the meat body can't do it all."
STG_26_e58baca8b4594c5c8b9ee8eb81f7ecb2,33315184792559617,"Come check out this new Terminal and unlock your ULTIMATE potential, hehe!"
STG_27_253905826c564fb2a5270da3f6110546,33318258437251072,Why you got all that jingle jangle in your pocket?
STG_28_253905826c564fb2a5270da3f6110546,33318258441445376,"Go talk to Trader Mike and put it to good use, okay?"
STG_29_253905826c564fb2a5270da3f6110546,33318258441445377,"He's basically a human calculator. But, I mean, not a human though. He's kinda like a machine...? You know..."
STG_30_e58baca8b4594c5c8b9ee8eb81f7ecb2,33323369637076992,"Hoo hoo, now we're talkin'. With this Hunter Detector,<br>you should see a little Threat Meter on top of your visor now."
STG_31_e58baca8b4594c5c8b9ee8eb81f7ecb2,33323369641271296,"If that dial is pointing left, that means them Hunters got no clue what you up to."
STG_32_e58baca8b4594c5c8b9ee8eb81f7ecb2,33323369641271297,"You can kick back and take your sweet ol' time.<br>But, if it starts floppin' and whizzin' around over to the right side..."
STG_33_e58baca8b4594c5c8b9ee8eb81f7ecb2,33323369641271298,"...you better look on out. Them Hunters they got a whiff of your special stink.<br>Keep an eye on that meter, and don't dilly dally around too much.<br>Alright, good luck, Squishy."
STG_34_e58baca8b4594c5c8b9ee8eb81f7ecb2,33332958667464704,"I say, we finally caught one! Ha-haha-haha!"
STG_36_e58baca8b4594c5c8b9ee8eb81f7ecb2,33334462321254401,Useful AND delicious...Oh! Most certainly Carl's handiwork!
STG_37_e58baca8b4594c5c8b9ee8eb81f7ecb2,33334462321254402,Carl Rangus...You should have stayed in exile.
STG_38_e58baca8b4594c5c8b9ee8eb81f7ecb2,33334462321254403,Hunters! Hunt him down!
STG_39_e58baca8b4594c5c8b9ee8eb81f7ecb2,33356874173636608,"Oh, this is just what we need to start fixin' what's broke."
STG_40_e58baca8b4594c5c8b9ee8eb81f7ecb2,33356874182025216,That big fella's got enough fuel to get us halfway across the galaxy!
STG_41_e58baca8b4594c5c8b9ee8eb81f7ecb2,33356874182025217,Rangus!
STG_42_e58baca8b4594c5c8b9ee8eb81f7ecb2,33356874182025218,"Uh-huh, yeah that's good, too."
STG_43_e58baca8b4594c5c8b9ee8eb81f7ecb2,33356874182025219,"Oh no, Squishy, we gotta get out of here!"
STG_44_e58baca8b4594c5c8b9ee8eb81f7ecb2,33356874182025220,Ah hush up!
STG_45_e58baca8b4594c5c8b9ee8eb81f7ecb2,33356874182025221,"Hey Roxie, we going or what?!"
STG_46_e58baca8b4594c5c8b9ee8eb81f7ecb2,33356874182025222,"You had to keep poking, didn't you, Carl?"
STG_47_e58baca8b4594c5c8b9ee8eb81f7ecb2,33356874182025223,Fueling in progress. Please stand by.
STG_48_e58baca8b4594c5c8b9ee8eb81f7ecb2,33356874182025224,"The galaxy knows you can't be trusted, Carl! And so do you."
STG_49_e58baca8b4594c5c8b9ee8eb81f7ecb2,33356874182025225,Fueling complete. Prepare for acceleration.
STG_50_e58baca8b4594c5c8b9ee8eb81f7ecb2,33356874182025226,Warp engines engaged.
STG_51_e58baca8b4594c5c8b9ee8eb81f7ecb2,33360178878341120,"You can't escape justice again, Carl Rangus. You and your Smart Meat must be stopped."
STG_52_e58baca8b4594c5c8b9ee8eb81f7ecb2,33356874182025227,And the denizens of nearby planets can now live without the fear of this creature devouring them.
STG_54_e58baca8b4594c5c8b9ee8eb81f7ecb2,33356874182025228,"Roxie, how's that new meat looking?!"
STG_55_3216418ba9ee4b068876b913bb3ccef2,35503730513141760,Now remember that meat core you cooked up real good for me?<br>We just gonna use it to lure out this little critter living down on that planet.
STG_56_9850ab8dd16e4c88acd86a61b4b87604,35512353628872704,You done good so far. But you ain’t ready yet.
STG_57_3216418ba9ee4b068876b913bb3ccef2,35521168852115456,Fuel ain't the only thing Meat Cores are good for.
STG_57_6eb5f1d5deb847879968ff2fe668935b,35521168860504064,We gonna take that last one and cook it up real nice!
STG_58_3216418ba9ee4b068876b913bb3ccef2,35543002125426688,"Ooh wee, I can smell it all the way up here. Good job, Squishy."
STG_58_275bd943a66748588ee27da032c5f150,35543002125426689,"That big fella, he's gonna like the way that tastes, I guarantee it."
STG_59_9850ab8dd16e4c88acd86a61b4b87604,35549441904599040,"Okay, down here is where we even the odds a bit."
STG_60_9850ab8dd16e4c88acd86a61b4b87604,35549441912987648,"Without the Glizzy juicin' up the other side, you might have a chance in the big match."
STG_61_3216418ba9ee4b068876b913bb3ccef2,35602782823112704,"Time to get you down there, Squishy. We got lots to do!"
STG_62_3216418ba9ee4b068876b913bb3ccef2,35605031553064960,"Ooh that big ol' Meat Core is just what the doctor ordered.<br>Don't worry, this all gonna make sense real soon. Oh yeah."
STG_63_3216418ba9ee4b068876b913bb3ccef2,35606803042525184,"Ooh, long as that ship's buzzin' around we ain't going nowhere, Squishy.<br>So scooty doo down there and let's get it all cleared up."
STG_64_3216418ba9ee4b068876b913bb3ccef2,35607727056084992,"Oof! Well that busted up old ship won't be a problem no more, Squishy."
STG_65_3216418ba9ee4b068876b913bb3ccef2,35935343428493312,"Now Squishy, while you down there I got business to handle."
STG_66_9850ab8dd16e4c88acd86a61b4b87604,35935343436881920,"Okay kid, I'll see you on Mount Dangus to start your real training."
STG_67_97cd5e01156b401fb6af882b1854b014,37636387732709376,"Hey Squishy, I really appreciate what you did down there..."
STG_68_97cd5e01156b401fb6af882b1854b014,37638091802927104,"... a little problem came up however, it appears you're not officially on the team yet!"
STG_69_97cd5e01156b401fb6af882b1854b014,37638091807121408,"Well, why don't ya go take care of some of that paperwork and come on back ya know. We gotta get you back out in the field!"
STG_71_e58baca8b4594c5c8b9ee8eb81f7ecb2,37759772638830592,[Munching sounds.]
STG_72_a644546f9bb14ed1bab969e3c0e91ae8,37759772638830593,I do believe I taste...
STG_73_782afe4905044999baa6ba80ab59e5c3,37759772638830594,...Carl!
STG_74_354fe9732f974003a3c36d9537d17af2,38614139122212864,They clunked me! I'm slippin'!
STG_75_354fe9732f974003a3c36d9537d17af2,38614139126407168,Oh no!
STG_76_e58baca8b4594c5c8b9ee8eb81f7ecb2,38614139126407169,Oh no...that's the Meat Castle.
STG_77_354fe9732f974003a3c36d9537d17af2,38614139126407170,This ain't natural! We gotta get outta here!
STG_78_354fe9732f974003a3c36d9537d17af2,38614139126407171,"Oohhh, that's not good."
STG_79_354fe9732f974003a3c36d9537d17af2,38614139126407172,They using the meat magic on us!
STG_80_354fe9732f974003a3c36d9537d17af2,38614139126407173,"They on the windshield!<br>Roxie, how's that new meat lookin'?!"
STG_81_354fe9732f974003a3c36d9537d17af2,38614139126407174,"Hang on there, Glassy."
STG_82_354fe9732f974003a3c36d9537d17af2,38614139126407175,"Crickety crack, uh, let's...<br>get outta here now!"
STG_83_e58baca8b4594c5c8b9ee8eb81f7ecb2,43570063645597696,Now just cause you got Smart Meat don't mean you got smart brains.
STG_84_9850ab8dd16e4c88acd86a61b4b87604,45655991562264576,"I hate to break it to ya, kid. But this fight is not exactly fair.<br>You see, these Mutants, they be juicing up with Glizzy Gulp."
STG_85_9850ab8dd16e4c88acd86a61b4b87604,45655991562264577,"Okay champ, this is what you been trainin' for!"
STG_86_e58baca8b4594c5c8b9ee8eb81f7ecb2,66357874654547968,So very tasty.
STG_86_834d57a162d14a24a157199a6d8f1c4e,66357874696491008,Now I've got you!
STG_86_162f3932e37c49f696ab8699acf964be,66357874696491009,Yum yum!
STG_87_e58baca8b4594c5c8b9ee8eb81f7ecb2,66357874696491010,There you are!
STG_87_63f4d4a7bcbf4206ba6d4ac872e047df,66357874696491011,"Mister Null, do you see what I see?"
STG_87_2c8df3d39aa0499daeda8c9d2ec2ae02,66357874696491012,We've been looking all over for you.
STG_87_fb62256c98f1462a9d3811b89008e54b,66357874696491013,Did you think you'd get away?
STG_87_4c35ded8489b4c258c53d9fcdfb3b698,66357874696491014,May we cut in?
STG_90_e58baca8b4594c5c8b9ee8eb81f7ecb2,66357874696491025,Oh I must have a taste!
STG_91_e58baca8b4594c5c8b9ee8eb81f7ecb2,66357874696491026,Ready for something exciting?
STG_94_e58baca8b4594c5c8b9ee8eb81f7ecb2,66357874696491033,I just needed a bit of a lie-down.
STG_94_834d57a162d14a24a157199a6d8f1c4e,66357874696491034,"Oh yes, I'm feeling much better now."
STG_94_162f3932e37c49f696ab8699acf964be,66357874696491035,"Now then, where did you go?"
STG_96_e58baca8b4594c5c8b9ee8eb81f7ecb2,66361789617901573,Time to squash!
STG_97_e58baca8b4594c5c8b9ee8eb81f7ecb2,66361789617901574,Now this is gonna hurt!
STG_100_e58baca8b4594c5c8b9ee8eb81f7ecb2,66361789617901581,"All right, where did you go?"
STG_100_834d57a162d14a24a157199a6d8f1c4e,66361789617901582,Nap time's over. I'm ready for lunch!
STG_100_162f3932e37c49f696ab8699acf964be,66361789617901583,I'm feeling better now!
STG_101_2df9cf960ead43f6b80f1f7726f85aa4,66435288571154439,"Howdy there, Squishy!"
STG_101_a0c9d50b7ac04f048660da9c00563355,66435288571154440,Why hello there!
STG_101_911bb0f5e8c441359220d84e4b7a4d30,66435288571154441,Howdy do to you!
STG_101_6164f3ca78a8410cb0222f3dd7f44673,66435288571154442,How you doin'?
STG_101_58e64a80752347118e275397c6d3b9dd,66435288571154443,Hey li'l buddy!
STG_101_9c280bd2c80c4d7d8f4c0bad6519decd,66435288571154444,It's my favorite Squishy!
STG_101_2d4e9fa2379e4742a83167d33236d447,66435288571154445,You stayin' juicy out there?
STG_101_ac50e9fabba74e58ba82fb3d612d9ea8,66435288571154446,"Oh, hello li'l buddy!"
STG_101_31221ccd7735454f88a5e4297aa88d97,66435288571154447,"Oh there you are, good to see you!"
STG_101_91df6a61d2cd48568c88d4c3a3c3b140,66435288571154448,"Oh, how you doin' li'l buddy?"
STG_101_e2950848758345eca0dda0b4ecf92fd7,66435288571154449,"Ooh, howdiddy do!"
STG_102_253905826c564fb2a5270da3f6110546,66778140014645248,"See you around, Squishy!"
STG_102_1d485d7971fa4dc290b9af09ce568127,66778140018839552,You take care now!
STG_102_d562ae583d9648f68dee936e8df37560,66778140018839553,"Take it easy, Squishy!"
STG_102_94fe5491de04435b8a95aae0b2c85f9b,66778140018839554,"Later, li'l buddy!"
STG_102_07aeb06757ea4d83a925e9b5912b8550,66778140018839555,Keep up the good work!
STG_102_c6e5299b8dde4a7e8d12267e458db7f5,66778140018839556,Bye-bye now!
STG_102_209dba9bb321487487815d056cdff335,66778140018839557,"Stay juicy, li'l buddy!"
STG_102_681ec913f2d546d889972e763313659e,66778140018839558,Adios amigo!
STG_103_9850ab8dd16e4c88acd86a61b4b87604,66435288571154450,"You really made me proud out there, kid. But don't tell nobody I said that."
STG_103_1e1a08579f154d3390641eae410a9003,66435288571154451,"I trained a lotta fighters, but nobody else looked like a walkin' burrito."
STG_103_836c805e84494fb8a71f9540f4df5318,66435288571154452,You remind me of Kid Manganese. Before he got hooked on the Glizzy.
STG_103_2715b3783d424a1e85b137009a8181fe,66435288571154453,You remind me of a fighter named Biscuit Bill. Only he was made of bread.
STG_103_9a1148cfde7f4e8c824c29a0db0d388e,66435288571154454,I trained this guy once who wore clown shoes. Not a good idea.
STG_103_abdb3693c1db4ae1888836e43e8c1120,66435288571154455,"You ever fight an octopus, kid? That'll keep you on your toes."
STG_103_a8746e6e66f14163b2ef5206525c620f,66435288571154456,You ever see a fighter called the Iron Toenail? You'd remember if you had.
STG_103_95e5e6ddd2a54b07b87fd4671792ab83,66435288571154457,"You ever see a fighter called Chainsaw McGee? Nice gal, if you can believe it."
STG_103_dae83de77f1b42ec8113bb8f50a0f558,66435288571154458,You ever see a fighter called Doc Brickface? Turns out he was actually just a dentist.
STG_103_5164f569287c4072a63d592f052742f9,66435288571154459,"Me and Carl, we go way back. And I mean way back."
STG_103_402bfd769a1b41078a10fdfba74c5f14,66435288571154460,"Back in the day, me and Carl got up to some crazy stuff."
STG_103_e0db3007bcb24305b60e39511051847d,66435288571154461,"Yeah, Carl's made a few mistakes. But hey, who hasn't?"
STG_103_64d638e56c384f24b188ca2819652eef,66435288571154462,"Good to see Carl back in the saddle, making the galaxy better."
STG_103_b0160ac90afe4183b15a458ae7621462,66435288571154463,That Carl Rangus always dreamed big. You gotta respect that.
STG_103_e10f9f4d03544556827565a467ba95e2,66435288571154464,Let me tell you something: Never underestimate Carl Rangus.
STG_104_9850ab8dd16e4c88acd86a61b4b87604,66435288571154465,"Hey there, champ."
STG_104_1e1a08579f154d3390641eae410a9003,66435288571154466,"Hey, tough guy."
STG_104_836c805e84494fb8a71f9540f4df5318,66435288571154467,Good to see you.
STG_104_2715b3783d424a1e85b137009a8181fe,66435288571154468,Look what the cat dragged in.
STG_105_9850ab8dd16e4c88acd86a61b4b87604,66435288571154469,"Later, kid."
STG_105_1e1a08579f154d3390641eae410a9003,66435288571154470,Nice talkin' with you.
STG_105_836c805e84494fb8a71f9540f4df5318,66435288571154471,"Take it easy, champ."
STG_105_2715b3783d424a1e85b137009a8181fe,66435288571154472,See you around.
STG_106_9850ab8dd16e4c88acd86a61b4b87604,66435288571154473,Seems fair to me.
STG_106_1e1a08579f154d3390641eae410a9003,66435288571154474,You got a deal.
STG_106_836c805e84494fb8a71f9540f4df5318,66435288571154475,Works for me.
STG_107_9850ab8dd16e4c88acd86a61b4b87604,66435288575348736,"Hey kid, you need new meat!"
STG_107_1e1a08579f154d3390641eae410a9003,66435288575348737,"Swap in some new meat, kid!"
STG_107_836c805e84494fb8a71f9540f4df5318,66435288575348738,"Grab new meat, kid!"
STG_108_57d595dd68b94b11b2b59fb88b7a5da5,66771219589206016,As if that would change anything.
STG_109_57d595dd68b94b11b2b59fb88b7a5da5,66771219626954752,"Of course, now I know precisely where you're going."
STG_110_57d595dd68b94b11b2b59fb88b7a5da5,66771219626954753,You think you can change things.
STG_111_57d595dd68b94b11b2b59fb88b7a5da5,66771219626954754,But you're not in charge anymore. I am.
STG_112_57d595dd68b94b11b2b59fb88b7a5da5,66771219626954755,Set course for Rangus Prime!
STG_113_57d595dd68b94b11b2b59fb88b7a5da5,66771219626954756,"Carl, you jealous fool."
STG_114_e58baca8b4594c5c8b9ee8eb81f7ecb2,66774634386001920,Behold the power of OmniMeat!
STG_115_e58baca8b4594c5c8b9ee8eb81f7ecb2,66774634390196224,"You asked for this, Carl!"
STG_116_e58baca8b4594c5c8b9ee8eb81f7ecb2,66774634390196225,You can't run away this time!
STG_117_e58baca8b4594c5c8b9ee8eb81f7ecb2,66774634390196226,OmniMeat!
STG_118_e58baca8b4594c5c8b9ee8eb81f7ecb2,66774634390196227,"Stay down, Carl! I'll be back for you soon."
STG_119_e58baca8b4594c5c8b9ee8eb81f7ecb2,66774634390196228,And now for a victory feast!
STG_120_e58baca8b4594c5c8b9ee8eb81f7ecb2,66774634390196229,Why do you keep fighting when you know you can't win?
STG_121_e58baca8b4594c5c8b9ee8eb81f7ecb2,66774634390196230,A minor setback! You still can't win.
STG_122_e58baca8b4594c5c8b9ee8eb81f7ecb2,66774634390196231,I have more than enough power to defeat you myself!
STG_123_e58baca8b4594c5c8b9ee8eb81f7ecb2,66774634390196232,No! No no noooo!
STG_124_e58baca8b4594c5c8b9ee8eb81f7ecb2,66774634390196233,Carl Rangus. You think you've won.
STG_125_e58baca8b4594c5c8b9ee8eb81f7ecb2,66774634390196234,You may have bested this puppet.
STG_126_e58baca8b4594c5c8b9ee8eb81f7ecb2,66774634390196235,But you're in our universe now.
STG_127_e58baca8b4594c5c8b9ee8eb81f7ecb2,66774634390196236,And it's time you became acquainted with the true power of OmniMeat.
STG_128_e58baca8b4594c5c8b9ee8eb81f7ecb2,66774634390196237,"See you soon, Carl Rangus."
STG_129_253905826c564fb2a5270da3f6110546,66778140018839559,"Hey Squishy, I got somethin' cookin' over here. C'mon by."
STG_129_1d485d7971fa4dc290b9af09ce568127,66778140018839560,"Oh, I got somethin' new for you!"
STG_129_d562ae583d9648f68dee936e8df37560,66778140018839561,"Hey li'l buddy, you wanna see somethin' new?"
STG_129_94fe5491de04435b8a95aae0b2c85f9b,66778140018839562,I got a little somethin' for my special guy. C'mere a sec.
STG_129_07aeb06757ea4d83a925e9b5912b8550,66778140018839563,"I'm cookin' up something special for you, li'l buddy!"
STG_130_253905826c564fb2a5270da3f6110546,66778140018839564,"Ooh that one's a toughie, good luck!"
STG_130_1d485d7971fa4dc290b9af09ce568127,66778140018839565,I know you got this one.
STG_130_d562ae583d9648f68dee936e8df37560,66778140018839566,You have fun with that.
STG_130_94fe5491de04435b8a95aae0b2c85f9b,66778140018839567,Shouldn't be too hard!
STG_130_07aeb06757ea4d83a925e9b5912b8550,66778140018839568,You sure? Okay then!
STG_131_253905826c564fb2a5270da3f6110546,66778140018839569,Now that oughta come in useful.
STG_131_1d485d7971fa4dc290b9af09ce568127,66778140018839570,I expect you know what to do with that.
STG_131_d562ae583d9648f68dee936e8df37560,66778140018839571,Oh now that's a good one.
STG_131_94fe5491de04435b8a95aae0b2c85f9b,66778140018839572,"Careful now, that's not a toy."
STG_131_07aeb06757ea4d83a925e9b5912b8550,66778140018839573,That one's just for you.
STG_131_8193fb832f8a42499e74ee269e663f45,66778140018839574,"Ooh, that's just some gravy on the beans."
STG_133_8409992d104f45d8902fed5567f73957,125495921809022976,Hoo wee! That's one way to keep them aliens off your tail!
STG_133_14963f30e6a34d3385eeca76f97ce2ce,125495921809022977,"You did it, buddy!"
STG_133_7f622b7dbf004c82bc7ef929def98e87,125495921809022978,Hoo wee! That was a close one!
STG_133_ec0d199d6e3e4dcda48ae93df0a93461,125495921809022979,I'm so proud of you!
STG_133_ea6b7c8fc2d34d7ab171e51ecb7cc596,125495921809022980,Hoo nice! Stay juicy buddy.
STG_133_57bf88beeab24440948c4ab921ef5066,125495921809022981,That's what we talkin' about!
STG_133_a909ef42fb274e8b9991afc618cb617e,125495921809022982,You did it buddy! I knew you could.
STG_133_5d938c7d057b44199a41b612d34f441b,125495921809022983,"You really done dang did it, huh?"
STG_133_a1f74035ef6542f6aad7fda4e63e0eb2,125495921809022984,"Ya ding dang done did it, didn't ya?"
STG_133_98f5b59a08644687b24e34eb64b1505b,125495921809022985,That's how you do it!
STG_133_b389254572fa47d08d71f4e5aeeed353,125495921809022986,Now that's Meat Science for ya!
STG_133_42c6df9c58194cc09f48ffe4e9c925ab,125495921809022987,Nice work little Squishy!
STG_133_185d8e736a184006a1ff9bcdff8691b7,125495921809022988,I knew ya had it!
STG_133_3cf7b406626d434190ac19a5523ec082,125495921813217280,Well look at you!
STG_133_6dcbb50573b746edb57de27ae6b8cc71,125495921813217281,Well you done did it!
STG_133_db0dc7c77935452ab49184e5bb53ff67,125495921813217282,"Oo! That went ""pop"" so nice!"
STG_133_09458b2c019b46cbb5a64ffb08e23d7f,125495921813217283,Well look at you bein' all special.
STG_133_b80c30b122bb4b19a8754a9d73cf826b,125495921813217284,"I'm just so dang proud of you, Squishy!"
STG_133_fe64aa3f86a94155945cf6a63af65d9a,125495921813217285,"You out there workin' so hard, makin' us all proud."
STG_133_b1266693b7a44eadbc5d620997db7fd8,125495921813217286,Now who's my best little buddy in the whole galaxy?
STG_135_9c0018d7b313402f962c18b76c0fe9dd,121770217376309248,Ah yes. You are back. Indeed.
STG_135_540e640670a446ff9ca6a7ed66b05fc8,121770217384697856,Don't just stand around. There's work to be done.
STG_135_33afed45871a42d0b21f458d2b51f224,121770217384697857,Oh. There you are. Again. Right.
STG_135_a0d810c86f784078a2cc2eb664c0d2cd,121770217384697858,I see you have been excreted successfully. How nice.
STG_135_38b09fb447954020ac8f2c89d92f6790,121770217384697859,Carl would say something encouraging. I am not Carl.
STG_135_3f51c472e8884ea0a85f97adba9013a2,121770217384697860,You appear fully ambulatory. Wonderful.
STG_136_beac8711f8f9491bb0eb64273edc88f3,122546905630629888,Oh whoa!
STG_137_b14bfca3641944ebb7da5fe71c76a723,122546905634824192,Huh. Roxie! We forgot to put the darn suit in again!
STG_138_5e9e63afc4ea49bea37db80e5a506f0e,122546905634824193,"We can't let you run around like that. It's unsightly, Squishy."
STG_139_cdbbc8084d0e482b90b44200397225e7,122558333578108928,"Happy birthday, little bu--"
STG_141_aec1e2faa268436f8d3d44a262a56c98,122546905634824195,See if you can't ooze your way on over and grab your employee uniform.
STG_142_8a1f7bea249242178bdf5819d90f74c7,122546905634824196,It was on my to-do list.
STG_143_d888d7db6a3a40f4b1eba197b6f22ed5,122546905634824197,I think we got some extras over in that room.
STG_171_8a1f7bea249242178bdf5819d90f74c7,122546905639018504,Please stand by...
STG_172_8a1f7bea249242178bdf5819d90f74c7,122546905639018505,Please stand by...again...
STG_173_8a1f7bea249242178bdf5819d90f74c7,122546905639018506,Congratulations on your adequate effort.
STG_174_9c0018d7b313402f962c18b76c0fe9dd,124751489413406720,How utterly underwhelming.
STG_174_540e640670a446ff9ca6a7ed66b05fc8,124751489413406721,That could have been slightly worse.
STG_174_33afed45871a42d0b21f458d2b51f224,124751489413406722,Well...that was something...wasn't it.
STG_174_a0d810c86f784078a2cc2eb664c0d2cd,124751489413406723,Perhaps you're a late bloomer.
STG_174_3f51c472e8884ea0a85f97adba9013a2,124751489413406724,Let us call this an opportunity for improvement.
STG_174_971ea5afaedb40b39bd63e3af0aebdc9,124751489413406725,That score can't be correct. Oh it is? Well...
STG_174_3985fa70cf5f457bbb833299a3065c93,124751489413406726,You survived. That's one kind of success.
STG_174_dcb5c60125bd421db8e301d7acdcf358,124751489413406727,I do hope this doesn't become a pattern.
STG_174_329a563a2ad04850a143e5c2dee5741a,124751489413406728,You have lowered the bar on expectations.
STG_175_9c0018d7b313402f962c18b76c0fe9dd,124751489413406729,Your performance fulfilled expectations
STG_175_540e640670a446ff9ca6a7ed66b05fc8,124751489413406730,Adequate. Extremely adequate.
STG_175_33afed45871a42d0b21f458d2b51f224,124751489413406731,Acceptable work I suppose.
STG_175_a0d810c86f784078a2cc2eb664c0d2cd,124751489413406732,Hm. How ordinary.
STG_175_971ea5afaedb40b39bd63e3af0aebdc9,124751489413406733,You have successfully left room for improvement.
STG_175_3985fa70cf5f457bbb833299a3065c93,124751489413406734,Mediocrity achieved.
STG_175_dcb5c60125bd421db8e301d7acdcf358,124751489413406735,"Your effort was minimal, but not absent."
STG_175_329a563a2ad04850a143e5c2dee5741a,124751489413406736,How utterly mid.
STG_176_9c0018d7b313402f962c18b76c0fe9dd,124751489413406737,Your performance is exemplary.
STG_176_540e640670a446ff9ca6a7ed66b05fc8,124751489417601024,You exceeded expectations. How unusual.
STG_176_33afed45871a42d0b21f458d2b51f224,124751489417601025,Carl will be so pleased.
STG_176_a0d810c86f784078a2cc2eb664c0d2cd,124751489417601026,Hard to believe I didn't see this coming.
STG_176_3f51c472e8884ea0a85f97adba9013a2,124751489417601027,Congratulations are in order.
STG_176_971ea5afaedb40b39bd63e3af0aebdc9,124751489417601028,It seems Carl was right about you.
STG_176_3985fa70cf5f457bbb833299a3065c93,124751489417601029,Enjoy this moment. They're so rare.
STG_176_dcb5c60125bd421db8e301d7acdcf358,124751489417601030,I'm even more surprised than you.
STG_176_329a563a2ad04850a143e5c2dee5741a,124751489417601031,That score is correct. I checked it twice.
STG_177_9c0018d7b313402f962c18b76c0fe9dd,124944136308514816,Shall we try this again?
STG_177_540e640670a446ff9ca6a7ed66b05fc8,124944136312709120,"Alright, there you go."
STG_177_33afed45871a42d0b21f458d2b51f224,124944136312709121,I'm sure you'll do better this time.
STG_178_063370c920554b2a831708de7e8fd418,125167135318073344,Done and done.
STG_178_49c385d76731448b9208ef220ccf963f,125167135322267648,It's a deal.
STG_178_b874cb3ab6b148b19a1c70d04a367a7e,125167135322267649,Trade complete.
STG_178_b34c1118baf34382b6d04625cb154cf5,125167135322267650,We have a deal.
STG_178_34c523cd2d07407987e2c3f6b3f010d9,125167135322267651,No takebacks!
STG_178_0f01904fbea74c499ebef0f1c784ccb9,125167135322267652,Another deal in the books.
STG_178_716eb57913994cc4aa8f6f26ecda898f,125167135322267653,I swear you're taking advantage of me.
STG_179_063370c920554b2a831708de7e8fd418,125167135322267654,Yes?
STG_179_d440fed8c4b94e19833c24491343bd1c,125167135322267655,Shall we talk business?
STG_179_49c385d76731448b9208ef220ccf963f,125167135322267656,What do you have for me?
STG_179_b874cb3ab6b148b19a1c70d04a367a7e,125167135322267657,Ready for a trade?
STG_179_b34c1118baf34382b6d04625cb154cf5,125167135322267658,What can I do for you?
STG_179_34c523cd2d07407987e2c3f6b3f010d9,125167135322267659,How can I be of service?
STG_179_0f01904fbea74c499ebef0f1c784ccb9,125167135322267660,"Oh, no, I'm not busy at all."
STG_179_716eb57913994cc4aa8f6f26ecda898f,125167135322267661,Can I help you?
STG_179_77c1ef92c5ec46b3b220b36b18d17cbc,125167135322267662,What is it this time?
STG_179_015894ad30e94ceab71073911b4d4d0a,125167135322267663,"I guess it's that time again, isn't it?"
STG_179_35075b6f0bdc4990a3dc5c6373df2866,125167135322267664,Aren't you a busy little bee?
STG_179_a3cbc47007804cf89ad516120da6a7e7,125167135322267665,Of course I have time for another interruption.
STG_179_05a71ca180974d7c92022e019d4c4202,125167135322267666,"Ah, you again."
STG_179_2b6c89f9820842d5adcd875c2925401d,125167135322267667,I suppose I have nothing else to do.
STG_179_eeea974b9ccf41fe867673da00c8316f,125167135322267668,"Yes, I'm here. I'm always here."
STG_180_063370c920554b2a831708de7e8fd418,125167135322267669,Take care now.
STG_180_d440fed8c4b94e19833c24491343bd1c,125167135322267670,Always a pleasure.
STG_180_49c385d76731448b9208ef220ccf963f,125167135322267671,Until next time.
STG_180_b874cb3ab6b148b19a1c70d04a367a7e,125167135322267672,Thank you for your business.
STG_180_b34c1118baf34382b6d04625cb154cf5,125167135322267673,Don't be a stranger.
STG_180_34c523cd2d07407987e2c3f6b3f010d9,125167135322267674,Pleasure doing business with you.
STG_180_0f01904fbea74c499ebef0f1c784ccb9,125167135322267675,See you around...by which I mean here.
STG_180_716eb57913994cc4aa8f6f26ecda898f,125167135322267676,Don't forget to fill out our customer survey.
STG_180_77c1ef92c5ec46b3b220b36b18d17cbc,125167135322267677,Come back anytime...no really.
STG_180_015894ad30e94ceab71073911b4d4d0a,125167135322267678,What would you do without me?
STG_181_063370c920554b2a831708de7e8fd418,125167135322267679,"I'm programmed for galactic banking, but this is...fine..."
STG_182_592dc98f6cee427998095df3b5a3ad2e,125495921825800192,Why hello there.
STG_182_262f426a157742d39603b4a62daf2a55,125495921825800193,Hey little buddy!
STG_182_a49662528f6b4e5798029a1ce4ae6fb5,125495921825800194,Hello little buddy!
STG_182_e91071acb7d24e3db2af86f3ae91b1e5,125495921825800195,Oh there you are!
STG_182_a3bce76a517045aeaf88e3f4ab06c8bf,125495921825800197,Oh how you doin' little buddy?
STG_182_0e3a574572d14beb977a18d3240a66f8,125495921825800198,Oo howdity doo.
STG_183_ef35f9ae06814f008e6e855e1be2f7cb,125495921825800199,"See you around, Squishy."
STG_183_263d1d691d0546548cdc2511fee4e9c3,125495921825800200,Later little buddy!
STG_183_ec66d8897f184b10988b7fb1f99e1699,125495921825800201,Keep up the good work.
STG_183_59c04fd748ea442f9d7b2a1bd63194d1,125495921825800202,Bye bye now!
STG_183_fd1b23e053ef47bd9a634b835689c9a7,125495921825800203,Stay juicy little buddy.
STG_183_ac689551cfe04735a5b0e7c22b04ecdb,125495921825800204,Adios amigo.
STG_184_cdbb75f6cecf4970b7c2d2cf79b381ad,127793416716087296,First into the ring...Porkbarrel Pete!
STG_185_ecdbe961b8ad4d8198c9b7a279f80acc,127793416741253120,Monday Night Midterms!
STG_186_6cc920e2b31b4a24a8fef9887480ff68,127793416741253121,Everyone ready for a bipartisan beatdown?!
STG_187_b16031cd0bd240ae8a66314a651c8af4,129415329128374272,"Alright Squishy, it looks like you're ready to roll."
STG_188_b16031cd0bd240ae8a66314a651c8af4,129418788422541312,"Hop into one of them Bolt Burgers over there, and get started on your first shift here at Rangus."
STG_189_b16031cd0bd240ae8a66314a651c8af4,129418788422541313,Scooty doo on down there and let's get to work. Good luck!
STG_190_a3746697c12b4bdd8fd23bd9b66e62e9,129811004227837952,New system coordinates are available.
STG_191_dff60a205b164bd993eab020916c69d8,130046937183281152,Hyperspeed disengaged.
STG_191_277fda1114904f958d8c63b2179a0071,130046937187475456,Planetary orbit achieved.
STG_192_69160939b60648a98d8243c7136ffad0,130046937187475457,Hyperspeed engaged.
STG_194_02bab38122ef4fe0b283750b6b97bc86,131982305419845632,"Alright, Squishy. I don't want to sugar coat it. We going to some weird places now."
STG_195_7dbff6c42db84a21a0e0c4c7f961f3b0,131982305424039936,"This place gets a little freaky, so let's get the suit and get out, you know. Don't look around too much."
STG_196_a563cc6adbdf4520bb2329ce1638e84e,131982305424039937,"Keep your cool, Squishy. Let's go find that suit."
STG_197_2e3e6eec33464e2098c794a33420ba94,131982305424039938,Let's just scooty doo times 2 on outta here!
STG_198_a23ff133f772415ebd1b6d999db128ed,131982305424039939,"Okay, nice and steady now. The portal's right up ahead."
STG_199_20844039dafe4ed38f6a1ee953631a44,131982305424039940,"Uh oh, that's the meat castle. They boxing us in, Squishy."
STG_200_eed2b75eaed14cf28e9f21a76e9d4ed4,131982305424039941,"Roxie, park us up close. Squishy, you meet me up top!"
STG_201_c55cb463c6a545bf88bf62dc1dc5ace2,131982305424039942,Pop me into my suit. Let's rock and roll.
STG_202_104adb4f654443bc912ad7f23cbb969b,131982305424039943,"Yeah back in the saddle, baby! Let's ride."
STG_203_a8309c5325254bdfbdcdf297adc66ce4,131982305424039944,"Yahoo! We did it! Forget Employee of the Month, you're Employee of the Century!"
STG_204_e4faec0f4f044c40acbc18a6c8a217dc,131982305424039945,Ooh we ain't ever going back there.
STG_205_64b232b1746d4f469c658dfdbfb58bb5,131982305424039946,"I still can't believe it, Squishy, you really ARE special."
STG_206_4c18f008c4f244a59ed00736a8a21186,131982305424039947,"Forget about Employee of the Month, I'm making you Partner, Squishy!"
STG_207_2bfd3de34ad145ea8161cbc2ad650453,131982305424039948,"Forget about Employee of the Month, I'm making you Partner, Squishy! But let's stay focused. Them boogers ain't gonna leave us alone for long. And we still got a galaxy to feed..."
STG_208_03d545921c1445dc90aa80cd574e95a0,131982305424039949,We going to some weird places now.
STG_209_ebf805122be34c4d96192dfa6d5ecd32,131982305424039950,I hope we put them star boogers down for the count.
STG_210_7dbff6c42db84a21a0e0c4c7f961f3b0,131982305424039951,Don't look around too much.
STG_211_7dbff6c42db84a21a0e0c4c7f961f3b0,131982305424039952,"Oh yeah, this place still gives me the heebie jeebies."
STG_212_eed2b75eaed14cf28e9f21a76e9d4ed4,131982305424039953,"Ooh, ol' Carl gonna have to help you on this one."
STG_213_0afe5a4f91da4a818fd80e25fb67dc6b,131982305424039954,Ooh I ain't gonna lie. It's feeling pretty good back in the ol' suit.
STG_214_a8309c5325254bdfbdcdf297adc66ce4,131982305424039955,"Forget Employee of the Month, you're Employee of the Century!"
STG_215_d96b197a697c48159d7febd959a7b538,136795163433361408,"Okay, skoodie doo little buddy!"
STG_215_d49e7800286545b881c6901d09cd40c9,136795163437555712,Keep up the good work Squishy!
STG_215_b6c6962963d34c72895b0e55ea8a90a2,136795163437555713,Now you be careful down there alright!
STG_215_8940d65e1bec4f44b74df21126c165bf,136795163437555714,Time for you to get to work!
STG_215_bd4046858d064a799c6fb2b83bbaf459,136795163437555715,"Oooh, this one's gonna be fun!"
STG_215_ea7a3298574f446aa0059a8dc4b5141d,136795163437555716,"Yeah, you got this!"
STG_215_404efc0ecbc2474aacad8644a565d8b6,136795163437555717,"Always workin', right Squishy?"
TPUP_CodexButton_1,64970684173840384,Galaxy Terminal
TPUP_CodexDesc_1,64970684190617600,Where do you want to go today?
TPUP_Desc_1_0,54070344137302016,"You can now use the <color=#FF3667>Galaxy Terminal</color> to change destinations!<br>Each time you unlock a new system, it will be available here.<br>You can also use it to adjust the game's <color=#FF3667>difficulty</color>."
TPUP_CodexButton_2,64970684190617601,Hunter Threat Meter
TPUP_CodexDesc_2,64970684190617602,Hunters: The ever-present threat
TPUP_Desc_2_0,54070344145690624,"You cannot stop them; you can only delay them.<br><br><color=#FF3667>Complete directives to hold them back</color> — even after they arrive. Neglect your directives and they grow <color=#FF3667>enraged</color>, gaining massive <color=#FF3667>health</color>, <color=#FF3667>damage</color>, and <color=#FF3667>speed</color>. Stay on task and you can force them back down."
TPUP_CodexDesc_3,64970684190617603,"Not technically required, but..."
TPUP_Desc_3_0,54070344145690627,"You now have access to the <color=#FF3667>Flair Terminal</color>!<br><br>Bring up to 3 pieces of flair into your run for <color=#FF3667>special boosts</color>. Each piece of flair does something different, so collect them all to fit your playstyle!"
TPUP_CodexDesc_4,64970684190617604,When Nightmare just isn't scary enough
TPUP_Desc_4_0,54089774091198464,"You now have access to <color=#FF3667>Ascension Ranks</color>!<br><br>Only available on <color=#FF3667>Nightmare Difficulty</color>, toggle this on to add increasingly difficult modifiers to each level."
TPUP_CodexDesc_5,64970684194811904,All the perks of being a Rangus Employee
TPUP_Desc_5_0,55533248523001856,You now have access to the <color=#FF3667>Employee Benefits Terminal</color>!<br><br> • Claim those perks!<br> • Dependents are NOT covered!
TPUP_CodexButton_6,64970684194811905,Gathering Minerals
TPUP_CodexDesc_6,64970684194811906,Dig up the good stuff
TPUP_Title_6_0,55533248523001857,Mining
TPUP_Desc_6_0,55533248523001858,<color=#FF3667>Mineral Deposits</color> now appear on your <color=#FF3667>compass</color>.<br>Find them to gather valuable <color=#FF3667>resources</color> used in crafting and trading.
TPUP_CodexButton_7,64970684194811907,Gathering Tech
TPUP_CodexDesc_7,64970684194811908,Definitely free for the taking
TPUP_Title_7_0,55533248523001859,Chainsawing
TPUP_Desc_7_0,55533248523001860,<color=#FF3667>Ancient Gastronauts</color> now appear on your <color=#FF3667>compass</color>.<br>Find them to gather valuable <color=#FF3667>resources</color> used in crafting and trading.
TPUP_CodexButton_8,64970684194811909,Gathering Fish
TPUP_CodexDesc_8,64970684194811910,Fishing for fish
TPUP_Desc_8_0,55533248523001862,<color=#FF3667>Fishing Rifts</color> now appear on your <color=#FF3667>compass</color>.<br>Find them to gather valuable <color=#FF3667>resources</color> used in crafting and trading.
TPUP_Desc_9_0,55533248523001863,You now have access to the <color=#FF3667>Ultimate Terminal</color>!<br><br>Access the terminal to unlock these <color=#FF3667>powerful abilities</color> to bring into your runs.
TPUP_CodexButton_10,64970684194811913,Weapons Terminal
TPUP_CodexDesc_10,64970684194811914,Unlock and upgrade your guns!
TPUP_Desc_10_0,55533248523001864,The <color=#FF3667>Weapon Terminal</color> is located by the shooting range.<br><br> • Unlock new weapons<br> • Increase weapon rank to gain Rank Points<br> • Assign Rank Points to upgrade weapon power<br> • Test weapons in the shooting range
TPUP_CodexButton_11,66382739304079360,Directives
TPUP_CodexDesc_11,66382739308273664,Objectively important
TPUP_Desc_11_0,66382739308273665,"Pay attention to the <color=#FF3667>Directives List</color> located in the top right of your HUD. On each planet there are:<br><color=#FF3667><sprite name=""PrimeDirective""> Prime Directives</color><br><color=#FF3667><sprite name=""SecondaryDirective"">Secondary Directives</color><br><br>Directives grant a variety of <color=#FF3667>rewards</color>, so do as many as you can!"
TPUP_Title_11_1,66382739308273666,Compass
TPUP_Desc_11_1,66382739308273667,"The <color=#FF3667>compass</color> appears at the top of your HUD and indicated the <color=#FF3667>points of interest</color> on each planet.<br>This will help you locate the <color=#FF3667>Prime Directive,</color> <color=#FF3667>Secondary Directives,</color> <color=#FF3667>Jump Pads,</color> and more!"
TPUP_CodexButton_12,66382739308273668,Weapons
TPUP_CodexDesc_12,66382739308273669,Trigger warning
TPUP_Title_12_0,129472777327468544,Fast Reload Minigame
TPUP_Desc_12_0,66382739308273670,To complete a <color=#FF3667>fast reload</color>; shoot when the rotating bar reaches the colored section of the reload window.<br><br>Hitting the <color=#00FF00>green section</color> will reload with a <color=#FF3667>charge bonus</color>; each weapon has a <color=#FF3667>unique bonus</color>.<br>Hitting the <color=#FFC700>yellow section</color> will reload quicker without a bonus.
TPUP_Title_12_1,66382739308273671,Melee
TPUP_Desc_12_1,66382739308273672,"Press [InputAction:Gameplay/MeleeFire] to melee with your spatula: a powerful close-range weapon that can <color=#FF3667>stagger</color> enemies, knocking them off-balance and immobilizing them for a few seconds."
TPUP_CodexButton_13,66382739308273675,Swapping Meat
TPUP_CodexDesc_13,66382739308273676,The name of the game
TPUP_Title_13_0,66382739308273677,Swap Meat
TPUP_Desc_13_0,66382739308273678,Sometimes defeated enemies will drop <color=#FF3667>Meat Parts</color>.<br>Press [InputAction:Interact/Interact] while near one of these parts to <color=#FF3667>swap</color> it with your current body part.
TPUP_Desc_13_1,66382739308273679,"Each <color=#FF3667>Meat Part</color> also has a <color=#FF3667>unique ability</color>.<br>Swapping parts can help you move faster, deal burst damage, or create minions...  the possibilities are endless, so swap that meat!"
TPUP_Desc_13_2,66382739308273681,"Your <color=#FF3667>Meat Parts</color> have <color=#FF3667>Meat Durability</color>. Taking damage wears it down, and when it runs out the part is <color=#FF3667>destroyed</color> — though you're briefly <color=#FF3667>invulnerable</color> when it breaks. Swap in a fresh part to get its <color=#FF3667>ability</color> back."
TPUP_CodexButton_14,66382739308273682,Leveling Up
TPUP_CodexDesc_14,66382739308273683,"We're going up, up, up"
TPUP_Title_14_0,66382739308273684,Level Up
TPUP_Desc_14_0,66382739308273685,"When you earn enough <color=#FF3667>XP</color> during a run, your Team Level bar fills and you <color=#FF3667>Level Up</color>.<br>Once available, press [InputAction:Gameplay/ItemRewardInit] to select a powerful <color=#FF3667>item or upgrade</color>."
TPUP_Desc_14_1,66382739308273686,Pay attention to the <color=#FF3667>Team Level Bar</color> in the bottom left of the HUD to see how close you are to gaining a level.<br>You can gain a <color=#FF3667>maximum of 30 levels</color> per run.
TPUP_CodexButton_15,66382739308273687,Bolt Burgers
TPUP_CodexDesc_15,66382739308273688,I don't see any bolts...
TPUP_Desc_15_0,66382739308273689,"<color=#FF3667>Bolt Burgers</color> transport you to and from a planet’s surface.<br>After you complete the final <color=#FF3667>Prime Directive</color>, the <color=#FF3667>Bolt Burgers</color> arrive to take you to safety.<br>Climb aboard quickly, before you’re overrun by enemies!"
TPUP_CodexDesc_16,66382739308273690,You've got to move it
TPUP_Title_16_0,66382739308273691,Basic Controls
TPUP_Desc_16_0,66382739308273692,[InputAction:Gameplay/CharacterMovement] to <color=#FF3667>move</color>.<br>[InputAction:Gameplay/Jump] to <color=#FF3667>jump</color>.<br>[InputAction:Gameplay/Jump] x2 to <color=#FF3667>double jump</color>.
TPUP_Title_16_1,66382739308273693,Health & Shields
TPUP_Desc_16_1,66382739308273694,"<color=#FF3667>Health</color> and <color=#FF3667>Meat Shields</color> are located in the bottom left of the HUD, and also along the left side of the reticle.<br>You are made up of 3 parts: <color=#FF3667>Head</color> (top), <color=#FF3667>Torso</color> (middle), and <color=#FF3667>Legs</color> (bottom).<br>Pay attention to your Meat Shields, when one runs out you lose that body part until you pick up another!"
TPUP_Title_16_2,66382739308273695,Abilities
TPUP_Desc_16_2,66382739308273696,"Meat parts have <color=#FF3667>abilities</color> that appear in your ability bar at the bottom of the screen.<br>Each one does something different, so try picking up new meats!"
TPUP_CodexButton_17,91467094033362944,Elements
TPUP_CodexDesc_17,91467094054334464,"Whack em, Freeze em, Shock em, Burn em"
TPUP_Desc_17_0,91467094054334465,<color=#FF3667>Meat Parts</color> and <color=#FF3667>Weapons</color> can have <color=#FF3667>elements</color> attached.<br>Dealing elemental damage to an enemy accumulates until it applies the associated <color=#FF3667>condition</color>.
TPUP_Sub1_Desc_17_0_0,103774446992420864,<color=#FF3667><i>Stun</i></color> enemies
TPUP_Sub1_Desc_17_0_1,103774447009198080,"<#FFEB04><link=""Keyword:1"">[Burning]</link></color> enemies are damaged over time and have a chance to <#FFEB04><link=""Keyword:19"">[Combust]</link></color>"
TPUP_Sub1_Desc_17_0_2,103774447009198081,"<#FFEB04><link=""Keyword:8"">[Electrified]</link></color> enemies are damaged over time, with a chance to be <#FFEB04><link=""Keyword:7"">[Staggered]</link></color>"
TPUP_Desc_17_1,91467094054334466,"<#FFEB04><link=""Keyword:17"">[Conditions]</link></color> can be triggered from any matching elemental source and enemies can have <color=#FF3667>more than one condition</color> applied at a time."
TPUP_Sub1_Desc_17_1_0,103774447009198082,"<#FFEB04><link=""Keyword:2"">[Slimed]</link></color> enemies <color=#FF3667><i>take additional damage</i></color> from all damage sources, and other elemental effects are <color=#FF3667><i>applied faster</i></color>"
TPUP_Sub1_Desc_17_1_1,103774447009198083,"<#FFEB04><link=""Keyword:3"">[Chilled]</link></color> enemies are <color=#FF3667><i>slowed</i></color> and have a chance to become <#FFEB04><link=""Keyword:4"">[Frozen]</link></color>. <#FFEB04><link=""Keyword:4"">[Frozen]</link></color> enemies can be <color=#FF3667><i>shattered</i></color> for bonus damage with <#FFEB04><link=""Keyword:5"">[Kinetic]</link></color> or Melee damage"
TUT_Announce_1,124465647935545344,Use [InputAction:Gameplay/CharacterMovement] to move [InputAction:Gameplay/Jump] to jump
TUT_Announce_12,124465647939739648,You automatically pick up <color=#FF3667>missing meat</color> parts when nearby
TUT_Announce_20,129141354091503616,Press [InputAction:Interact/Interact] while near meat to manually swap body parts and gain new abilities.
TUT_Announce_21,126113598604828672,HIt [InputAction:UIToggle/ToggleInspectionOverlay] to inspect your stats
TUT_Announce_22,126809847683342336,Press [InputAction:Gameplay/RangedFire] to fire your rifle at the target dummy
TUT_Announce_23,126809847683342337,Press [InputAction:Gameplay/MeleeFire] to swing your spatula at the target dummy
TUT_Announce_24,126809847683342338,Press [InputAction:Gameplay/WeaponSwitch] to swap ranged weapons
TUT_Announce_25,126809847683342339,Press [InputAction:Gameplay/RangedFire] to fire your pistol at the target dummy
TUT_Announce_26,127385081436168192,Press [InputAction:Gameplay/ItemRewardInit] to open the upgrade screen
VO_Transcript_1,346366160134223,Assistance required...
VO_Transcript_2,346366160134224,Extraction complete. Liftoff imminent.
VO_Transcript_3,346366160134225,Immediate departure is advised.
VO_Transcript_4,346366160134226,Harvester incoming. Protect the meat core
VO_Transcript_5,346366160134227,Threat identified
VO_Transcript_6,346366160134228,Objective sighted
VO_Transcript_9,346366160134231,Time to invest in cryptocurrency... Get it? Because you bury the dead in a crypt... Nevermind :(
VO_Transcript_10,346366160134232,The situation just got dead serious
VO_Transcript_11,346366160134233,"Can I get an ""F"" in chat?"
VO_Transcript_12,346366160134234,You're really putting the fun back in funeral
VO_Transcript_13,346366160134235,This is now a grave affair
VO_Transcript_14,346366160134236,Cremation is now your last hope for a smoking hot bod
VO_Transcript_15,346366160134237,I'm told speaking badly of the dead is a grave mistake
VO_Transcript_16,346366160134238,Warning. Suit integrity compromised
VO_Transcript_17,346366160134239,That ended predictably.
VO_Transcript_21,346366160134243,"Help me, pleeease!"
VO_Transcript_22,346366160134244,Thank you! Let me get my friends...
VO_Transcript_23,346366160134245,Who dares disturb me waters?!
VO_Transcript_24,346366160134246,"Doctor Brad, is that you?"
VO_Transcript_25,346366160134247,"Arr, you've beaten me fair and square."
VO_Transcript_26,346366160134248,"Thanks for creating us, now we shall uncreate you!!"
VO_Transcript_27,346366160134249,Reports of Insectoids attacking all foreign factions across the planet
VO_Transcript_28,346366160134250,Gobble Gobble Gob!<br>(Call in Reinforcements)
VO_Transcript_29,346366160134251,The OmniMeat vessel as entered the atmosphere.
VO_Transcript_31,346366160134253,"Sometimes, a gun just isn't quite enough. Go get yourself a Mystery Meat!"
VO_Transcript_32,346366160134254,"Our scientists have been doing some absolutely disgusting things with meat lately, go check it out at the Mutation Terminal"
VO_Transcript_33,346366160134255,Excellent! Why don't you give that a try!
VO_Transcript_34,346366160134256,Looks like you could use a bit more firepower! Why don't you head on over to the Weapon Terminal and get yourself a new weapon.
VO_Transcript_35,346366160134257,"Oh man, those meats won't know what hit them!"
VO_Transcript_36,346366160134258,"Gee whiz, the things scientists come up with!"
VO_Transcript_37,346366160134259,Hostile creatures approaching.
VO_Transcript_38,346366160134260,Please depart immediately.
VO_Transcript_39,346366160134261,Now give us a nice dirty fight!
VO_Transcript_40,346366160134262,All rise for the honorable... the unstoppable... JUDGEMENTALITS!
VO_Transcript_42,346366160134263,Legismator... Execuvator... your defeat has been APPEALED!
VO_Transcript_43,346366160134264,He's got the policies! He's got the presence! He's got the absolute authority to veto your life! IT'S ... THE EXECUVATOR!
VO_Transcript_44,346366160134265,He backrooms to the budget committee... It's the master of fine print... IT'S ... LEGISMATOR!
VO_Transcript_45,346366160134266,Aaaaaahhhhhh! Yaaaaaahhhhh!!
VO_Transcript_46,346366160134267,"Grab some legs from that machine, and slam those dirtbags out the ground!"
VO_Transcript_47,346366160134268,Knock'em down and pin 'em before they go under again!
VO_Transcript_48,346366160134269,"Okay kid, It's time to start your training."
VO_Transcript_49,346366160134270,"Nice to meet ya, kid. Grab some Legs outta that machine and hop on the track!"
VO_Transcript_50,346366160134271,The only way to win this race is by takin' out the competition!
VO_Transcript_51,346366160134272,"Lets see what you got, meatbag!"
VO_Transcript_52,346366160134273,"Nice driving, meatbag! You might be worth my time."
VO_Transcript_53,346366160134274,Find me on the next planet and I'll train you!
VO_Transcript_54,346366160134275,"That's it, kid! Three more headed your way!"
VO_Transcript_55,346366160134276,Now let's make it interesting!
VO_Transcript_56,346366160134277,"Kid, you might have what it takes!<br>Finish up here and we'll move on."
VO_Transcript_57,443347054354432,"You made it, good job!"
VO_Transcript_58,443347054354433,"Now look at that, we got some angry li’l critters down there."
VO_Transcript_59,443347054354434,The crashed ship you lookin' for is gonna have a meat core. We need that for fuel.
VO_Transcript_60,443347054354435,"Hoo-wee, buddy, you really are a miracle of Meat Science!"
VO_Transcript_61,443347054354436,"Ooh, that's some Meat Science right there."
VO_Transcript_62,443347054354437,See that meat core up ahead?
VO_Transcript_63,443347054354438,"Get up there, tell me you’re ready. We gonna come down and get this one."
VO_Transcript_64,443347054354439,"Don't you worry about that big ol' meat castle up there, that's uh...you know, that's normal."
VO_Transcript_65,443347054354440,Time to scoot! Go go go!
VO_Transcript_66,443347054354441,"You doin' great, li’l Squishy! Keep goin', you almost there!"
VO_Transcript_67,5194503924211712,Movement is required to complete objectives.<br><br>Use [InputAction:Gameplay/CharacterMovement] to move.
VO_Transcript_68,5530917752791040,"Just keep movin', that crash site ain’t far now.<br><br>Use [InputAction:Gameplay/CharacterMovement] to move."
VO_Transcript_69,5590439401873408,Use vertical movement to overcome basic obstacles.<br><br>Use [InputAction:Gameplay/Jump] to jump.
VO_Transcript_70,5593819578884096,"Peaceful interaction is not a viable option.<br><br>[InputAction:Gameplay/RangedFire] to shoot, [InputAction:Gameplay/MeleeFire] to Melee."
VO_Transcript_71,5601982608826368,"Them guns got a quick reload built in. You just gotta hit it right in the sweet spot there, okay?"
VO_Transcript_72,5756628069507072,"Go grab some of them Creeper legs, okay?"
VO_Transcript_73,5757385997017088,Someone is struggling to follow directions.<br><br>[InputAction:Interact/Interact] near Fresh Meat to Swap
VO_Transcript_74,5807500870803456,This shouldn’t be so hard.<br><br>Jump then [InputAction:Gameplay/LegsAbility] to Dash
VO_Transcript_75,5841906717155328,Still awaiting input. Any day now.<br><br>Hit [InputAction:Interact/Interact] on the meat core.
VO_Transcript_76,5846775804977152,Node loss detected. Please defend the nodes.
VO_Transcript_77,5846775813365760,"I’m countin' on you down there, li’l Squishy!"
VO_Transcript_78,5856049683750912,Please depart immediately.<br><br>Press [InputAction:Interact/Interact] on a Bolt Burger to escape.
VO_Transcript_79,5909901926658048,Attention please.
VO_Transcript_80,5909901951823872,Failure detected.
VO_Transcript_81,28687422266007552,"Oh look at dem li'l legs moving around, I love to see that."
VO_Transcript_82,10206832594026496,Harvester incoming. Prepare to defend the site.
VO_Transcript_83,10206832644358144,The OmniMeat vessel has entered the atmosphere.
VO_Transcript_84,10206832644358145,Extraction complete. Prepare for departure.
VO_Transcript_86,10206832644358146,Now start lookin' for a big ol' crash site. Time to move!
VO_Transcript_87,10206832644358147,"You gotta use meat to get meat, li'l Squishy!"
VO_Transcript_88,10206832644358148,"Go bust ‘em up and grab some o’ that meat, okay now?"
VO_Transcript_89,10206832644358149,"Now keep it movin', that crash site can't be that far."
VO_Transcript_90,10206832644358150,"Well that's what we need, so scoot on over and tell me when you're all ready."
VO_Transcript_91,10625864051912704,"Hey kid, over here!"
VO_Transcript_94,10625864085467138,A folding chair to the head ought to do it
VO_Transcript_98,12434440726704129,You gotta grab one o' them rock heads!
VO_Transcript_103,12434440726704134,"Usually, I like to clog a hotdog with a rock."
VO_Transcript_108,12434440726704139,Run for cover!
VO_Transcript_111,18769949506699264,Cooking Success! Extraction Initiated..
VO_Transcript_112,26304660661854208,"Now this here planet's got a big ol' Meat Core. That'll help us get where we need to go.<br>Trouble is, it's kinda hidden, so you know, keep your eyes open."
VO_Transcript_113,28287482192715776,"Oh yeah, this place still gives me the heebie jeebies. Keep your cool, Squishy. Let's go find that suit."
VO_Transcript_114,28287482192715777,"Oh I remember this ol' girl. One of our long-range robot factories.<br>Eh, she's way past her warranty now. Probably gotta bad heart on that thing, needs extraction."
VO_Transcript_115,28287482192715778,"When the big fella comes out, get to work on him, Squishy."
VO_Transcript_116,26565547768344576,"Gahhh nooo dooo ahhhh eeeee hnnnnng...I'm sorry, uh, you're doin ok!"
VO_Transcript_117,26565547806093312,"Now's your chance, pin him!"
VO_Transcript_118,26565547806093313,"Hey kid, focus on the ref! He's crooked!"
VO_Transcript_119,26565547806093314,"Yeah kid! You got him on the ropes, keep on going! Bing bang bang!!"
VO_Transcript_120,35567081859571712,The guys you need to fight are juiced on Glizzy.<br>You're gonna take out the supply.
VO_Transcript_121,35564579508445184,"Carl says you need training. <br>So listen up and don't get killed, all right?"
VO_Transcript_122,35507031359086592,"My old buddy Coach Dan is gonna look after you, so you in good hands."
VO_Transcript_123,45655991566458880,"When you’re ready to fight, come over to the ring and find me."
VO_Transcript_125,55603792934895616,"Hey, over here! Reset could use some help!"
VO_Transcript_126,55603792968450048,You gotta knock out those generators to take down the shield.
VO_Transcript_127,55603792968450049,"Calypso seems distracted, so Reset's gonna move along."
VO_Transcript_128,55603792968450050,Reset is in a real pickle. Mind lending a hand?
VO_Transcript_129,55603792968450051,Maybe we'll catch up later. Bye!
VO_Transcript_130,55603792968450052,Thanks for helping out. 
VO_Transcript_131,55603792968450053,See those big stone heads?
VO_Transcript_132,55603792968450054,Toss 'em into the pipes to break the generators!
VO_Transcript_133,55603792968450055,"You're getting it! Keep going, just like that!"
VO_Transcript_142,63089472154472448,"No time for sittin' around! Get them legs movin', li'l buddy!<br><br>Use [InputAction:Gameplay/CharacterMovement] to move."
VO_Transcript_143,63090527013539840,Use [InputAction:Gameplay/Jump] to jump.
VO_Transcript_145,63116930585038848,<br><br>Use [InputAction:Gameplay/CharacterMovement] to move.
VO_Transcript_148,63120025394188288,Hold [InputAction:Interact/Interact] to interact with the meat core.
VO_Transcript_149,63120702820421632,This delay reduces efficiency. Please proceed.<br><br>[InputAction:Interact/Interact] near Fresh Meat to Swap
VO_Transcript_150,63121424244903936,Please continue without delay.<br><br>Jump then [InputAction:Gameplay/LegsAbility] to Dash
VO_Transcript_151,63122062601195520,"Perhaps the Smart Meat is defective.<br><br>[InputAction:Gameplay/RangedFire] to shoot, [InputAction:Gameplay/MeleeFire] for Melee."
VO_Transcript_156,63126683751124992,Then we gonna come down and get this done.
VO_Transcript_157,63126683751124993,Swappin' in fresh meat is how you get things done!
VO_Transcript_162,63130956027236352,"Ooh, here's a spot to put them new legs to good use!"
VO_Transcript_163,63130956027236353,"If that jump's too hard, you can always climb up the other side instead."
VO_Transcript_164,63130956027236354,"Get real close to the edge before you try that jump, okay buddy?"
VO_Transcript_165,63132572436500480,"Ooh, that's some Meat Science right there!"
VO_Transcript_166,63179948538826752,Preparing a new employee now.
VO_Transcript_167,63179948568186880,Perhaps the next one will show improvement.
VO_Transcript_168,63179948568186881,I suppose this was inevitable.
VO_Transcript_169,63179948568186882,Meat Science is not a perfect science.
VO_Transcript_170,63179948568186883,That looked quite painful.
VO_Transcript_171,63179948568186884,Meat Science works in mysterious ways.
VO_Transcript_172,63179948568186885,We all experience grief differently.
VO_Transcript_173,63179948568186886,At least the end was quick.
VO_Transcript_174,63179948568186887,I was rooting for you.
VO_Transcript_179,63455509689503744,Meat core is fully cooked. Harvesting now.
VO_Transcript_182,64586613632897024,"Ooh, there's a truck full of secret spices nearby, and we sure could use 'em."
VO_Transcript_183,64586613649674240,You gotta keep fixin' that old truck or it'll conk out on you!
VO_Transcript_184,64586613649674241,"Keep movin', li'l buddy! Them aliens are puttin' up a fight. "
VO_Transcript_185,64587626796388352,Well now who went and put a door there? 
VO_Transcript_186,64920625689165824,Now press that button and get them spices up here!
VO_Transcript_187,64920625714331648,"Squishy, you gotta get that thing open!"
VO_Transcript_188,64930279190200320,"Get that stash to the shuttle. Oh, we countin' on you!"
VO_Transcript_189,65631231578988544,"Okay folks, give it up for ... Hair Force One!"
VO_Transcript_190,65631231583182848,All rise for the Honorable ... Judge Crawdaddy!
VO_Transcript_191,65631231583182849,First into the ring ... Pork Barrel Pete!
VO_Transcript_192,65631231583182850,"You all know the rules. And if not, too bad!"
VO_Transcript_194,66064315292422144,"You see some chunked-up little body bits flopping around? You might as well pick it up, you gotta stay alive!"
VO_Transcript_195,66064315330170880,"Hey Roxie, seems like that brain cell you added to the formula really did the trick."
VO_Transcript_196,66064315330170881,Harvest failure. Meat core destroyed.
VO_Transcript_197,66064315330170882,Damage detected. Please defend the nodes.
VO_Transcript_198,66064315330170883,Warning: Meat core is now vulnerable.
VO_Transcript_199,66064315330170884,Warning: Meat core destruction is imminent.
VO_Transcript_200,66064315330170885,Oh no! Don't let 'em get that core!
VO_Transcript_201,66064315330170886,Indeed. This Meat Scientist is outperforming all previous subjects.
VO_Transcript_202,66342620914618368,Call me Broadside!
VO_Transcript_203,66342620927201280,Reset ... where do you think you're going?
VO_Transcript_204,66342620927201281,Take no prisoners!
VO_Transcript_205,66342620927201282,I'm sending you to the deep!
VO_Transcript_206,66342620927201283,Time to chum the waters!
VO_Transcript_207,66342620927201284,Ready on the gun!
VO_Transcript_208,66342620927201285,Broadside feels no pain!
VO_Transcript_209,66342620927201286,"Stop that, you scurvy dog!"
VO_Transcript_210,66342620927201287,Seems the tide has turned!
VO_Transcript_211,66342620927201288,The fish will be avenged!
VO_Transcript_212,66342620927201289,The ocean remembers your sins!
VO_Transcript_213,66342620927201290,The sea shows no mercy!
VO_Transcript_214,66342620927201291,It's Davy Jones' locker for you!
VO_Transcript_215,66342620927201292,"Come here, you!"
VO_Transcript_216,66342620927201293,This captain don't go down with his ship!
VO_Transcript_217,66342620927201294,"Brace up yards, but ooh! For naught, ha ha ha!"
VO_Transcript_218,66342620927201295,Ah ha ha haaa!
VO_Transcript_219,66342620927201296,By Neptune's Beard!
VO_Transcript_220,66342620927201297,You'll not sink me so easy!
VO_Transcript_221,66342620927201298,Little meat! Come over here for a moment.
VO_Transcript_222,66342620927201299,'Tis a new treasure ye've unlocked!
VO_Transcript_223,66342620927201300,The mines are loaded!
VO_Transcript_224,66342620927201301,Locked and loaded!
VO_Transcript_225,66342620927201302,Just give the word!
VO_Transcript_226,66342620927201303,"I'm ready, captain!"
VO_Transcript_227,66342620927201304,"I need more time, captain!"
VO_Transcript_228,66342620927201305,Send 'em to the deep!
VO_Transcript_229,66342620927201306,Firing now!
VO_Transcript_230,66342620927201307,Thar she blows!
VO_Transcript_231,66342620927201308,"From Hell's heart, I spit tartar sauce at thee!"
VO_Transcript_232,66342620927201309,"That's all she's got, captain!"
VO_Transcript_233,66357874709073920,Please select your destination.
VO_Transcript_234,66357874709073921,Bolt Burgers deployed.
VO_Transcript_235,66357874709073922,A new file is available for review.
VO_Transcript_236,66357874709073923,Mission complete.
VO_Transcript_237,66357874709073924,Reinforcements approaching.
VO_Transcript_238,66357874709073925,Meat Scientists cannot be deployed while Hunters are enraged.
VO_Transcript_239,66357874709073926,Meat Scientists may now be deployed.
VO_Transcript_240,66417837640880128,"Hey, meatbag! C'mere a minute."
VO_Transcript_241,66417837640880129,"You gotta keep that truck runnin', kid!"
VO_Transcript_242,66417837640880130,Get that door open before they trash the truck!
VO_Transcript_243,66417837640880131,We'll find out soon enough.
VO_Transcript_244,66417837640880132,"When you're ready to fight, come over to the ring and find me."
VO_Transcript_245,66417837640880133,"Hey kid, I ain't gettin' any younger over here!"
VO_Transcript_246,66417837640880134,"Watch out, kid!"
VO_Transcript_247,66417837640880135,"Make your move, kid!"
VO_Transcript_248,66435288579543040,"Okay Squishy, time for you to find Doctor Brad."
VO_Transcript_249,66435288579543041,Try leadin' the big guy through the mines!
VO_Transcript_250,66435288579543042,"Ooh, looks like them mines don't hurt him at all!"
VO_Transcript_251,66435288579543043,You gotta clog up them cannons!
VO_Transcript_252,66435288579543044,You can get rid of that there Sharclone by shootin' it!
VO_Transcript_253,66435288579543045,"Okay, let's do this!"
VO_Transcript_254,66435288579543046,"Ring the bell, I'm ready!"
VO_Transcript_255,66435288579543047,Hold on a sec!
VO_Transcript_256,66435288579543048,Here comes the boom!
VO_Transcript_257,66435288579543049,Get a load of this!
VO_Transcript_258,66435288579543050,Coach Dan in the house!
VO_Transcript_259,66435288579543051,"That's all I got, kid!"
VO_Transcript_260,66435288579543052,"C'mon over, kid. I got somethin' for you."
VO_Transcript_261,66435288579543053,Don't say I never did nothin' for you.
VO_Transcript_262,66435288579543054,"Hey ref, keep it fair!"
VO_Transcript_263,66435288579543055,Grab one of them folding chairs and knock his block off!
VO_Transcript_264,66435288579543056,"Hey kid, you gotta take out the ref before you can pin that guy!"
VO_Transcript_265,66435288579543057,A chair! Go grab a chair!
VO_Transcript_266,66435288579543058,"Nice work! One down, two to go!"
VO_Transcript_267,66435288579543059,Now you got two of 'em to worry about. Watch your back!
VO_Transcript_268,66435288579543060,"You gotta bring that guy down to the ground, kid!"
VO_Transcript_269,66435288579543061,Don't forget the other guy!
VO_Transcript_270,66435288579543062,"That's it, champ! Just one more round to go!"
VO_Transcript_271,66435288579543063,"Nice job, but you ain't won nothin' yet!"
VO_Transcript_272,66435288579543064,"Just one more to go, kid!"
VO_Transcript_273,66435288579543065,"You did it, champ! You really are The One!"
VO_Transcript_274,66435288579543066,"That paper-pusher is killin' ya, kid!"
VO_Transcript_275,66435288579543067,You gotta take down that flyin' jerk!
VO_Transcript_276,66435288579543068,Quit gettin' hammered and hammer him back!
VO_Transcript_277,66435288579543069,Take out the ref! The ref!
VO_Transcript_278,66435288579543070,"Forget about it, kid! He's got bureaucracy on his side!"
VO_Transcript_279,66435288579543071,Take out those little chumps and grab their legs!
VO_Transcript_280,66435288579543072,Now use those legs and slam him good!
VO_Transcript_281,66437093602463744,"He's almost done. Quick, pin him down!"
VO_Transcript_282,66437093602463745,That there's gonna lead us right to the meat core we need!
VO_Transcript_283,66437093602463746,Hey Squishy!
VO_Transcript_284,66443846721310720,"You gotta open them doors, buddy!"
VO_Transcript_285,66443846721310721,"I guess maybe I forgot about all these folks for a bit. Well, that's on me."
VO_Transcript_286,66443846721310722,That's it. Just keep openin' them doors!
VO_Transcript_287,66443846721310723,"Okay, that there's the MegaNuker. "
VO_Transcript_288,66443846721310724,"Once we turn it on, it'll cook up that meat core in a jiffy."
VO_Transcript_289,66443846721310725,"You gotta get them three Nukers turned on, Squishy!"
VO_Transcript_290,66443846721310726,That's one! But we need all three Nukers workin'.
VO_Transcript_291,66443846721310727,"Okay, we almost ready to start cookin'!"
VO_Transcript_292,66443846721310728,"Ooh-wee, now we cookin'! Keep that meat safe!"
VO_Transcript_293,66443846721310729,"Oh yeah, Squishy, it's cookin' up nice and juicy!"
VO_Transcript_294,66443846721310730,"Hold on, Squishy, I think I recognize that voice. Go check it out, okay?"
VO_Transcript_295,66443846721310731,"Hey Squishy, you gotta knock out them generators first!"
VO_Transcript_296,66443846721310732,I bet them big stone heads would gum up the generators real good!
VO_Transcript_297,66443846721310733,"You got it! Keep tossin' them heads, just like that."
VO_Transcript_298,66443846721310734,"Now go find that heart, Squishy!"
VO_Transcript_299,66443846721310735,See that big ol' heart up ahead?
VO_Transcript_300,66443846721310736,We gonna scoop that out and get this gal feelin' better again.
VO_Transcript_301,66443846721310737,"If they wreck that heart before we get it out, she'll be infected forever!"
VO_Transcript_302,66443846721310738,"Once you go in, there's no comin' out 'til it's done."
VO_Transcript_303,66443846721310739,Might wanna use that Health Station while you got the chance.
VO_Transcript_304,66443846721310740,"Uh, uh-oh, here he comes. Get ready, Squishy!"
VO_Transcript_305,66443846721310741,You gotta clog up them hot dogs!
VO_Transcript_306,66443846721310742,"Them stone heads are just what you need, Squishy!"
VO_Transcript_307,66443846721310743,I wouldn't get too close to the big fella!
VO_Transcript_308,66443846721310744,"Ooh, that hurt the big fella, but he ain't done yet!"
VO_Transcript_309,66443846721310745,"Uh-oh Squishy, I think you made him mad!"
VO_Transcript_310,66443846721310746,"When he stomps, use them legs to jump!"
VO_Transcript_316,124404532190896128,!!!
VO_Transcript_317,124465647985876992,"If you ever lose your head again, or you know, any other part for that matter..."
VO_Transcript_318,124465647985876993,"And that arrow up top? Ooh, that's a Compass. Points where you gotta go. Real handy. "
VO_Transcript_319,124465647985876994,And now the side of your screen. Them's the Directives.  Knock 'em out and get paid.
VO_Transcript_320,129141354141835264,"Now the bar in the corner, that's your Health."
VO_Transcript_321,124465647985876995,"Bingo! Okay Roxie, let's try it again. Just a... just a little softer this time alright?"
VO_Transcript_322,124465647985876996,Please stand by…again.
VO_Transcript_323,124465647985876997,Fully suited and booted! Let's get you powered up!
VO_Transcript_324,124465647985876998,"Roxie, boot up the Smart Meat Visor so Squishy can see what needs doin'."
VO_Transcript_326,124465647985877000,Roxie! Too much power! Why you keep poppin' these heads off?
VO_Transcript_328,124465647985877002,"Don't worry, little buddy. Losing your head's not the end of the world."
VO_Transcript_329,124465647985877003,"See that, Squishy? You completed the Prime Directives and you get paid."
VO_Transcript_330,124465647985877004,"You just earned yourself some Glizzies, the meatiest currency in the galaxy!"
VO_Transcript_332,124480339026370561,Good job Squishy! Looks like you earned an upgrade!
VO_Transcript_333,124650004637802496,"Alright that door is working again, good."
VO_Transcript_334,124650931834839040,We start all our employees off with standard Rangus issued Pistol and...
VO_Transcript_335,124655240999854080,All your stuff is in your Inventory. If you ever wanna take a look at it.
VO_Transcript_336,124655240999854081,Well I think you done pretty good here. Now the real work begins. Come talk to me!
VO_Transcript_337,129141354146029568,...just grab another one. Each one gives you new abilities.
VO_Transcript_338,129141354146029569,You can see those along the bottom there.
VO_Transcript_339,129141354146029570,I'm sure we got some spare parts around here somewhere.
VO_Transcript_340,129141354146029571,Of course we ain't gonna let ya go down there empty handed!
VO_Transcript_341,129141354146029572,...plus a Grillmaster Spatula.
VO_Transcript_342,129141354146029573,"Roxie ain't gonna let you off this ship 'til you log some range time. You know, compliance thing."
VO_Transcript_343,129141354146029574,Head over to the shooting range and show those Target Dummies who's boss!
VO_Transcript_344,125495921880326144,Harvest failure. Meat Core destroyed.
VO_Transcript_345,129141354146029575,Ah dangit! The door malfunctioned.
VO_Transcript_346,129141354146029576,Oh never mind that. Your little squishy body needs meat for protection
VO_Transcript_347,129141354146029577,"So if you're missing some parts, it's gonna pick them up for you automatically. Pretty cool huh. "
VO_Transcript_348,129141354146029578,"Hot diggety dog, you're a natural, Squishy! "
VO_Transcript_349,129141354146029579,And the Blue Shields indicate your Meat Parts. We clear?
VO_Transcript_350,131982305470177280,"Oh yeah this place still gives me the heebie jeebies. Keep your cool, Squishy. Let's go find that suit."
VO_Transcript_351,131982305470177281,"Ooh, ol' Carl gonna have to help you on this one. Pop me into my suit. Let's rock and roll."
VO_SpeakerName_8,122207091236528128,Crowd
VO_SpeakerName_11,122207091240722433,Bugs
VO_SpeakerName_12,122207091240722434,Baby Spider
VO_SpeakerName_14,122207091240722435,Judge
VO_SpeakerName_16,127793416837722112,Porkbarrel Pete
WPNF_Name_1,346366164328448,Pistols
WPNF_Desc_1,346366164328449,A reliable weapon that's effective at <b><color=#00D6D2>close range</color></i></b> and <b><color=#00D6D2>medium range</color></i></b>.<br><br><i>An iconic sidearm worn by Meat Scientists for generations.</i>
WPNF_Name_2,346366164328451,Shotguns
WPNF_Desc_2,346366164328452,Deals high damage at <b><color=#00D6D2>close range</color></i></b>.<br><br><i>Veteran Meat Scientists always prepare for close encounters.</i>
WPNF_Name_3,346366164328454,Rocket Launchers
WPNF_Desc_3,346366164328455,Unleashes direct-fire projectiles that deliver <b><color=#00D6D2>medium area damage</color></i></b>. Useful at any range.<br><br><i>Nothin's more fun that makin' stuff go boom.</i>
WPNF_Name_4,346366164328457,Rifles
WPNF_Desc_4,346366164328458,"The <b><color=#00D6D2>narrow spread</color></i></b> and <b><color=#00D6D2>low recoil</color></i></b> make this great for <b><color=#00D6D2>long range</color></i></b> engagements.<br><br><i>When you're out riding the range, you'd best keep one of these close by.</i>"
WPNF_Name_5,346366164328460,SMGs
WPNF_Desc_5,346366164328461,"Optimized for <b><color=#00D6D2>close range</color></i></b> encounters, with a <b><color=#00D6D2>high fire rate</color></i></b>.<br><br><i>Ain't nothing wrong with sprayin' an' prayin'.</i>"
WPNF_Name_6,346366164328463,Magnums
WPNF_Desc_6,346366164328464,"Deals extra <b><color=#00D6D2>weak point damage</color></i></b> but has <b><color=#00D6D2>high recoil</color></i></b>, making it best at <b><color=#00D6D2>close range</color></i></b> and <b><color=#00D6D2>medium range</color></i></b>.<br><br><i>Just the right weapon for a steady hand.</i>"
WPNF_Name_7,346366164328466,Plasma Casters
WPNF_Desc_7,346366164328467,Launches direct-fire projectiles that deal <b><color=#00D6D2>small area damage</color></i></b>. Best at <b><color=#00D6D2>close</color></i></b> and <b><color=#00D6D2>medium</color></i></b> range.<br><br><i>Adds a little zip to your zap.</i>
WPNF_Name_8,346366164328469,Rail Guns
WPNF_Desc_8,346366164328470,"Optimized for <b><color=#00D6D2>long range</color></i></b>, delivering <b><color=#00D6D2>small area damage</color></i></b> with a <b><color=#00D6D2>slow fire rate</color></i></b>.<br><br><i>See it, shoot it.</i>"
WPNF_Name_10,346366164328472,Grenade Launchers
WPNF_Desc_10,346366164328473,Uses indirect fire to deliver <b><color=#00D6D2>large area damage</color></i></b> at any range.<br><br><i>Takes care of trouble before trouble takes care of you.</i>
WPN_Name_3,346366164328475,Pistol
WPN_Name_4,346366164328477,Rifle
WPN_Name_5,346366164328479,Submachine Gun
WPN_Name_6,346366164328481,Shotgun
WPN_Name_11,346366164328483,Mandible Ripper
WPN_Name_33,346366164328493,Grenade Launcher
WPN_Name_46,346366164328495,Magnum
WPN_Name_52,346366164328497,Rocket Launcher
WPN_Name_57,346366164328503,Rail Gun
WPN_57_HE_0,28316283836555264,On Hit
WPN_Name_65,346366164328511,Plasma Caster
WPN_Name_76,346366164328521,Flareburst
WPN_Name_77,346366164328523,Brrr Blaster
WPN_Name_78,346366164328525,Spark Plug
WPN_Name_79,346366164328527,Flame Flipper
WPN_Name_80,346366164328529,Squelch
WPN_Name_87,346366164328541,Splatterspat
WPN_Name_88,346366164328543,Amp Turner
WPN_Name_89,346366164328545,Frostula
WPN_Name_92,346366164328551,Grub Launcher
WPN_Name_94,346366164328553,My Name Jeff
WPN_Name_95,346366164328555,Poptart
WPN_Name_96,346366164328557,Rangus Spatula
WPN_Name_97,346366164328559,Cassette Launcher
WPN_Name_98,346366164328561,Bioflux
WPN_Name_100,346366164328565,Pulseforge
WPN_Name_101,346366164328567,Gas Can Launcher
WPN_Name_102,346366164328569,Punchline
WPN_Name_103,346366164328571,Lightning Gun
WPN_Name_104,346366164328573,Bolt Rifle
WPN_Name_105,346366164328575,Kicktube
WPN_Name_106,346366164328577,Shredder
WPN_Name_107,346366164328579,Frostbuck
WPN_Name_114,346366164328591,Muckshot
WPN_Name_115,346366164328593,Static Click
WPN_Name_116,346366164328595,Lava Lash
WPN_Name_117,346366164328597,Ice Lance
WPN_Name_118,346366164328599,Scorchrail
WPN_Name_119,346366164328601,Drizzle Rizzle
WPN_Name_120,346366164328603,Livewire
WPN_Name_121,346366164328605,Slush Rocket
WPN_Name_122,346366164328607,Hot Drop
WPN_Name_123,346366164328609,Static Spray
WPN_Name_124,346366164328611,Minus-One
WPN_Name_125,346366164328613,Emberload
WPN_Name_126,346366164328615,Grimer
WPN_Name_139,346366168522764,Clobber Lobber
WPN_Name_140,346366168522766,Quark Lance
WPN_Name_141,346366168522768,Boomfist
WPN_Name_142,346366168522770,Bad Mr. Frosty
WPN_Name_143,346366168522772,Hotshot
WPN_Name_144,346366168522774,Glacier Shatter
WPN_Name_145,346366168522776,Snot Lance
WPN_Name_146,346366168522778,Frostwave
WPN_Name_147,346366168522780,Burn Barrel
WPN_Name_148,346366168522782,Snowpiercer
WPN_Name_149,346366168522784,Oozooka
WPN_Name_150,346366168522786,Boombox
WPN_Name_151,346366168522788,Thunderclap
WPN_Name_152,346366168522790,Spitfire
WPN_Name_153,346366168522792,Slimerush
WPN_Name_160,33550649413005312,Quack Ops Spatula
WPN_Name_161,33737062735056896,Fish Schtick
WPN_Name_162,34041999033536512,Golden Spatula
WPN_Name_163,41673766724866048,Carl’s Childhood Stick
WPN_Name_164,41673766800363520,Rangus Pilot Spatula
WPN_Name_165,41673766888443904,Collectible Newspaper
PE_Desc_1,346366168522799,Destroy the Tendril
3b601266bb5d4a38b0834fd14d1ef92c_1_0,12863354212179968,Destroy the Hive Tendril
PE_Desc_4,346366168522801,Franken Infestation
970b77bc8ed04b3fb6ac4a9df5a207a6_4_0,12863354220568576,Large Globbos Destroyed
2bcb060e74794ee6b35dec056cb1ad4b_4_0,12863354220568577,Small Globbos Destroyed
PE_Desc_8,346366168522803,Infested Crash Site
58f4d3f77dd547dc8169638a7b3e062e_8_0,25819545705676800,Find Crashed Harvester
732760e06a494706bc85e319628b5c0f_8_0,13043324679086080,Eggs Destroyed
PE_Desc_11,346366168522807,The Market is Open
c62a3b9c572d46ca823e1d8a0a001798_11_0,12863354220568581,Visit the Meat Market
PE_Desc_20,346366168522809,Bug Nest
PE_Desc_25,45470492428066816,Water Landing
077ed3a648524d648d4f5830819caedf_25_0,13533376626548736,Water Landing Event
e9386d0a8dbb4482bdefb58886c504b2_25_0,12863354220568582,Locate meatgineer Reset
641e13cf11144468b19d70851075d9a7_25_0,12863354220568583,Keep Reset alive
c483f6bd06c94bc489c36921c6af7f3f_25_0,12863354220568584,Eliminate Reset's attackers
PE_Desc_26,346366168522813,Radio Blah Blah
780b3c462166410cb105383610f867a4_26_0,40699209502720000,.
PE_Desc_35,346366168522815,The holes have eyes...
f287fe2f2c004c2bb1ad94e620e19a7d_35_0,13043324687474689,Investigate
302c872126a14ec2838403c78ca53dbe_35_0,12863354220568585,Insect Enemies
PE_Desc_36,346366168522817,Eyes on me
3a678daece2d40309b8eb9970ebf79ba_36_0,12863354220568586,Locate the infestation
eebf973a04794126a5f32ebeba654e8e_36_0,42829564469415936,Killed
PE_Desc_37,346366168522819,Meat versus Machine
1d47360bac994027a98c29d45df2a55b_37_0,12863354220568587,Plasma Vents Destroyed
f3a6135ac12f437db96c381b815fc86e_37_0,12863354220568588,Towers Destroyed
PE_Desc_38,346366168522821,Where's the crowd?
934993f61e7d4fa898242cffd9d8abd4_38_0,12863354220568589,Find Event Beacon
PE_Desc_40,346366168522823,Meat Core Harvest
PE_SuccessDesc_40,111372950639206400,Meat core secured
d9554edb22ba42ddb94570a0b261f3e3_40_0,12863354220568590,Secure the Meat Core
823baa51f7ac45f685ba900c7c6ddfb2_40_0,13533376630743040,Node A
932df004b21244c99860871f9bfdbcfe_40_0,13533376630743041,Node B
218fe4acf7964a7cb5c7be094c6e69c0_40_0,13533376630743042,Node C
fab40eedf6b84ce6a088171f41a3db3e_40_0,13533376630743043,Node D
59136b9c775e4ec1933c8ed20f9f5d23_40_0,88805460474322944,Protect the Harvester!
29b4771bd209406eb232367ab4aef6ea_40_0,12863354220568591,Defense Nodes Landed
bd02e00fea674e84a16b0fc4d3a7c330_40_0,4741774349164544,Defend the Harvester!
db613423ab43495b808ae871d172820f_40_0,12863354224762880,Protect the Nodes
1698bcf073164975b50d0c057e9e9434_40_0,35944490102415360,Next Wave
4803acde682845028daa9cb9d258ff91_40_0,12863354224762881,Time Remaining
5ed58fbeb96d4cb382f8bc57afa849a5_40_0,4741774361747456,Evacuate Now!
c88aa5a86fb0487ea2940b49d5a26a61_40_0,12863354224762882,Wait for a Bolt Burger
06ee873104e6457f8fa804beda5d776f_40_0,55920373358587904,Escape in a Bolt Burger
PE_Desc_41,346366168522825,Stop the Franken Tickler
c284dddb27ca486cb0c83ae110eefa8d_41_0,13533376630743044,The Tickler
81d20e1613b6479ca33a6cdfc9ce5e0f_41_0,12863354224762883,Globbos Destroyed
fb7ab8116fc8407f95fc700ec7e73fea_41_0,12863354224762884,Tickler Defeated
PE_Desc_42,346366168522827,Offering of Meats
807edf1d4f3e4599a048379d0197a838_42_0,12863354224762885,Locate the Offering Circle
8e4d080278df4923a617256e18dee6d5_42_0,12863354224762889,Monster Defeated
PE_Desc_43,346366168522829,Search for Buried Treasure
0d2b2836ea734fdf9cc838949e782087_43_0,12863354224762890,Enter the Forbidden Cove
a95b5d889fb84d7ba700d8975dc1d8a1_43_0,26214435956711424,Dangerous Eggs
becd4830a7ae4b778a2b0a39b3869500_43_0,12863354224762891,Fish Eggs Destroyed
637d1804119d485f88ca47f98128d541_43_0,12863354224762892,Defeat Broadside
PE_Desc_44,346366168522831,Meat Blender
efacc41cf94b40c4b9e9b32da808541b_44_0,12863354224762893,Blend Your Meat
PE_SuccessDesc_47,111372950660177920,Franken felled!
631906e57b8d4160990d2e447587b61b_47_0,12863354224762894,Enter the Lair
10284edea78c43f3a1daa7d6b798a24e_47_0,4741774361747457,You did it!
307da1864b474e55ad4c1444a56658db_47_0,12863354224762895,Defeat Franken Beans
PE_Desc_53,346366168522837,Extermination Operation
3a678daece2d40309b8eb9970ebf79ba_53_0,12863354224762896,Find the Rangus Facility
eebf973a04794126a5f32ebeba654e8e_53_0,45655994116595712,Bugzappers Killed
PE_Desc_54,45470492470009856,Treasure Heist
7dd5734af14447428441a4afa3b05ccf_54_0,15335522801844224,hold
70251a9670894e1685d2b10b35d46f9c_54_0,63562852086874112,Find the Treasure Chest
ac2567e652e94e068700c6209c7f36ea_54_0,79134725535424512,What luck!!
2c6cfc90551847669db3d4e2ef15d3c6_54_0,79134725535424513,Turrets Killed
PE_Desc_56,346366168522841,Massive Infestation
PE_Desc_57,346366168522843,Slimy Gathering
4115cee4e56045ee915c6d12fc8f28bf_57_0,25819545806340097,Find the Slime Gathering
PE_Desc_58,346366168522845,Roly-Poly Fish Eggs
PE_Desc_60,346366168522847,Rotten Meat
e1a978fc518c4eb495acc2987c36bb16_60_0,39648836050518016,Test
4a9bef823c604de19b73c9aeafca1d8d_60_0,12863354224762897,Find Calypso's Kidney
bfd544a6595040d29ce21af210a4de5a_60_0,12863354224762898,Pipes Clogged with Monolith Heads
7c767509160b47d09ee5fd3037cd6303_60_0,38122210821771264,Calypso's Kidney Destroyed
PE_Desc_64,346366168522851,The Heart Breaker
736627e655094cfa8f25340937a2d4ff_64_0,25819545806340099,Find Calypso's Heart
bae246cb718c4be1ae01bf6826b33960_64_0,28599495512850432,Calypso's Heart Destroyed
PE_Desc_65,346366168522853,Bad Bubble Boys
7091b8121ac345a7b5dd032f1fb10d38_65_0,12863354224762900,Destroy Shield Generators
d0e8fcbdc77f4b76892c67d9ba0008a2_65_0,45428356357808128,Bulbs Blasted
c684dd36776f40a7becea5c3a624dec7_65_0,12863354224762901,Gunneroids Killed
PE_Desc_69,346366168522855,Alien Flesh Farm
1d47360bac994027a98c29d45df2a55b_69_0,36342413208686592,Factory Nodes Destroyed
bb07c029345a4e33bd8243e510d76cc2_69_0,13043324687474692,Gunneroids Defeated
PE_Desc_70,346366168522857,Kill Your TV
1d47360bac994027a98c29d45df2a55b_70_0,42829564557496320,Broadcasters Destroyed
PE_Desc_72,346366168522861,Shut er down!
1d47360bac994027a98c29d45df2a55b_72_0,42829564557496321,Destroy Factory
PE_Desc_73,346366168522863,The Big Cookout
e42ff4f67bcc4ec980f66f7325459554_73_0,12863354224762903,Find the MegaNuker
82239c3b0973496980d13c3eb35465f5_73_0,4741774365941760,Defend the Meat Core!
a6f8d590137c4bf3b33589b5e032a69c_73_0,12863354224762904,Enemies Incoming
d226c4e37ecc4efd9459d4eb10157033_73_0,12863354224762905,Activate the Nukers
1415483d8e43417fb532b91312777e21_73_0,12863354224762906,Cooking in Progress...
ff4f7bf8a6c14791a0d538b070a535d6_73_0,12863354224762907,Protect the Meat Core
83339c61496448f3ab8a9f00787f30bd_73_0,28635447101943808,Extracting Meat Core
14b550cb62de4d47aa26571d5ec081a4_73_0,35944490127581184,Escape the Planet
PE_Desc_75,346366168522867,What the heck is that?
PE_Desc_77,346366168522871,Chefs in Peril
a2a7d50a3af045e88d53a6481091ff5a_77_0,12863354224762915,Find the Trapped Rangus Chefs
db2e0f5131304464a110d29750997d13_77_0,43614748405653504,Chefs Rescued
98a8f6a25bfa4799901701cb818c0d9a_77_0,50485223666515968,Zorpjets Destroyed
PE_Desc_79,346366168522875,Health Station Nearby
455efe9b97694027bc0a679531a30729_79_0,28265088556195840,Find the Health Station
45c41fc4a38742fdb704cb4e69bcd9da_79_0,28263989174591488,Use Station to Regain Health
PE_SuccessDesc_81,111372950685343744,You're the champ!
866e5e3449304da59d2ee38062fafa39_81_0,127793421195603968,!
b1b2c3d4e5f64a3a8b3c1d2e3f4a5b6e_81_0,127343731697246208,kill em
080d27fb42324e548cdeb9c78188b9e1_81_0,12863354224762921,"Congratulations, champ!"
PE_Desc_83,346366168522881,Tangus 500
1698bcf073164975b50d0c057e9e9434_83_0,12863354224762923,"On Your Mark, Get Set ..."
ddbd21266895450a9263d7ddd491cf50_83_0,12863354224762924,Tangus Racers Defeated
PE_Desc_85,63562852170760192,Turret Run
PE_Desc_86,346366168522887,Clean the Pipes
PE_Desc_87,346366168522889,Close the Spawn Doors!!!
f0962f6aedf542eb8754104f02dbc776_87_0,13043324691668993,Align Crystals to Close the Portals
PE_Desc_88,346366168522891,Alien Matrix
8c9ba7dccc20445c89cd89d1ba506cc4_88_0,53087326635548672,Protective Crystal
88eea4ea07334f4b9957fa019c9c9e72_88_0,13043324691668994,Pods Killed
a1bfc46fe1a54a509690de1b510631e3_88_0,53087326635548673,Shoot the Crystals to Align them
47d22a0a9d04426a939f3ea0864b5205_88_0,34098342817202176,Protective Crystal Destroyed
29488c16d198412883a2a51596acc2bb_88_0,34098342817202177,Highbeams Defeated
PE_Desc_89,15325185385988096,Block those Tractor Beams!!
4c5f937ce7714ef9b521d16bc072a73a_89_0,45789048323694592,Grab some free meat!
d041259c46074c00896e43684af48ba9_89_0,45789048327888896,Free Meat!
4ddcdfd50d0e47f08fd6bc7f5f1bb469_89_0,15325185385988097,Beams Blocked
10ba103a02a742209c06b33018b68ef2_90_0,13533376634937347,ExtractMeatCore!
9626d545c2694bd292bf79ea22f15d33_90_0,13533376634937348,Secure the Meat Core!
96f4e288b2da481fb27f4a251b3c5e0c_90_0,12863354224762926,Travel to Crash Site
29b4771bd209406eb232367ab4aef6ea_90_0,31181757266366465,Harvester Defense Nodes Landed
bd02e00fea674e84a16b0fc4d3a7c330_90_0,35944490152747008,Defend the Harvester
ff4f7bf8a6c14791a0d538b070a535d6_90_0,31181757266366468,Defend the Harvester Nodes
3c99156a71e94689befdad6541f0bf07_90_0,12863354224762927,Enemies Defeated
PE_Desc_91,31181757266366470,Squash Some Bugs
63a0f53118c1402c99a31618368c68ea_91_0,13533376634937349,Insect Eggs
6f2d88d0310742859bdb6238d3e4ad86_91_0,12863354224762928,Nests Destroyed (Press [InputAction:Gameplay/RangedFire] to Shoot)
PE_Desc_92,346366168522899,Use Those Legs
363558d8493e48e289610cc80a45dce7_92_0,13533376634937350,Goal!
144401ad86fc4e17a5b485773aed3c37_92_0,31181757266366471,Approach the Gap
eaef22943f4141959ba6d109230e29d0_92_0,12863354224762929,Use [InputAction:Gameplay/Jump] plus Spider Legs to Cross the Gap
862addccc4bf4bb9b4c7a0c4d6b48150_93_0,12863354224762930,Take Down those Turrets
PE_Desc_96,5177172537671680,Warm Up that Smart Meat!
144401ad86fc4e17a5b485773aed3c37_96_0,12863354224762931,Use [InputAction:Gameplay/CharacterMovement] to Move Toward Cliff
a169f4140ad1400281c0f9cbb7a7c6cf_96_0,12863354224762932,Use [InputAction:Gameplay/Jump] to Scale the Cliff
144401ad86fc4e17a5b485773aed3c37_97_0,31181757266366472,Use [InputAction:Gameplay/CharacterMovement] to move to the Beacon!
f08e077d07fe4de585998d9e58be16a8_97_0,12863354228957184,Use [InputAction:Gameplay/LegsAbility] to Slide Under the Rubble!
a169f4140ad1400281c0f9cbb7a7c6cf_97_0,31181757266366473,Use [InputAction:Gameplay/Jump] to Jump up the Cliff Side!
PE_Desc_98,16371853938163712,Under the Mountain
a1908cc5be6d465790e029e3f2e73d0d_98_0,16371853938163713,Cave Entrance
43299c14b63f49d78c190b2a798a27a6_98_0,16371853938163714,Enter Nearby Cave
PE_Desc_99,18285212149252096,Infested Cavern
PE_Desc_100,42829564599439360,Tunnel Mutants
153cc3f8cf1f4d0888816bf658a8632c_100_0,18288937009971200,Fish Defeated
ed78870de0ee4edc9c00f8d0e25bd930_100_0,46164313786580992,Ducks Defeated
PE_Desc_101,21033271765532672,Turn Off the Juice
79546cc3d5574f48bfeae8542285b2be_101_0,35236879184723968,Valve
36cd18992f274b02a91cd6c0e992f1f4_101_0,31321804916948992,Drain Location
e7d14953a4ce4343b8ec0afd82159bfc_101_0,20864094534664192,Clean the Turbine
9e417b53bbd949a386d2591e402d5f07_101_0,20866619597946881,Clear the Pumps
86379083fd29463498e7361acdd157e4_101_0,20866619597946882,Destroy the Valve
fcf9f2b3388a439ebd895d5441e1652f_101_0,20866619597946883,Eliminate Corruption
8d27d8bb3bee42c2942be3baf1859045_101_0,20866619602141184,Alien Brain Destroyed
PE_Desc_104,31957267828957184,Save Bernie!
de34733aa21446248815db4a898e8278_104_0,31957267828957185,Chef Rescued
PE_Desc_105,32979855038251008,Alien Clone Factory
95793848bf4b4be5a284252b6e26a2cc_105_0,32983460336140288,Clone Jars Destroyed
PE_Desc_106,34098342833979393,Alien Cloning Pod
PE_Desc_109,39596777527869440,Chop Shop Bop
1016690cd2f7490092f4aeab093cec72_109_0,39596777527869441,Containers Destroyed
PE_Desc_110,40051845133795328,Stop the Abomination Summoning
0c5e0b437f13418387fcb4fda3255c12_110_0,45428356416528384,Find SludgePool
882c3ea243c1443e95759576b73b2729_110_0,40046892562546689,Pipes Clogged
c684dd36776f40a7becea5c3a624dec7_111_0,43214497377521665,Gunneroid Defeated
PE_Desc_116,56885979705540608,Align the Crystals!
PE_Desc_118,92320026952982528,Special Delivery
eea91060b83b4496b1aeac1d2d260752_118_0,92320026952982529,Find the Truck
04fabed781d24397a4ed9344c5a3d010_118_0,92320026952982530,Start the Resource Truck
24f5e0820b2a430e8674be90ab68934f_118_0,92320026952982531,Escort the Truck
886243dec6dd496386e201a8f85cc295_118_0,92320026952982532,Protect the Cargo
00c32fad3a344b378b312571aee6b3ec_118_0,92320026952982533,Open gate
0bcd28e40f684d9db9742eb8901dad37_118_0,92320026952982534,Tractor Beam Killed
fcd915f79a4740e2a0a12db6d86a8244_118_0,92320026952982535,Launch the Shuttle
9da26d36ea2247ba99b70e7c742973b1_118_0,92320026952982536,Launching 
PE_Desc_120,64640664627830784,Disable Meathedral's Shield
736627e655094cfa8f25340937a2d4ff_120_0,64640664636219392,Destroy the meat pickles
8c5170fa2ce549e1985ebb5d0e01c4e6_120_0,64640664636219393,Meat Pickles Killed
PE_Desc_121,66001975099817984,Charge the batteries
477fc870434d4106b6594bd6e83d5c48_121_0,66763169448361984,Generator 1
31498dc4387f4eaea72dde2f0832dce7_121_0,66763169515470851,Free Machine Heads!
51af503259c74b36bab7aeab459b285a_121_0,66763169515470852,Find Machine Factory
182e239371ef49dfbec24e0ea023fd6a_121_0,66763169515470853,Grab a Machine Head and charge the Generators
e902d74f6cf640f296e9a01344279cab_121_0,101942999326384128,Charged
PE_Desc_122,66304535369342976,Head to your bolt burger and start a new run!
90eef0e7dafe4e98b691a8cf3bfae1b5_122_0,66304535373537280,Continue Run
da041d35d4c44d99bda028dd88ff0325_122_0,66304535373537281,Head to your Bolt Burger
e7c43fda99ac4e8e8dd538cf316110cf_122_0,66304535373537282,Start a Run
PE_Desc_124,87364860482936832,Mysterious Shrine Nearby
PE_CompassDesc_124,90954630467411968,Shrine
PE_FailureDesc_124,88905188520222720,<color=#FF3667>Shrine Destroyed!</color>
45c41fc4a38742fdb704cb4e69bcd9da_124_0,87364860482936834,Activate the shrine
555fc042f5db409abe3caba4559a8797_124_0,89024036670005248,waiting
368bf896e1c94240bd2576d0b1a657fa_124_0,88432235181498368,Defend the shrine!
60b5b41fcef444a284cd8994d540f9c5_124_0,91672564080828416,Defend the shrine as it powers up!
3f13c16356b846cc9b49d10059081ed9_124_0,88510558536458240,wait
PE_Desc_125,92791742368047104,Defeat all enemies
PE_Desc_127,93986020658241536,Find the portal to the next room!
702602d4ffea43a8ad2b8be054e73dc4_127_0,93987121075838976,Interact with exit portal
PE_Desc_128,97509550570070016,Pick your meat!
f59980ba4e384046ab723e5bc9badda9_128_0,97509550570070017,Player rewards collected
PE_Desc_129,98235809558159360,Pick your weapon!
PE_Desc_130,100509189787344896,Pick your mutation!
PE_Desc_131,107655364055392256,Destroy the portals!
9fb394aa180a48f7bc480a0d21c14962_131_0,107655364055392257,Enter the ring!
6738dedaf8d8478a8d74e1a1d2e2c125_131_0,107655364055392258,portals closed
PE_Desc_133,107655364063780865,Defeat the hunters!
PE_SuccessDesc_133,111372950735675392,Hunters defeated!
6738dedaf8d8478a8d74e1a1d2e2c125_133_0,107655364076363776,hunters defeated
PE_Desc_134,111585918903640064,Help Carl get in his Mech!
53afc69896b94bfba03024778d9e3623_134_0,111688140467462144,Grab Carl and toss him into his mech!
PE_Desc_135,124465651211296768,Employee Orientation: Meat
cc964ef862b643d5a7ef9c7798b976f3_135_0,124465651211296769,Swap Meat 3 Times
PE_Desc_136,124465651211296770,Employee Orientation: Weapons
9697eea8c0a144b39d6932525438c386_136_0,124725136014172160,Firing Range
a64e4221509044f38e63532f945fe173_136_0,124653062583214080,Head to the weapon range
a60961b078fe4a96ae268cb577f81e08_136_0,124465651211296771,Shoot dummy with Pistol [InputAction:Gameplay/RangedFire]
75a404bead8b4222886ea28d9fafd2a0_136_0,124465651215491072,Melee a dummy [InputAction:Gameplay/MeleeFire]
PE_Desc_137,124479668990500864,Employee Orientation: Upgrades
PE_SuccessDesc_137,124479668990500865,Good jorb
e70d0d0eef1e471bafb7f0181a151ddc_137_0,124658835887480832,Talk to Carl
PE_Desc_138,125137471035924480,ATNT
