Key,Id,Portuguese (Brazil)(pt-BR)
ABC_Name_1,346366113996800,Feixe
ABC_Name_2,346366126579712,Área de Efeito
ABC_Name_3,346366126579713,Invocação
ABC_Name_4,346366126579714,Projétil
ABC_Name_5,346366126579715,Vantagem
ABC_Name_6,346366126579716,Movimento
ABL_Name_2,346366126579717,Torreta Balística
ABL_Desc_2,346366126579718,Implanta uma torreta que atira em inimigos próximos.
ABL_Name_3,346366126579719,Investida Turbo
ABL_Desc_3,346366126579720,"Após segurar para carregar, avança e explode."
ABL_Name_7,346366126579721,Bomba de Energia
ABL_Desc_7,346366126579722,"Lança uma bomba que causa dano <#FFEB04><link=""Keyword:12"">[Elétrico]</link></color>."
ABL_Name_8,346366126579723,Arrancada
ABL_Desc_8,346366126579724,Move-se rapidamente na direção que você está olhando.
ABL_Name_9,346366126579725,Abraços Grátis
ABL_Desc_9,346366126579726,"Peça a ajuda do seu parceiro Reset! <br>Puxa inimigos próximos e causa pulsos de dano <#FFEB04><link=""Keyword:5"">[Cinético]</link></color>."
ABL_Name_27,346366126579727,Míssil de Carne
ABL_Desc_27,346366126579728,Taca um foguetão que explode no impacto.
ABL_Name_52,346366130774016,Minas Terrestres
ABL_Desc_52,346366130774017,Implanta uma linha de minas terrestres.
ABL_Name_53,346366130774018,Passos Eólicos
ABL_Desc_53,346366130774019,"Teleporte para frente e ganhe Passos Aéreos<br>Ataques Corpo a Corpo causam 50% de dano adicional <#FFEB04><link=""Keyword:5"">[Cinético]</link></color> por 10s."
ABL_Name_56,346366130774020,Onda de Explosão
ABL_Desc_56,346366130774021,"Cria uma onda de choque que causa dano <#FFEB04><link=""Keyword:5"">[Cinético]</link></color> e empurra inimigos."
ABL_Name_63,346366130774022,Arrancada Explosiva
ABL_Desc_63,346366130774023,Avança e deixa uma explosão para trás.
ABL_Name_64,346366130774024,Queda Banzai
ABL_Desc_64,346366130774025,"Toque para pular, segure para um pulo maior. <br>Use no ar para desferir um golpe para baixo e causar um grande estrondo."
ABL_Name_66,346366130774026,"Desliza, Coxão Mole"
ABL_Desc_66,346366130774027,Desliza rapidamente na direção do seu movimento.
ABL_Name_68,346366130774028,Superbolo de Carne
ABL_Desc_68,346366130774029,Serve uma guloseima que atrai os inimigos e depois causa dano e atordoa qualquer um que a ataque.
ABL_Desc_69,346366130774031,"Lança uma bomba que causa dano <#FFEB04><link=""Keyword:5"">[Cinético]</link></color>."
ABL_Name_73,346366130774034,Água de Salsicha
ABL_Desc_73,346366130774035,"Mande um gole pra dentro e vire super-herói!<br>+500% de velocidade de ataque, 5x de dano, pulos extras e mais velocidade!"
ABL_Desc_78,346366130774041,"Lança uma bomba que causa dano de <#FFEB04><link=""Keyword:14"">[Gosma]</link></color>."
ABL_Name_81,346366130774046,Corrida
ABL_Desc_81,346366130774047,Corre mais rápido enquanto avança. Segure para correr mais longe.
ABL_Desc_82,346366130774049,"Lança uma bomba que causa dano de <#FFEB04><link=""Keyword:15"">[Gelo]</link></color>."
ABL_Name_86,346366130774056,Caixa de Suprimentos
ABL_Desc_86,346366130774057,Posiciona uma Caixa de Munição que permite aos jogadores próximos atirar sem recarregar e concede +50% de velocidade de ataque.
ABL_Name_87,346366130774058,Laser Franken
ABL_Desc_87,346366130774059,Dispara um raio laser enorme e te faz perder a cabeça!
ABL_Name_88,346366130774060,Congestionamento Monolítico
ABL_Desc_88,346366130774061,Joga sua cabeça para atacar um inimigo ou quebrar alguma coisa.
ABL_Name_89,346366130774062,Congelamento Instantâneo
ABL_Desc_89,346366130774063,Congela instantaneamente todos os inimigos em um raio de 25 metros.
ABL_Name_90,346366130774064,Arrancada da Aranha
ABL_Name_91,346366130774066,Olhos Teleguiados
ABL_Desc_91,346366130774067,Lança olhinhos que voam em direção aos inimigos e depois explodem.
ABL_Name_92,346366130774068,Bomba Glu Glu
ABL_Desc_92,346366130774069,Lança uma bomba que atrai os inimigos antes de explodir.
ABL_Name_95,346366130774070,Torreta Flutuante
ABL_Desc_95,346366130774071,Implanta uma torreta voadora que atira em inimigos próximos.
ABL_Name_96,346366130774072,Micro Jacksons
ABL_Desc_96,346366130774073,Chama lacaios mutantes malignos.
ABL_Name_97,346366130774074,Feixe Amaciador
ABL_Desc_97,346366130774075,Concentra seu poder em um raio que destrói tudo em seu caminho.
ABL_Desc_99,346366130774079,"Lança uma bomba que causa dano de <#FFEB04><link=""Keyword:13"">[Fogo]</link></color>."
ABL_Name_100,346366130774080,Passos Carniceiros
ABL_Desc_100,346366130774081,"Avance para frente<br>Ataques à distância causam 20% de dano <#FFEB04><link=""Keyword:5"">[Cinético]</link></color> adicional por 10s."
ABL_Name_101,346366130774082,Supercarga
ABL_Desc_101,346366130774083,"Receba <#FFEB04><link=""Keyword:10"">[Munição Infinita]</link></color> e +40% de Velocidade de Ataque por 15s."
ABL_Name_108,346366130774094,Arrancada Sísmica
ABL_Desc_108,346366130774095,"Causa dano <#FFEB04><link=""Keyword:5"">[Cinético]</link></color> aos inimigos enquanto você corre."
ABL_Name_117,346366130774112,Armadura de Ossos
ABL_Desc_117,346366130774113,"Concede 150 de <#FFEB04><link=""Keyword:11"">[Barreira]</link></color> aos aliados próximos por 30s.<br>Enquanto a <#FFEB04><link=""Keyword:11"">[Barreira]</link></color> durar, Reflete o dano sofrido."
ABL_Name_142,346366130774162,Golpe de Braço
ABL_Desc_142,346366130774163,Gira e acerta os inimigos próximos. Irrá!
ABL_Name_147,346366130774172,Arrancada da Vespa
ABL_Desc_147,346366130774173,"Avança para frente, lançando estrondos em seu caminho."
ABL_Desc_152,346366130774183,"Avance para frente<br>Ataques à distância causam 20% de dano de <#FFEB04><link=""Keyword:15"">[Gelo]</link></color> adicional por 10s."
ABL_Desc_153,346366130774185,"Avance para frente<br>Ataques à distância causam 20% de dano de <#FFEB04><link=""Keyword:14"">[Gosma]</link></color> adicional por 10s."
ABL_Desc_154,346366130774187,"Avance para frente<br>Ataques à distância causam 20% de dano <#FFEB04><link=""Keyword:12"">[Elétrico]</link></color> adicional por 10s."
ABL_Desc_155,346366130774189,"Avance para frente<br>Ataques à distância causam 20% de dano de <#FFEB04><link=""Keyword:13"">[Fogo]</link></color> adicional por 10s."
ABL_Name_164,346366130774206,Arremesso de Patapedra
ABL_Desc_164,346366130774207,Joga uma boa e velha pedra explosiva.
ABL_Name_169,346366130774216,Feixe de Levitação
ABL_Desc_169,346366130774217,Flutua no ar enquanto dispara um poderoso raio contra alvos terrestres.
ABL_Name_174,346366130774226,Cuspe da Vespa
ABL_Desc_174,346366130774227,Vomita um cone de projéteis.
ABL_Name_179,346366130774236,Octo Giro
ABL_Desc_179,346366130774237,Gira enquanto atira em todas as direções. Também é bem maneiro.
ABL_Name_184,346366130774246,Cuspe do Homem-toupeira
ABL_Desc_184,346366130774247,Lança pedrinhas dolorosas em seus inimigos.
ABL_Name_197,346366130774272,Tocaia
ABL_Desc_197,346366130774273,Entra sob o solo e explode ao emergir.
ABL_Name_198,346366130774274,Atirador Bobão
ABL_Desc_198,346366130774275,Implanta um Bobão que atira em inimigos próximos. O nome já diz tudo.
ABL_Name_199,346366130774276,Enxame de Foguetes
ABL_Desc_199,346366130774277,Lança um monte de mísseis não guiados.
ABL_Name_200,346366130774278,Marca Ninja
ABL_Desc_200,346366130774279,"Lança 5 shurikens. Cada acerto concede<br>+3% de Velocidade de Ataque<br>+10 de Dano <#FFEB04><link=""Keyword:5"">Cinético</link></color><br>+3% de Dano <#FFEB04><link=""Keyword:5"">[Cinético]</link></color><br>(Acumula até 5 vezes)."
ABL_Name_201,346366130774280,Corte Carregado
ABL_Desc_201,346366130774281,Desfere um ataque Corpo a Corpo triplo com salto.
ABL_Desc_218,346366134968329,"Teleporte para frente e ganhe Passos Aéreos<br>Ataques Corpo a Corpo causam 50% de dano adicional <#FFEB04><link=""Keyword:12"">[Elétrico]</link></color> por 10s."
ABL_Desc_219,346366134968331,"Teleporte para frente e ganhe Passos Aéreos<br>Ataques Corpo a Corpo causam 50% de dano adicional de <#FFEB04><link=""Keyword:13"">[Fogo]</link></color> por 10s."
ABL_Desc_220,346366134968333,"Teleporte para frente e ganhe Passos Aéreos<br>Ataques Corpo a Corpo causam 50% de dano adicional de <#FFEB04><link=""Keyword:15"">[Gelo]</link></color> por 10s."
ABL_Desc_221,346366134968335,"Teleporte para frente e ganhe Passos Aéreos<br>Ataques Corpo a Corpo causam 50% de dano adicional de <#FFEB04><link=""Keyword:14"">[Gosma]</link></color> por 10s."
ABL_Desc_222,346366134968337,"Lança 5 shurikens. Cada acerto concede<br>+3% de Velocidade de Ataque<br>+10 de Dano <#FFEB04><link=""Keyword:12"">[Elétrico]</link></color><br>+3% de Dano <#FFEB04><link=""Keyword:12"">[Elétrico]</link></color><br>(Acumula até 5 vezes)."
ABL_Desc_223,346366134968339,"Lança 5 shurikens. Cada acerto concede<br>+3% de Velocidade de Ataque<br>+10 de Dano de <#FFEB04><link=""Keyword:15"">[Gelo]</link></color><br>+3% de Dano de <#FFEB04><link=""Keyword:15"">[Gelo]</link></color><br>(Acumula até 5 vezes)."
ABL_Desc_224,346366134968341,"Lança 5 shurikens. Cada acerto concede<br>+3% de Velocidade de Ataque<br>+10 de Dano de <#FFEB04><link=""Keyword:14"">[Gosma]</link></color><br>+3% de Dano de <#FFEB04><link=""Keyword:14"">[Gosma]</link></color><br>(Acumula até 5 vezes)."
ABL_Desc_225,346366134968343,"Lança 5 shurikens. Cada acerto concede<br>+3% de Velocidade de Ataque<br>+10 de Dano de <#FFEB04><link=""Keyword:13"">[Fogo]</link></color><br>+3% de Dano de <#FFEB04><link=""Keyword:13"">[Fogo]</link></color><br>(Acumula até 5 vezes)."
ABL_Name_226,346366134968344,Cadeira Dobrável
ABL_Desc_226,346366134968345,Considere jogar isso em alguém que merece.
ABL_Name_227,346366134968346,Beatriz Rainha
ABL_Desc_227,346366134968347,Invoca a Abelha Rainha para voar ao redor de seus inimigos e ferroá-los.
ABL_Name_228,346366134968348,Drenagem Cerebral
CND_Name_1,346366134968365,Geladura
CND_Desc_1,346366134968366,O alvo se move e ataca lentamente.
CND_Name_2,346366134968367,Eletrocussão
CND_Desc_2,346366134968368,Causa dano periódico aos inimigos próximos.
CND_Name_3,346366134968369,Gosma
CND_Desc_3,346366134968370,O alvo sofre mais dano de todas as fontes.
CND_Name_4,346366134968371,Sangramento
CND_Desc_4,346366134968372,O alvo sofre dano ao longo do tempo.
CND_Name_5,346366134968373,Queimadura
CND_Desc_5,346366134968374,"O alvo sofre dano de <#FFEB04><link=""Keyword:13"">[Fogo]</link></color> ao longo do tempo."
CND_Name_6,346366134968375,Fogo Fátuo
CND_Desc_6,346366134968376,"O alvo sofre Dano de <#FFEB04><link=""Keyword:13"">[Fogo]</link></color> contínuo e -20% de Velocidade de Movimento."
CND_Name_8,346366134968377,Cambaleamento
CND_Desc_8,346366134968378,O alvo não pode realizar ações.
CRT_Name_6,346366134968379,Ciclóptico
CRT_Name_8,346366134968380,Zum-zum
CRT_Name_11,346366134968381,Maromba
CRT_Name_12,346366134968382,Robô Foguete
CRT_Name_13,346366134968383,Teioso
CRT_Name_22,346366134968384,Catarrento
CRT_Name_26,346366134968385,Moedor
CRT_Name_28,346366134968386,Sapo
CRT_Name_31,346366134968387,Nhac-nhac
CRT_Name_34,346366134968388,Nhom-nhom
CRT_Name_37,346366134968389,Peperolho
CRT_Name_38,346366134968390,Calota
CRT_Name_39,346366134968391,Alma Grelhada
CRT_Name_40,346366134968392,Grease Monkey
CRT_Name_41,346366134968393,Tutulargão
CRT_Name_42,346366134968394,Glu Glu Glúteos
CRT_Name_43,346366134968395,Falcão Apresuntado
CRT_Name_44,346366134968396,Franken Grandalhão
CRT_Name_45,346366134968397,Zipinseto
CRT_Name_46,346366134968398,Torre
CRT_Name_47,346366134968399,Vazio
CRT_Name_48,346366134968400,Grão Boladão
CRT_Name_50,346366134968401,Cabeção
CRT_Name_51,346366134968402,Nulo
CRT_Name_52,346366134968403,Boboneco
CRT_Name_53,346366134968404,Artilheroide
CRT_Name_54,346366134968405,Zorpjato
CRT_Name_55,346366134968406,Domador
CRT_Name_56,346366134968407,Pestinha
CRT_Name_57,346366134968408,Patapedra
CRT_Name_59,346366134968409,Toupodre
CRT_Name_60,346366134968410,Balão Bozo
CRT_Name_61,346366134968411,Balde Espacial
CRT_Name_62,346366134968412,Corredor de Tangus
CRT_Name_63,346366134968413,Reset
CRT_Name_65,346366134968415,Micro Jackson
CRT_Name_66,346366134968416,Peperolho de Luxo
CRT_Name_67,346366134968417,Beatrizinha
CRT_Name_68,346366134968418,Farol Alto
CRT_Name_69,346366134968419,Árbitro
CRT_Name_70,346366134968420,Pete do Partido Porcalhão
CRT_Name_71,346366134968421,Senador Júnior
CRT_Name_72,346366134968422,Juiz Lagostim
CRT_Name_73,346366134968423,Aeroperuca
CRT_Name_75,346366134968425,Destruidor
CRN_Name_4,346366134968426,Moeda Carl
CRN_Desc_4,346366134968427,"Concedida pelo próprio Carl para comemorar cada promoção, não importa o tamanho!"
CRN_Name_7,346366139162624,Podrito
CRN_Desc_7,346366139162625,"Nem todo mundo sabe que ""Podrito"" é um nome alternativo para cachorro-quente, mas as decisões tomadas na cunhagem desta moeda fazem muito mais sentido depois que você descobre isso."
CRN_Name_26,346366139162626,Ponto de Incentivo da Tarefa
CRN_Desc_26,346366139162627,"Um sistema arcaico que é alvo de intensos debates até hoje. No entanto, a cultura PIT continua existindo."
CRN_Name_28,346366139162628,Amostra de Franken
CRN_Desc_28,346366139162629,"Ótimo para ter à mão diante de visitas inesperadas! Valeu, Frank."
CRN_Name_29,346366139162630,Bugiganga de Franken
CRN_Desc_29,346366139162631,Uma bugiganga que contém algo perturbadoramente parecido com uma linguiça curada suspensa em uma substância viscosa. Seria essa a forma primordial das Carnes Franken?
CRN_Name_30,346366139162632,Amostra Mutante
CRN_Desc_30,346366139162633,Retirado com alegria das garras inconscientes dos Soco-fundadores!
CRN_Name_31,346366139162634,Bugiganga Mutante
CRN_Desc_31,346366139162635,"Uma pequena massa de matéria mutante que revela ocasionalmente um olho extra, olha ao redor e então o retrai grotescamente. Eca!"
CRN_Name_32,346366139162636,Peixincha
CRN_Desc_32,346366139162637,"Os Peixinchas podem ser pequenos, mas mordem como um pinscher raivoso!"
CRN_Name_33,346366139162638,Boiocu
CRN_Desc_33,346366139162639,"Flagrar uma cena dessas é o que dá sentido ao nome ""Boiocu""!"
CRN_Name_34,346366139162640,Krillabresa
CRN_Desc_34,346366139162641,Uma iguaria intergaláctica.
CRN_Name_35,346366139162642,Oitolvo
CRN_Desc_35,346366139162643,"Superior em todos os aspectos ao seu primo, o polvo comum. Além de ter oito tentáculos, também é bilíngue."
CRN_Name_36,346366139162644,Peixe-dourado
CRN_Desc_36,346366139162645,Tem ouro nessas guelras!
CRN_Name_37,346366139162646,Peixe-bolha
CRN_Name_38,346366139162648,Devora-dogão
CRN_Name_39,346366139162650,Mergulhinho
CRN_Name_40,346366139162652,Elulas por Elas
CRN_Name_41,346366139162654,Nuncredito
CRN_Name_42,346366139162656,Memeralda
CRN_Desc_42,346366139162657,"Mineral de Classe 2. Uma pedra preciosa verde brilhante que, segundo dizem, guarda fragmentos de lembranças ancestrais. Ao segurá-la, você vislumbra ecos do passado."
CRN_Name_43,346366139162658,Obtânio
CRN_Desc_43,346366139162659,Mineral de Classe 1. Muito mais fácil de se obter do que outros minérios e ainda funciona superbem. Por que todo mundo está tão obcecado com o inalcançável quando temos isso aqui na nossa frente?
CRN_Name_44,346366139162660,Gastrotreco
CRN_Desc_44,346366139162661,"Tecnologia Antiga de Classe 1. Há muito tempo, exploradores do espaço sideral a usavam para submergir as cabeças em líquido respirável. Parece estar bastante deteriorada agora, mas ainda é ótima para peças."
CRN_Name_45,346366139162662,Inversor de Íons
CRN_Desc_45,346366139162663,"Tecnologia Antiga de Classe 2. Os antigos Gastronautas estavam tão preocupados em saber se conseguiam ou não inverter íons, que não pararam para pensar se deveriam fazê-lo."
CRN_Name_46,346366139162664,Ponto de Esforço Rangus
CRN_Desc_46,346366139162665,Colete PERs para subir seu Ranque de Funcionário Rangus.
CTC_Name_1,346366139162668,Moedas
CTC_Name_2,346366139162669,Peixe
FAC_Name_1,346366139162670,Máquina
FAC_Name_2,346366139162671,Aquática
FAC_Name_3,346366139162672,Mutante
FAC_Name_4,346366139162673,Franken
FAC_Name_5,346366139162674,Omni
FAC_Name_6,346366139162675,Insetoide
FAC_Name_7,346366139162676,Alienígena
FAC_Name_8,346366139162677,Rangus
FAC_Name_9,346366139162678,Caçadores
FAC_Name_10,346366139162679,Inimigo Genérico
GN_Name_1,346366139162680,Fenda de Água
GN_Name_3,346366139162681,Gastronauta Antigo
GN_Name_4,346366139162682,Nódulo de Obtânio
HE_Desc_1,346366139162687,"Causa 20 de dano <#FFEB04><link=""Keyword:12"">[Elétrico]</link></color> (+10 por acúmulo) a 3 inimigos em cadeia."
HE_Desc_3,346366139162689,"Causa dano e a condição <#FFEB04><link=""Keyword:7"">[Cambaleamento]</link></color> em cadeia a 3 inimigos."
HE_Desc_11,346366139162691,"Propaga <#FFEB04><link=""Keyword:1"">[Queimadura]</link></color> em cadeia a 2 alvos ao atingir um inimigo com <#FFEB04><link=""Keyword:1"">[Queimadura]</link></color>."
HE_Desc_17,346366139162693,"Receba 20 de <#FFEB04><link=""Keyword:11"">[Barreira]</link></color> (+10 por acúmulo) por 30s."
HE_Desc_24,346366139162695,"Aplica <#FFEB04><link=""Keyword:1"">[Queimadura]</link></color> por 12s."
HE_Desc_33,346366139162697,Invoca um Lacaio Vespa Médio.
HE_Desc_37,346366139162699,Faz surgir um Orbe Cinético que causa dano a inimigos próximos.
HE_Desc_38,346366139162701,Causa 25 de Dano em Área no alvo.
HE_Desc_51,346366139162703,Faz surgir um Orbe Elétrico que causa 25 de dano por segundo em um raio de 5 m.
HE_Desc_53,346366139162705,"Aplica <#FFEB04><link=""Keyword:2"">[Gosma]</link></color> por 4s."
HE_Desc_55,346366139162707,"Aplica <#FFEB04><link=""Keyword:2"">[Gosma]</link></color> por 12s."
HE_Desc_58,346366139162709,"Aplica <#FFEB04><link=""Keyword:8"">[Eletrocussão]</link></color> por 12s."
HE_Desc_59,346366139162711,"Aplica <#FFEB04><link=""Keyword:3"">[Geladura]</link></color> por 12s."
HE_Desc_60,346366139162713,Carregar completamente a Carne Misteriosa.
HE_Desc_61,346366139162715,+25% de ganho de carga da Carne Misteriosa.
HE_Desc_64,346366139162719,"+5% de Acumulação de <#FFEB04><link=""Keyword:13"">[Fogo]</link></color>."
HE_Desc_65,346366139162721,"Em um alvo com <#FFEB04><link=""Keyword:1"">[Queimadura]</link></color>: +10% de Chance de Crítico por 30s."
HE_Desc_66,346366139162723,"Em um alvo com <#FFEB04><link=""Keyword:1"">[Queimadura]</link></color>: causa <#FFEB04><link=""Keyword:19"">[Combustão]</link></color>."
HE_Desc_68,346366139162725,O Alvo derruba Carne.
HE_Desc_69,346366139162727,Derruba uma Caixa de Munição no alvo.
HE_Desc_70,346366139162729,Causa 50% do dano em cadeia a 2 inimigos próximos.
HE_Desc_71,346366139162731,"Aplica <#FFEB04><link=""Keyword:17"">[Condições]</link></color> em cadeia a 3 inimigos próximos."
HE_Desc_72,346366139162733,"+5% de Acumulação de <#FFEB04><link=""Keyword:14"">[Gosma]</link></color>."
HE_Desc_73,346366139162735,"Aplica <#FFEB04><link=""Keyword:2"">[Gosma]</link></color> em cadeia a 3 inimigos."
HE_Desc_75,346366139162737,"+20 de <#FFEB04><link=""Keyword:11"">[Barreira]</link></color>."
HE_Desc_76,346366139162739,"+5% de Acumulação <#FFEB04><link=""Keyword:12"">[Elétrica]</link></color>."
HE_Desc_77,346366139162741,"Em um alvo com <#FFEB04><link=""Keyword:8"">[Eletrocussão]</link></color>: causa dano em cadeia a 2 inimigos."
HE_Desc_78,346366139162743,"Causa dano em um alvo com <#FFEB04><link=""Keyword:8"">[Eletrocussão]</link></color> e aplica <#FFEB04><link=""Keyword:7"">[Cambaleamento]</link></color>."
HE_Desc_79,346366139162745,"+5% de Acumulação de <#FFEB04><link=""Keyword:15"">[Gelo]</link></color>."
HE_Desc_80,346366139162747,"Se o alvo de uma habilidade da carne estiver com <#FFEB04><link=""Keyword:3"">[Geladura]</link></color> ou <#FFEB04><link=""Keyword:4"">[Congelamento]</link></color>, aumente a recarga da habilidade em 20% por 30s."
HE_Desc_81,346366139162749,"+5% de Dano de <#FFEB04><link=""Keyword:15"">[Gelo]</link></color><br>+5% de Acumulação de <#FFEB04><link=""Keyword:15"">[Gelo]</link></color><br>+15% de Dano de <#FFEB04><link=""Keyword:18"">[Estilhaço]</link></color> por 45s."
HE_Desc_82,346366139162751,"Em um alvo com <#FFEB04><link=""Keyword:4"">[Congelamento]</link></color>: receba +25% de Acumulação de <#FFEB04><link=""Keyword:15"">[Gelo]</link></color> e +110% de Dano de <#FFEB04><link=""Keyword:18"">[Estilhaço]</link></color> por 25s. Acumula até 3 vezes."
HE_Desc_93,346366143356932,"Reflete o dano como <#FFEB04><link=""Keyword:5"">[Cinético]</link></color>."
HE_Desc_94,346366143356934,"Reflete o dano como <#FFEB04><link=""Keyword:14"">[Gosma]</link></color>."
HE_Desc_95,346366143356936,"Reflete o dano como <#FFEB04><link=""Keyword:13"">[Fogo]</link></color>."
HE_Desc_96,346366143356938,"Reflete o dano como <#FFEB04><link=""Keyword:15"">[Gelo]</link></color>."
HE_Desc_97,346366143356940,"Reflete o dano como <#FFEB04><link=""Keyword:12"">[Elétrico]</link></color>."
HE_Desc_98,346366143356942,"Aplica <#FFEB04><link=""Keyword:7"">[Cambaleamento]</link></color> por 5s."
HE_Desc_99,346366143356944,"Propaga +15% de Vulnerabilidade Elemental ao atingir um alvo com <#FFEB04><link=""Keyword:2"">[Gosma]</link></color>."
HE_Desc_103,346366143356948,+50% de dano por 5s.
HE_Desc_105,346366143356950,+5% em Todo o Dano por 10s (máx. de 25%)
HE_Desc_107,346366143356952,"Causa 60 de dano <#FFEB04><link=""Keyword:12"">[Elétrico]</link></color> em cadeia a 2 alvos."
HE_Desc_109,346366143356956,"+5% de Acumulação <#FFEB04><link=""Keyword:5"">[Cinética]</link></color>."
HE_Desc_110,346366143356958,+10% de Dano de Ataque por 60s.
HE_Desc_112,346366143356962,"+150 de <#FFEB04><link=""Keyword:11"">[Barreira]</link></color>."
HE_Desc_113,346366143356964,"Causa 150 de dano de <#FFEB04><link=""Keyword:13"">[Fogo]</link></color> em cadeia a 4 inimigos."
HE_Desc_114,346366143356966,+15% de Dano Corpo a Corpo.
HE_Desc_115,346366143356968,"+10% de Dano Corpo a Corpo, máximo 10 acúmulos."
HE_Desc_116,346366143356970,"Receba +5% de Acumulação <#FFEB04><link=""Keyword:5"">[Cinética]</link></color>, +5% de Dano <#FFEB04><link=""Keyword:5"">[Cinético]</link></color> por 60s (Máx. 5)."
HE_Desc_118,346366143356974,Lacaios ganham +15% de Dano e +15% de Vida por 60s.
HE_Desc_119,346366143356976,"Propaga <#FFEB04><link=""Keyword:17"">[Condições]</link></color> presentes em um alvo para inimigos em um raio de 5 m."
HE_Desc_120,346366143356978,Faz surgir um Orbe de Gelo que causa dano a inimigos próximos.
ITM_Name_6,346366143356985,Super-herói
ITM_Name_11,346366143356989,Cabo Frontal
ITM_Name_14,346366143356991,Nadadeiras
ITM_Name_30,346366143356993,Pele de Jacaré
ITM_Name_37,346366143356999,Mordida de Peixe Infectado
ITM_Name_65,346366143357003,Teia de Aranha
ITM_Name_152,346366143357009,Podrão com Carne Moída
ITM_Name_153,346366143357011,Taco
ITM_Name_154,346366143357013,Passo Massacrante (Cinético)
ITM_Name_156,346366143357015,Maestria em Fogo I
ITM_Name_158,346366143357017,Café com Leite
ITM_Name_163,346366143357019,Molho Picante
ITM_Name_167,346366143357021,Aumento da Resistência a Dano
ITM_Name_169,346366143357023,Aumento de Velocidade de Movimento
ITM_Name_175,346366143357027,Riboflavina
ITM_Name_181,346366143357029,Piporco
ITM_Name_190,346366143357037,Recarregar Canhão Magnético
ITM_Name_191,346366143357039,Recarregar Foguete
ITM_Name_192,346366143357041,Recarregar Fuzil
ITM_Name_196,346366143357043,Pilha de Panquecas
ITM_Name_198,346366143357045,Enguia Elétrica
ITM_Name_200,346366143357047,Coquetel Quente
ITM_Name_206,346366143357051,Invulnerabilidade
ITM_Name_209,346366143357053,Recarregar Espingarda
ITM_Name_210,346366143357055,Recarregar Plasma
ITM_Name_211,346366143357057,Recarregar Granada
ITM_Name_212,346366143357059,Recarregar Magnum
ITM_Name_214,346366143357061,Recarregar Pistola
ITM_Name_228,346366143357069,Água de Salsicha
ITM_Name_229,346366143357071,Serrilhos
ITM_Name_233,346366143357073,Tempo no Ar
ITM_Name_237,346366143357081,Nanorrobôs Estruturais
ITM_Name_242,346366143357091,Nanorrobôs Funcionais
ITM_Name_250,346366143357099,Raspadinha
ITM_Name_254,346366143357101,Petisco Delicioso de Lacaio
ITM_Name_255,346366143357103,Pernas de Homem-toupeira
ITM_Name_257,346366143357105,Pernas de Aranha
ITM_Name_258,346366143357107,Passiva: Pernas de Musculoso
ITM_Name_259,346366143357109,Pernas de Ninja
ITM_Name_260,346366143357111,Torso de Vespa
ITM_Name_261,346366143357113,Torso de Robô Foguete
ITM_Name_262,346366143357115,Localizado
ITM_Name_274,346366143357125,Cospe-estilhaços
ITM_Name_275,346366143357127,Caixa de Munição
ITM_Name_288,346366143357129,Salada de Gelatina
ITM_Name_302,346366143357155,Bônus de A Carne Não É Fraca
ITM_Name_309,346366143357161,Pernas de Carnezord
ITM_Name_326,346366143357167,Toque Paralisante
ITM_Name_327,346366143357169,Reforço Turbo
ITM_Name_333,346366143357179,Joelho Ferrado
ITM_Name_343,346366147551236,Visão Piroclástica
ITM_Name_346,346366147551240,Desejo Carnal
ITM_Name_350,346366147551244,Migalhas de Pão
ITM_Name_351,346366147551246,Baita Pente
ITM_Name_352,346366147551248,Especiarias Sintéticas
ITM_Name_353,346366147551250,Camarão Apimentado
ITM_Name_354,346366147551252,Faca de Sushi
ITM_Name_356,346366147551256,Frenesi Alimentar
ITM_Name_357,346366147551258,DESACELEROL
ITM_Name_360,346366147551262,Coxas de Frango
ITM_Name_361,346366147551264,Peito de Frango Picante
ITM_Name_362,346366147551266,Clareza
ITM_Name_366,346366147551274,Vitaminas Frutadas
ITM_Name_367,346366147551276,Trem Baleado
ITM_Name_369,346366147551280,Choque Estático
ITM_Name_372,346366147551284,Recarga de Geleira
ITM_Name_373,346366147551286,Maestria Glacial
ITM_Name_392,346366147551296,Pernas de Açougueiro
ITM_Name_400,346366147551306,Veios Glaciais
ITM_Name_430,346366147551350,Pernas de Picadinho
ITM_Name_431,346366147551352,Armadura de Ossos Refletora (Fogo)
ITM_Name_432,346366147551354,Armadura de Ossos Refletora (Gosma)
ITM_Name_433,346366147551356,Armadura de Ossos Refletora (Gelo)
ITM_Name_434,346366147551358,Armadura de Ossos Refletora (Elétrica)
ITM_Name_435,346366147551360,Armadura de Ossos Refletora (Cinética)
ITM_Name_445,346366147551378,Passo Massacrante (Fogo)
ITM_Name_446,346366147551380,Passo Massacrante (Gelo)
ITM_Name_447,346366147551382,Passo Massacrante (Elétrico)
ITM_Name_448,346366147551384,Passo Massacrante (Gosma)
ITM_Name_449,346366147551386,Sanguessuga de Poder (Cinética)
ITM_Name_450,346366147551388,Sanguessuga de Poder (Gelo)
ITM_Name_451,346366147551390,Sanguessuga de Poder (Fogo)
ITM_Name_452,346366147551392,Sanguessuga de Poder (Gosma)
ITM_Name_453,346366147551394,Sanguessuga de Poder (Elétrica)
ITM_Name_454,346366147551396,Pernas de Fórmula Dingus
ITM_Name_455,346366147551398,Universo em Expansão
ITM_Name_490,346366147551464,Vantagem: Bacalhau com Milho
ITM_Name_494,346366147551468,Exame Ocular
ITM_Name_495,346366147551470,Torso de Alien a Jato
ITM_Name_497,346366147551474,Vantagem: Passos Eólicos (Elétrico)
ITM_Name_498,346366147551476,Vantagem: Passos Eólicos (Fogo)
ITM_Name_499,346366147551478,Vantagem: Passos Eólicos (Gelo)
ITM_Name_500,346366147551480,Vantagem: Passos Eólicos (Gosma)
ITM_Name_501,346366147551482,Vantagem: Passos Eólicos (Cinético)
ITM_Name_502,346366147551484,Vantagem: Marca Ninja (Cinético)
ITM_Name_510,346366151745540,Enterrado
ITM_Name_511,346366151745542,Pernas de Moedor de Bucho
ITM_Name_523,346366151745564,Antilegisla-dor
ITM_Name_525,346366151745568,Recarregar Submetralhadora
ITM_Name_526,346366151745570,Bala Dourada
ITM_Name_528,346366151745574,Alacridade I
ITM_Name_535,346366151745588,Maestria em Gosma I
ITM_Name_536,346366151745590,Maestria em Gelo I
ITM_Name_537,346366151745592,Maestria Cinética I
ITM_Name_538,346366151745594,Maestria Elétrica I
ITM_Name_540,346366151745598,Maestria em Longo Alcance I
ITM_Name_541,346366151745600,Maestria em Curto Alcance I
ITM_Name_542,346366151745602,Maestria em Ataque I
ITM_Name_558,346366151745634,Ostras de Posto de Gasolina
ITM_Name_559,346366151745636,Leite de Rata
ITM_Name_560,346366151745638,Scampi de Bife
ITM_Name_561,346366151745640,Sushi de Supermercado
ITM_Name_562,346366151745642,Maestria Corpo a Corpo I
ITM_Name_563,346366151745644,Vantagem: Podrão Caprichado
ITM_Name_564,346366151745646,Ovos de Corvo
ITM_Name_565,346366151745648,Presunto ao Rum
ITM_Name_566,346366151745650,Maestria Cinética II
ITM_Name_569,346366151745656,Passiva: Torso de Musculoso
ITM_Name_570,346366151745658,Passiva: Torso de Ninja
ITM_Name_572,346366151745662,Sopa de Presunto
ITM_Name_573,346366151745664,Sashimi de Frango
ITM_Name_574,346366151745666,Isso Que Eu Chamo de Suco
ITM_Name_575,346366151745668,Picolé de Carne
ITM_Name_576,346366151745670,Cinturão de Estrangeiro
ITM_Name_577,346366151745672,Mel de Carne de Abelhabutre
ITM_Name_578,346366151745674,Mana de Carne
ITM_Name_579,346366151745676,Balinhas de Brisa
ITM_Name_580,346366151745678,O Caldo
ITM_Name_581,346366151745680,Casquinha de Lodo
ITM_Name_583,346366151745684,Vantagem: Marca de Ninja (Fogo)
ITM_Name_584,346366151745686,Vantagem: Marca de Ninja (Gelo)
ITM_Name_585,346366151745688,Vantagem: Marca Ninja (Elétrico)
ITM_Name_586,346366151745690,Vantagem: Marca Ninja (Gosma)
ITM_Name_587,346366151745692,Poder Elemental I
ITM_Name_588,346366151745694,Defesa Enlatada
ITM_Name_589,346366151745696,Drenagem Cerebral (Elétrica)
ITM_Name_590,346366151745698,Drenagem Cerebral (Fogo)
ITM_Name_591,346366151745700,Drenagem Cerebral (Gelo)
ITM_Name_592,346366151745702,Drenagem Cerebral (Cinética)
ITM_Name_593,346366151745704,Drenagem Cerebral (Gosma)
ITM_Name_594,346366151745706,Bônus de Acerte a Toupeira
ITM_Name_597,346366151745712,Maldição Cromática
ITM_Name_598,346366151745714,Cura de Açougueiro C1
ITM_Name_599,346366151745716,Cura de Açougueiro C2
ITM_Name_600,346366151745718,Cura de Açougueiro C3
MEH_Name_14,346366151745722,Cabeça de Carne Vazia
MEH_Name_48,346366151745724,Cabeça de Alma Grelhada
MEH_Name_49,346366151745726,Cabeça de Peperolho
MEH_Name_50,346366151745728,Cabeça de Mimimineirador
MEH_Name_51,346366151745730,Cabeça de Granadeiro
MEH_Name_54,346366151745734,Cabeça de Maromba
MEH_Name_55,346366151745736,Cabeça de Ninja
MEH_Name_56,346366151745738,Cabeça de Polvo
MEH_Name_57,346366151745740,Cabeça de Piloto
MEH_Name_58,346366151745742,Cabeça de Foguete
MEH_Name_59,346366151745744,Cabeça de Tutulargão
MEH_Name_60,346366151745746,Cabeça de Funcionário da Rangus
MEH_Name_62,346366151745750,Cabeça de Ciclóptico
MEH_Name_63,346366151745752,Cabeça de Gerente da Rangus
MEH_Name_64,346366151745754,Cabeça de Talo de Franken
MEH_Name_66,346366151745758,Cabeça de Torreta
MEH_Name_67,346366151745760,Cabeça de Alienígena
MEH_Name_68,346366151745762,Cabeça de Catarrento
MEH_Name_69,346366151745764,Cabeça de Toupodre
MEH_Name_70,346366151745766,Cabeça de Farol Alto
MEH_Name_71,346366151745768,Cabeça de Cadeira Dobrável
MEL_Name_25,346366155939840,Pernas de Carne (Vazio)
MEL_Desc_25,346366155939841,Alguém pulou o treino de pernas.
MEL_Name_36,346366155939844,Pernas de Alma Grelhada
MEL_Name_37,346366155939846,Pernas de Calota
MEL_Name_38,346366155939848,Pernas de Maromba
MEL_Name_40,346366155939852,Pernas de Polvo
MEL_Name_41,346366155939854,Pernas de Tutulargão
MEL_Name_42,346366155939856,Pernas de Funcionário da Rangus
MEL_Name_45,346366155939862,Pernas de Pesquisador da Rangus
MEL_Name_46,346366155939864,Pernas de Farol Alto
MEL_Name_47,346366155939866,Pernas de Toupodre
MEL_Name_48,346366155939868,Pernas de Domador
MET_Name_15,346366155939872,Torso de Carne (Vazio)
MET_Desc_15,346366155939873,"Sem carne, sem problema."
MET_Name_153,346366155939874,Torso de Alma Grelhada
MET_Name_154,346366155939876,Torso de Granadeiro
MET_Name_157,346366155939878,Torso de Calota
MET_Name_158,346366155939880,Torso de Maromba
MET_Name_162,346366155939882,Torso de Ninja
MET_Name_166,346366155939886,Torso de Tutulargão
MET_Name_167,346366155939888,Torso de Funcionário da Rangus
MET_Name_183,346366155939892,Torso de Ciclóptico
MET_Name_187,346366155939894,Torso de Caixilson
MET_Name_189,346366155939896,Torso de Pesquisador da Rangus
MET_Name_190,346366155939898,Torso de Torre
MET_Desc_190,346366155939899,Ocupe o terreno mais elevado.
MET_Name_191,346366155939900,Torso de Farol Alto
MET_Name_192,346366155939902,Torso de Patapedra
MET_Desc_192,346366155939903,"De pato, ele só tinha a cara."
MUT_Name_23,346366160134167,Peito de Trovão
PLN_Name_1,346366160134182,DBG_Mapa Simples
PLN_Name_2,346366160134183,Surto de Franken
PLN_Name_5,346366160134184,Monte Dangus
PLN_Name_8,346366160134185,DBG_Planeta Teste de MeatSwap
PLN_Name_11,346366160134186,Peterium
PLN_Name_13,346366160134187,DBG_Rocksboro
PLN_Name_16,346366160134188,ROX-1
PLN_Name_17,346366160134189,Calipso
PLN_Name_18,346366160134190,Alcatria
PLN_Name_20,346366160134191,Grande Tangus
PLN_Name_21,346366160134192,DBG_Teste de Evento
PLN_Name_22,346366160134193,Pequena Tangus
PLN_Name_23,346366160134194,Sopapos de Segunda à Noite
PLN_Name_24,346366160134195,Tutório I
PF_Name_5,346366160134200,Espinha Espiral 1.1
PF_Name_6,346366160134201,Ressurgimento Saudável 1.1
PF_Name_7,346366160134202,Ressurgimento 1.1
PF_Name_16,346366160134204,Seguro de Vida 1.1
PF_Name_17,346366160134205,Seguro de Vida 1.2
PF_Name_19,346366160134207,Fim de Franken v1
PF_Name_20,346366160134208,Evento de Chefe Franken Grandalhão Iniciado
PF_Name_21,346366160134209,Espinha Espiral 1.2
PF_Name_23,346366160134211,Licença para Operar Motosserra
PF_Name_24,346366160134212,Licença para Pescar em Fendas
PF_Name_25,346366160134213,Licença para Coletar Minerais
PF_Name_30,346366160134218,Sopapos de Segunda à Noite v1
PF_Name_31,346366160134219,Evento de Chefe Mutante Iniciado
VO_Transcript_1,346366160134223,Preciso de assistência...
VO_Transcript_2,346366160134224,Extração concluída. Decolagem iminente.
VO_Transcript_3,346366160134225,Recomenda-se a partida imediata.
VO_Transcript_4,346366160134226,Colhedora chegando. Proteja o núcleo de carne.
VO_Transcript_5,346366160134227,Ameaça identificada
VO_Transcript_6,346366160134228,Objetivo avistado
VO_Transcript_8,346366160134230,Ponto de interesse localizado
VO_Transcript_9,346366160134231,É hora de investir numa criptomoeda... Sacou? Porque os mortos vão parar numa cripta... Deixa pra lá. :(
VO_Transcript_10,346366160134232,Agora é questão de vida ou morte.
VO_Transcript_11,346366160134233,"Poxa, ""F"" pra quem se foi. :/"
VO_Transcript_12,346366160134234,Esse enterro virou uma festa.
VO_Transcript_13,346366160134235,Isso é um assunto que vou levar pro túmulo.
VO_Transcript_14,346366160134236,"Quando te cremarem, você vai ser um presunto delicioso."
VO_Transcript_15,346366160134237,"São águas passadas, tá tudo morto e enterrado agora."
VO_Transcript_16,346366160134238,Aviso. Integridade do traje comprometida.
VO_Transcript_17,346366160134239,O desfecho foi previsível.
VO_Transcript_21,346366160134243,"Me ajuda, por favoooor!"
VO_Transcript_22,346366160134244,Valeu! Deixa eu chamar meus amigos...
VO_Transcript_23,346366160134245,Quem se atreve a perturbar as minhas águas?
VO_Transcript_24,346366160134246,"Doutor Brad, é você?"
VO_Transcript_25,346366160134247,"Arrr, você me venceu de forma justa e limpa."
VO_Transcript_26,346366160134248,Agradecemos por nos dar a vida! Agora vamos tirar a sua!
VO_Transcript_27,346366160134249,Temos relatos de Insetoides atacando todas as facções estrangeiras pelo planeta.
VO_Transcript_28,346366160134250,"Glu, glu, glu!<br>(Chamando Reforços)"
VO_Transcript_29,346366160134251,A nave da OmniMeat entrou na atmosfera.
VO_Transcript_30,346366160134252,"Senhor Ponk, vamos caçar?"
VO_Transcript_31,346366160134253,"Às vezes, uma arma não é suficiente. Vá buscar sua Carne Misteriosa!"
VO_Transcript_32,346366160134254,Nossos cientistas fizeram coisas extremamente nojentas com carne nos últimos tempos. Acesse o Terminal de Mutações e confira.
VO_Transcript_33,346366160134255,Excelente! Que tal experimentar?
VO_Transcript_34,346366160134256,Parece que você precisa de um pouco mais de poder de fogo! Que tal ir até o Terminal de Armas e adquirir uma arma nova?
VO_Transcript_35,346366160134257,"Ah, cara! Essas carnes nem vão saber o que aconteceu com elas!"
VO_Transcript_36,346366160134258,"Eita, cada coisa que esses cientistas inventam!"
VO_Transcript_37,346366160134259,Criaturas hostis se aproximando.
VO_Transcript_38,346366160134260,Parta imediatamente.
VO_Transcript_39,346366160134261,Agora me dá uma briga das boas!
VO_Transcript_40,346366160134262,Aplaudam de pé os honrados... os implacáveis... JULGAMENTALISTAS!
VO_Transcript_42,346366160134263,Legisla-dor... Execuvador... recebi um APELO pela sua derrota!
VO_Transcript_43,346366160134264,Ele tem as políticas! Ele tem a presença! Ele tem a autoridade absoluta para vetar a sua vida! É... O EXECUVADOR!
VO_Transcript_44,346366160134265,Ele tem acesso aos bastidores do comitê de orçamento... É o mestre das letras miúdas... É... O LEGISLA-DOR!
VO_Transcript_45,346366160134266,Aaaaaahhhhhh! Yaaaaaahhhhh!!
VO_Transcript_46,346366160134267,Pegue umas pernas dessa máquina e faça esses toupodres aparecendo batendo com tudo no chão!
VO_Transcript_47,346366160134268,Derrube-os e imobilize-os antes que eles se enfiem debaixo da terra novamente!
VO_Transcript_48,346366160134269,"Beleza, fraldinha, é hora de começar seu treinamento."
VO_Transcript_49,346366160134270,"Prazer em te conhecer, fraldinha. Pegue umas pernas dessa máquina e entre na pista!"
VO_Transcript_50,346366160134271,A única maneira de vencer essa corrida é derrotando a concorrência!
VO_Transcript_51,346366160134272,"Mostra o que você sabe fazer, almôndega!"
VO_Transcript_52,346366160134273,"Dirigiu bem, carne moída! Talvez você valha o meu tempo."
VO_Transcript_53,346366160134274,Me encontra no próximo planeta que eu vou te treinar muito bem!
VO_Transcript_54,346366160134275,"É isso aí, fraldinha! Mais três a caminho!"
VO_Transcript_55,346366160134276,Agora vamos deixar isso interessante!
VO_Transcript_56,346366160134277,"Você pode ter o que é preciso, fraldinha!<br>Termine aqui e seguiremos em frente."
WPNF_Name_1,346366164328448,Pistolas
WPNF_Desc_1,346366164328449,Arma confiável e eficaz de <b><color=#00D6D2>curta</color></i></b> e <b><color=#00D6D2>média distância</color></i></b>.<br><br><i>Uma arma icônica usada por Cientistas da Carne por gerações.</i>
WPNF_Name_2,346366164328451,Espingardas
WPNF_Desc_2,346366164328452,Causa dano alto de <b><color=#00D6D2>curta distância</color></i></b>.<br><br><i>Cientistas da Carne Veteranos sempre se preparam para embates próximos.</i>
WPNF_Name_3,346366164328454,Lança-foguetes
WPNF_Desc_3,346366164328455,Dispara projéteis de fogo direto que causam <b><color=#00D6D2>dano de área média</color></i></b>. Útil em qualquer alcance.<br><br><i>Nada é mais divertido que explodir as coisas.</i>
WPNF_Name_4,346366164328457,Fuzis
WPNF_Desc_4,346366164328458,"A <b><color=#00D6D2>dispersão estreita</color></i></b> e o <b><color=#00D6D2>baixo recuo</color></i></b> tornam esta arma excelente para combates de <b><color=#00D6D2>longo alcance</color></i>.</b><br><br><i>Quando você estiver saltitando pelos campos, é melhor manter um desses por perto.</i>"
WPNF_Name_5,346366164328460,Submetralhadoras
WPNF_Desc_5,346366164328461,"Otimizada para embates de <b><color=#00D6D2>curta distância</color></i></b>, com uma <b><color=#00D6D2>alta taxa de tiro</color></i></b>.<br><br><i>Não tem nada de errado em espalhar pipoco por aí.</i>"
WPNF_Name_6,346366164328463,Magnuns
WPNF_Desc_6,346366164328464,"Causa <b><color=#00D6D2>Dano em Ponto Fraco</color></i></b> extra, mas tem <b><color=#00D6D2>alto recuo</color></i></b>, tornando-a melhor a <b><color=#00D6D2>curta</color></i></b> e <b><color=#00D6D2>média distância</color></i></b>.<br><br><i>A arma certa para uma mão firme.</i>"
WPNF_Name_7,346366164328466,Canhões de Plasma
WPNF_Desc_7,346366164328467,Lança projéteis de fogo direto que causam <b><color=#00D6D2>dano em área pequena</color></i></b>. Melhor a <b><color=#00D6D2>curta</color></i></b> e <b><color=#00D6D2>média distância</color></i></b>.<br><br><i>Dá aquela turbinada na sua energia.</i>
WPNF_Name_8,346366164328469,Canhões Magnéticos
WPNF_Desc_8,346366164328470,"Otimizado para <b><color=#00D6D2>longo alcance</color></i></b>, causando <b><color=#00D6D2>dano em área pequena</color></i></b> com uma <b><color=#00D6D2>baixa taxa de tiro</color></i></b>.<br><br><i>Piscou, atirou.</i>"
WPNF_Name_10,346366164328472,Lança-granadas
WPNF_Desc_10,346366164328473,Usa fogo indireto para causar <b><color=#00D6D2>dano em área grande</color></i></b> a qualquer alcance.<br><br><i>Elimina o problema antes que ele elimine você.</i>
WPN_Name_3,346366164328475,Pistola
WPN_Name_4,346366164328477,Fuzil
WPN_Name_5,346366164328479,Submetralhadora
WPN_Name_6,346366164328481,Espingarda
WPN_Name_11,346366164328483,Moedora de Mandíbula
WPN_Name_33,346366164328493,Lança-granadas
WPN_Name_46,346366164328495,Magnum
WPN_Name_52,346366164328497,Lança-foguete
WPN_Name_57,346366164328503,Canhão Magnético
WPN_Name_65,346366164328511,Canhão de Plasma
WPN_Name_76,346366164328521,Pistolabareda
WPN_Name_77,346366164328523,Canhão C-C-Congelante
WPN_Name_78,346366164328525,Vela de Ignição
WPN_Name_79,346366164328527,Esquentácula
WPN_Name_80,346366164328529,Esmaganhoto
WPN_Name_87,346366164328541,Esparramátula
WPN_Name_88,346366164328543,Espetácula
WPN_Name_89,346366164328545,Espátulactite
WPN_Name_92,346366164328551,Lança-gororoba
WPN_Name_94,346366164328553,O Pequenino
WPN_Name_95,346366164328555,Torta na Cara
WPN_Name_96,346366164328557,Espátula Rangus
WPN_Name_97,346366164328559,Lança-fita
WPN_Name_98,346366164328561,Biofluxo
WPN_Name_100,346366164328565,Gerador de Pulsão
WPN_Name_101,346366164328567,Lança-latas de Gás
WPN_Name_102,346366164328569,Piada Impactante
WPN_Name_103,346366164328571,Arma de Relâmpagos
WPN_Name_104,346366164328573,Parafuziladeira
WPN_Name_105,346366164328575,Chuta-bunda
WPN_Name_106,346366164328577,Retalhadora
WPN_Name_107,346366164328579,Chumbo Gelado
WPN_Name_114,346366164328591,Lamacenta
WPN_Name_115,346366164328593,Clique Estático
WPN_Name_116,346366164328595,Lava a Jato
WPN_Name_117,346366164328597,Lança de Gelo
WPN_Name_118,346366164328599,Ferro Flamejante
WPN_Name_119,346366164328601,Conta-gotas
WPN_Name_120,346366164328603,Curto-circuito
WPN_Name_121,346366164328605,Foguete de Degelo
WPN_Name_122,346366164328607,Queima-língua
WPN_Name_123,346366164328609,Spray Estático
WPN_Name_124,346366164328611,Abaixo de Zero
WPN_Name_125,346366164328613,Bom de Brasa
WPN_Name_126,346366164328615,Chorumeira
WPN_Name_139,346366168522764,Fogueteira
WPN_Name_140,346366168522766,Lança de Quark
WPN_Name_141,346366168522768,Punho Explosivo
WPN_Name_142,346366168522770,Geladão Malvadão
WPN_Name_143,346366168522772,Chumbo Grosso
WPN_Name_144,346366168522774,Quebra-geleira
WPN_Name_145,346366168522776,Lança de Meleca
WPN_Name_146,346366168522778,Onda de Gelo
WPN_Name_147,346366168522780,Barril Flamejante
WPN_Name_148,346366168522782,Perfura-neve
WPN_Name_149,346366168522784,Bazucaca
WPN_Name_150,346366168522786,Caixa de Som
WPN_Name_151,346366168522788,Trovão
WPN_Name_152,346366168522790,Cospe-fogo
WPN_Name_153,346366168522792,Gosmose
PE_Desc_1,346366168522799,Destrua o Broto
PE_Desc_4,346366168522801,Infestação de Franken
PE_Desc_8,346366168522803,Local do Acidente Infestado
PE_Desc_11,346366168522807,O Mercado está Aberto
PE_Desc_20,346366168522809,Ninho de Inseto
PE_Desc_26,346366168522813,Rádio Blablablá
PE_Desc_35,346366168522815,Os buracos têm olhos...
PE_Desc_36,346366168522817,De olho em mim
PE_Desc_37,346366168522819,Carne vs. Máquina
PE_Desc_38,346366168522821,Cadê a plateia?
PE_Desc_40,346366168522823,Colheita de Núcleo de Carne
PE_Desc_41,346366168522825,Detenha o Franken Cosquento
PE_Desc_42,346366168522827,Oferenda de Carnes
PE_Desc_43,346366168522829,Busca pelo Tesouro Enterrado
PE_Desc_44,346366168522831,Liquidificador de Carne
PE_Desc_53,346366168522837,Operação de Extermínio
PE_Desc_56,346366168522841,Infestação Gigantesca
PE_Desc_57,346366168522843,Reunião Viscosa
PE_Desc_58,346366168522845,Ovas de Peixe-bola
PE_Desc_60,346366168522847,Carne Podre
PE_Desc_64,346366168522851,Destroça-Corações
PE_Desc_65,346366168522853,Bolhudos Bons de Briga
PE_Desc_69,346366168522855,Fazenda de Carne Alienígena
PE_Desc_70,346366168522857,Acabe com a TV
PE_Desc_72,346366168522861,Mande a fábrica pelos ares!
PE_Desc_73,346366168522863,O Grande Churrasco
PE_Desc_75,346366168522867,O que raios é isso?
PE_Desc_77,346366168522871,Chefes em Perigo
PE_Desc_79,346366168522875,Posto de Vida Próximo
PE_Desc_83,346366168522881,Tangus 500
PE_Desc_84,346366168522883,Prática de Luta Livre
PE_Desc_86,346366168522887,Limpe o Encanamento
PE_Desc_87,346366168522889,Feche os Portais de Surgimento!!!
PE_Desc_88,346366168522891,Matriz Alienígena
PE_Desc_92,346366168522899,Use Essas Pernas
PM_Name_1,381307296145408,Bandidos Blindados
PM_Desc_1,381307304534016,Os inimigos são Blindados.
PM_Name_2,381307304534017,Gripe Comum
PM_Desc_2,381307304534018,A Vida Máxima é reduzida em 30%.
PM_Name_3,381307304534019,Bandidos Ligeiros
PM_Desc_3,381307304534020,A Velocidade de Movimento dos inimigos é aumentada em 30%.
PM_Name_4,381307304534021,Vírus Tecnológico
PM_Desc_4,381307304534022,Os inimigos explodem ao morrer.
CND_Name_9,443347024994304,Congelamento
CND_Desc_9,443347033382912,"O alvo não pode se mover nem atacar. Qualquer ataque Corpo a Corpo ou <#FFEB04><link=""Keyword:5"">[Cinético]</link></color> causa dano extra e remove o efeito de <#FFEB04><link=""Keyword:4"">[Congelamento]</link></color>."
VO_Transcript_57,443347054354432,Você conseguiu! Bom trabalho!
VO_Transcript_58,443347054354433,"Olha só, tem algumas criaturinhas furiosas lá embaixo."
VO_Transcript_59,443347054354434,A nave que caiu e que você tá procurando deve ter um núcleo de carne. Precisamos dele pra usar de combustível.
VO_Transcript_60,443347054354435,"Uau, amigo, você é realmente um milagre da Ciência da Carne!"
VO_Transcript_61,443347054354436,"Aah, isso sim é a verdadeira Ciência da Carne."
VO_Transcript_62,443347054354437,Tá vendo aquele núcleo de carne ali na frente?
VO_Transcript_63,443347054354438,"Sobe lá e me diz quando estiver tudo pronto, aí a gente desce e acaba logo com isso."
VO_Transcript_64,443347054354439,"Não precisa se preocupar com aquele Castelo de Carne gigantesco lá em cima, ele é... hã, completamente normal."
VO_Transcript_65,443347054354440,"Corre! Vai, vai, vai!"
VO_Transcript_66,443347054354441,"Você tá se saindo muito bem, Coxãozinho Mole! Continua assim, falta pouco!"
ITM_Name_603,1484724542365696,Velocidade da Passos Eólicos
ITM_Name_604,1849357526622208,Maldição Brutal
HE_Desc_121,1850473219874816,"Propaga +50% de Vulnerabilidade a Corpo a Corpo ao atingir um alvo com <#FFEB04><link=""Keyword:7"">[Cambaleamento]</link></color>."
CND_Name_10,3584395111014400,Magia Alienígena
CND_Desc_10,3584395140374528,Você se deparou com um feitiço alienígena. As habilidades das pernas serão desativadas por um tempo.
bd02e00fea674e84a16b0fc4d3a7c330_40_0,4741774349164544,Proteja a Colhedora!
5ed58fbeb96d4cb382f8bc57afa849a5_40_0,4741774361747456,Evacue Agora!
10284edea78c43f3a1daa7d6b798a24e_47_0,4741774361747457,Você conseguiu!
82239c3b0973496980d13c3eb35465f5_73_0,4741774365941760,Proteja o Núcleo de Carne!
ITM_Name_609,4779317228724224,Vantagem: Doces Criogênicos
FL_Name_1,5102145643732992,Brasão de Delegado
FL_Name_2,5102145656315907,Brasão de Habilidade
ITM_Name_610,5102145664704512,Delegado I
ITM_Name_611,5102145664704514,Delegado II
ITM_Name_612,5102145664704516,Delegado
ITM_Name_613,5102145664704518,Recarga de Habilidade I
ITM_Name_614,5102145664704520,Recarga de Habilidade II
ITM_Name_615,5102145664704522,Recarga de Habilidade III
HE_Desc_122,5168356914094080,Invoca um Lacaio Vespa Pequeno.
PE_Desc_96,5177172537671680,Esquenta essa Carne Inteligente!
VO_Transcript_67,5194503924211712,É preciso se mover pra completar objetivos.<br><br>Use [InputAction:Gameplay/CharacterMovement] pra se mover.
FL_Desc_1,5468794653761536,"""Delegado"" vem do latim ""delegatus"", que também pode ser ""transferir poder"" e ""confiar""."
FL_Desc_2,5468794666344448,"Dá uma sensação esquisita. Carl garante que é seguro usar. Vixe, agora seu coração está palpitando."
FL_Desc_3,5468794666344449,"O Carl vai te falar que ele escavou isso em um planeta cheio de monstros feitos de ácido, mas parece ser só uma tampa de garrafa."
FL_Desc_4,5468794666344450,Usado por Carl Rangus quando descobriu o primeiro núcleo de carne planetário. Ainda dá para sentir o cheiro.
FL_Desc_5,5468794666344451,"Uma das iscas antigas de Carl, esmagada por um grande tubarão."
FL_Desc_6,5468794666344452,"A etiqueta na parte de trás diz ""Somente para fantasias""."
FL_Name_3,5471888108150784,Brasão Geológico
FL_Name_4,5471888112345091,Brasão Arqueológico
FL_Name_5,5471888112345095,Brasão de Pesca
FL_Name_6,5471888112345099,Brasão de Xerife
ITM_Name_617,5471888120733696,Arqueologia I
ITM_Name_618,5471888120733698,Arqueologia II
ITM_Name_619,5471888120733700,Arqueologia
ITM_Name_620,5471888120733702,Pesca I
ITM_Name_621,5471888120733704,Pesca II
ITM_Name_622,5471888120733706,Pesca
ITM_Name_623,5471888120733708,Geologia I
ITM_Name_624,5471888120733710,Geologia II
ITM_Name_625,5471888120733712,Geologia
ITM_Name_626,5471888120733714,Xerife I
ITM_Name_627,5471888120733716,Xerife II
ITM_Name_628,5471888120733718,Xerife
HE_Desc_123,5552419550257152,Recarrega 1 munição na sua arma não equipada.
VO_Transcript_68,5530917752791040,"Continue andando, o local do acidente é logo ali.<br><br>Use [InputAction:Gameplay/CharacterMovement] pra se mover."
VO_Transcript_69,5590439401873408,"Pra passar por cima de obstáculos básicos, use movimentos verticais.<br><br>Use [InputAction:Gameplay/Jump] pra pular."
VO_Transcript_70,5593819578884096,A paz não é uma opção.<br><br>Use [InputAction:Gameplay/RangedFire] pra atirar e [InputAction:Gameplay/MeleeFire] pra atacar com golpes Corpo a Corpo.
VO_Transcript_71,5601982608826368,"Essas armas aí têm um recurso de recarga rápida. É só acertar bem no pontinho certo delas, valeu?"
VO_Transcript_72,5756628069507072,"Vai lá pegar umas pernas de Teiosos, beleza?"
VO_Transcript_73,5757385997017088,Tem alguém aí com dificuldade pra seguir instruções.<br><br>Pressione [InputAction:Interact/Interact] perto da Carne Fresca pra Trocar.
VO_Transcript_74,5807500870803456,Não era pra ser tão difícil.<br><br>Pula e usa [InputAction:Gameplay/LegsAbility] pra dar uma Arrancada.
VO_Transcript_75,5841906717155328,Tô aqui esperando. A qualquer momento.<br><br>Aperta [InputAction:Interact/Interact] no núcleo de carne.
VO_Transcript_76,5846775804977152,"Perda de nódulos detectada. Por favor, proteja os nódulos."
VO_Transcript_77,5846775813365760,"Conto com você aí embaixo, Coxãozinho Mole!"
VO_Transcript_78,5856049683750912,Parta imediatamente.<br><br>Pressione [InputAction:Interact/Interact] em um Rebimburguer para escapar.
VO_Transcript_79,5909901926658048,Preste atenção.
VO_Transcript_80,5909901951823872,Falha detectada.
FL_Name_7,5925295655677952,Brasão de Açougueiro
FL_Desc_7,5925295680843776,"Ah, carne fresca!"
FL_Name_8,5925295680843780,Brasão Metaleiro
FL_Desc_8,5925295680843781,Esse brasão é do rock!
HE_Desc_124,5925295685038081,"Receba <#FFEB04><link=""Item:633"">[Vantagem: Matador I]</link></color> por 15s."
ITM_Name_629,5925295726981120,Carnificina I
ITM_Name_630,5925295726981122,Carnificina II
ITM_Name_631,5925295726981124,Açougueiro
ITM_Name_633,5925295726981128,Vantagem: Matador I
ITM_Name_634,5925295726981130,Vantagem: Matador II
ITM_Name_635,5925295726981132,Vantagem: Matador III
CRT_Name_76,7411303278637056,Agente Patapedra
FL_Name_9,9851941273198592,Brasão de Demolição
FL_Desc_9,9851941319335936,Gente legal não olha para explosões. É só explodir as coisas e ir embora.
ITM_Name_638,9851941352890368,Demolição I
ITM_Name_639,9851941352890369,Demolição II
ITM_Name_640,9851941352890370,Demolição
ITM_Name_641,9965603942031360,Maldição Estilhaçada
VO_Transcript_82,10206832594026496,Colhedora a caminho. Preparem-se para defender o local.
VO_Transcript_83,10206832644358144,A nave de Omnicarne entrou na atmosfera.
VO_Transcript_84,10206832644358145,Extração concluída. Prepare-se para a partida.
VO_Transcript_86,10206832644358146,Agora comece a procurar o local do acidente. Hora de trabalhar!
VO_Transcript_87,10206832644358147,"Você precisa de carne pra conseguir carne, Coxãozinho Mole!"
VO_Transcript_88,10206832644358148,"Acaba com eles e pega um pouco de carne aí, fechou?"
VO_Transcript_89,10206832644358149,"Agora continua andando, o local do acidente não deve estar longe."
VO_Transcript_90,10206832644358150,"Bom, é disso que a gente precisa, então bora e me avisa quando tiverem com tudo pronto."
FL_Name_10,10231597310664704,Brasão de Almôndega
FL_Desc_10,10231597352607744,"Aumenta o dano para cada parte de carne faltando. Com isso aqui, você vai ter o molho. O molho de almôndegas."
ITM_Name_644,10231597377773568,Almôndega I
ITM_Name_645,10231597377773569,Almôndega II
ITM_Name_646,10231597377773570,Almôndega
CRT_Name_77,10573095608770560,Beatriz
VO_Transcript_91,10625864051912704,"Ei, fraldinha, aqui!"
VO_Transcript_94,10625864085467138,Acho que uma cadeirada na cabeça resolve.
ABL_Name_237,12370411982413824,Circuitos Voadores
PF_Name_40,12397278445690880,Espinha Mutante 1.1
PF_Name_41,12397278445690882,Espinha Mutante 1.2
VO_Transcript_98,12434440726704129,Você tem que pegar uma dessas cabeças de pedra!
VO_Transcript_103,12434440726704134,"Normalmente, eu gosto de usar pedras pra esmagar salsichas."
VO_Transcript_108,12434440726704139,Corre e se protege!
3b601266bb5d4a38b0834fd14d1ef92c_1_0,12863354212179968,Destrua o Broto Coletivo
970b77bc8ed04b3fb6ac4a9df5a207a6_4_0,12863354220568576,Bolotas Grandes Destruídas
2bcb060e74794ee6b35dec056cb1ad4b_4_0,12863354220568577,Bolotas Pequenas Destruídas
c62a3b9c572d46ca823e1d8a0a001798_11_0,12863354220568581,Visite o Mercado de Carnes
e9386d0a8dbb4482bdefb58886c504b2_25_0,12863354220568582,"Encontre Reset, o Engenheiro de Carne"
641e13cf11144468b19d70851075d9a7_25_0,12863354220568583,Mantenha Reset vivo
c483f6bd06c94bc489c36921c6af7f3f_25_0,12863354220568584,Elimine quem está atacando o Reset
302c872126a14ec2838403c78ca53dbe_35_0,12863354220568585,Insetos Inimigos
3a678daece2d40309b8eb9970ebf79ba_36_0,12863354220568586,Localize a infestação
1d47360bac994027a98c29d45df2a55b_37_0,12863354220568587,Exaustores de Plasma Destruídos
f3a6135ac12f437db96c381b815fc86e_37_0,12863354220568588,Torres Destruídas
934993f61e7d4fa898242cffd9d8abd4_38_0,12863354220568589,Encontre o Sinalizador de Evento
d9554edb22ba42ddb94570a0b261f3e3_40_0,12863354220568590,Proteja o Núcleo de Carne
29b4771bd209406eb232367ab4aef6ea_40_0,12863354220568591,Nódulos de Defesa Pousaram
db613423ab43495b808ae871d172820f_40_0,12863354224762880,Proteja os Nódulos
4803acde682845028daa9cb9d258ff91_40_0,12863354224762881,Tempo Restante
c88aa5a86fb0487ea2940b49d5a26a61_40_0,12863354224762882,Espere pelo Rebimburguer
81d20e1613b6479ca33a6cdfc9ce5e0f_41_0,12863354224762883,Bolotas Destruídas
fb7ab8116fc8407f95fc700ec7e73fea_41_0,12863354224762884,Cosquento Derrotado
807edf1d4f3e4599a048379d0197a838_42_0,12863354224762885,Localize o Círculo de Oferendas
8e4d080278df4923a617256e18dee6d5_42_0,12863354224762889,Monstro Derrotado
0d2b2836ea734fdf9cc838949e782087_43_0,12863354224762890,Entre na Enseada Proibida
becd4830a7ae4b778a2b0a39b3869500_43_0,12863354224762891,Ovas de Peixe Destruídas
637d1804119d485f88ca47f98128d541_43_0,12863354224762892,Derrote Tutulargão
efacc41cf94b40c4b9e9b32da808541b_44_0,12863354224762893,Misture sua Carne
631906e57b8d4160990d2e447587b61b_47_0,12863354224762894,Entre no Covil
307da1864b474e55ad4c1444a56658db_47_0,12863354224762895,Derrote Franken Grandalhão
3a678daece2d40309b8eb9970ebf79ba_53_0,12863354224762896,Encontre o Instituto Rangus
4a9bef823c604de19b73c9aeafca1d8d_60_0,12863354224762897,Encontre o Rim de Calipso
bfd544a6595040d29ce21af210a4de5a_60_0,12863354224762898,Canos Entupidos com Cabeças Monolíticas
7091b8121ac345a7b5dd032f1fb10d38_65_0,12863354224762900,Destrua os Geradores de Escudo
c684dd36776f40a7becea5c3a624dec7_65_0,12863354224762901,Artilheroides Abatidos
e42ff4f67bcc4ec980f66f7325459554_73_0,12863354224762903,Encontre o MegaMacro-Ondas
a6f8d590137c4bf3b33589b5e032a69c_73_0,12863354224762904,Inimigos Se Aproximando
d226c4e37ecc4efd9459d4eb10157033_73_0,12863354224762905,Ative os Macro-Ondas
1415483d8e43417fb532b91312777e21_73_0,12863354224762906,Cozinhando...
ff4f7bf8a6c14791a0d538b070a535d6_73_0,12863354224762907,Proteja o Núcleo de Carne
a2a7d50a3af045e88d53a6481091ff5a_77_0,12863354224762915,Encontre os Chefes Presos da Rangus
c17b8f905f334482a07ce6bfe92d5b23_81_0,12863354224762918,"Fale com Dan, o Treinador, para Começar a Partida"
3fdff34d02474be4a2ecff716417f87d_81_0,12863354224762919,Prenda Seu Oponente
98a522e09cb5420fb918357103a41013_81_0,12863354224762920,Prenda seus oponentes!
080d27fb42324e548cdeb9c78188b9e1_81_0,12863354224762921,"Parabéns, fera!"
1698bcf073164975b50d0c057e9e9434_83_0,12863354224762923,Preparar... Apontar...
ddbd21266895450a9263d7ddd491cf50_83_0,12863354224762924,Corredores de Tangus Derrotados
96f4e288b2da481fb27f4a251b3c5e0c_90_0,12863354224762926,Viagem ao Local do Acidente
3c99156a71e94689befdad6541f0bf07_90_0,12863354224762927,Inimigos Derrotados
6f2d88d0310742859bdb6238d3e4ad86_91_0,12863354224762928,Ninhos Destruídos (Pressione [InputAction:Gameplay/RangedFire] para atirar)
eaef22943f4141959ba6d109230e29d0_92_0,12863354224762929,Use [InputAction:Gameplay/Jump] junto com as Pernas de Aranha para cruzar a Fenda
862addccc4bf4bb9b4c7a0c4d6b48150_93_0,12863354224762930,Acabe com essas Torretas
144401ad86fc4e17a5b485773aed3c37_96_0,12863354224762931,Use [InputAction:Gameplay/CharacterMovement] para ir em direção ao Penhasco
a169f4140ad1400281c0f9cbb7a7c6cf_96_0,12863354224762932,Use [InputAction:Gameplay/Jump] para subir no Penhasco
f08e077d07fe4de585998d9e58be16a8_97_0,12863354228957184,Use [InputAction:Gameplay/LegsAbility] para Deslizar Debaixo dos Escombros!
732760e06a494706bc85e319628b5c0f_8_0,13043324679086080,Ovos Destruídos
f287fe2f2c004c2bb1ad94e620e19a7d_35_0,13043324687474689,Investigar
bb07c029345a4e33bd8243e510d76cc2_69_0,13043324687474692,Artilheroides Derrotados
f0962f6aedf542eb8754104f02dbc776_87_0,13043324691668993,Alinhe os Cristais para Fechar os Portais
88eea4ea07334f4b9957fa019c9c9e72_88_0,13043324691668994,Cápsulas Destruídas
eebf973a04794126a5f32ebeba654e8e_84_0,13392082803392512,Toupodres Imobilizados
ITM_Name_651,13470112974626816,Maestria em Habilidade I
077ed3a648524d648d4f5830819caedf_25_0,13533376626548736,Evento de Pouso na Água
823baa51f7ac45f685ba900c7c6ddfb2_40_0,13533376630743040,Nódulo A
932df004b21244c99860871f9bfdbcfe_40_0,13533376630743041,Nódulo B
218fe4acf7964a7cb5c7be094c6e69c0_40_0,13533376630743042,Nódulo C
fab40eedf6b84ce6a088171f41a3db3e_40_0,13533376630743043,Nódulo D
c284dddb27ca486cb0c83ae110eefa8d_41_0,13533376630743044,O Cosquento
10ba103a02a742209c06b33018b68ef2_90_0,13533376634937347,Extraia o Núcleo de Carne!
9626d545c2694bd292bf79ea22f15d33_90_0,13533376634937348,Proteja o Núcleo de Carne!
63a0f53118c1402c99a31618368c68ea_91_0,13533376634937349,Ovos de Inseto
363558d8493e48e289610cc80a45dce7_92_0,13533376634937350,Objetivo!
ABL_Desc_71,28309369228615680,"Cria uma onda de choque que causa dano de <#FFEB04><link=""Keyword:13"">[Fogo]</link></color> e empurra inimigos."
ABL_Desc_79,28309369232809984,"Cria uma onda de choque que causa dano de <#FFEB04><link=""Keyword:14"">[Gosma]</link></color> e empurra os inimigos."
ABL_Desc_80,28309369232809985,"Cria uma onda de choque que causa dano <#FFEB04><link=""Keyword:12"">[Elétrico]</link></color> e empurra os inimigos."
ABL_Desc_90,28309369232809986,Avança rapidamente na direção do seu movimento.
ABL_Desc_103,28309369232809987,"Cria uma onda de choque que causa dano de <#FFEB04><link=""Keyword:15"">[Gelo]</link></color> e empurra inimigos para trás."
ABL_Desc_228,28309369232809988,"Inimigos próximos se tornam Vulneráveis a Dano <#FFEB04><link=""Keyword:5"">[Cinético]</link></color>.<br>Receba +3% de Velocidade de Movimento e +5% de Dano <#FFEB04><link=""Keyword:5"">[Cinético]</link></color> por inimigo afetado (acumula até 5 vezes)."
ABL_Desc_229,28309369232809989,"Inimigos próximos se tornam Vulneráveis a Dano <#FFEB04><link=""Keyword:12"">[Elétrico]</link></color>.<br>Receba +3% de Velocidade de Movimento e +5% de Dano <#FFEB04><link=""Keyword:12"">[Elétrico]</link></color> por inimigo afetado (acumula até 5 vezes)."
ABL_Desc_230,28309369232809990,"Inimigos próximos se tornam Vulneráveis a Dano de <#FFEB04><link=""Keyword:13"">[Fogo]</link></color>.<br>Receba +3% de Velocidade de Movimento e +5% de Dano de <#FFEB04><link=""Keyword:13"">[Fogo]</link></color> por inimigo afetado (acumula até 5 vezes)."
ABL_Desc_231,28309369232809991,"Inimigos próximos se tornam Vulneráveis a Dano de <#FFEB04><link=""Keyword:15"">[Gelo]</link></color>.<br>Receba +3% de Velocidade de Movimento e +5% de Dano de <#FFEB04><link=""Keyword:15"">[Gelo]</link></color> por inimigo afetado (acumula até 5 vezes)."
ABL_Desc_232,28309369232809992,"Inimigos próximos se tornam Vulneráveis a Dano de <#FFEB04><link=""Keyword:14"">[Gosma]</link></color>.<br>Receba +3% de Velocidade de Movimento e +5% de Dano de <#FFEB04><link=""Keyword:14"">[Gosma]</link></color> por inimigo afetado (acumula até 5 vezes)."
ABL_Desc_237,28309369237004288,Teleporte para frente e ganhe Passos Aéreos.<br>Duração: 6s.
CRN_Name_48,18598135189200896,Rechonchumbo
CRN_Desc_48,18598135273086976,"Mineral de Classe 3. Um minério metálico denso, saturado de energia ancestral. Valorizado por sua capacidade de imbuir armas com força esmagadora e estabilidade incomparável."
CRN_Name_49,18598135273086977,Nóisnafita
CRN_Desc_49,18598135273086978,"Mineral de Classe 4. Um cristal vermelho que pulsa levemente sempre que você está certo, o que não acontece com a frequência que você gostaria, mas é reconfortante saber que ele te considera agradável."
CRN_Name_50,18598135273086979,Manério
CRN_Desc_50,18598135273086980,"Mineral de Classe 5. Encontrado apenas em locais úmidos e escuros, portanto, para encontrá-lo, pode ser um verdadeiro pesadelo."
CRN_Name_51,18605565012860928,Condaoríte
CRN_Desc_51,18605565046415360,"Tecnologia Antiga de Classe 3. Uma peça tecnológica incrível, mas meio confusa para quem a instala quando seu mecanismo é explicado em voz alta."
CRN_Name_52,18605565046415361,Quadrádio
CRN_Desc_52,18605565046415362,"Tecnologia Antiga de Classe 4. Uma melhoria significativa em relação à geração anterior de tecnologia, com um conector a menos."
CRN_Name_53,18605565046415363,Capacitor de Fluxo
CRN_Desc_53,18605565046415364,"Tecnologia Antiga de Classe 5. Aviso: desconecte a unidade do capacitor antes de abrir. Proteja os olhos da luz.<br><br>Capacidade de Energia: 1,21 Gigawatts"
CRN_Name_54,20415833925738496,Pestático
CRN_Name_55,20415833959292928,Xenadadeira
CRN_Name_56,20415833959292929,Quasardinha
CRN_Name_57,20415833959292930,Peixe Espacial Caroçudo
CRN_Name_58,20415833959292931,Coisa Cósmica
CRN_Name_59,20423966916075520,Megabyte
CRN_Name_60,20424460623405056,Criptotinta
CRN_Name_61,20425260586229760,Barbacânica
CRN_Name_62,20425689906798592,Robolvo
CRN_Name_63,20426157865295872,Ciber Camarão
CRN_Name_64,20426872612446208,Olhudinhoz
CRN_Name_65,20428393416744960,Naquinhos
CRN_Name_66,20428890424991744,Peixe-maromba
CRN_Name_67,20429332890509312,Lagarrostra
CRN_Name_68,20429703453073408,Rolição
CRT_Name_78,15325185188855808,Não Utilizado
GN_Interact_1,21379069768622080,É hora de pescar!
GN_Interact_3,21379069772816384,extrair Gastrotreco
GN_Interact_4,21379069772816385,Quebrar Rocha
GN_Name_6,21379069772816386,Fenda de Gosma
GN_Name_8,21379069772816388,Nódulo de Memeralda
HE_Desc_127,28316283698143232,"Exploda para causar 30 de dano <#FFEB04><link=""Keyword:5"">[Cinético]</link></color>."
HE_Desc_128,28316283702337536,"Exploda para causar 15 de dano de <#FFEB04><link=""Keyword:14"">[Gosma]</link></color>."
HE_Desc_129,28316283702337537,"Exploda para causar 30 de dano de <#FFEB04><link=""Keyword:13"">[Fogo]</link></color>."
HE_Desc_130,28316283702337538,"Explora para causar 30 de dano <#FFEB04><link=""Keyword:12"">[Elétrico]</link></color>."
HE_Desc_131,28316283702337539,"Exploda para causar 15 de dano de <#FFEB04><link=""Keyword:15"">[Gelo]</link></color>."
ITM_Attr_1,17438567620927654,{0:|+|+|+}{0:percent()}% de Velocidade de Movimento
ITM_Attr_2,17438567620927500,{0:|+|+|+}{0:percent()}% de Velocidade de Ataque
ITM_Attr_3,17438567620927497,{0:|+|+|+}{0:percent()}% de Dano Total.
ITM_Attr_4,17438567620927576,{0:+#.##;-#.##;+0} de Vida Máxima
ITM_Attr_5,17461889725358098,{0:|+|+|+}{0:percent()}% de Vida Máxima
ITM_Attr_6,17444674208784384,{0:|+|+|+}{0:percent()}% de Raio de Explosão
ITM_Attr_7,17438567620927507,{0:+#.##;-#.##;+0} de Nível de Desafio
ITM_Attr_10,17438567620927655,{0:+#.##;-#.##;+0} de Contagem de Perfuração
ITM_Attr_11,17461889725358151,Precisão de Arma x{0:0.##}
ITM_Attr_12,17438567620927681,{0:|+|+|+}{0:percent()}% de Recuperação de Dispersão
ITM_Attr_13,17438567620927666,{0:|+|+|+}{0:percent()}% de Velocidade de Recarga
ITM_Attr_14,17438567620927688,{0:|+|+|+}{0:percent()}% de Velocidade de Nado
ITM_Attr_15,17438567620927594,{0:+#.##;-#.##;+0} de Contagem de Salto
ITM_Attr_16,17444674200395776,{0:|+|+|+}{0:percent()}% de Chance de Crítico
ITM_Attr_17,17438567620927494,{0:|+|+|+}{0:percent()}% de Dano em Área
ITM_Attr_18,17461889725358097,Durabilidade da Carne da Cabeça x{0:0.##}
ITM_Attr_19,17461889725358096,{0:|+|+|+}{0:percent()}% de Durabilidade da Carne da Cabeça
ITM_Attr_20,17438567620927658,{0:|+|+|+}{0:percent()}% de Taxa de Vida do Jogador Adicional ao Ressurgir.
ITM_Attr_21,17438567620927580,{0:+#.##;-#.##;+0} Segundos até Chegada de Caçador
ITM_Attr_22,17438567620927578,{0:+#.##;-#.##;+0} de Regeneração de Vida
ITM_Attr_23,17438567620927571,{0:|+|+|+}{0:percent()}% de Altura do Salto do Solo
ITM_Attr_24,17438567620927606,{0:+#.##;-#.##;+0} de Tamanho do Pente
ITM_Attr_25,17438567612538880,{0:|+|+|+}{0:percent()}% de Recarga de Habilidade
ITM_Attr_26,17438567620927685,Furtividade
ITM_Attr_27,17438567620927511,{0:+#.##;-#.##;+0} de Ângulo de Subida
ITM_Attr_28,17461889725358137,Velocidade de Movimento x{0:0.##}
ITM_Attr_30,17438567620927662,{0:|+|+|+}{0:percent()}% de Ameaça de Inimigo Positiva
ITM_Attr_31,17438567620927680,Imunidade a Teias
ITM_Attr_32,17438567620927686,{0:|+|+|+}{0:percent()}% de Raio de Efeito da Área de Suporte
ITM_Attr_33,17438567620927573,{0:|+|+|+}{0:percent()}% de Recarga de Habilidade da Cabeça
ITM_Attr_34,17438567620927591,Munição Infinita
ITM_Attr_35,17438567620927678,{0:+#.##;-#.##;+0} de Contagem de Lacaios Pequenos
ITM_Attr_36,17438567620927687,{0:|+|+|+}{0:percent()}% de Altura do Salto de Nado
ITM_Attr_37,17438567620927516,{0:|+|+|+}{0:percent()}% de Dano Crítico
ITM_Attr_38,17438567620927498,{0:+#.##;-#.##;+0} de Alcance de Ataque
ITM_Attr_40,17438567625121797,{0:|+|+|+}{0:percent()}% de Precisão de Arma
ITM_Attr_41,17438567620927689,{0:|+|+|+}{0:percent()}% de Recarga de Habilidade do Torso
ITM_Attr_42,17438567620927553,{0} Atributo de Contagem de Jogadores
ITM_Attr_45,17438567620927683,{0:|+|+|+}{0:percent()}% de Chance Adicional de Atordoamento
ITM_Attr_46,17461889725358099,Vida Máxima x{0:0.##}
ITM_Attr_47,17438567620927602,{0:|+|+|+}{0:percent()}% de Recarga de Habilidade
ITM_Attr_49,17461889725358082,{0:|+|+|+}{0:percent()}% de Nível de Desafio
ITM_Attr_50,17438567620927509,Nível de Desafio x{0:0.##}
ITM_Attr_51,17438567620927536,{0:|+|+|+}{0:percent()}% de Dano de Acerto Direto
ITM_Attr_52,17438567620927663,{0:|+|+|+}{0:percent()}% de Chance de Ativação de Efeito
ITM_Attr_53,17438567620927535,Dano Recebido x{0:0.##}
ITM_Attr_54,17438567620927554,{0:+#.##;-#.##;+0} de Repulsão de Inimigos
ITM_Attr_55,17438567620927515,{0:|+|+|+}{0:percent()}% de Chance de Crítico Adicional
ITM_Attr_56,17438567620927664,{0:+#.##;-#.##;+0} de Contagem de Projéteis
ITM_Attr_58,17438567625121792,{0:|+|+|+}{0:percent()}% de Dano em Ponto Fraco
ITM_Attr_59,17438567620927493,{0:|+|+|+}{0:percent()}% de Velocidade de Movimento Aéreo
ITM_Attr_60,17438567620927570,Gravidade x{0:0.##}
ITM_Attr_62,17438567620927668,{0:+#.##;-#.##;+0} de Quantidade de Reparo de Nanorrobô
ITM_Attr_63,17438567620927669,{0:+#.##;-#.##;+0} de Capacidade de Reparo de Nanorrobô
ITM_Attr_72,17461889721163780,Velocidade de Ataque x{0:0.##}
ITM_Attr_75,17438567620927564,Alvo localizado!
ITM_Attr_76,17438567620927574,{0:+#.##;-#.##;+0} de Redução de Dano da Carne da Cabeça
ITM_Attr_77,17438567620927690,{0:+#.##;-#.##;+0} de Redução de Dano da Carne do Torso
ITM_Attr_78,17438567620927600,{0:+#.##;-#.##;+0} de Redução de Dano da Carne das Pernas
ITM_Attr_79,17461889725358150,Durabilidade da Carne do Torso x{0:0.##}
ITM_Attr_80,17461889725358149,{0:|+|+|+}{0:percent()}% de Durabilidade da Carne do Torso
ITM_Attr_81,17461889725358120,Durabilidade da Carne das Pernas x{0:0.##}
ITM_Attr_82,17461889725358119,{0:|+|+|+}{0:percent()}% de Durabilidade da Carne das Pernas
ITM_Attr_83,17438567620927543,{0:+#.##;-#.##;+0} de Sinalizador de Nave de Entrega
ITM_Attr_84,17461889725358085,Sinalizador de Nave de Entrega x{0:0.##}
ITM_Attr_86,17438567620927684,{0:+#.##;-#.##;+0} de Ressurgimentos Iniciais
ITM_Attr_87,17438567620927560,{0:+#.##;-#.##;+0} de Dano de Fogo
ITM_Attr_88,17461889725358094,{0:|+|+|+}{0:percent()}% de Dano de Fogo
ITM_Attr_89,17461889725358095,Dano de Fogo x{0:0.##}
ITM_Attr_90,17438567620927589,{0:+#.##;-#.##;+0} de Dano de Gelo
ITM_Attr_91,17461889725358113,{0:|+|+|+}{0:percent()}% de Dano de Gelo
ITM_Attr_92,17461889725358114,Dano de Gelo x{0:0.##}
ITM_Attr_93,17438567620927546,{0:+#.##;-#.##;+0} de Dano Elétrico
ITM_Attr_94,17461889725358088,{0:|+|+|+}{0:percent()}% de Dano Elétrico
ITM_Attr_95,17461889725358089,Dano Elétrico x{0:0.##}
ITM_Attr_96,17438567620927674,{0:+#.##;-#.##;+0} de Dano de Gosma
ITM_Attr_97,17461889725358145,{0:|+|+|+}{0:percent()}% de Dano de Gosma
ITM_Attr_98,17461889725358146,Dano de Gosma x{0:0.##}
ITM_Attr_102,17438567620927595,Altura do Salto do Solo x{0:0.##}
ITM_Attr_103,17461889725358147,Altura do Salto de Nado x{0:0.##}
ITM_Attr_104,17461889725358148,Velocidade de Nado x{0:0.##}
ITM_Attr_105,17461889716969472,Velocidade de Movimento Aéreo x{0:0.##}
ITM_Attr_107,17461889725358140,Velocidade de Recarga x{0:0.##}
ITM_Attr_108,17461889725358121,{0:|+|+|+}{0:percent()}% de Tamanho do Pente
ITM_Attr_109,17461889725358122,Tamanho do Pente x{0:0.##}
ITM_Attr_110,17438567620927579,{0:+#.##;-#.##;+0} de Dano de Acerto Imediato
ITM_Attr_111,17461889725358101,{0:|+|+|+}{0:percent()}% de Dano de Acerto Imediato
ITM_Attr_112,17461889725358102,Dano de Acerto Imediato x{0:0.##}
ITM_Attr_113,17438567620927630,{0:+#.##;-#.##;+0} de Dano Corpo a Corpo
ITM_Attr_114,17461889725358129,{0:|+|+|+}{0:percent()}% de Dano Corpo a Corpo
ITM_Attr_115,17461889725358130,Dano Corpo a Corpo x{0:0.##}
ITM_Attr_116,17438567620927667,{0:|+|+|+}{0:percent()}% de Janela de Recarga
ITM_Attr_117,17438567620927626,{0:+#.##;-#.##;+0} de Dano de Habilidade da Carne
ITM_Attr_118,17461889725358123,{0:|+|+|+}{0:percent()}% de Dano de Habilidade da Carne
ITM_Attr_119,17461889725358124,Dano de Habilidade da Carne x{0:0.##}
ITM_Attr_123,17461889725358100,Regeneração de Vida x{0:0.##}
ITM_Attr_124,17438567620927672,{0:|+|+|+}{0:percent()}% de Dano de Curto Alcance
ITM_Attr_125,17438567620927604,{0:|+|+|+}{0:percent()}% de Dano de Longo Alcance
ITM_Attr_126,17461889725358092,{0:|+|+|+}{0:percent()}% de Acumulação de Fogo
ITM_Attr_127,17461889725358111,{0:|+|+|+}{0:percent()}% de Acumulação de Gelo
ITM_Attr_128,17461889725358143,{0:|+|+|+}{0:percent()}% de Acumulação de Gosma
ITM_Attr_129,17461889725358086,{0:|+|+|+}{0:percent()}% de Acumulação Elétrica
ITM_Attr_130,17438567620927501,{0:+#.##;-#.##;+0} de Duração de Barreira
ITM_Attr_131,17461889721163781,{0:|+|+|+}{0:percent()}% de Duração de Barreira
ITM_Attr_132,17461889721163782,Duração de Barreira x{0:0.##}
ITM_Attr_133,17438567620927503,{0:+#.##;-#.##;+0} de Barreira Máxima
ITM_Attr_134,17461889721163785,{0:|+|+|+}{0:percent()}% de Barreira Máxima
ITM_Attr_135,17461889721163786,Barreira Máxima x{0:0.##}
ITM_Attr_136,17438567620927502,{0:+#.##;-#.##;+0} de Ganho de Barreira
ITM_Attr_137,17461889721163783,{0:|+|+|+}{0:percent()}% de Ganho de Barreira
ITM_Attr_138,17461889721163784,Ganho de Barreira x{0:0.##}
ITM_Attr_139,17438567620927665,{0:+#.##;-#.##;+0} de Velocidade de Projétil
ITM_Attr_140,17461889725358138,{0:|+|+|+}{0:percent()}% de Velocidade de Projétil
ITM_Attr_141,17461889725358139,Velocidade de Projétil x{0:0.##}
ITM_Attr_142,17438567620927562,Nível de Poder do Franken Grandalhão x{0:0.##}
ITM_Attr_143,17438567620927597,{0:+#.##;-#.##;+0} de Dano Cinético
ITM_Attr_144,17461889725358117,{0:|+|+|+}{0:percent()}% de Dano Cinético
ITM_Attr_145,17461889725358118,Dano Cinético x{0:0.##}
ITM_Attr_146,17461889725358115,{0:|+|+|+}{0:percent()}% de Acumulação Cinética
ITM_Attr_148,17438567620927575,{0:+#.##;-#.##;+0} de Durabilidade da Carne da Cabeça
ITM_Attr_149,17438567620927691,{0:+#.##;-#.##;+0} de Durabilidade da Carne do Torso
ITM_Attr_150,17438567620927601,{0:+#.##;-#.##;+0} de Durabilidade da Carne das Pernas
ITM_Attr_151,17438567620927651,{0:+#.##;-#.##;+0} de Dano de Lacaio
ITM_Attr_152,17461889725358131,{0:|+|+|+}{0:percent()}% de Dano de Lacaio
ITM_Attr_153,17461889725358132,Dano de Lacaio x{0:0.##}
ITM_Attr_154,17438567620927652,{0:+#.##;-#.##;+0} de Vida de Lacaio
ITM_154_HE_0,18226653686652928,Ao Causar Dano de Arma de Longo Alcance
ITM_Attr_155,17461889725358133,{0:|+|+|+}{0:percent()}% de Vida de Lacaio
ITM_Attr_156,17461889725358134,Vida de Lacaio x{0:0.##}
ITM_Attr_157,17438567620927653,{0:+#.##;-#.##;+0} de Regeneração de Vida de Lacaios
ITM_Attr_158,17461889725358135,{0:|+|+|+}{0:percent()}% de Regeneração de Vida de Lacaios
ITM_Attr_159,17461889725358136,Regeneração de Vida de Lacaios x{0:0.##}
ITM_Attr_160,17461889721163778,Dano Total x{0:0.##}
ITM_Attr_162,17438567620927506,{0:+#.##;-#.##;+0} de Contagem de Explosão
ITM_Attr_163,17438567620927557,{0:+#.##;-#.##;+0} de Raio de Explosão
ITM_Attr_164,17438567620927555,{0:|+|+|+}{0:percent()}% de Vida da Estrutura do Evento
ITM_Attr_165,17438567620927556,{0:|+|+|+}{0:percent()}% de Regeneração de Vida da Estrutura do Evento
ITM_Attr_166,17438567620927583,{0:|+|+|+}{0:percent()}% de Vida de Caçador
ITM_Attr_167,17438567620927584,{0:|+|+|+}{0:percent()}% de Regeneração de Vida de Caçador
ITM_Attr_168,17438567620927559,{0:+#.##;-#.##;+0} de Acumulação de Fogo
ITM_Attr_169,17438567620927588,{0:+#.##;-#.##;+0} de Acumulação de Gelo
ITM_Attr_170,17438567620927673,{0:+#.##;-#.##;+0} de Acumulação de Gosma
ITM_Attr_171,17438567620927545,{0:+#.##;-#.##;+0} de Acumulação Elétrica
ITM_Attr_172,17438567620927596,{0:+#.##;-#.##;+0} de Acumulação Cinética
ITM_Attr_173,17461889725358093,Acumulação de Fogo x{0:0.##}
ITM_Attr_174,17461889725358112,Acumulação de Gelo x{0:0.##}
ITM_Attr_175,17461889725358144,Acumulação de Gosma x{0:0.##}
ITM_Attr_176,17461889725358087,Acumulação Elétrica x{0:0.##}
ITM_Attr_177,17461889725358116,Acumulação Cinética x{0:0.##}
ITM_Attr_178,17438567620927629,{0:+#.##;-#.##;+0} de Contagem de Lacaios Médios
ITM_Attr_179,17438567620927599,{0:+#.##;-#.##;+0} de Contagem de Lacaios Grandes
ITM_Attr_180,17438567620927517,{0:+#.##;-#.##;+0} de Dano do Lança-granadas
ITM_Attr_181,17438567620927518,{0:+#.##;-#.##;+0} de Dano da Magnum 
ITM_Name_182,28316283744280576,Demolidor
ITM_Attr_182,17438567620927519,{0:+#.##;-#.##;+0} de Dano da Pistola
ITM_182_HE_0,18226653690847232,"15% de Chance ao Causar Dano em alvo com <#FFEB04><link=""Keyword:7"">[Cambaleamento]</link></color>"
ITM_Attr_183,17438567620927520,{0:+#.##;-#.##;+0} de Dano do Canhão de Plasma
ITM_Attr_184,17438567620927521,{0:+#.##;-#.##;+0} de Dano do Canhão Magnético
ITM_Attr_185,17438567620927522,{0:+#.##;-#.##;+0} de Dano do Fuzil
ITM_Attr_186,17438567620927523,{0:+#.##;-#.##;+0} de Dano do Lança-foguete
ITM_Attr_187,17438567620927525,{0:+#.##;-#.##;+0} de Dano da Submetralhadora
ITM_Attr_188,17438567620927524,{0:+#.##;-#.##;+0} de Dano da Espingarda
ITM_190_HE_0,18226653690847233,Ao Atingir Ponto Fraco
ITM_Name_201,28316283744280577,Dente Doce
ITM_201_HE_0,18226653690847234,20% de Chance por acúmulo ao Causar Dano Crítico
ITM_Attr_205,17438567620927633,{0:+#.##;-#.##;+0} de Dano Mínimo do Lança-granadas
ITM_Attr_206,17438567620927634,{0:+#.##;-#.##;+0} de Dano Mínimo da Magnum
ITM_Attr_207,17438567620927635,{0:+#.##;-#.##;+0} de Dano Mínimo da Pistola
ITM_Attr_208,17438567620927636,{0:+#.##;-#.##;+0} de Dano Mínimo do Canhão de Plasma
ITM_Attr_209,17438567620927637,{0:+#.##;-#.##;+0} de Dano Mínimo do Canhão Magnético
ITM_Attr_210,17438567620927638,{0:+#.##;-#.##;+0} de Dano Mínimo do Fuzil
ITM_Attr_211,17438567620927639,{0:+#.##;-#.##;+0} de Dano Mínimo do Lança-foguete
ITM_Attr_212,17438567620927641,{0:+#.##;-#.##;+0} de Dano Mínimo da Submetralhadora
ITM_Attr_213,17438567620927640,{0:+#.##;-#.##;+0} de Dano Mínimo da Espingarda
ITM_Attr_214,23917723716149248,{0:|+|+|+}{0:percent()}% de Chance de Ativação de Efeito do Fuzil
ITM_Attr_215,23919520656646144,{0:|+|+|+}{0:percent()}% de Janela de Recarga do Fuzil
ITM_Attr_216,23924263609163776,{0:+#.##;-#.##;+0} de Alcance de Ataque do Fuzil
ITM_Attr_217,24342881618616320,{0:|+|+|+}{0:percent()}% de Chance de Crítico da Submetralhadora
ITM_Attr_218,24343813848817664,{0:|+|+|+}{0:percent()}% de Dano Crítico da Submetralhadora
ITM_Attr_219,24349294600380416,{0:|+|+|+}{0:percent()}% de Janela de Recarga da Submetralhadora
ITM_Attr_220,24352080738115584,{0:+#.##;-#.##;+0} de Tamanho do Pente da Submetralhadora
ITM_Attr_221,24352957326680064,{0:+#.##;-#.##;+0} de Alcance de Ataque da Submetralhadora
ITM_Attr_222,24356365756522496,{0:|+|+|+}{0:percent()}% de Precisão de Arma da Submetralhadora
ITM_Attr_223,24358815641100288,{0:|+|+|+}{0:percent()}% de Velocidade de Ataque da Submetralhadora
ITM_Attr_224,24360965767159808,{0:|+|+|+}{0:percent()}% de Chance de Ativação de Efeito da Submetralhadora
ITM_Attr_225,24363824751566848,{0:+#.##;-#.##;+0} de Contagem de Perfuração da Submetralhadora
ITM_Attr_226,24366817207115776,{0:|+|+|+}{0:percent()}% de Dano de Curto Alcance da Submetralhadora
ITM_Attr_227,24366817202921472,{0:|+|+|+}{0:percent()}% de Dano de Longo Alcance da Submetralhadora
ITM_Attr_228,24373975965491201,{0:+#.##;-#.##;+0} de Contagem de Perfuração da Magnum
ITM_Attr_229,24373975965491202,{0:|+|+|+}{0:percent()}% de Dano de Curto Alcance da Magnum
ITM_Attr_230,24373975965491200,{0:|+|+|+}{0:percent()}% de Dano de Longo Alcance da Magnum
ITM_Attr_231,24508636511330304,{0:+#.##;-#.##;+0} de Alcance de Ataque da Magnum
ITM_Attr_232,17438567620927608,{0:+#.##;-#.##;+0} de Dano Máximo do Lança-granadas
ITM_Attr_233,17438567620927609,{0:+#.##;-#.##;+0} de Dano Máximo da Magnum
ITM_Attr_234,17438567620927610,{0:+#.##;-#.##;+0} de Dano Máximo da Pistola
ITM_Attr_235,17438567620927611,{0:+#.##;-#.##;+0} de Dano Máximo do Canhão de Plasma
ITM_Attr_236,17438567620927612,{0:+#.##;-#.##;+0} de Dano Máximo do Canhão Magnético
ITM_Attr_237,17438567620927613,{0:+#.##;-#.##;+0} de Dano Máximo do Fuzil
ITM_Attr_238,17438567620927614,{0:+#.##;-#.##;+0} de Dano Máximo do Lança-foguete
ITM_Attr_239,17438567620927616,{0:+#.##;-#.##;+0} de Dano Máximo da Submetralhadora
ITM_Attr_240,17438567620927615,{0:+#.##;-#.##;+0} de Dano Máximo da Espingarda
ITM_Attr_241,17438567620927526,{0:|+|+|+}{0:percent()} de Dano do Lança-granadas
ITM_Attr_242,17438567620927527,{0:|+|+|+}{0:percent()}% de Dano da Magnum
ITM_Attr_243,17438567620927528,{0:|+|+|+}{0:percent()}% de Dano da Pistola
ITM_Attr_244,17438567620927529,{0:|+|+|+}{0:percent()}% de Dano do Canhão de Plasma
ITM_Attr_245,17438567620927530,{0:|+|+|+}{0:percent()}% de Dano do Canhão Magnético
ITM_Attr_246,17438567620927531,{0:|+|+|+}{0:percent()}% de Dano do Fuzil
ITM_Attr_247,17438567620927532,{0:|+|+|+}{0:percent()}% de Dano do Lança-foguete
ITM_Attr_248,17438567620927534,{0:|+|+|+}{0:percent()}% de Dano da Submetralhadora
ITM_Attr_249,17438567620927533,{0:|+|+|+}{0:percent()}% de Dano da Espingarda
ITM_Attr_268,17438567620927642,{0:|+|+|+}{0:percent()}% de Dano Mínimo do Lança-granadas
ITM_Attr_269,17438567620927643,{0:|+|+|+}{0:percent()}% de Dano Mínimo da Magnum
ITM_Attr_270,17438567620927644,{0:|+|+|+}{0:percent()}% de Dano Mínimo da Pistola
ITM_Attr_271,17438567620927645,{0:|+|+|+}{0:percent()}% de Dano Mínimo do Canhão de Plasma
ITM_Attr_272,17438567620927646,{0:|+|+|+}{0:percent()}% de Dano Mínimo do Canhão Magnético
ITM_Attr_273,17438567620927647,{0:|+|+|+}{0:percent()}% de Dano Mínimo do Fuzil
ITM_Attr_274,17438567620927648,{0:|+|+|+}{0:percent()}% de Dano Mínimo do Lança-foguete
ITM_Attr_275,17438567620927650,{0:|+|+|+}{0:percent()}% de Dano Mínimo da Submetralhadora
ITM_275_HE_0,18226653690847235,15% de Chance por acúmulo ao Abater
ITM_Attr_276,17438567620927649,{0:|+|+|+}{0:percent()}% de Dano Mínimo da Espingarda
ITM_Attr_285,23628790751027204,{0:|+|+|+}{0:percent()}% de Dano de Curto Alcance do Fuzil
ITM_Attr_286,23628790751027201,{0:+#.##;-#.##;+0} de Tamanho do Pente do Fuzil
ITM_Attr_287,23628790751027202,{0:+#.##;-#.##;+0} de Contagem de Perfuração do Fuzil
ITM_Attr_288,23628790746832896,{0:|+|+|+}{0:percent()}% de Velocidade de Ataque do Fuzil
ITM_Name_289,28316283744280578,Crânio Infernal
ITM_Attr_289,23913654192693248,{0:|+|+|+}{0:percent()}% de Dano em Ponto Fraco do Fuzil
ITM_289_HE_0,18226653690847236,5% de Chance ao Causar Dano
ITM_Name_290,28316283744280579,Chapa Incendiária
ITM_290_HE_0,18226653690847237,25% de Chance por acúmulo Ao Causar Dano Corpo a Corpo
ITM_Name_291,28316283744280580,Núcleo Derretido
ITM_291_HE_0,18226653690847238,10% de Chance ao Causar Dano
ITM_Name_292,28316283744280581,Salto Viscoso
ITM_292_HE_0,18226653690847239,Ao Abater
ITM_Name_293,28316283744280582,Mucodíbula
ITM_Name_294,28316283744280583,Entranhas Pegajosas
ITM_294_HE_0,18226653690847240,25% de Chance por acúmulo ao Causar Dano Crítico com Arma
ITM_Name_295,28316283744280584,Sanduíche de Sorvete
ITM_Attr_295,17438567620927617,{0:|+|+|+}{0:percent()}% de Dano Máximo do Lança-granadas
ITM_Name_296,28316283744280585,Pico de Permafrost
ITM_Attr_296,17438567620927618,{0:|+|+|+}{0:percent()}% de Dano Máximo da Magnum
ITM_Name_297,28316283744280586,Coração Criogênico
ITM_Attr_297,17438567620927619,{0:|+|+|+}{0:percent()}% de Dano Máximo da Pistola
ITM_297_HE_0,18226653690847241,Ao Trocar de Carne
ITM_Name_298,28316283744280587,Carga Estática
ITM_Attr_298,17438567620927620,{0:|+|+|+}{0:percent()}% de Dano Máximo do Canhão de Plasma
ITM_298_HE_0,18226653690847242,15% de Chance Ao Abater
ITM_Name_299,28316283744280588,Olhar da Tempestade
ITM_Attr_299,17438567620927621,{0:|+|+|+}{0:percent()}% de Dano Máximo do Canhão Magnético
ITM_Name_300,28316283744280589,Coração de Mola
ITM_Attr_300,17438567620927622,{0:|+|+|+}{0:percent()}% de Dano Máximo do Fuzil
ITM_300_HE_0,18226653690847243,Ao Causar Dano Elétrico
ITM_Attr_301,17438567620927623,{0:|+|+|+}{0:percent()}% de Dano Máximo do Lança-foguete
ITM_Attr_302,17438567620927625,{0:|+|+|+}{0:percent()}% de Dano Máximo da Submetralhadora
ITM_Name_303,28316283744280590,Carne Divina
ITM_Attr_303,17438567620927624,{0:|+|+|+}{0:percent()}% de Dano Máximo da Espingarda
ITM_303_HE_0,18226653690847244,Ao Causar Dano
ITM_Attr_304,17438567620927586,{0:+#.##;-#.##;+0} de Atraso Primário de Caçador
ITM_Attr_305,17461889725358109,{0:|+|+|+}{0:percent()}% de Atraso Primário de Caçador
ITM_Attr_306,17438567620927587,{0:+#.##;-#.##;+0} de Atraso Secundário de Caçador
ITM_Name_307,28316283744280591,Explosão de Colmeia
ITM_307_HE_0,18226653690847245,10% de Chance Ao Abater
ITM_Attr_309,17438567620927581,{0:+#.##;-#.##;+0} de Velocidade de Ataque de Caçador
ITM_Attr_310,17461889725358103,{0:|+|+|+}{0:percent()}% de Velocidade de Ataque de Caçador
ITM_Attr_311,17461889725358104,Velocidade de Ataque de Caçador x{0:0.##}
ITM_Attr_312,17438567620927582,{0:+#.##;-#.##;+0} de Dano de Caçador
ITM_Attr_313,17461889725358105,{0:|+|+|+}{0:percent()}% de Dano de Caçador
ITM_Attr_314,17461889725358106,Dano de Caçador x{0:0.##}
ITM_Attr_315,17438567620927585,{0:+#.##;-#.##;+0} de Velocidade de Movimento de Caçador
ITM_Attr_316,17461889725358107,{0:|+|+|+}{0:percent()}% de Velocidade de Movimento de Caçador
ITM_Attr_317,17461889725358108,Velocidade de Movimento de Caçador x{0:0.##}
ITM_Attr_318,17438567620927628,{0:+#.##;-#.##;+0} de Durabilidade da Carne
ITM_Attr_319,17461889725358127,{0:|+|+|+}{0:percent()}% de Durabilidade da Carne
ITM_Attr_320,17461889725358128,Durabilidade da Carne x{0:0.##}
ITM_Attr_321,17438567620927627,{0:+#.##;-#.##;+0} de Redução de Dano da Carne
ITM_Attr_322,17461889725358125,{0:|+|+|+}{0:percent()}% de Redução de Dano da Carne
ITM_Attr_323,17461889725358126,Redução de Dano da Carne x{0:0.##}
ITM_Attr_324,17438567620927541,{0:|+|+|+}{0:percent()}% de Altura do Salto Duplo
ITM_Attr_328,17438567620927548,{0:|+|+|+}{0:percent()}% de Vulnerabilidade Elétrica
ITM_Attr_329,17438567620927561,{0:|+|+|+}{0:percent()}% de Vulnerabilidade a Fogo
ITM_Attr_330,17438567620927590,{0:|+|+|+}{0:percent()}% de Vulnerabilidade a Gelo
ITM_Attr_331,17438567620927598,{0:|+|+|+}{0:percent()}% de Vulnerabilidade Cinética
ITM_Attr_332,17438567620927677,{0:|+|+|+}{0:percent()}% de Vulnerabilidade a Gosma
ITM_Attr_335,17438567620927514,Congela Alvos com Geladura
ITM_Attr_336,17438567620927632,{0:|+|+|+}{0:percent()}% de Vulnerabilidade a Corpo a Corpo
ITM_Name_337,28316283744280592,Placa Dérmica
ITM_337_HE_0,18226653690847246,Ao Perder a Carne
ITM_Name_338,28316283744280593,Podrão Caprichado
ITM_Attr_338,17438567620927499,{0:|+|+|+}{0:percent()}% de Velocidade de Ataque Corpo a Corpo
ITM_338_HE_0,18226653690847247,50% de Chance por acúmulo ao Abater com Corpo a Corpo
ITM_Attr_339,17461889721163779,Velocidade de Ataque Corpo a Corpo x{0:0.##}
ITM_Attr_340,17438567620927569,{0:+#.##;-#.##;+0} m de Distância de Detecção de Minerais
ITM_Name_341,28316283744280594,Crista de Fênix
ITM_Attr_341,17438567620927568,{0:+#.##;-#.##;+0} m de Distância de Detecção de Fenda de Pesca
ITM_Attr_342,17438567620927567,{0:+#.##;-#.##;+0} m de Distância de Detecção de Gastronautas
ITM_Attr_343,17438567620927671,{0:+#.##;-#.##;+0} de Dano de Estilhaço
ITM_Attr_344,17461889725358141,{0:|+|+|+}{0:percent()}% de Dano de Estilhaço
ITM_Attr_345,17461889725358142,Dano de Estilhaço x{0:0.##}
ITM_Attr_346,17438567620927504,{0:+#.##;-#.##;+0} de Dano de Queimadura
ITM_Attr_347,17461889725358080,{0:|+|+|+}{0:percent()}% de Dano de Queimadura
ITM_Name_348,28316283744280595,Sobras
ITM_Attr_348,17461889725358081,Dano de Queimadura x{0:0.##}
ITM_Attr_349,17438567620927513,{0:|+|+|+}{0:percent()}% de Chance de Ativar Combustão
ITM_Attr_350,17438567620927512,{0:+#.##;-#.##;+0} de Dano de Combustão
ITM_350_HE_0,18226653690847249,25% de Chance por acúmulo ao Abater com Arma
ITM_Attr_351,17461889725358083,{0:|+|+|+}{0:percent()}% de Dano de Combustão
ITM_Attr_352,17461889725358084,Dano de Combustão x{0:0.##}
ITM_Attr_353,17438567620927550,{0:|+|+|+}{0:percent()}% de Chance de Ativar Gatilho Eletrificado
ITM_Attr_354,17438567620927549,{0:+#.##;-#.##;+0} de Dano Eletrificado
ITM_Name_355,28316283744280596,Cutelo de Açougueiro
ITM_Attr_355,17461889725358090,{0:|+|+|+}{0:percent()}% de Dano Eletrificado
ITM_355_HE_0,18226653690847250,Ao Causar Dano Corpo a Corpo
ITM_Attr_356,17461889725358091,Dano Eletrificado x{0:0.##}
ITM_Attr_357,17438567620927675,{0:|+|+|+}{0:percent()}% de Eficácia de Gosmento
ITM_Name_358,28316283744280597,Proteína em Pó
ITM_Attr_358,17438567620927510,{0:|+|+|+}{0:percent()}% de Lentidão por Geladura
ITM_Attr_359,17438567625121793,{0:|+|+|+}{0:percent()}% de Dano em Ponto Fraco da Magnum
ITM_Attr_360,17438567625121794,{0:|+|+|+}{0:percent()}% de Dano em Ponto Fraco da Pistola
ITM_Attr_361,17438567625121795,{0:|+|+|+}{0:percent()}% de Dano em Ponto Fraco da Espingarda
ITM_Attr_362,17438567625121796,{0:|+|+|+}{0:percent()}% de Dano em Ponto Fraco da Submetralhadora
ITM_Name_363,16146637997989888,Especial de Longo Alcance
ITM_Attr_363,17438567620927537,{0:|+|+|+}{0:percent()}% de Dano de Acerto Direto do Lança-granadas
ITM_363_HE_0,18226653690847251,15% de Chance ao Causar Dano de Longo Alcance
ITM_Name_364,16146638002184192,Especial de Curto Alcance
ITM_Attr_364,17438567620927538,{0:|+|+|+}{0:percent()}% de Dano de Acerto Direto do Canhão de Plasma
ITM_364_HE_0,18226653690847252,15% de Chance ao Causar Dano de Curto Alcance
ITM_Name_365,28316283744280598,Dedos Desastrados
ITM_Attr_365,17438567620927539,{0:|+|+|+}{0:percent()}% de Dano de Acerto Direto do Lança-foguete
ITM_365_HE_0,18226653690847253,25% de Chance Ao Causar Dano em Ponto Fraco
ITM_Attr_366,17438567620927682,{0:|+|+|+}{0:percent()}% de Recuperação de Dispersão do Fuzil
ITM_Attr_367,17438567625121798,{0:|+|+|+}{0:percent()}% Precisão de Arma do Fuzil
ITM_Name_368,28316283744280599,Casca de Espinha
ITM_Attr_368,17438567620927605,{0:|+|+|+}{0:percent()}% de Dano de Longo Alcance do Canhão Magnético
ITM_368_HE_0,18226653690847254,10% de Chance Ao Ter Sucesso na Recarga Rápida
ITM_Attr_369,17438567620927607,{0:+#.##;-#.##;+0} de Tamanho do Pente do Canhão Magnético
ITM_Attr_370,17438567620927558,{0:|+|+|+}{0:percent()}% de Raio de Explosão da Arma de Plasma
ITM_Name_371,28316283744280600,Peito de Trovão
ITM_Attr_371,21253799095033856,{0:|+|+|+}{0:percent()}% de Janela de Recarga da Pistola
ITM_371_HE_0,18226653690847255,5% de Chance ao Causar Dano
ITM_Attr_372,21255839816867840,{0:|+|+|+}{0:percent()}% de Chance de Crítico da Pistola
ITM_Attr_373,21257451205550080,{0:+#.##;-#.##;+0} de Tamanho do Pente da Pistola
ITM_Name_374,28316283744280601,Olhos de Iéti Incrustados
ITM_Attr_374,21258827750957056,{0:|+|+|+}{0:percent()}% de Precisão de Arma da Pistola
ITM_374_HE_0,18226653690847256,Ao Causar Dano de Arma Corpo a Corpo
ITM_Attr_375,21259953611202560,{0:+#.##;-#.##;+0} de Alcance de Ataque da Pistola
ITM_Attr_376,21265502662811648,{0:|+|+|+}{0:percent()}% de Velocidade de Ataque da Pistola
ITM_Attr_377,21266579567140864,{0:|+|+|+}{0:percent()}% de Dano Crítico da Pistola
ITM_Name_378,28316283744280602,Tiro de Bombarda
ITM_Attr_378,21267581485703168,{0:+#.##;-#.##;+0} de Contagem de Perfuração da Pistola
ITM_Attr_379,21268790338641920,{0:|+|+|+}{0:percent()}% de Dano de Curto Alcance da Pistola
ITM_Attr_380,21268790334447616,{0:|+|+|+}{0:percent()}% de Dano de Longo Alcance da Pistola
ITM_Attr_381,23628790751027203,{0:|+|+|+}{0:percent()}% de Chance de Ativação de Efeito da Pistola
ITM_Attr_382,23628790746832898,{0:|+|+|+}{0:percent()}% de Dano Crítico do Fuzil
ITM_Attr_383,23628790746832897,{0:|+|+|+}{0:percent()}% de Chance de Crítico do Fuzil
ITM_Attr_384,23628790751027200,{0:|+|+|+}{0:percent()}% de Dano de Longo Alcance do Fuzil
ITM_Attr_385,24508636515524608,{0:|+|+|+}{0:percent()}% de Velocidade de Ataque da Magnum
ITM_Attr_386,24512006886252544,{0:|+|+|+}{0:percent()}% de Chance de Crítico da Magnum
ITM_Attr_387,24512006890446848,{0:|+|+|+}{0:percent()}% de Dano Crítico da Magnum
ITM_Attr_388,24734712562966528,{0:|+|+|+}{0:percent()}% de Precisão de Arma da Magnum
ITM_Attr_389,24734712558772224,{0:|+|+|+}{0:percent()}% de Janela de Recarga da Magnum
ITM_Attr_390,24738876634423296,{0:+#.##;-#.##;+0} de Tamanho do Pente da Magnum
ITM_Attr_391,24741585584381952,{0:|+|+|+}{0:percent()}% de Chance de Ativação de Efeito da Magnum
ITM_Attr_392,24756431059148800,{0:|+|+|+}{0:percent()}% de Velocidade de Ataque do Canhão de Plasma
ITM_Attr_393,24756431059148801,{0:|+|+|+}{0:percent()}% de Chance de Crítico do Canhão de Plasma
ITM_Name_394,28316283744280603,Piroclasma
ITM_Attr_394,24756431059148802,{0:|+|+|+}{0:percent()}% de Dano Crítico do Canhão de Plasma
ITM_Attr_395,24756431063343107,{0:|+|+|+}{0:percent()}% de Janela de Recarga do Canhão de Plasma
ITM_Name_396,28316283744280604,Tempestade
ITM_Attr_396,24756431063343104,{0:+#.##;-#.##;+0} de Tamanho do Pente do Canhão de Plasma
ITM_396_HE_0,18226653690847258,25% de Chance ao Causar Dano
ITM_Name_397,28316283744280605,Psicomagnoteremo
ITM_Attr_397,24756431063343105,{0:|+|+|+}{0:percent()}% de Chance de Ativação de Efeito do Canhão de Plasma
ITM_Attr_398,24756431063343106,{0:|+|+|+}{0:percent()}% de Velocidade de Projétil do Canhão de Plasma 
ITM_Attr_399,24759307705769984,{0:|+|+|+}{0:percent()}% de Dano em Área do Canhão de Plasma
ITM_Attr_400,24766997932793856,{0:+#.##;-#.##;+0} de Contagem de Perfuração da Espingarda
ITM_Attr_401,24771101572718593,{0:|+|+|+}{0:percent()}% de Chance de Crítico da Espingarda
ITM_Attr_402,24771101572718594,{0:|+|+|+}{0:percent()}% de Dano Crítico da Espingarda
ITM_Attr_403,24771101576912896,{0:|+|+|+}{0:percent()}% de Chance de Ativação de Efeito da Espingarda
ITM_Attr_404,24771101572718595,{0:+#.##;-#.##;+0} de Tamanho do Pente da Espingarda
ITM_Attr_405,24771101576912898,{0:|+|+|+}{0:percent()}% de Dano de Curto Alcance da Espingarda
ITM_Attr_406,24771101568524288,{0:+#.##;-#.##;+0} de Alcance de Ataque da Espingarda
ITM_Attr_407,24771101572718592,{0:|+|+|+}{0:percent()}% de Velocidade de Ataque da Espingarda
ITM_Attr_408,24771101576912897,{0:|+|+|+}{0:percent()}% de Janela de Recarga da Espingarda
ITM_Attr_409,24776968426741764,{0:|+|+|+}{0:percent()}% de Chance de Ativação de Efeito do Canhão Magnético
ITM_Attr_410,24776968426741761,{0:|+|+|+}{0:percent()}% de Chance de Crítico do Canhão Magnético
ITM_Attr_411,24776968426741762,{0:|+|+|+}{0:percent()}% de Dano Crítico do Canhão Magnético
ITM_Attr_412,24776968430936064,{0:|+|+|+}{0:percent()}% de Janela de Recarga do Canhão Magnético
ITM_Attr_413,24776968426741763,{0:+#.##;-#.##;+0} de Contagem de Perfuração do Canhão Magnético
ITM_Attr_414,24776968426741760,{0:|+|+|+}{0:percent()}% de Velocidade de Ataque do Canhão Magnético
ITM_Attr_415,24776968430936066,{0:|+|+|+}{0:percent()}% de Dano em Ponto Fraco do Canhão Magnético
ITM_Attr_416,24776968422547456,{0:+#.##;-#.##;+0} de Alcance de Ataque do Canhão Magnético
ITM_Attr_417,24776968430936065,{0:|+|+|+}{0:percent()}% de Dano de Curto Alcance do Canhão Magnético
ITM_Attr_418,24791651242205186,{0:|+|+|+}{0:percent()}% Chance de Crítico do Lança-foguete
ITM_Attr_419,24791651246399488,{0:|+|+|+}{0:percent()}% de Dano Crítico do Lança-foguete
ITM_Attr_420,24791651246399490,{0:+#.##;-#.##;+0} de Tamanho do Pente do Lança-foguete
ITM_Attr_421,24791651246399492,{0:|+|+|+}{0:percent()}% de Velocidade de Projétil do Lança-foguete
ITM_Attr_422,24791651242205185,{0:|+|+|+}{0:percent()}% de Velocidade de Ataque do Lança-foguete
ITM_Attr_423,24791651246399491,{0:|+|+|+}{0:percent()}% de Chance de Ativação de Efeito do Lança-foguete
ITM_Attr_424,24791651246399489,{0:|+|+|+}{0:percent()}% Raio de Explosão do Lança-foguete
ITM_Attr_425,24791651242205184,{0:|+|+|+}{0:percent()}% de Dano em Área do Lança-foguete
ITM_Attr_426,24900049224851457,{0:|+|+|+}{0:percent()}% de Chance de Crítico do Lança-granadas
ITM_Attr_427,24900049224851458,{0:|+|+|+}{0:percent()}% de Dano Crítico do Lança-granadas
ITM_Attr_428,24900049224851456,{0:|+|+|+}{0:percent()}% de Velocidade de Ataque do Lança-granadas
ITM_Attr_429,24900049229045763,{0:|+|+|+}{0:percent()}% de Velocidade de Projétil do Lança-granadas
ITM_Attr_430,24900049229045764,{0:|+|+|+}{0:percent()}% de Janela de Recarga do Lança-granadas
ITM_Attr_431,24900049229045761,{0:+#.##;-#.##;+0} de Tamanho do Pente do Lança-granadas
ITM_431_HE_0,18226653690847259,Ao Sofrer Dano de Barreira
ITM_Attr_432,24900049229045760,{0:|+|+|+}{0:percent()}% de Raio de Explosão do Lança-granadas
ITM_Attr_433,24900049229045762,{0:|+|+|+}{0:percent()}% de Chance de Ativação de Efeito do Lança-granadas
ITM_Attr_434,25748331929001984,{0:|+|+|+}{0:percent()}% de Dano em Área do Lança-granadas
ITM_Attr_435,25748331937390592,{0:|+|+|+}{0:percent()}% de Dano em Área do Canhão Magnético
ITM_Attr_436,25748331937390593,{0:|+|+|+}{0:percent()}% de Raio de Explosão do Canhão Magnético
ITM_Attr_437,26114264799371264,{0:+#.##;-#.##;+0} de Vida de Caçador
ITM_Attr_438,26114264803565568,Vida de Caçador x{0:0.##}
ITM_Attr_439,26122126309187584,{0:+#.##;-#.##;+0} de Regeneração de Vida de Caçador
ITM_Attr_440,26122126313381888,Regeneração de Vida de Caçador x{0:0.##}
ITM_Name_567,28316283748474880,Crânio de Espinheiro
ITM_Name_568,28316283748474881,Camarão à Parmegiana
ITM_Name_596,28316283748474882,Bacalhau com Milho
ITM_596_HE_0,18226653695041537,Ao Trocar de Arma
ITM_Name_601,28316283748474883,Coxão das Neves
ITM_601_HE_0,18226653695041538,"15% de Chance ao Abater com Arma um alvo com <#FFEB04><link=""Keyword:3"">[Geladura]</link></color>"
ITM_626_HE_0,18935442668773376,50% de Chance Ao Abater
ITM_627_HE_0,18935442672967680,75% de Chance Ao Abater
ITM_629_HE_0,18935442672967681,15% de Chance ao Abater com Corpo a Corpo
ITM_630_HE_0,18935442672967682,20% de Chance ao Abater com Corpo a Corpo
ITM_631_HE_0,18935442672967683,25% de Chance ao Abater com Corpo a Corpo
ITM_Name_632,28316283748474884,Matador I
ITM_632_HE_0,18935442672967684,Ao Abater com Arma de Longo Alcance
ITM_Name_636,28316283748474885,Matador II
ITM_Name_637,28316283748474886,Matador
ITM_Name_659,14836559116476416,Garra de Caçador Enfurecido
MEH_Name_65,15651248710606848,Cabeça de Cabeção
PE_Desc_89,15325185385988096,Bloqueie esses Feixes de Tração!
PE_Desc_98,16371853938163712,Sob a Montanha
PE_Desc_99,18285212149252096,Caverna Infestada
PE_Desc_101,21033271765532672,Faça o Suco Parar
PF_Name_45,18853199392792576,"Dan, o Coach de Vida"
VO_Transcript_111,18769949506699264,Cozimento concluído! Iniciando extração...
VO_Transcript_112,26304660661854208,"Esse planeta aqui tem um bom e velho Núcleo de Carne que vai nos ajudar a chegar onde precisamos ir.<br>O problema é que ele tá meio escondido, então fica de olho aberto."
VO_Transcript_113,28287482192715776,"Ah é, esse lugar ainda me dá arrepios. Relaxa, Coxão Mole. Vamos lá achar aquele traje."
VO_Transcript_114,28287482192715777,"Ah, eu me lembro dessa menina. É de uma das nossas fábricas de robôs de longo alcance.<br>Olha, a garantia dela já passou faz tempo. Ela deve ter problema no coração, precisa ser extraído."
VO_Transcript_115,28287482192715778,"Quando o grandalhão aparecer, mão na massa, Coxão Mole!"
VO_Transcript_116,26565547768344576,"Aaaahhh nãããão... Err, digo, foi mal, você tá indo bem!"
VO_Transcript_117,26565547806093312,"Agora é a sua chance, prenda ele!"
VO_Transcript_118,26565547806093313,"Ei, fraldinha, fica de olho nesse juiz! Ele é ladrão!"
VO_Transcript_119,26565547806093314,"Boa, fraldinha! Pegou ele de calças curtas! Continue assim! Pipoco neles!"
WPN_57_HE_0,28316283836555264,Ao Acertar
153cc3f8cf1f4d0888816bf658a8632c_100_0,18288937009971200,Peixes Derrotados
4115cee4e56045ee915c6d12fc8f28bf_57_0,25819545806340097,Encontre a Reunião das Gosmas
43299c14b63f49d78c190b2a798a27a6_98_0,16371853938163714,Entre na Caverna Próxima
455efe9b97694027bc0a679531a30729_79_0,28265088556195840,Encontre o Posto de Vida
45c41fc4a38742fdb704cb4e69bcd9da_79_0,28263989174591488,Use o Posto para Recuperar Vida
4ddcdfd50d0e47f08fd6bc7f5f1bb469_89_0,15325185385988097,Feixes Bloqueados
58f4d3f77dd547dc8169638a7b3e062e_8_0,25819545705676800,Encontre a Colhedora Acidentada
736627e655094cfa8f25340937a2d4ff_64_0,25819545806340099,Encontre o Coração de Calipso
7dd5734af14447428441a4afa3b05ccf_54_0,15335522801844224,segure
86379083fd29463498e7361acdd157e4_101_0,20866619597946882,Destrua a Válvula
8d27d8bb3bee42c2942be3baf1859045_101_0,20866619602141184,Cérebro Alienígena Destruído
9e417b53bbd949a386d2591e402d5f07_101_0,20866619597946881,Limpe as Bombas
a1908cc5be6d465790e029e3f2e73d0d_98_0,16371853938163713,Entrada da Caverna
a95b5d889fb84d7ba700d8975dc1d8a1_43_0,26214435956711424,Ovos Perigosos
e7d14953a4ce4343b8ec0afd82159bfc_101_0,20864094534664192,Limpe a Turbina
fcf9f2b3388a439ebd895d5441e1652f_101_0,20866619597946883,Elimine a Corrupção
144401ad86fc4e17a5b485773aed3c37_92_0,31181757266366471,Aproxime-se da Fenda
144401ad86fc4e17a5b485773aed3c37_97_0,31181757266366472,Use [InputAction:Gameplay/CharacterMovement] para ir até o Sinalizador!
29b4771bd209406eb232367ab4aef6ea_90_0,31181757266366465,Nódulos de Defesa de Colhedoras Pousaram
2b68a27692834455b2862225321d85bf_84_0,28606152955428864,Calotas Derrotados
36cd18992f274b02a91cd6c0e992f1f4_101_0,31321804916948992,Localização do Dreno
83339c61496448f3ab8a9f00787f30bd_73_0,28635447101943808,Extraindo o Núcleo de Carne
a169f4140ad1400281c0f9cbb7a7c6cf_97_0,31181757266366473,Use [InputAction:Gameplay/Jump] para pular da Encosta do Penhasco!
de34733aa21446248815db4a898e8278_104_0,31957267828957185,Chefe Resgatado
ff4f7bf8a6c14791a0d538b070a535d6_90_0,31181757266366468,Proteja os Nódulos de Colhedoras
STG_1_e58baca8b4594c5c8b9ee8eb81f7ecb2,30928171548270592,"Eita! Os caçadores te pegaram mesmo, hein?!<br>É, pensei que você tivesse visto os avisos."
STG_2_e58baca8b4594c5c8b9ee8eb81f7ecb2,31228502341574656,"Enfim, eu tenho uma coisa aqui que vai te ajudar com esses pestinhas estelares. <br>Aqueles bichos melequentos das estrelas, sabe? Só falar comigo."
DF_Name_0,29025126539321344,Médio
DF_Desc_0,29025126547709952,"<b>Classe de Inimigo Máxima: 1</b><br><br>Nível de Desafio:<br><b><color=#FFC700>Reduzida (-40%)</color></b><br><br><b><color=#00D6D2>Inimigos Fracos</color></b> surgem ao invés dos mais difíceis<br><br>Estruturas do Evento, chefes e Caçadores têm <b><color=#00D6D2>menos vida</color></b><br><br>Vida reduzida do inimigo <b><color=#FFC700>(-25%)</color></b><br><br><b>Recursos de Classe Reduzidos</b>."
DF_Name_1,29025126547709953,Picante
DF_Desc_1,29025126547709954,<b>Nível máximo de inimigos: 2</b><br><br>Nível de desafio:<br><b><color=#FFC700>Padrão</color></b><br><br>Ganhe +40% de Glizzy e REP<br><br>Recursos até o <b>Nível 3</b>
DF_Name_2,29025126547709955,Ardente
DF_Desc_2,29025126547709956,"<b>Classe de Inimigo Máxima: 3</b><br><br>Nível de Desafio:<br><b><color=#FFC700>Aumentado (+40%)</color></b><br><br><b><color=#00D6D2>Inimigos mais fortes</color></b> surgem ao invés dos mais fracos<br><br>Estruturas de evento, chefes e Caçadores têm <b><color=#00D6D2>mais vida</color></b><br><br>Recebem +60% de Podrito e PER<br>Recursos até a <b>Classe 4</b>."
DF_Name_3,29025126547709957,Pesadelo
DF_Desc_3,29025126547709958,"<b>Classe de Inimigo Máxima: 3</b><br><br>Nível de Desafio:<br><b><color=#FFC700>Aumentado (+100%)</color></b><br><br>Estruturas de evento, chefes e Caçadores têm <b><color=#00D6D2>aumento gigantesco de vida</color></b><br><br>Recebem +100% de Podrito e PER<br><br>Recursos até a <b>Classe 5</b>."
ITM_Attr_441,28553671907450880,Intervalo de Geração x{0:0.##}
ITM_Attr_442,28711131483725824,{0:+#.##;-#.##;+0} de Chance de Crítico Corpo a Corpo
ITM_Attr_443,28711131492114432,{0:|+|+|+}{0:percent()}% de Chance de Crítico Corpo a Corpo
ITM_Attr_444,28711131492114433,Chance de Crítico Corpo a Corpo x{0:0.##}
ITM_Attr_445,28711131492114434,{0:+#.##;-#.##;+0} de Dano Crítico Corpo a Corpo
ITM_Attr_446,28711131492114435,{0:|+|+|+}{0:percent()}% de Dano Crítico Corpo a Corpo
ITM_Attr_447,28711131492114436,Dano Crítico Corpo a Corpo x{0:0.##}
ITM_Attr_448,28711131492114437,{0:+#.##;-#.##;+0} de Distância de Repulsão
ITM_Attr_449,28711131492114439,{0:|+|+|+}{0:percent()}% de Distância de Repulsão
ITM_Attr_450,28711131492114441,Distância de Repulsão x{0:0.##}
ITM_Attr_451,28711131492114438,{0:+#.##;-#.##;+0} de Distância de Repulsão Corpo a Corpo
ITM_Attr_452,28711131492114440,{0:|+|+|+}{0:percent()}% de Distância de Repulsão Corpo a Corpo
ITM_Attr_453,28711131492114442,Distância de Repulsão Corpo a Corpo x{0:0.##}
ITM_Attr_454,28958566212935680,Vida do Chefe x{0:0.##}
ITM_Attr_455,31508239826001920,Densidade dos Inimigos x{0:0.##}
ITM_Attr_456,32668876866297856,{0:|+|+|+}{0:percent()}% de Vida da Estrutura do Evento Amigável
ITM_Attr_457,32668876891463680,{0:|+|+|+}{0:percent()}% de Regeneração de Vida da Estrutura do Evento Amigável
ITM_Attr_458,32672250860904448,Vida da Estrutura do Evento do Jogador x{0:0.##}
MEH_Name_72,31000223307259904,Cabeça de Operador Patológico
MET_Name_194,31000223311454208,Torso de Operador Patológico
PE_Desc_90,31181757232812032,Primeira Colheita
PE_Desc_91,31181757266366470,Esmague Alguns Insetos
PE_Desc_104,31957267828957184,Salve Bernie!
SS_Name_7,31684905095127040,Aleatório
VO_Transcript_81,28687422266007552,Olha só as perninhas se mexendo. Adoro ver isso.
14b550cb62de4d47aa26571d5ec081a4_73_0,35944490127581184,Fuja do Planeta
1698bcf073164975b50d0c057e9e9434_40_0,35944490102415360,Próxima Onda
1d47360bac994027a98c29d45df2a55b_69_0,36342413208686592,Nódulos da Fábrica Destruídos
29488c16d198412883a2a51596acc2bb_88_0,34098342817202177,Faróis Altos Derrotados
47d22a0a9d04426a939f3ea0864b5205_88_0,34098342817202176,Cristal Protetor Destruído
79546cc3d5574f48bfeae8542285b2be_101_0,35236879184723968,Válvula
7c767509160b47d09ee5fd3037cd6303_60_0,38122210821771264,Rim de Calipso Destruído
95793848bf4b4be5a284252b6e26a2cc_105_0,32983460336140288,Jarros Clone Destruídos
bae246cb718c4be1ae01bf6826b33960_64_0,28599495512850432,Coração de Calipso Destruído
bd02e00fea674e84a16b0fc4d3a7c330_90_0,35944490152747008,Proteja a Colhedora
STG_3_253905826c564fb2a5270da3f6110546,33060789416878080,"Coxão Mole, você deveria me escutar quando te digo que a Ciência da Carne foi um grande sucesso, hehe.<br>E não é só fala minha não, viu!"
STG_4_253905826c564fb2a5270da3f6110546,33061804547497984,A galáxia tinha gente demais.<br>Não tinha comida suficiente pra todos.
STG_5_253905826c564fb2a5270da3f6110546,33061804547497985,"Foi aí que eu resolvi colocar a mão na massa e mexer nos paradigmas, sabe!"
STG_6_253905826c564fb2a5270da3f6110546,33061804547497986,Todo mundo amava as Carnes Rangus.<br>Todos nós íamos viver felizes para sempre...
STG_7_253905826c564fb2a5270da3f6110546,33120374009880576,Caramba! Espera um segundo.<br>Diz aqui que é seu aniversário número um...
STG_8_253905826c564fb2a5270da3f6110546,33128087053918208,Quem?! Nossa! Ei! Você tem que me dizer<br>quando tivermos alguém novo chegando!  
STG_9_253905826c564fb2a5270da3f6110546,33128087058112512,"De qualquer forma, eu adoraria te dar uma apresentação apropriada.<br>Infelizmente, você já está atrasado para seu primeiro dia!"
STG_10_253905826c564fb2a5270da3f6110546,33128087058112513,"Vamos lá, amiguinho, vamos!<br>Já tá na hora de botar o pé na estrada!"
STG_11_253905826c564fb2a5270da3f6110546,33136475515117568,"Feliz aniversário, amiguinho!"
STG_12_2d920e29bd4e4060912784dfdac2cbca,34174556175327238,"Mais um aniversário? Puxa, mas que puxa!"
STG_12_2e38b79c84684f2aa45587b4fe0c0bd5,34174556175327237,"Ah, feliz aniversário pra você, coleguinha!"
STG_12_3a27ffa6fa314a5c8625d27093931a96,34174556175327234,"Feliz aniversário, Coxão Mole!"
STG_12_3eb827e2e6064632b425c10921cbf907,34174556175327236,Que barulhinho é esse? É um feliz aniversário!
STG_12_4702726866014a76a515f75fffdd6c18,34174556175327232,"Lá vai ele, minha coisinha favorita!"
STG_12_887c915b3fc54337b9f436b5bc95e7a6,34174556175327239,"Peraí, é outro aniversário? Olha só, e é mesmo!"
STG_12_b5bdbdcabfc047a0b78d868a88bb74be,34174556175327235,Feliz aniversário mais uma vez!
STG_12_b737dec367b64b198466cda5b7c3d659,34174556175327233,"Nossa, esse aniversário parece superssuculento e macio! "
STG_12_b9065185d40f4e6ab964735d41f28db9,34174556175327240,"E mais um feliz aniversário pra você, coleguinha!"
STG_12_c76a5df566ac4228826d26e700509ad3,34174556175327241,"Aniversário, aniversário, feliz, feliz aniversário!"
STG_12_f1feac12173c43cbbb43b1e0a664f946,34174556175327242,Adivinha só? Feliz aniversário pra você!
STG_13_253905826c564fb2a5270da3f6110546,33139387419058176,"Uau, Coxão Mole!<br>Não acredito que você voltou com vida!"
STG_14_e58baca8b4594c5c8b9ee8eb81f7ecb2,33297722948706304,"Me sinto mal, sabe? Pensei que você fosse morrer lá embaixo<br>com seus amiguinhos e seus feijões e..."
STG_15_e58baca8b4594c5c8b9ee8eb81f7ecb2,33297722961289216,"Ah, mas não se preocupa, ainda não acabou. Finalmente encontramos a cidade Tangus!"
STG_16_e58baca8b4594c5c8b9ee8eb81f7ecb2,33297722961289217,"Vamos fervilhar esse combustível Franken até chegar naquele sistema.<br>Aah, vai ser um baita churrasco!"
STG_17_e58baca8b4594c5c8b9ee8eb81f7ecb2,33300395982839808,"Ah, você ainda tá usando essa arminha de nada?<br>Tenho uma coisa melhor pra você, vem falar comigo."
STG_18_e58baca8b4594c5c8b9ee8eb81f7ecb2,33301769751617536,"Ah, me dói muito admitir... mas a Carne Inteligente não consegue fazer tudo."
STG_19_e58baca8b4594c5c8b9ee8eb81f7ecb2,33301769755811840,Às vezes precisamos de uma ajudinha extra. Vem aqui conversar comigo.
STG_20_e58baca8b4594c5c8b9ee8eb81f7ecb2,33308298840104960,"Psiu. Ei, ei, Coxão Mole. Tem uma coisa muito estranha acontecendo aqui.<br>Por que você não vem falar comigo?"
STG_21_3b2f530890de4c1cb5f931eaf857b3c5,36007377365884930,"E aí, Coxão!"
STG_21_3c049bef12bf41418d16ee6b37dc86f6,36007377365884928,"Ei, Coxão Mole! Tenho uma coisinha pra você!"
STG_21_6f18a989231f4fafad627eb8654dae19,36007377365884933,Coxããão Moleeeee!
STG_21_8e4b1695c1e547178866cd55a320e8cd,36007377365884931,"Ei, Coxão! Tô com uma coisa boa aqui."
STG_21_abd986d8f7154c44bd5d7cd3627ec641,36007377365884934,"Ei, amiguinho! Tenho uma coisa pra você, vem falar comigo."
STG_21_c46b1dc527f447dc88e9cc8683e8f626,36007377365884929,"Aaah, tô fazendo uma coisa das boas aqui. Vem falar comigo, Coxão!"
STG_21_d3774b96d6264c68a5b66ebff7ede9f4,36007377365884932,"Vem aqui, Coxão, preparei uma coisa nova."
STG_22_e58baca8b4594c5c8b9ee8eb81f7ecb2,33311167362359296,"Olha, arma é questão de preferência pessoal. E você faz o que quiser.<br>Não tem decisões erradas aqui."
STG_23_e58baca8b4594c5c8b9ee8eb81f7ecb2,33312404489101312,"Coxão Mole, precisamos conversar sobre seu talento. Você quer se expressar melhor, né?!"
STG_24_e58baca8b4594c5c8b9ee8eb81f7ecb2,33312404489101313,"Bem, vá até o novo Terminal de Brasão.<br>Quero ver você brilhando como a estrelinha que é."
STG_25_e58baca8b4594c5c8b9ee8eb81f7ecb2,33315184792559616,"Aah, me dói muito admitir, mas o corpo de carne não consegue fazer tudo."
STG_26_e58baca8b4594c5c8b9ee8eb81f7ecb2,33315184792559617,"Vem conferir esse Terminal novo e libere seu potencial MÁXIMO, hehe!"
STG_27_253905826c564fb2a5270da3f6110546,33318258437251072,"Ei, Coxão Mole, por que você sempre fica tilintando por aí com essa tralha toda nos bolsos?"
STG_28_253905826c564fb2a5270da3f6110546,33318258441445376,"Por que você não leva umas moedas pro Comerciante Mike e dá um bom fim a elas, que tal?"
STG_29_253905826c564fb2a5270da3f6110546,33318258441445377,"Ele é basicamente uma calculadora humana. No caso, tirando a parte de ser humano. Ele é meio que uma máquina, sabe...?"
STG_30_e58baca8b4594c5c8b9ee8eb81f7ecb2,33323369637076992,"Fiu-fiu, agora sim! Com este Detector de Caçador,<br>você vai ver um pequeno Medidor de Ameaça no topo do visor."
STG_31_e58baca8b4594c5c8b9ee8eb81f7ecb2,33323369641271296,"Se o medidor estiver apontando para a esquerda, significa que os Caçadores não têm ideia do que você tá fazendo."
STG_32_e58baca8b4594c5c8b9ee8eb81f7ecb2,33323369641271297,Você pode relaxar e aproveitar seu tempo com toda a tranquilidade.<br>Mas se ele começar a agir estranho e girar pro lado direito...
STG_33_e58baca8b4594c5c8b9ee8eb81f7ecb2,33323369641271298,"... Aí é melhor você tomar cuidado. Significa que os Caçadores sentiram seu cheirinho especial.<br>Fica de olho no medidor e não perde seu tempo.<br>Beleza, boa sorte, Coxão Mole."
STG_34_e58baca8b4594c5c8b9ee8eb81f7ecb2,33332958667464704,"Veja só, finalmente pegamos um! Hahahahaha!"
STG_36_e58baca8b4594c5c8b9ee8eb81f7ecb2,33334462321254401,Útil E delicioso... Ah! Certamente é obra do Carl!
STG_37_e58baca8b4594c5c8b9ee8eb81f7ecb2,33334462321254402,Carl Rangus... Você deveria ter permanecido no exílio.
STG_38_e58baca8b4594c5c8b9ee8eb81f7ecb2,33334462321254403,Caçadores! Cacem ele!
STG_39_e58baca8b4594c5c8b9ee8eb81f7ecb2,33356874173636608,"Ah, isso é exatamente o que precisamos pra começar a consertar o que quebrou."
STG_40_e58baca8b4594c5c8b9ee8eb81f7ecb2,33356874182025216,Aquele grandalhão lá tem combustível suficiente pra gente atravessar metade da galáxia!
STG_41_e58baca8b4594c5c8b9ee8eb81f7ecb2,33356874182025217,Rangus!
STG_42_e58baca8b4594c5c8b9ee8eb81f7ecb2,33356874182025218,"Aham, é, isso aí também é ótimo."
STG_43_e58baca8b4594c5c8b9ee8eb81f7ecb2,33356874182025219,"Ah não, Coxão Mole, temos que sair daqui!"
STG_44_e58baca8b4594c5c8b9ee8eb81f7ecb2,33356874182025220,"Ah, fica quieto!"
STG_45_e58baca8b4594c5c8b9ee8eb81f7ecb2,33356874182025221,"Ei, Roxie, nós vamos ou não?!"
STG_46_e58baca8b4594c5c8b9ee8eb81f7ecb2,33356874182025222,"Tinha que ficar fuçando onde não devia, né, Carl?"
STG_47_e58baca8b4594c5c8b9ee8eb81f7ecb2,33356874182025223,Abastecimento em andamento. Aguarde.
STG_48_e58baca8b4594c5c8b9ee8eb81f7ecb2,33356874182025224,"A galáxia sabe que você não é confiável, Carl! E você também."
STG_49_e58baca8b4594c5c8b9ee8eb81f7ecb2,33356874182025225,Abastecimento concluído. Preparar para a aceleração.
STG_50_e58baca8b4594c5c8b9ee8eb81f7ecb2,33356874182025226,Motores de distorção ativados.
STG_51_e58baca8b4594c5c8b9ee8eb81f7ecb2,33360178878341120,"Você não vai escapar da justiça de novo, Carl Rangus. Você e sua Carne Inteligente precisam ser detidos."
STG_52_e58baca8b4594c5c8b9ee8eb81f7ecb2,33356874182025227,E os habitantes dos planetas vizinhos agora podem viver sem o medo de que essa criatura os devore.
STG_54_e58baca8b4594c5c8b9ee8eb81f7ecb2,33356874182025228,"Roxie, como anda sua carne nova?!"
STG_55_3216418ba9ee4b068876b913bb3ccef2,35503730513141760,Lembra daquele núcleo de carne que você passou para mim?<br>Nós vamos usá-lo para atrair essa pequena criatura que vive naquele planeta.
STG_56_9850ab8dd16e4c88acd86a61b4b87604,35512353628872704,Você mandou bem até agora. Mas ainda não está pronto.
STG_57_3216418ba9ee4b068876b913bb3ccef2,35521168852115456,Os Núcleos de Carne não servem só para combustível.
STG_57_6eb5f1d5deb847879968ff2fe668935b,35521168860504064,Vamos pegar aquele último e passar ele direitinho na grelha!
STG_58_275bd943a66748588ee27da032c5f150,35543002125426689,"Esse grandalhão vai gostar, eu garanto."
STG_58_3216418ba9ee4b068876b913bb3ccef2,35543002125426688,"Nossa, dá para sentir o cheiro daqui de cima. Bom trabalho, Coxão Mole."
STG_59_9850ab8dd16e4c88acd86a61b4b87604,35549441904599040,"Beleza, é aqui que a gente equilibra um pouco as coisas."
STG_60_9850ab8dd16e4c88acd86a61b4b87604,35549441912987648,"Não fosse a Água de Salsicha bombando geral do outro lado, talvez você tivesse uma chance na grande final."
STG_61_3216418ba9ee4b068876b913bb3ccef2,35602782823112704,"Hora de ir, Coxão Mole. Temos muita coisa pra fazer!"
STG_62_3216418ba9ee4b068876b913bb3ccef2,35605031553064960,"Ah, esse Núcleo de Carne grandão é o remédio que eu precisava.<br>Não se preocupa, tudo vai fazer sentido em breve. Finalmente..."
STG_63_3216418ba9ee4b068876b913bb3ccef2,35606803042525184,"Ah, enquanto essa nave estiver zanzando por aí não iremos a lugar nenhum, Coxão Mole.<br>Desce aí e vamos resolver a situação."
STG_64_3216418ba9ee4b068876b913bb3ccef2,35607727056084992,"Ufa! Bem, aquela velha nave aos pedaços não vai mais ser um problema, Coxão Mole."
STG_65_3216418ba9ee4b068876b913bb3ccef2,35935343428493312,"Bom, enquanto você se vira aí embaixo, Coxão Mole, eu vou tratar de uns assuntos aqui."
STG_66_9850ab8dd16e4c88acd86a61b4b87604,35935343436881920,"Beleza, fraldinha, te vejo no Monte Dangus pra começar o seu treinamento de verdade."
STG_67_97cd5e01156b401fb6af882b1854b014,37636387732709376,"Ei, Coxão Mole, gostei demais do que você fez aí embaixo..."
STG_68_97cd5e01156b401fb6af882b1854b014,37638091802927104,... mas acabou surgindo um probleminha: parece que você ainda não tá oficialmente na equipe!
STG_69_97cd5e01156b401fb6af882b1854b014,37638091807121408,"Bom, por que você não vai cuidar daquela papelada e volta depois? Temos que te deixar na ativa de novo!"
STG_71_e58baca8b4594c5c8b9ee8eb81f7ecb2,37759772638830592,[Sons de mastigação.]
STG_72_a644546f9bb14ed1bab969e3c0e91ae8,37759772638830593,Acredito que isso seja gosto de...
STG_73_782afe4905044999baa6ba80ab59e5c3,37759772638830594,... Carl!
CRN_Name_69,34136910996692992,Amostra de Alienígena
CRN_Desc_69,34136911030247424,Eu não tocaria nisso se fosse você...
CRN_Name_70,34136911030247425,Bugiganga Alienígena
CRN_Desc_70,34146163425796096,"Um minúsculo dispositivo de contenção alienígena que abriga algo aparentemente vivo, mas hostil, para que você não precise se sentir mal por isso."
GN_Name_12,37815043876708352,Nódulo de Rechonchumbo
GN_Name_13,37815043897679872,Nódulo de Nóisnafita
GN_Name_14,37815043897679873,Nódulo de Manério
ITM_Attr_461,35944488173035523,{0:+#.##;-#.##;+0} de Regeneração de Vida da Estrutura do Evento do Jogador
ITM_Attr_462,35944488173035521,{0:|+|+|+}{0:percent()}% de Coleta de Créditos de Nódulo por Carta
ITM_Attr_463,35944488173035522,Coleta de Créditos de Nódulo por Carta x{0:0.##}
ITM_Attr_464,35944488173035524,{0:|+|+|+}{0:percent()}% de Recompensa de Rangus e Podrito
ITM_Attr_465,35944488173035525,Recompensa de Rangus e Podritos x{0:0.##}
ITM_Attr_466,35944488168841216,Vida da Estrutura do Evento Amigável x{0:0.##}
ITM_Attr_467,35944488173035520,Regeneração de Vida de Estrutura do Evento Inimigo x{0:0.##}
ITM_Attr_468,36192743306592256,{0:+#.##;-#.##;+0} Bandeira de Movimento Inimigo Limitado
LSB_0,33717200404602880,Compilando variantes de shader [2/4096]
LSB_1,33717200408797184,"Desculpa, estava fazendo cocô..."
LSB_2,33717200408797185,"Belo trampo, galera..."
LSB_3,33717200408797186,Hexágonos ainda são a melhor forma geométrica...
LSB_4,33717200408797187,Tão embaçado...
LSB_5,33717200408797188,Xablau neles!
LSB_6,33717200408797189,É um prazer carnhecer você...
LSB_7,33717200408797190,"Não contem comigo, a carne está no prato..."
LSB_8,33717200408797191,Você é o que você come...
LSB_9,33717200408797192,Este jogo se faz sozinho...
LSB_10,33717200408797193,"Rocky, vá pra colhedora!"
LSB_11,33717200408797194,Trampar com carne é um verdadeiro sonho...
LSB_12,33717200408797195,"Boas-vindas ao SwapMeat, nós te amamos..."
LSB_13,33717200408797196,Rumo a Carneheim!
LSB_14,33717200408797197,"Mais uma vez, os bifes!"
LSB_15,33717200408797198,O mundo é como uma ostra de posto de gasolina...
LSB_16,33717200408797199,Sou um picolé de carne...
LSB_17,33717200408797200,Vem encarar...
LSB_18,33717200408797201,Bora trocar umas carnes...
LSB_19,33717200408797202,Nós também temos rodízio de carne...
LSB_20,33717200408797203,Troque sua carne com a dos inimigos que você derrota...
LSB_21,33717200408797204,A Água de Salsicha tem o que os mutantes desejam!
LSB_22,33717200408797205,Aperfeiçoando os gráficos...
LSB_23,33717200408797206,"Até mais, carnudinho do espaço..."
LSB_24,33717200408797207,Dopamina entrando...
LSB_25,33717200408797208,"Iupiii, Ihuul, amantes de carne!"
LSB_26,33717200408797209,Será que a gente não devia botar umas dicas de jogo aqui...
LSB_27,33717200408797210,Tudo é tão claro e eu sei exatamente para onde ir!
LSB_28,33717200408797211,É um lindo dia para ficar em casa...
LSB_29,33717200408797212,Segurem suas bundas carnudas...
LSB_30,33717200408797213,Conteúdo quase chegando...
LSB_31,33717200408797214,"Troque carnes, ganhe poderes, é simplesmente incrível..."
LSB_32,33717200408797215,"Sua carne é muito importante para nós, aguarde..."
LSB_33,33717200408797216,Estamos carregando e você esperando...
LSB_34,33717200408797217,"É meio selvagem, meio estranho..."
LSB_35,33717200408797218,Carne perfeita ativada...
LSB_36,33717200408797219,Mostre-nos do que você é capaz...
LSB_37,33717200408797220,"Depois dessas mensagens, retornaremos em breve..."
LSB_38,33717200408797221,Eu gosto de tartarugas...
LSB_39,33717200408797222,"Jogão, hein..."
LSB_40,33717200408797223,"De planeta em planeta, com determinação de alumínio..."
LSB_41,33717200408797224,A Rangus tem carnes e nós temos o borogodó...
LSB_42,33717200408797225,Parece que a carne está de volta ao cardápio...
LSB_43,33717200408797226,Nenhum bife está a salvo de nós...
LSB_44,33717200408797227,"Eeeeeeita, o bife está quase cozinhando..."
LSB_45,33717200408797228,"Mate um pouco, você vai ficar mais brilhante..."
LSB_46,33717200408797229,Precisamos conversar sobre seu brasão...
LSB_47,33717200408797230,"Brilha, brilha, almondeguinha..."
LSB_48,33717200408797231,Sejam excelentes uns com os outros...
LSB_49,33717200408797232,Rangus: está na carne!
LSB_50,33717200408797233,"Mas, enfim, aí eu comecei a disparar..."
LSB_51,33717200408797234,Meu leite de rata atrai todos os ratos para o quintal...
LSB_52,33717200408797235,Uma mensagem para sua nave-mãe...
LSB_53,33717200408797236,"Nunca parem de festejar, colegas..."
LSB_54,33717200408797237,Saindo do forno...
LSB_55,33717200408797238,Bipando Dr. Gracinha de Oliveira sobre a emergência de UX...
LSB_56,33717200408797239,O açougue ligou. Acabou o estoque de VOCÊ!
LSB_57,33717200408797240,É HORA DO TURBO!!!
LSB_58,33717200408797241,Estamos todos tentando achar o cara que está escrevendo essas coisas...
LSB_59,33717200408797242,¡Yo quiero Carnes Rangus!
LSB_60,33717200408797243,Eles nunca vão me pegar digitando essas mensagens!
LSB_61,33717200408797244,Carregando FraseBombástica.txt...
LSB_62,33717200408797245,"Até mais, e obrigado por todos os peixes de fendas..."
LSB_63,33717200408797246,"Nunca desista, nunca se renda..."
LSB_64,33717200408797247,Nunca me fale as probabilidades...
LSB_65,33791349307203584,A diversão vai começar agora...
MEH_Name_53,19687531120418816,Cabeça de Glu Glu Glúteos
MEH_Name_61,19687531128807424,Cabeça de Zipinseto
MEH_Name_73,33737058423312384,Cabeça de Cuca Inchada
MEH_Name_74,34043328225251328,Cabeça de Máscara do Connor O'Malley
MET_Name_195,33737058440089600,Torso de Encolhidinho
MET_Name_196,34043328225251329,Torso Dourado de Carl
PE_Desc_105,32979855038251008,Fábrica de Clones Alienígenas
PE_Desc_106,34098342833979393,Cápsula de Clonagem Alienígena
VO_Transcript_120,35567081859571712,Os caras que você precisa enfrentar estão bombados de tanta Água de Salsicha.<br>Você vai tirar o vício deles.
VO_Transcript_121,35564579508445184,"O Carl diz que você precisa de treinamento. <br>Então vê se me escuta e não morre, tá bom?"
VO_Transcript_122,35507031359086592,"Meu velho amigo, Treinador Dan, vai cuidar de você. Você está em boas mãos."
VO_SpeakerName_6,33332958671659008,Princesa Omnicarne
WPN_Name_160,33550649413005312,Espátula de Operador Patológico
WPN_Name_161,33737062735056896,Truque de Peixe
WPN_Name_162,34041999033536512,Espátula Dourada
1016690cd2f7490092f4aeab093cec72_109_0,39596777527869441,Contêineres Destruídos
1d47360bac994027a98c29d45df2a55b_70_0,42829564557496320,Emissores Destruídos
1d47360bac994027a98c29d45df2a55b_72_0,42829564557496321,Destrua a Fábrica
780b3c462166410cb105383610f867a4_26_0,40699209502720000,.
882c3ea243c1443e95759576b73b2729_110_0,40046892562546689,Canos Entupidos
c684dd36776f40a7becea5c3a624dec7_111_0,43214497377521665,Artilheroide Derrotado
db2e0f5131304464a110d29750997d13_77_0,43614748405653504,Chefes Resgatados
e1a978fc518c4eb495acc2987c36bb16_60_0,39648836050518016,Teste
eebf973a04794126a5f32ebeba654e8e_36_0,42829564469415936,Abatido
STG_74_354fe9732f974003a3c36d9537d17af2,38614139122212864,Eles me acertaram! Estou escorregando!
STG_75_354fe9732f974003a3c36d9537d17af2,38614139126407168,"Ah, não!"
STG_76_e58baca8b4594c5c8b9ee8eb81f7ecb2,38614139126407169,"Ah, não... aquilo é o Castelo de Carne."
STG_77_354fe9732f974003a3c36d9537d17af2,38614139126407170,Isso não é natural! A gente tem que sair daqui!
STG_78_354fe9732f974003a3c36d9537d17af2,38614139126407171,"Ai, ai, isso não é bom."
STG_79_354fe9732f974003a3c36d9537d17af2,38614139126407172,Eles estão usando a magia da carne na gente!
STG_80_354fe9732f974003a3c36d9537d17af2,38614139126407173,"Estão no para-brisa!<br>Roxie, como vão essas carnes novas?!"
STG_81_354fe9732f974003a3c36d9537d17af2,38614139126407174,"Segura aí, ô da janelinha."
STG_82_354fe9732f974003a3c36d9537d17af2,38614139126407175,"Ai, meus filezinhos, vamos...<br>dar o fora daqui agorinha!"
STG_83_67ffa4aa801547e08f42ad692cdaa0a5,43573508251312128,"Que tal dar um tapa no visual, hein?"
STG_83_af11e610266c43dfa34d0537058cd719,43571889296105472,Você vai ter que chegar bem pertinho pra ver esse DNA.
STG_83_e58baca8b4594c5c8b9ee8eb81f7ecb2,43570063645597696,Ter Carne Inteligente não significa que você tem um cérebro inteligente também.
ABL_Name_238,42040861960167424,Bomba do Coxão Mole
ABL_Desc_238,42079388445958144,Joga uma granada que repele inimigos para longe.
ABL_Name_240,42064901517074432,Estouro do Coxão Mole
ABL_Desc_240,42079388450152448,Repele inimigos próximos para longe.
ASCR_Desc_0,41108792622964736,Padrão
ASCR_Desc_1,41108792631353344,"Inimigos são resistentes às <#FFEB04><link=""Keyword:17"">[Condições]</link></color> elementais."
ASCR_Desc_2,41108792631353345,Estruturas amigáveis têm Vida reduzida.
ASCR_Desc_3,41108792631353346,Os jogadores têm menos vida.
ASCR_Desc_4,41108792631353347,Inimigos se movem mais rápido.
ASCR_Desc_5,41108792631353348,Reduz a cura.
ASCR_Desc_6,41108792631353349,Inimigos atacam mais rápido.
ASCR_Desc_7,41108792631353350,Caçadores chegam mais cedo.
ASCR_Desc_8,41108792631353351,Os jogadores renascem com menos vida.
ASCR_Desc_9,41108792631353352,Inimigos têm mais Vida.
ASCR_Desc_10,41108792631353353,Reduz a repulsão de ataques Corpo a Corpo.
CQ_Name_2,41866088349163521,Sangue na Água
CQ_Desc_2,41848132785397762,"Peterium está infestado do pior tipo de pirata — aquele que nem tema musical tem. Entre lá, faça o que você sabe, arranque o núcleo de carne. A ""isca"" do título não é você não. Provavelmente."
CQ_Name_3,41866088349163522,Só Relaxa
CQ_Desc_3,41848132785397764,"Sub Zeroni tem um problema com gelo, um com criatura e um com moral. Nenhum deles é tecnicamente da sua conta. Seu problema é o núcleo de carne. Todo o resto é dispensável."
CQ_Name_4,41866088349163523,Relaxando na Lava
CQ_Desc_4,41848132785397766,"Lava Del Rey é MAGNÍFICA, Coxão Mole! O calor! O brilho! A completa instabilidade estrutural de literalmente tudo! A maioria dos funcionários sequer VÃO lá, o que é uma pena para eles (e também está estatisticamente relacionado a fatalidades). Se me perguntarem, é um lugar PERFEITAMENTE razoável para se mandar um funcionário."
CQ_Name_5,41866088349163524,Liguem seus Motores!
CQ_Desc_5,41848132785397768,"Grande Tangus é exatamente o que parece ser: grande, teimoso e cheio de coisas que querem parar seus motores. Mostre a eles que seus motores são melhores. Pegue o núcleo de carne. Vá para casa."
CQ_Name_6,41866088349163525,Montagem de Treinamento
CQ_Desc_6,41848132785397770,"Muitas grandes histórias começam com escalar uma montanha perigosa, Coxão Mole. Esta pode ser uma dessas histórias. Ou pode ser só trabalho. De qualquer maneira, você vai escalar. O núcleo de carne está em algum lugar lá em cima."
CQ_Name_7,41866088349163526,Podritos na Veia
CQ_Desc_7,41848132785397772,"Não deixe o ""Pequena"" te enganar. A Pequena Tangus tem um enorme complexo de inferioridade. As últimas três equipes de resgate voltaram confusas sobre o que aconteceu. Você vai se sair bem. Provavelmente."
CQ_Name_8,41866088349163527,Finalizador de Franken
CQ_Desc_8,41848132785397774,Não tenha medo do grandalhão só porque ele comeu alguns planetas.
CQ_Name_9,41866088349163528,Seguro de Vida 1
CQ_Desc_9,41848132785397776,A Rangus oferece as melhores políticas para os funcionários.
CQ_Name_10,41866088349163529,Seguro de Vida 2
CQ_Desc_10,43214492713455616,Parte do pacote nível ouro de remuneração de funcionários.
CQ_Name_11,41866088349163530,Só Morre Quem Desiste v1
CQ_Desc_11,41848132785397779,"Se você não tiver sucesso na primeira vez, melhor sorte na próxima!"
CQ_Name_12,41866088349163531,O Senhor do Ringue
CQ_Desc_12,41848132785397781,"Os Soco-fundadores podem ser durões, mas eles também trapaceiam!"
CQ_Name_14,41866088349163533,Primeira Colheita
CQ_Desc_14,41848132785397785,"Boas-vindas a Carnes Rangus, coleguinha! Agora, a única coisa entre você e o título de Funcionário do Mês é carne, e a única coisa entre você e a carne é seja lá o que estiver lá fora tentando arrancar o seu rosto na mordida. Então saia por aí, pegue um núcleo de carne e estoure ele pra gente alimentar a galáxia! É esse o trampo todo em poucas palavras!"
CQ_Name_15,41866088349163534,P&D Júnior da Rangus
CQ_Desc_15,41848132785397787,"Todo contratado da Rangus passa uma parte da primeira semana fazendo um PeD (significa ""Pesquisa e Demolição"", coleguinha). E tem um mundão cheio de violência... quer dizer, de ""pesquisa"" te esperando. Me mostra do que você é capaz e aí a gente fala em melhorar essas armas."
CQ_Name_16,41866088349163535,E o Meu Machado!
CQ_Desc_16,41848132785397789,"Tem muito mais nesses planetas do que só carne, coleguinha... Me traz uma boa carga de minerais que eu mando a oficina fabricar uma ferramenta de escavação das boas pra você. Estritamente pra recuperação cuidadosa de relíquias históricas, claro. (E de qualquer coisa que por acaso esteja contendo elas.)"
CQ_Name_17,41866088349163536,"Comer, Rezar e Pescar"
CQ_Desc_17,41848132785397791,"Esses gastronautas antigos deixaram um monte de tranqueira útil jogada pela galáxia toda! E a Rangus tem uma política de ""achou, levou"" que o jurídico revisou um total de zero vezes. Me traz uma tecnologia antiga que eu te arrumo uma coisinha pra deixar o próximo planeta ainda mais generoso."
CQ_Name_18,41866088349163537,Brasão do Estilo
CQ_Desc_18,41848132785397793,"Agora que parece que você tá com tudo, vai aí uma PIT ou duas."
CQ_Name_20,41866088349163539,Experimento de Ciência da Carne
CQ_Desc_20,41848132785397797,"Bom, Coxão Mole, vejo que você anda juntando recursos como um esquilinho armazenando nozes pro inverno. Que bom!<br><br>Chegou a hora de se tornar aquele supercoxão que você tá destinado a ser!"
CQ_Name_22,41866088349163541,O Brilho
CQ_Desc_22,41848132785397801,"Sabe o que você precisa pra se destacar aqui? Um certo brilho... charme... e estilo! Que nem aqueles inimigos que ficam <i><b>reluzindo de dourado</i></b>. É esse o visual que a gente quer pra você. Acaba com eles, fica com o resplendor e bora deixar esse uniforme brilhando."
CQ_Name_24,41866088349163543,Caos Mutante 1
CQ_Desc_24,41848132785397805,Dá pra aprender alguma coisa com esses mutantes furiosos.
CQ_Name_25,41866088349163544,Caos Mutante 2
CQ_Desc_25,41848132785397807,"Nossa, esses mutantes são uma patota bem mal-encarada."
CQ_Name_26,41866088349163545,Mais uma Vida para Viver
CQ_Desc_26,41848132785397809,"Às vezes, a gente só precisa de mais uma chance."
CQ_Name_27,41866088349163546,Futum do Franken 1
CQ_Desc_27,41848132785397811,Esses Frankens têm um sabor especial que os mantém fortões.
CQ_Name_28,41866088349163547,Futum do Franken 2
CQ_Desc_28,41848132785397813,As melhores receitas são as que marinam pra valer no gostinho do Franken.
CQ_Name_36,42875506234744832,Faça Valer
CQ_Desc_36,42875506259910656,"Meu chapa Mike toca o melhor balcão de trocas do setor: taxas justas, sorrisos justos, número justo de dedos... Acho que dá pra convencer ele a montar uma loja na nave em tempo integral, mas o Mike é um homem de negócios. Mostra pra ele que dá pra faturar uma grana boa em cima de você que ele se anima rapidinho."
CT_Name_1,42477876783542272,Edição do Fundador
CT_Name_2,42477876800319488,Testadores de Carne
CT_Name_3,42477876800319489,Porcaria
CT_Name_4,42477876800319490,Lendário
CT_Name_5,42477876800319491,Edição Podridão Cerebral
FL_Name_11,40359174591209472,Brasão de Carga Oca
FL_Desc_11,40359174738010112,"Machuca o sujeito que você acerta diretamente com muito mais força, mas encurta seu raio de explosão. Uma troca clássica."
FL_Name_12,40990661455896576,Brasão de Nadador
FL_Desc_12,40990661481062400,"Lembre-se, você não precisa ser mais rápido que os tubarões na água, só mais rápido que seu amigo mais lento!"
FL_Name_13,40990661481062401,Brasão de Mestre dos Lacaios
FL_Desc_13,40990661481062402,De quantos lacaios você precisa para fazer uma bolonhesa?
FL_Name_14,40990661481062403,Brasão de Chapeiro
FL_Desc_14,40990661481062404,Todo aquele tempo gasto virando hambúrgueres foi só um treinamento para este momento. Tudo faz sentido agora.
INTD_Name_1,38500763108892672,Painel de Controle
INTD_Action_1,38500763113086976,Interagir
INTD_Name_2,38514228506648576,Monólito Sinistro
INTD_Action_2,38514228510842880,Oferecer Carne de Pernas
INTD_Action_3,38514228510842881,Oferecer Carne de Torso
INTD_Name_4,38514228510842882,Eletrônico Duvidoso
INTD_Action_4,38514228510842883,Troque por uma carne aleatória
INTD_Action_5,38514228510842884,Oferecer Carne de Cabeça
INTD_Name_6,38528188916162560,Compartimento de Carga
INTD_Action_6,38528188924551168,Interaja com o Treco
INTD_Name_7,38529308078104576,Carl Rangus
INTD_Name_8,38529308078104577,Treinador Dan
INTD_Action_8,38528188924551170,Comece a partida!
INTD_Name_9,38528188924551171,Terminal de Brasão
INTD_Name_10,38529308078104578,Terminal de Benefícios do Funcionário
INTD_Action_11,38554421091622912,Moedas de Troca
INTD_Name_12,38528188924551175,Caminhão
INTD_Action_12,38528188924551176,Conserte o Caminhão
INTD_Name_13,38528188924551177,Terminal Definitivo
INTD_Name_14,38528188924551178,Terminal de Armas
INTD_Action_15,38554421100011520,Ligar Caminhão
INTD_Action_16,38529308078104581,Nenhum Reparo Necessário
INTD_Action_17,38554421100011521,Fale com o Treinador Dan
INTD_Action_18,38555847624744960,Abra a Porta
INTD_Name_19,38555847624744961,Escotilha de Fuga
INTD_Action_19,38555847624744962,Abrir
INTD_Action_20,38555847624744963,Ative o Macro-Ondas
INTD_Name_21,38555847624744964,Distribuidor de Carne
INTD_Action_21,38555847624744965,Tem Carne?
INTD_Name_22,38559873686822912,Rebimburguer
INTD_Action_22,38559873695211520,Preparar para o Lançamento
ITM_Name_982,39085048019582976,Teia de Aranha
ITM_Name_984,40359174763175936,Carga Oca I
ITM_Name_985,40359174763175937,Carga Oca II
ITM_Name_986,40359174763175938,Carga Oca
ITM_Name_987,40994790945316864,Chapeiro I
ITM_Name_988,40994790945316865,Mestre dos Lacaios I
ITM_Name_989,40994790945316866,Nadador I
ITM_Name_990,40994790945316867,Chapeiro II
ITM_Name_991,40994790945316868,Mestre dos Lacaios II
ITM_Name_992,40994790945316869,Nadador II
ITM_Name_993,40994790945316870,Chapeiro
ITM_Name_994,40994790945316871,Mestre dos Lacaios
ITM_Name_995,40994790945316872,Nadador
MEH_Desc_60,43539132193894400,Cabeça de Carne Inteligente padrão para todos os funcionários.
MEH_Desc_72,43507558438072320,Concedida pessoalmente por Carl Rangus aos primeiros a encarar a briga.
MEH_Desc_73,43507558467432448,O aumento de lesões cranianas ainda não foi comprovado.
MEH_Desc_74,43507558467432449,Connor O'Malley concedeu os direitos da própria imagem por um suprimento vitalício da Rangus. Ele não leu o contrato.
MEH_Name_75,41673761746227200,Cabeça de Piloto da Rangus
MET_Desc_167,43539132223254528,Usado por gerações de Cientistas da Carne.
MET_Desc_194,43507558467432450,Aquele patinho viu mais coisas do que você seria capaz de aguentar...
MET_Desc_195,43507558467432451,"Uma lembrança nostálgica da opção original ""Banquete da Alegria"" no Menu Infantil da Rangus."
MET_Desc_196,43507558467432452,O visual clássico ainda é o melhor.
MET_Name_197,41758238770106368,Torso de Piloto da Rangus
PE_Desc_100,42829564599439360,Mutantes do Túnel
PE_Desc_109,39596777527869440,Desmanche Desmembritos
PE_Desc_110,40051845133795328,Pare a Invocação de Abominações
WPN_Name_163,41673766724866048,Porrete da Infância de Carl
WPN_Name_164,41673766800363520,Espátula de Piloto da Rangus
WPN_Name_165,41673766888443904,Jornal Colecionável
06ee873104e6457f8fa804beda5d776f_40_0,55920373358587904,Fuja em um Rebimburguer
0c5e0b437f13418387fcb4fda3255c12_110_0,45428356416528384,Encontre a Poça de Lodo
45913b0062ba4bedad3d390ead657593_117_0,50485223704264705,Reinicie o Reset
4a9bef823c604de19b73c9aeafca1d8d_117_0,50485223704264704,Encontre o Reset
4c5f937ce7714ef9b521d16bc072a73a_89_0,45789048323694592,Pegue carne grátis!
64f797dc3da74b8ea65cf4e2d44341ba_117_0,50485223704264706,O Reset está decolando!
8c9ba7dccc20445c89cd89d1ba506cc4_88_0,53087326635548672,Cristal Protetor
98a8f6a25bfa4799901701cb818c0d9a_77_0,50485223666515968,Zorpjatos Destruídos
a1bfc46fe1a54a509690de1b510631e3_88_0,53087326635548673,Atire nos Cristais para Alinhá-los
d041259c46074c00896e43684af48ba9_89_0,45789048327888896,Carne Grátis!
d0e8fcbdc77f4b76892c67d9ba0008a2_65_0,45428356357808128,Bulbos Estourados
ed78870de0ee4edc9c00f8d0e25bd930_100_0,46164313786580992,Patos Derrotados
eebf973a04794126a5f32ebeba654e8e_53_0,45655994116595712,Zipinsetos Abatidos
STG_12_29a85a0d1ea943ea96ec6907247dc477,45655991558070272,Queria fazer um anúncio oficial: feliz aniversário!
STG_84_9850ab8dd16e4c88acd86a61b4b87604,45655991562264576,"Odeio te dizer isso, fraldinha, mas a luta não é nada justa.<br>Veja bem, esses Mutantes usam Água de Salsicha pra ficar bombados."
STG_85_9850ab8dd16e4c88acd86a61b4b87604,45655991562264577,"É isso aí, campeão, é pra isso que você treinou!"
CQ_Desc_37,43895583612592128,"Às vezes, a gente só precisa de mais duas chances, na verdade."
CQ_Name_37,43895583587426304,Duas Vidas a Mais Para Viver
CQ_Desc_38,43951722278674432,"Se não conseguir de primeira, é melhor se abaixar na próxima!"
CQ_Name_38,43942200277458944,Só Morre Quem Desiste v2
CQ_Desc_39,43951722278674433,"Se você não tiver sucesso de primeira, sacuda a poeira e bola pra frente!"
CQ_Name_39,43942200277458945,Só Morre Quem Desiste v3
CQ_Desc_41,44003070172979200,"Estou vendo esse seu olhar, Coxão Mole... você acabou de descobrir que há um sistema de ranqueamento. Bom! Continue subindo! Tem uma surpresinha para você nele e falo literalmente: é bem pequena."
CQ_Name_41,44003070001012736,Funcionário do Dia
CQ_Desc_42,44007851671150593,"Eu tinha uma foto sua impressa para a parede da sala de descanso. Não é uma ótima, mas mostrava seu espírito. Não lembro do que aconteceu com ela, mas continue subindo no ranque! Há um bônus em algum lugar dele e você o merece."
CQ_Name_42,44007851671150592,Funcionário da Semana
CQ_Desc_43,44007851671150595,"Muitos funcionários se demitem por aqui. Achavam que o ranque 30 era suficiente. Eles agora viraram sanduíches... não uma punição, eles só foram realocados. Você é melhor que um sanduíche, Coxão Mole. Imagino."
CQ_Name_43,44007851671150594,Funcionário do Mês
CQ_Desc_44,44007851671150597,Sabe o que eu amo em você? Não desiste de continuar. Alguns funcionários chegam ao ranque 30 e desistem. Não você. Tem algo de especial em ti. Agora volte ao trabalho.
CQ_Name_44,44007851671150596,Funcionário do Ano
CQ_Desc_45,44007851671150599,"Em termos de tempo do calendário, você tem sido um funcionário por bem menos que uma década. Mas emocionalmente? Décadas. Décadas muito profundas e significativas. O bônus, porém, é real."
CQ_Name_45,44007851671150598,Funcionário da Década
CQ_Desc_46,44007851671150601,"O prêmio de Funcionário do Século costumava ser dado postumamente. Estamos tentando uma nova abordagem. Você está fazendo história, Coxão Mole. E, mais importante: você está fazendo dinheiro."
CQ_Name_46,44007851671150600,Funcionário do Século
CQ_Desc_47,44007851671150603,Eu nunca...<b><i>nem uma única vez</i></b>... entreguei um prêmio de Funcionário do Milênio. Você seria o primeiro. Pense a respeito. Falo sério. Pense nisso enquanto segue subindo de ranque.
CQ_Name_47,44007851671150602,Funcionário do Milênio
CQ_Desc_48,44007851671150605,"Estávamos chegando no ponto em que eu tinha que pesquisar o significado das palavras. Geologicamente falando, uma época é um tempo muito longo. Em termos de reconhecimento do funcionário, significa que você é meio incrível."
CQ_Name_48,44007851671150604,Funcionário da Era
CQ_Desc_49,44007851671150607,Coxão Mole. Colega. Estou ficando sem incrementos de tempo. Um éon são bilhões de anos. Estamos ultrapassando os limites do RH aqui e respeito isso.
CQ_Name_49,44007851671150606,Funcionário do Éon
CQ_Desc_50,44007851671150609,"Conseguiu. Mandei fazer um troféu — tem a formato de um hambúrguer. Seu nome está escrito nele, só que eu não sabia qual era, então está escrito ""Coxão Mole"". É ESSE seu nome, né? Parabéns! Eu falei sério."
CQ_Name_50,44007851671150608,O Melhor Funcionário de Todos os Tempos
CQ_Desc_51,49303764673224704,"Coxão Mole, o cardápio aquático não tem dado certo e preciso de amostras. Pegue sua vara de pescar, encontre algumas Fendas de Pesca e traga tudo o que pescar. Não pergunte o que faremos com isso."
CQ_Name_51,49303764669030400,"Temos que Pegá-los, Pessoal!"
CQ_Desc_52,50434728753356800,"Eu sei que ""Fenda de Gosma"" não soa apetitoso. ""Produto de carne processada"" também não e é nosso campeão de vendas. Confie no processo, Coxão Mole. Entre lá e pesque."
CQ_Name_52,50434728719802368,Temos que Pegar Ainda Mais
CQ_Desc_53,50441586511699969,Você é todo o departamento de aquisição de minerais da Corporação Carnes Rangus. Sem orçamento. Sem equipamento. Sem apoio. Vá lá e extraia todo tipo de mineral que encontrar. Isso não é um problema — é uma oportunidade.
CQ_Name_53,50441586511699968,Garimpeiro
CQ_Desc_54,50441586511699971,"Nós amamos inovação na Corporação Carnes Rangus. Também amamos descobrir o que os outros fizeram para inovar e comprar deles. Legalmente. Em geral. Colete todo tipo de tecnologia antiga que encontrar. Chame de ""estudar a concorrência""."
CQ_Name_54,50441586511699970,Colecionador de Tecnologia
CQ_Name_55,51528551927635968,Finalizador de Franken v2 (Padrão)
CQ_Name_56,51548701930283008,Finalizador de Franken v3 (Difícil)
CQ_Name_57,51548701934477313,Finalizador de Franken v4 (Pesadelo)
CQ_Name_58,51548701934477315,O Senhor do Ringue v2 (Padrão)
CQ_Name_59,51558077172801537,O Senhor do Ringue v3 (Difícil)
CQ_Name_60,51558077172801538,O Senhor do Ringue v4 (Pesadelo)
CQ_Desc_61,51597951024226304,"Qual é, Coxão Mole? Quer mergulhar no desconhecido e descobrir o que existe lá fora? Parece um bom plano!"
CQ_Name_61,51597950990671872,Poder de Outro Mundo v1
CQ_Desc_62,55501898636431360,"Olha só, você conseguiu! Quer tentar de novo?"
CQ_Name_62,51597951024226305,Poder de Outro Mundo v2 (Padrão)
CQ_Desc_63,55501898653208576,"Caramba, você tá pegando o jeito da coisa, hein?"
CQ_Name_63,51597951024226306,Poder de Outro Mundo v3 (Difícil)
CQ_Desc_64,55501898653208577,"Nossa, nem sei dizer o que eu tô sentindo. Orgulho, talvez? Bom trabalho, Coxão Mole."
CQ_Name_64,51597951024226307,Poder de Outro Mundo v4 (Pesadelo)
CQ_Desc_65,53001828336394240,Conclua o jogo na Dificuldade Médio pra desbloquear um desafio maior e recompensas melhores.<br><br>Recompensas:<br><b>Desbloqueie a Dificuldade Picante no Mapa da Galáxia<br>5 Moedas Carl</b>
CQ_Name_65,53001828328005632,Subindo a Temperatura
CQ_Desc_66,53001828336394242,Conclua um sistema na Dificuldade Picante pra desbloquear um desafio maior e ainda mais recompensas.
CQ_Name_66,53001828336394241,Encare o Desafio
CQ_Desc_67,53001828336394244,Conclua um sistema na Dificuldade Ardente pra desbloquear a emocionante Dificuldade Pesadelo.
CQ_Name_67,53001828336394243,Desbloqueie seu Pesadelo
CQ_Desc_68,53001828336394246,O Pesadelo não é o fim...
CQ_Name_68,53001828336394245,Isso Aqui é Crueldade
CQ_Desc_69,53040012592144384,O Lança-granadas não tem recomendação técnica para combates a curta distância. Mas alguém que consegue completar 250 Diretrizes Principais com um só? Essa pessoa sabe de alguma coisa.
CQ_Name_69,53040012566978560,Mestre do Pipoco: Lança-granadas
CQ_Desc_70,53046729770000384,"O Magnum fala por si. Ele diz ""Estou aqui e não estou brincando"". Duzentas e cinquenta Diretrizes Principais. Deixe-o falar."
CQ_Name_70,53046729765806080,Mestre do Pipoco: Magnum
CQ_Desc_71,53046729770000386,"Um bom funcionário conhece suas ferramentas. Um grande funcionário domina uma. Mostre-me o que uma Pistola pode fazer, Coxão Mole. Ficarei de olho."
CQ_Name_71,53046729770000385,Mestre do Pipoco: Pistola
CQ_Desc_72,53046729770000388,O Canhão de Plasma foi minha escolha na época em que estava no campo. Elegante. Eficiente. Inacreditável a curta distância. Duzentas e cinquenta Diretrizes Principais — veremos se você leva jeito.
CQ_Name_72,53046729770000387,Mestre do Pipoco: Canhão de Plasma
CQ_Desc_73,53046729770000390,"O Canhão Magnético exige paciência, precisão e total despreocupação por danos materiais."
CQ_Name_73,53046729770000389,Mestre do Pipoco: Canhão Magnético
CQ_Desc_74,53046729770000392,"O Fuzil é confiável. Nunca é chamativo, está sempre presente. Alguns funcionários ignoram o Fuzil. Eles estão errados. Duzentos e cinquenta Diretrizes Principais — demonstre algum respeito."
CQ_Name_74,53046729770000391,Mestre do Pipoco: Fuzil
CQ_Desc_75,53046729770000394,Tenho um tipo específico de funcionário que pede pelo Lança-foguete. Sabe o que todos têm em comum? Resultados.
CQ_Name_75,53046729770000393,Mestre do Pipoco: Lança-foguete
CQ_Desc_76,53046729770000396,"A Espingarda é uma filosofia, Coxão Mole. Larga. Comprometida. Não deixa nenhuma pergunta sem resposta. 250 Diretrizes Principais, Coxão Mole. Espero entusiasmo."
CQ_Name_76,53046729770000395,Mestre do Pipoco: Espingarda
CQ_Desc_77,53046729770000398,"Uma Submetralhadora diz ""Tenho muito a dizer e direi tudo bem rápido"". Respeito essa energia. Veremos quão rápido você consegue cumprir essas Diretrizes Principais."
CQ_Name_77,53046729770000397,Mestre do Pipoco: Submetralhadora
CQ_Desc_79,54162277236989952,"A Rangus prefere um funcionário completo, coleguinha. E ""completo"", nesse departamento, quer dizer fluente em artilharia. Arruma uma de cada arma e gasta umas boas horas de tiro com cada uma. Quero ver o seu nome na parede lá do estande de tiro antes da próxima revisão trimestral."
CQ_Name_79,54162277232795648,Especialista em Armas
CQ_Desc_80,54162277236989954,"Coxão Mole, estou vendo seus números de trocar e não sei se isso é arte ou algum problema de saúde — mas você tem um DOM. Continue. Vamos ver quão altos esses números ficam. Pela ciência. E também por razões que não posso revelar ao RH."
CQ_Name_80,54162277236989953,Carne de Primeira
CQ_Desc_81,55545539754713088,"O Médio é a ordem sensata, Coxão Mole — picância suficiente pra te manter esperto, mas não tanto a ponto da galáxia te devorar vivo. É um jeito legítimo de jogar. A Rangus Corp apoia o equilíbrio entre vida e trabalho. Quase sempre."
CQ_Name_81,55545539725352960,Jornada de Outro Mundo (Médio)
CQ_Desc_82,55545539754713090,"Picante. Um degrau acima da recomendação da casa — pra quando as partidas fáceis param de te tirar o sono. Nem suave demais, nem aflitivo demais, e exatamente tão perigoso quanto a isenção de responsabilidade cobre. Vai lá, joga uma partida."
CQ_Name_82,55545539754713089,Jornada de Outro Mundo (Picante)
CQ_Desc_83,55545539754713092,"Ardente. Eu jogava no Ardente lá nos meus tempos de campo e não curti nem um pouco. Mas respeito demais. Se você voltar dessa, a gente vai ter uma conversa séria sobre o seu futuro aqui."
CQ_Name_83,55545539754713091,Jornada de Outro Mundo (Ardente)
CQ_Desc_84,55545539754713094,"Não mentirei para você — Eu não envio funcionários no modo Pesadelo. Você terá que ir por conta própria, pela sua vontade. Só quero deixar registrado que tive sentimentos contraditórios a respeito disso."
CQ_Name_84,55545539754713093,Jornada de Outro Mundo (Pesadelo)
CQ_Desc_85,55558274366300160,Parte do pacote nível platina de remuneração de funcionários.
CQ_Name_85,55558274362105856,Seguro de Vida v3
CQ_Desc_86,55558274366300162,Parte do pacote nível diamante de remuneração de funcionários.
CQ_Name_86,55558274366300161,Seguro de Vida v4
CRT_Name_79,51047531965874176,Robô Tancudo
FL_Desc_15,46870603473346560,Sabia que você morre quando a sua vida acaba? Então essa parece ser uma ótima opção!
FL_Name_15,46870603385266176,Brasão Saudável
FL_Desc_16,46883763408330753,Proteja essa carne dos inimigos que você precisa derrotar!
FL_Name_16,46883763408330752,Brasão de Proteção de Carne
FL_Desc_17,46883763408330755,Eleve suas partes de carne a um novo patamar!
FL_Name_17,46883763408330754,Brasão de Habilidade da Carne
FL_Desc_18,46885823956639745,"Se você curte armas de plasma, lança-foguetes ou lança-granadas, então saca só isso aqui!"
FL_Name_18,46885823956639744,Brasão de Projétil
FL_Desc_19,48008300480946176,Para quem curte um tiroteio a curta distância!
FL_Name_19,48008300439003136,Brasão de Curto Alcance
FL_Desc_20,48008300480946178,Para quem curte um tiroteio a longa distância!
FL_Name_20,48008300480946177,Brasão de Longo Alcance
FL_Desc_21,48280725869289472,Seus inimigos estão prestes a ter uma experiência verdadeiramente eletrizante. Resistir é inútil.
FL_Name_21,48280725852512256,Brasão de Relâmpago
FL_Desc_22,48280725869289474,Tem gente que só quer ver o parquinho pegar fogo... Se identifica?
FL_Name_22,48280725869289473,Brasão Incendiário
FL_Desc_23,48280725869289476,A era do gelo está chegando!
FL_Name_23,48280725869289475,Brasão de Queimadura de Frio
FL_Desc_24,48280725869289478,Isso aqui vai te dar tanta energia cinética que você vai se tornar uma infração de trânsito ambulante.
FL_Name_24,48280725869289477,Brasão Cinético
FL_Desc_25,48280725869289480,"É hora de se lambuzar, pessoal!"
FL_Name_25,48280725869289479,Brasão de Salpicos
FL_Desc_26,49039579058003968,Reduza o número de batedores inimigos que surgem ao redor da sua localização!
FL_Name_26,49034010737762304,Brasão de Operações Secretas
GN_Interact_10,45348014892507137,extrair Quadrádio
GN_Interact_11,45348014896701440,extrair Capacitor de Fluxo
GN_Interact_7,45348014867341312,extrair Inversor de Íons
GN_Interact_9,45348014892507136,extrair Condaoríte
HE_Desc_141,48598979615645696,Causa +10% de Dano Extra.
HE_Desc_142,48628778992132096,Causa +15% de Dano Extra.
HE_Desc_143,48628778992132097,Causa +20% de Dano Extra.
HE_Desc_144,51141421334257664,"Aplica <#FFEB04><link=""Keyword:4"">[Congelamento]</link></color> por 12s."
INTD_Action_23,44223548842041344,Ver Mapa da Galáxia
INTD_Name_23,44223548833652736,Mapa da Galáxia
INTD_Action_24,47629102572404736,Lançar Nave
ITM_Attr_66,17438567620927660,{0:|+|+|+}{0:percent()}% De Batedores Inimigos ao Redor da Sua Localização.
ITM_Name_1010,46870603527872512,Saudável I
ITM_Name_1011,46870603527872513,Saudável II
ITM_Name_1012,46870603527872514,Saudável
ITM_Name_1013,46881725060472832,Projétil I
ITM_Name_1014,46881725064667136,Habilidade de Carne I
ITM_Name_1015,46881725064667137,Proteção de Carne I
ITM_Name_1016,46881725064667138,Projétil II
ITM_Name_1017,46881725064667139,Habilidade de Carne II
ITM_Name_1018,46881725064667140,Proteção de Carne II
ITM_Name_1019,46881725064667141,Projétil III
ITM_Name_1020,46881725064667142,Habilidade de Carne
ITM_Name_1021,46881725064667143,Proteção de Carne
ITM_Name_1022,48008300573220864,Longo Alcance I
ITM_Name_1023,48008300573220865,Longo Alcance II
ITM_Name_1024,48008300573220866,Longo Alcance
ITM_Name_1025,48008300573220867,Curto Alcance I
ITM_Name_1026,48008300573220868,Curto Alcance II
ITM_Name_1027,48008300573220869,Curto Alcance
ITM_1028_HE_0,48628779042463744,Ao Causar Dano a um Alvo [Eletrocutado]
ITM_Name_1028,48280725907038208,Relâmpago I
ITM_Name_1029,48280725907038209,Relâmpago II
ITM_Name_1030,48280725907038210,Relâmpago
ITM_1031_HE_0,48628779042463745,Ao Causar Dano a um Alvo com [Queimadura]
ITM_Name_1031,48280725907038211,Incendiário I
ITM_Name_1032,48280725907038212,Incendiário II
ITM_Name_1033,48280725907038213,Incendiário
ITM_1034_HE_0,48628779042463746,Ao Causar Dano a um Alvo com [Geladura]
ITM_Name_1034,48280725907038214,Queimadura de Frio I
ITM_Name_1035,48280725907038215,Queimadura de Frio II
ITM_Name_1036,48280725907038216,Queimadura de Frio
ITM_1037_HE_0,48628779042463748,Ao Causar Dano a um Alvo [Atordoado]
ITM_Name_1037,48280725907038217,Cinético I
ITM_Name_1038,48280725907038218,Cinético II
ITM_Name_1039,48280725907038219,Cinético III
ITM_1040_HE_0,48598979758252032,Ao Causar Dano a um Alvo [Gosmento]
ITM_Name_1040,48280725907038220,Salpicos I
ITM_Name_1041,48280725907038221,Salpicos II
ITM_Name_1042,48280725907038222,Salpicos
ITM_Name_1043,49034011132026880,Operações Secretas I
ITM_Name_1044,49034011132026881,Operações Secretas II
ITM_Name_1045,49034011132026882,Operações Secretas
ITM_Attr_476,51150823332241417,{0:+#.##;-#.##;+0} de Regeneração de Vida de Minichefe
ITM_Attr_477,51150823332241418,{0:|+|+|+}{0:percent()}% de Regeneração de Vida de Minichefe
ITM_Attr_478,51150823332241419,Regeneração de Vida de Minichefe x{0:0.##}
ITM_Attr_479,51150823332241408,{0:+#.##;-#.##;+0} de Velocidade de Ataque de Minichefe
ITM_Attr_480,51150823332241409,{0:|+|+|+}{0:percent()}% de Velocidade de Ataque de Minichefe
ITM_Attr_481,51150823332241410,Velocidade de Ataque de Minichefe x{0:0.##}
ITM_Attr_482,51150823332241411,{0:+#.##;-#.##;+0} de Dano de Minichefe
ITM_Attr_483,51150823332241412,{0:|+|+|+}{0:percent()}% de Dano de Minichefe
ITM_Attr_484,51150823332241413,Dano de Minichefe x{0:0.##}
ITM_Attr_485,51192819124002824,{0:+#.##;-#.##;+0} de Resistência Cinética
ITM_Attr_486,51192819124002825,{0:|+|+|+}{0:percent()}% de Resistência Cinética
ITM_Attr_487,51192819124002826,Resistência Cinética x{0:0.##}
ITM_Attr_488,51192819124002818,{0:+#.##;-#.##;+0} de Resistência a Fogo
ITM_Attr_489,51192819124002819,{0:|+|+|+}{0:percent()}% de Resistência a Fogo
ITM_Attr_490,51192819124002820,Resistência a Fogo x{0:0.##}
ITM_Attr_491,51192819124002821,{0:+#.##;-#.##;+0} de Resistência a Gelo
ITM_Attr_492,51192819124002822,{0:|+|+|+}{0:percent()}% de Resistência a Gelo
ITM_Attr_493,51192819124002823,Resistência a Gelo x{0:0.##}
ITM_Attr_494,51192819115614208,{0:+#.##;-#.##;+0} de Resistência Elétrica
ITM_Attr_495,51192819124002816,{0:|+|+|+}{0:percent()}% de Resistência Elétrica
ITM_Attr_496,51192819124002817,Resistência Elétrica x{0:0.##}
ITM_Attr_497,51192819128197120,{0:+#.##;-#.##;+0} de Resistência a Gosma
ITM_Attr_498,51192819128197121,{0:|+|+|+}{0:percent()}% de Resistência a Gosma
ITM_Attr_499,51192819128197122,Resistência a Gosma x{0:0.##}
ITM_Attr_500,51228348767989760,Dano de Destruição de Tubo do Franken Grandalhão x{0:0.##}
ITM_Attr_501,51228348763795458,Vida de Estrutura de Chefe x{0:0.##}
ITM_Attr_502,51228348763795459,Dano em Ponto Fraco de Chefe x{0:0.##}
ITM_Attr_503,51228348763795456,Velocidade de Movimento de Chefe x{0:0.##}
ITM_Attr_504,51228348751212544,Contagem de Lacaios de Chefe x{0:0.##}
ITM_Attr_505,51228348763795457,Tempo Fixo de Surgimento de Carne de Chefe x{0:0.##}
ITM_Attr_506,54003789702397952,{0:|+|+|+}{0:percent()}% de Chance de Obtenção de Carne
LSB_66,44278023992631296,A lenda continua...
LSB_67,49081405366329344,A Carnes Rangus não se responsabiliza pelo uso indevido de seus produtos...
LSB_68,49081405366329345,Carnes Rangus. Nós salvamos a galáxia. De nada...
MEH_Desc_14,44292824242688000,"Você se esqueceu de alguma coisa? Da próxima vez, guarde direitinho."
MEH_Desc_48,44292824276242432,Quem quer uma guloseima?
MEH_Desc_49,44292824276242433,"Credo, que coisa horrorosa! Onde você conseguiu essa... Ah, deixa pra lá."
MEH_Desc_50,44292824276242434,Todo mundo adora os presentes que você deixa para trás.
MEH_Desc_51,44292824276242435,"OLHA SÓ VOCÊ COM A FACA E A CARNE NA MÃO, HEIN?"
MEH_Desc_53,44292824276242436,Não é possível que isso seja higiênico.
MEH_Desc_54,44292824276242437,Cadê o monstro saindo da jaula agora?
MEH_Desc_55,44292824276242438,"Shuriken, shuriken, shuriken, ihuul!"
MEH_Desc_56,44292824276242439,"Tem braços no seu rosto. Se fosse outro jogo, isso seria bem esquisito."
MEH_Desc_57,44292824276242440,Inclui uma Torreta Flutuante sem custo adicional.
MEH_Desc_58,44292824276242441,Sua cabeça é o foguete? Como isso funciona?
MEH_Desc_59,44292824276242442,"Arr, eis o rosto que afundou mil navios!"
MEH_Desc_61,44292824276242443,O mundo é sua escarradeira. Divirta-se.
MEH_Desc_62,44292824276242444,"Normalmente a gente espera que o olho fique aqui em cima, mas... não."
MEH_Desc_63,44292824276242445,Controle Terráqueo para a Grande Carne...
MEH_Desc_64,44292824276242446,Isso é nojento até pra gente.
MEH_Desc_65,44292824276242447,"Se um Cabeção sabe cabecear, quantas cabeças um Cabeção consegue cabecear?"
MEH_Desc_66,44292824276242448,"Sim, é tudo carne. Mais alguma pergunta?"
MEH_Desc_67,44292824276242449,"Para entender um alienígena, é preciso pensar como um alienígena."
MEH_Desc_68,44292824276242450,Guspindo gosma na galera gosmenta.
MEH_Desc_69,44292824276242451,"Um rosto que só uma mãe poderia... não, nem mesmo ela."
MEH_Desc_70,44292824276242452,Desencadeie pura destruição.
MEH_Desc_71,44292824276242453,Taca isso logo! Anda! Taca!
MEH_Desc_75,44292824276242454,Quem é o carinha lá dentro? Melhor não fazer perguntas.
MEL_Desc_35,44292824276242455,A toda velocidade.
MEL_Desc_36,44292824276242456,"Flutue como uma borboleta, massacre como uma abelha assassina furiosa."
MEL_Desc_37,44292824276242457,Queime borracha no asfalto e passe por cima dos fracotes.
MEL_Desc_38,44292824276242458,Salte sobre pequenas construções com um pulo duplo.
MEL_Desc_39,44292824276242459,Caminhe sobre o ar como se tivesse algo ali.
MEL_Desc_40,44292824276242460,"Adequadas para terra ou mar, ocasiões informais ou formais."
MEL_Desc_41,44292824276242461,"Arrr, quem está admirando minhas coxas poderosas?"
MEL_Desc_42,44292824276242462,Usadas pelas gerações que te precedem. E provavelmente... literalmente.
MEL_Desc_43,44292824276242463,Agora você sempre estará rastejando aos pés de alguém...
MEL_Name_43,19687531128807427,Pernas de Teioso
MEL_Desc_44,44292824276242464,Não tem olhos aqui embaixo. Melhor assim.
MEL_Name_44,19687531128807428,Pernas de Ciclóptico
MEL_Desc_45,44292824276242465,"Testadas em batalha, aprovadas pelo Carl."
MEL_Desc_46,44292824276242466,Como tá o tempo aí em cima?
MEL_Desc_47,44292824276242467,Quem faz o buraquinho mais fofinho do mundo? Quem? É você!
MEL_Desc_48,44292824276242468,Por que você ainda está andando por aí igual um otário?
MEL_Desc_49,44292824276242469,"Sim, é carne. É tudo carne. Já falamos sobre isso."
MEL_Name_49,19687531128807429,Pernas de Corredor de Tangus
MET_Desc_153,44292824276242470,"Aiiii, que medo!"
MET_Desc_154,44292824276242471,Você é a sua própria explosão.
MET_Desc_157,44292824276242472,Inclui Gororoba grátis! (Oferta não válida em alguns planetas.)
MET_Desc_158,44292824276242473,Mostra pra eles o tamanho do torso do pai!
MET_Desc_162,44292824276242474,Já parou pra pensar de onde vêm as espadas? Vai saber...
MET_Desc_164,44292824276242475,Adivinhe quem tem foguetes? Você!
MET_Desc_166,44292824276242476,"Arr, olha só esses meus bíceps enormes!"
MET_Desc_178,44292824276242477,Zip e zap!
MET_Name_178,19687531133001729,Torso de Zipinseto
MET_Desc_183,44292824276242478,"Alguns jogos só colocam olhos na cabeça, mas não a gente!"
MET_Desc_187,44292824276242479,"Solta bombas fofas que andam. Tic, tac, BUM!"
MET_Desc_189,44292824276242480,Clássico.
MET_Desc_191,44292824276242481,Drene seus inimigos até a última gota.
MET_Desc_193,44292824276242482,Serviço de entrega de rosquinhas alienígenas!
MET_Name_193,19687531133001730,Torso de Zorpjato
MET_Desc_197,44292824276242483,Usado pelos melhores dentre os mais medíocres.
PE_Desc_25,45470492428066816,Pouso na Água
PE_Desc_54,45470492470009856,Roubo de Tesouro
PE_Desc_116,56885979705540608,Alinhe os Cristais!
PF_Name_49,43898315618639872,Ressurgimento 1.2
PF_Name_50,43942200373927936,Ressurgimento Saudável 1.2
PF_Name_51,43942200378122240,Ressurgimento Saudável 1.3
PF_Name_52,51528552074436608,Fim de Franken v2
PF_Name_53,51548702039334912,Fim de Franken v3
PF_Name_54,51548702039334913,Fim de Franken v4
PF_Name_55,51548702039334914,Sopapos de Segunda à Noite v2
PF_Name_56,51497077471961092,Sopapos de Segunda à Noite v3
PF_Name_57,51497077471961093,Sopapos de Segunda à Noite v4
PF_Name_58,51597951263301632,Sistema Aleatório v1
PF_Name_59,51597951263301633,Sistema Aleatório v2
PF_Name_60,51597951263301634,Sistema Aleatório v3
PF_Name_61,51597951263301635,Sistema Aleatório v4
PF_Name_62,53001828437057536,Ranques de Ascensão
PF_Name_63,53001828437057537,Dificuldade Ardente
PF_Name_64,53001828437057538,Dificuldade Pesadelo
PF_Name_65,53001828437057539,Dificuldade Picante
PF_Name_66,55558274441797632,Seguro de Vida 1.3
PF_Name_67,55558274441797633,Seguro de Vida 1.4
SS_BossName_2,45462395923980288,Os Soco-fundadores
TPUP_Desc_1_0,54070344137302016,"Agora você pode usar o <color=#FF3667>Terminal da Galáxia</color> para mudar de destino!<br>Cada vez que você desbloquear um novo sistema, ele estará disponível aqui.<br>Você também pode usá-lo para ajustar a <color=#FF3667>dificuldade</color> do jogo."
TPUP_Desc_2_0,54070344145690624,"Você não pode detê-los; só pode atrasá-los.<br><br><color=#FF3667>Conclua diretrizes para fazê-los recuar</color>, mesmo depois que eles chegarem. Se você negligenciar suas diretrizes, eles ficam <color=#FF3667>enfurecidos</color> e ganham uma quantidade enorme de <color=#FF3667>vida</color>, <color=#FF3667>dano</color> e <color=#FF3667>velocidade</color>. Mantenha o foco na tarefa e você conseguirá empurrá-los de volta."
TPUP_Desc_2_1,54070344145690625,"Após chegarem, os Caçadores logo ficam <color=#FF3667>enfurecidos</color>, tornando a fuga praticamente impossível.<br><br>Você não quer enfurecê-los. Esteja avisado."
TPUP_Desc_2_2,54070344145690626,"Após chegarem, os Caçadores logo ficam <color=#FF3667>enfurecidos</color>, tornando a fuga praticamente impossível.<br> Você ainda pode <color=#FF3667>banir</color> Caçadores enfurecidos ao completar as diretrizes, mas será por um triz."
TPUP_Desc_3_0,54070344145690627,"Agora você tem acesso ao <color=#FF3667>Terminal de Brasões</color>!<br><br>Adicione até 3 brasões à sua expedição para <color=#FF3667>reforços especiais</color>. Cada brasão tem uma função diferente, então colete todos para adaptá-los ao seu estilo de jogo!"
TPUP_Desc_4_0,54089774091198464,Agora você tem acesso aos <color=#FF3667>Ranques de Ascensão</color>!<br><br>Disponível apenas na <color=#FF3667>Dificuldade Pesadelo</color>. Ative esta opção para adicionar modificadores de dificuldade crescente a cada nível.
TPUP_Desc_5_0,55533248523001856,Agora você tem acesso ao <color=#FF3667>Terminal de Benefícios do Funcionário</color>!<br><br> • Reivindique essas vantagens!<br> • Isso NÃO cobre os dependentes.
TPUP_Desc_6_0,55533248523001858,<color=#FF3667>Depósitos Minerais</color> agora aparecem na sua <color=#FF3667>bússola</color>.<br>Encontre-os para reunir <color=#FF3667>recursos</color> valiosos usados para trocas e para criar itens.
TPUP_Desc_7_0,55533248523001860,<color=#FF3667>Gastronautas da Antiguidade</color> agora aparecem na sua <color=#FF3667>bússola</color>.<br>Encontre-os para reunir <color=#FF3667>recursos</color> valiosos usados para trocas e para criar itens.
TPUP_Desc_8_0,55533248523001862,<color=#FF3667>Fendas de Pesca</color> agora aparecem na sua <color=#FF3667>bússola</color>.<br>Encontre-as para reunir <color=#FF3667>recursos</color> valiosos usados para trocas e para criar itens.
TPUP_Desc_9_0,55533248523001863,Você agora tem acesso ao <color=#FF3667>Terminal Definitivo</color>!<br><br>Acesse o terminal para desbloquear <color=#FF3667>habilidades poderosas</color> para levar para suas expedições.
TPUP_Desc_10_0,55533248523001864,O <color=#FF3667>Terminal de Armas</color> está localizado próximo ao campo de tiro.<br><br> • Desbloqueie novas armas<br> • Faça a arma subir de ranque para ganhar Pontos de Ranque<br> • Atribua Pontos de Ranque para melhorar o poder da arma<br> • Teste armas no campo de tiro.
TPUP_Title_2_0,54078995149348865,Temporizador dos Caçadores
TPUP_Title_6_0,55533248523001857,Mineração
TPUP_Title_7_0,55533248523001859,Usando a Motosserra
TPUP_Title_8_0,55533248523001861,Pesca
VO_Transcript_123,45655991566458880,"Quando estiver com tudo pronto pra lutar, venha me encontrar no ringue."
VO_Transcript_125,55603792934895616,"Ei, aqui! O Reset precisa de ajuda!"
VO_Transcript_126,55603792968450048,Você precisa destruir aqueles geradores pra derrubar o escudo.
VO_Transcript_127,55603792968450049,"Calipso parece distraída, então o Reset vai seguir em frente."
VO_Transcript_128,55603792968450050,O Reset está em apuros. Você se importaria de dar uma mãozinha?
VO_Transcript_129,55603792968450051,Talvez a gente bata um papo mais tarde. Tchau!
VO_Transcript_130,55603792968450052,Valeu pela ajuda. 
VO_Transcript_131,55603792968450053,Tá vendo aquelas cabeças de pedra enormes?
VO_Transcript_132,55603792968450054,Jogue elas dentro dos canos pra quebrar os geradores!
VO_Transcript_133,55603792968450055,"Isso aí, tá fazendo certinho! Continue assim!"
70251a9670894e1685d2b10b35d46f9c_54_0,63562852086874112,Encontre o Baú de Tesouro
CQ_Name_87,60548818372911104,Destruidor Planetário
CQ_Desc_87,60548818398076928,Coxão Mole. Vinte e cinco planetas. Preciso que você evacue de vinte e cinco planetas. Disse para toda a equipe que este plano já estava em curso. Eu disse que estava indo tudo bem. Então precisamos correr.
CQ_Name_88,60548818398076929,Destruidor Planetário v2
CQ_Desc_88,60548818398076930,Cinquenta planetas. É o seguinte — talvez eu tenha dito a alguém que você já estava em cinquenta. Não lembro por que falei isso. Mas eu disse e eles sabem que eu disse e agora preciso que o número seja de fato cinquenta.
CQ_Name_89,60548818398076931,Destruidor Planetário v3
CQ_Desc_89,60548818398076932,Setenta e cinco planetas evacuados. O departamento de viagens sinalizou seus registros — acontece que EXISTE uma tabela e você está nela. Da última vez que chequei estava no top dez.
CQ_Name_90,60548818398076933,Destruidor Planetário v4
CQ_Desc_90,60548818398076934,"Fui a um jantar. Eu disse algumas coisas durante ele. Sobre você. Especificamente sobre seus números de evacuações. Grandes números. Todo mundo no jantar pareceu muito impressionado e preciso que esses números sejam reais a partir de agora. Cem planetas, Coxão Mole. Por favor."
CQ_Name_91,60548818398076935,Destruidor Planetário v5
CQ_Desc_91,60548818398076936,Fiz um discurso. Em uma conferência da indústria. Disse seu nome. Disse um número. Contei que esse número já tinha sido alcançado e que você era o maior evacuador na história da Corporação Carnes Rangus. Houve uma salva de palmas. Não posso desfazer o aplauso. Cento e cinquenta planetas.
CQ_Name_92,64263989754847232,Aquele Peixe Veio da Lua
CQ_Desc_92,64263989780013056,"Nossas ofertas lunares são um mistério — mesmo para mim e sou eu quem as vende. Faça algum reconhecimento por mim, ok? Encontre as Fendas Lunares, pegue o que estiver lá e retorne. Esta é a pesquisa. Vamos chamar assim."
CQ_Name_93,64263989780013057,Máquina de Pesca
CQ_Desc_93,64263989780013058,"Veja, Coxão Mole, pescar em uma Fenda de Lodo não é um trabalho glamoroso. Mas você é feito de carne e isso também não é glamoroso... mas aqui está você. Pesque tudo. Use luvas. Provavelmente."
CQ_Name_94,64263989780013059,Pescador Onipotente
CQ_Desc_94,64263989780013060,O peixe da Fenda de Salmoura é o item mais premium do cardápio. Consumidores pagam o triplo por ele e não sabem o porquê. Nem eu. Está tudo bem. Pesque tudo lá e não caia.
CRN_DetailTitle_4,63842973337509888,FORMAS DE GANHAR:
CRN_Detail_4,63842973312344064,Suba de ranque de funcionário da Rangus
CRN_Detail_7,63842973337509889,Concluir as Diretrizes Principais<br>Concluir as Diretrizes Secundárias
CRN_Detail_26,63842973337509890,PITs são obtidos ao concluir Diretrizes Secundárias
CRN_Detail_28,63911671972749312,Ao completar a luta Surto de Franken
CRN_Detail_29,63911671993720832,Ao completar planetas da facção Franken
CRN_Detail_30,63911671993720833,Ao completar a luta contra chefe Sopapos de Segunda à Noite
CRN_Detail_31,63911671993720834,Ao completar planetas da facção Mutante
CRN_DetailTitle_32,63842973337509892,ENCONTRADO EM:
CRN_Detail_32,63842973337509891,Fendas de Pesca
CRN_Desc_37,63842973337509893,"Santa carne seca, o que foi que pegamos dessa vez na fenda de pesca?"
CRN_Detail_37,63842973337509894,Fendas de Gosma
CRN_Desc_38,63842973337509895,"Era uma vez, um peixe normal, que depois de anos exposto aos resíduos de uma fábrica de Água de Salsicha, se tornou isso."
CRN_Desc_39,63842973337509896,Até hoje ninguém sabe direito onde eles conseguem os snorkels. Talvez já nasçam com eles? Talvez seja por causa dos mergulhos com snorkel...
CRN_Desc_40,63842973337509897,"""Ei, vamos nos ajudar aí. Eu seguro na sua mão e você segura no meu tentáculo!"""
CRN_Desc_41,63842973337509898,Pegar um destes peixes sempre deixa a adrenalina lá no alto!
CRN_Detail_42,63842973337509899,Nódulos de Minerais de Classe 2<br>Dificuldade Médio ou Superior<br>Comerciante Mike (Ranque de Funcionário 5+)
CRN_Detail_43,63842973341704192,Nódulos de Minerais de Classe 1<br>Dificuldade Médio ou Superior<br>Comerciante Mike
CRN_Detail_44,63842973341704193,Gastronautas de Classe 1<br>Dificuldade Médio ou Superior<br>Comerciante Mike
CRN_Detail_45,63842973341704194,Gastronautas de Classe 2<br>Dificuldade Médio ou Superior<br>Comerciante Mike (Ranque de Funcionário 5+)
CRN_Detail_46,63842973341704195,PER é obtido ao completar Diretrizes Principais.
CRN_Detail_48,63842973341704196,Nódulos de Minerais de Classe 3<br>Dificuldade Picante ou Superior<br>Comerciante Mike (Ranque de Funcionário 10+)
CRN_Detail_49,63842973341704197,Nódulos de Minerais de Classe 4<br>Dificuldade Ardente ou Superior<br>Comerciante Mike (Ranque de Funcionário 15+)
CRN_Detail_50,63842973341704198,Nódulos de Minerais de Classe 5<br>Dificuldade Pesadelo ou Superior<br>Comerciante Mike (Ranque de Funcionário 20+)
CRN_Detail_51,63842973341704199,Gastronautas de Classe 3<br>Dificuldade Picante ou Superior<br>Comerciante Mike (Ranque de Funcionário 10+)
CRN_Detail_52,63842973341704200,Gastronautas de Classe 4<br>Dificuldade Ardente ou Superior<br>Comerciante Mike (Ranque de Funcionário 15+)
CRN_Detail_53,63842973341704201,Gastronautas de Classe 5<br>Dificuldade Pesadelo ou Superior<br>Comerciante Mike (Ranque de Funcionário 20+)
CRN_Desc_54,63842973341704202,Este peixe gosta de ser autêntico. O mais autêntico possível.
CRN_Detail_54,63842973341704203,Fendas Lunares
CRN_Desc_55,63842973341704204,"Ninguém sabe ao certo de onde veio esse peixe, mas todo mundo sabe que ele é meio estranho."
CRN_Desc_56,63842973341704205,"Um peixinho minúsculo de uma galáxia muito, muito distante..."
CRN_Desc_57,63842973341704206,Nadando pelo cosmos como uma estrelinha no céu noturno.
CRN_Desc_58,63842973341704207,"Este peixe percorre a galáxia sem nenhuma preocupação no mundo, pois não considera nenhum mundo como seu lar."
CRN_Desc_59,63842973341704208,"Quando um grupo de 1.000.000 Bytes se junta, eles formam um Megabyte."
CRN_Detail_59,63842973341704209,Fenda de Lodo
CRN_Desc_60,63842973341704210,"Os Criptotintas guardam muitos segredos obscuros, mas jamais revelarão nenhum deles."
CRN_Desc_61,63842973341704211,Uma ameaça mecânica... com nadadeiras!
CRN_Desc_62,63842973341704212,Por que alguém se daria ao trabalho de construir um polvo robótico? Que exagero.
CRN_Desc_63,63842973341704213,Parece ser algum tipo de crustáceo ciborgue com um microprocessador no lugar do cérebro. Maravilhoso.
CRN_Desc_64,63842973341704214,"Caramba, onde você conseguiu esse Olhudinhoz?!"
CRN_Detail_64,63842973341704215,Fenda de Salmoura
CRN_Desc_65,63842973341704216,"O Naquinho nada com um propósito, e esse propósito é comida."
CRN_Desc_66,63842973341704217,O único peixe conhecido na galáxia com uma assinatura mensal da academia.
CRN_Desc_67,63842973341704218,"Contemplem o poderoso Lagarrostra em toda a sua glória, pois ele é glorioso e digno de ser contemplado."
CRN_Desc_68,63842973341704219,O Rolição sempre come primeiro durante os frenesis alimentares. Foi assim que ficou grande e gordinho.
CRN_Detail_69,63911671997915136,Desbloqueie no Comerciante Mike após concluir um Sistema Solar Aleatório no modo Difícil ou superior
CRN_Detail_70,63911671997915137,Ao completar planetas da facção Alienígena
CRT_Name_81,61701631127838720,Caixilson
CRT_Name_82,61701631132033024,Robumbigo
CRT_Name_83,64231687884627968,Bobby Papel
CT_Name_6,62027090692661248,Bônus de Funcionário
CT_Name_7,62029080600502272,Épica
CT_Name_8,62029080604696576,Incomum
CT_Name_9,62029080604696577,Rara
CT_Name_10,62030971807981568,Comum
FL_Name_27,58751588326432768,Brasão de Caçador
FL_Desc_27,58751588355792896,Quem caça os Caçadores? Você. Porque nós aqui da Corporação Carnes Rangus odiamos esse pessoal.
FL_Name_28,58809432610430976,Brasão de Atirador
FL_Desc_28,58812300344156160,"Respire fundo. Estabilize a mira. Espera aí... Será que a CarneInteligente respira? Não, esquece, só corre e atira, vai dar tudo certo."
FL_Name_29,63537517612228608,Brasão de Alienígena
FL_Desc_29,63537517633200128,Garante poder de fogo suficiente para convencer qualquer alienígena que estiver em seu caminho de que ele cometeu um grande erro.
FL_Name_30,63537517633200129,Brasão Aquático
FL_Desc_30,63537517633200130,Ideal para deixar claro para qualquer tubarão que você não é um tira-gosto.
FL_Name_31,63537517633200131,Brasão de Franken
FL_Desc_31,63537517633200132,"Sejamos ""Frankos"". Isso dá a confiança necessária para enfrentar adversários que parecem ter sido criados por alguém que perdeu o manual de instruções."
FL_Name_32,63537517633200133,Brasão de Insetoide
FL_Desc_32,63537517633200134,Projetado para neutralizar qualquer coisa com exoesqueleto que não se chame Beatriz.
FL_Name_33,63537517633200135,Brasão de Máquina
FL_Desc_33,63537517633200136,"Você conseguirá transformar qualquer máquina indesejada em um amontoado inofensivo de peças, a gente garante."
FL_Name_34,63537517633200137,Brasão de Mutante
FL_Desc_34,63537517633200138,Enfrente inimigos que parecem ter sido criados pela evolução em modo aleatório.
FL_Name_35,63537517633200139,Brasão de Omnicarne
FL_Desc_35,63537517633200140,"Tudo bem se você não tiver nada de bom a dizer sobre os Omnicarnes. Na verdade, ninguém tem."
GN_Name_17,64208246938787840,Fenda Lunar
HE_Desc_145,58751588359987200,Causa +30% de Dano Extra contra Caçadores.
HE_Desc_146,58751588359987201,Causa +40% de Dano Extra contra Caçadores.
HE_Desc_147,58751588359987202,Causa +50% de Dano Extra contra Caçadores.
HE_Desc_148,63537517637394432,Causa +10% de Dano Extra contra Alienígenas.
HE_Desc_149,63537517637394433,Causa +15% de Dano Extra contra Alienígenas.
HE_Desc_150,63537517637394434,Causa +20% de Dano Extra contra Alienígenas.
HE_Desc_151,63537517637394435,Causa +10% de Dano Extra contra Inimigos Aquáticos.
HE_Desc_152,63537517637394436,Causa +10% de Dano Extra contra Carnes de Franken.
HE_Desc_153,63537517637394437,Causa +10% de Dano Extra contra Insetoides.
HE_Desc_154,63537517637394438,Causa +15% de Dano Extra contra Inimigos Aquáticos.
HE_Desc_155,63537517637394439,Causa +15% de Dano Extra contra Carnes de Franken.
HE_Desc_156,63537517637394440,Causa +15% de Dano Extra contra Insetoides.
HE_Desc_157,63537517637394441,Causa +20% de Dano Extra contra Inimigos Aquáticos.
HE_Desc_158,63537517637394442,Causa +20% de Dano Extra contra Carnes de Franken.
HE_Desc_159,63537517637394443,Causa +20% de Dano Extra contra Insetoides.
HE_Desc_160,63537517637394444,Causa +10% de Dano Extra contra Máquinas.
HE_Desc_161,63537517637394445,Causa +10% de Dano Extra contra Mutantes.
HE_Desc_162,63537517637394446,Causa +10% de Dano Extra contra Omnicarnes.
HE_Desc_163,63537517637394447,Causa +15% de Dano Extra contra Máquinas.
HE_Desc_164,63537517637394448,Causa +15% de Dano Extra contra Mutantes.
HE_Desc_165,63537517637394449,Causa +15% de Dano Extra contra Omnicarnes.
HE_Desc_166,63537517637394450,Causa +20% de Dano Extra contra Máquinas.
HE_Desc_167,63537517637394451,Causa +20% de Dano Extra contra Mutantes.
HE_Desc_168,63537517637394452,Causa +20% de Dano Extra contra Omnicarnes.
ITM_Name_1064,58751588414513152,Caçador I
ITM_Name_1065,58751588414513153,Caçador II
ITM_Name_1066,58751588414513154,Caçador
ITM_Name_1067,58809432732065792,Atirador I
ITM_Name_1068,58809432732065793,Atirador II
ITM_Name_1069,58809432732065794,Atirador
ITM_Name_1073,63537517687726080,Aquático I
ITM_Name_1074,63537517687726081,Máquina I
ITM_Name_1075,63537517687726082,Mutante I
ITM_Name_1076,63537517687726083,Franken I
ITM_Name_1077,63537517687726084,Omnicarne I
ITM_Name_1078,63537517687726085,Insetoide I
ITM_Name_1079,63537517687726086,Alienígena I
ITM_Name_1080,63537517687726087,Aquático II
ITM_Name_1081,63537517687726088,Máquina II
ITM_Name_1082,63537517687726089,Mutante II
ITM_Name_1083,63537517687726090,Franken II
ITM_Name_1084,63537517687726091,Omnicarne II
ITM_Name_1085,63537517687726092,Insetoide II
ITM_Name_1086,63537517687726093,Alienígena II
ITM_Name_1087,63537517687726094,Aquático III
ITM_Name_1088,63537517687726095,Máquina III
ITM_Name_1089,63537517687726096,Mutante III
ITM_Name_1090,63537517687726097,Franken III
ITM_Name_1091,63537517687726098,Omnicarne
ITM_Name_1092,63537517687726099,Insetoide III
ITM_Name_1093,63537517687726100,Alienígena III
ITM_Attr_509,64221606589751296,{0:|+|+|+}{0:percent()}% Mais Sorte com Recompensas de Subida de Nível
ITM_Attr_510,64221606593945600,Mais Sorte com Recompensas de Subida de Nível {0:0.##}x
PE_Desc_85,63562852170760192,Carreta da Torreta
PLN_Name_25,63252864435216384,Omniportal
RF_Name_1,63521298457751552,Dr. Brad Sideman
RF_DetailText_1,63521298478723073,"O Doutor Brad Sideman é o principal pesquisador do <i>Projeto Leviatã</i>, que deseja maximizar a eficiência das fontes de proteína aquáticas para as <b>Carnes Rangus</b>.A equipe de Sideman mostrou-se muito promissora, desenvolvendo linhagens de algas que estimulavam a hipertrofia em organismos que as consumiam. Mutações inesperadas foram consideradas ""exceções controláveis"".<br><br>Infelizmente, o projeto foi encerrado devido a revisões orçamentárias. Todos os envios de suprimentos para o planeta foram cancelados. Não há registro da extração da equipe, mas o Dr. Sideman continuou publicando em seu diário até esta última entrada:<br><br><i>A fome traz clareza. Agora eu entendo. Eu sou o capitão... Eu sou a baleia branca... Eu sou o arpão. Eu sou o guardião e o predador. Eu sou o mar, eterno e solitário.</i>"
RF_Subtitle_1,63521298478723072,Cientista da AquaCarne Rangus
RF_DetailText_2,63782640302788608,"A primeira de uma longa linha de naves Exploradora Orbital Rangus. Foi projetada para viagens interestelares e extração do <b>núcleo de carne</b>, e é equipada com tecnologia de simulação de personalidade de última geração. Aposentada do serviço ativo após 42 anos de serviço.<br><br>Foi despertada por <b>Carl Rangus</b> para servir de plataforma principal para experimentos contínuos da <b>CarneInteligente</b>."
RF_Subtitle_2,63780286752985088,A Nave
RF_Name_3,63780286773956608,Carnes Rangus
RF_DetailText_3,63868852401180672,"Fundada há muito tempo por um empreendedor inovador chamado <b>Carl Rangus</b>, essa rede de restaurantes cresceu rapidamente e se tornou uma superpotência galáctica, responsável por alimentar trilhões de pessoas famintas em centenas de mundos.<br><br><i>Carnes Rangus. O Futuro da Alimentação... Hoje.</i>"
RF_Subtitle_3,63780286773956609,Empregador Querido
RF_Name_4,63780286773956610,MegaMacro-Ondas
RF_DetailText_4,63868852401180673,"Este dispositivo culinário inovador utiliza doses enormes de radiação de ondas curtas para cozinhar rapidamente grandes quantidades de carne.<br><br>A criação foi de <b>Carl Rangus</b> e a instalação ocorreu em <b>Alcatria</b>, embora as restrições orçamentárias tenham exigido a omissão da blindagem contra radiação prevista em seus planos originais."
RF_Subtitle_4,63780286773956611,Dispositivo de Ciência da Carne
RF_DetailText_5,63782640332148736,"A LCA-P50 faz parte de uma linha de produção de robôs de alcance remoto construída pela <b>Carnes Rangus</b> e enviada a toda a galáxia para expandir o alcance de sua franquia.<br><br>As naves de Logística Cognitiva Automatizada empregam os órgãos da <b>Ciência da Carne</b> em conjunto com simulações de personalidade para maximizar a versatilidade e a eficiência.<br><br>Ao longo do tempo, foram descobertas falhas nesse projeto, limitando a vida útil da embarcação. A maioria das naves da LCA já foi desativada há muito tempo. <br><br>Dizem por aí que essa tem um passado romântico com Carl."
RF_Subtitle_5,63780286773956613,Fábrica Móvel
RF_DetailText_6,63868852401180674,"Infelizmente, nem todos os experimentos da <b>Ciência da Carne</b> resultaram em grandes avanços para a civilização.<br><br>O que começou como um projeto pequeno para aprimorar o sabor de suínos com o Sabor EXXXtremo (TM) logo se descontrolou. Em vez de criar um alimento perfeito, os técnicos da <b>Carnes Rangus</b> criaram uma máquina de comer perfeita.<br><br>Essa criatura irracional, apelidada de Franken Grandalhão por um dos cientistas pouco antes de ser devorado junto com sua equipe, agora viaja pela galáxia em uma busca incessante para saciar sua fome."
RF_Subtitle_6,63780286773956614,Monstruosidade da Ciência da Carne
RF_DetailText_7,63868852401180676,"Este treinador experiente é muito reconhecido por formar lutadores campeões em inúmeros mundos.<br><br>Após seu patrocínio corporativo com a <b>Carnes Rangus</b> terminar, o Treinador Dan se afastou da vida pública, refugiando-se na região bucólica de <b>Monte Dangus</b>."
RF_Subtitle_7,63868852401180675,Treinador de Lutas (Aposentado)
RF_DetailText_8,63868852401180677,"Quando a <b>Carnes Rangus</b> assumiu o segmento alimentício do comércio galáctico, <b>Dorothy Duncan</b>, negociante de sucesso, percebeu que precisava de uma bebida para acompanhar seus sanduíches com embalagens coloridas e salgadinhos fritos. Assim nasceu a Água de Salsicha.<br><br>Meio refrigerante superadoçado, meio energético ultrapotente, essa mistura saborosa atinge o limite legal de uma substância controlada.<br><br>A receita da bebida é um segredo muito bem guardado, e tentativas não autorizadas de recriá-la frequentemente resultam em combustão espontânea. <br><br><i>Água de Salsicha. Para todos os momentos do seu dia.</i>"
RF_Subtitle_8,63831077983457280,A Bebida que Mata a Sede
RF_Name_9,63780286773956615,Rangus Prime
RF_DetailText_9,63868852401180679,O planeta natal de <b>Carl Rangus</b> tornou-se a primeira sede galáctica da <b>Carnes Rangus</b>.<br><br>Os escritórios da empresa foram realocados após um acidente de trabalho ocorrido há alguns anos.
RF_Subtitle_9,63868852401180678,Mundo Corporativo
RF_Name_10,63780286773956616,Portal de Omnicarne
RF_DetailText_10,63868852401180681,"Essa fenda, localizada em <b>Esfera de Carne</b>, era um meio pequeno e altamente controlado de extrair a <b>Omnicarne</b> rica em proteínas de sua dimensão nativa.<br><br>A imprudência da Carnes Rangus e de seu fundador, <b>Carl Rangus</b>, levou à sua superexpansão e à catástrofe conhecida como o <b>Incidente da Omnicarne</b>."
RF_Subtitle_10,63868852401180680,Fenda Dimensional
RF_Name_11,63780286773956617,Incidente da Omnicarne
RF_DetailText_11,63868852401180683,"Conforme a população da galáxia crescia, a demanda por <b>Omnicarne</b> disparou. No início, <b>Carl Rangus</b> controlava rigorosamente o uso do <b>Portal de Omnicarne</b>, mas vozes mais fortes na liderança corporativa da <b>Carnes Rangus</b> o convenceram a ampliar o portal.<br><br>As coisas não saíram conforme o planejado.<br><br>A Omnicarne explodiu do portal a uma velocidade incontrolável. Ela se espalhou sem controle por <b>Rangus Prime</b> e por todo o <b>Omnikron</b>, infectando e transmutando mundos e suas populações. Em pouco tempo, toda a galáxia havia sido contaminada pela <b>Omnicarne</b>."
RF_Subtitle_11,63868852401180682,O Que Deu Errado?
RF_Name_12,63780286773956618,Dottie Duncan
RF_DetailText_12,63831077983457282,"Dorothy ""Dottie"" Duncan começou sua carreira como sócia silenciosa de <b>Carl Rangus</b> na fundação da <b>Carnes Rangus</b>.<br><br>Conforme a empresa crescia, ela assumiu um papel cada vez maior, com foco em finanças e marketing, permitindo que Carl continuasse a desenvolver novas conquistas na <b>Ciência da Carne</b>.<br><br>Dottie desapareceu durante o trágico <b>Incidente do Omniportal</b>. Carl ainda tem esperanças de reencontrá-la um dia."
RF_Subtitle_12,63831077983457281,Descanse em Paz
RF_Name_13,63780286773956619,Omnikron
RF_DetailText_13,63831077983457284,O sistema doméstico original da <b>Carnes Rangus</b>. Essa região foi praticamente abandonada após grandes acidentes industriais ocorridos há muitos anos.
RF_Subtitle_13,63831077983457283,Sistema Planetário
RF_Name_14,63780286773956620,Encanadoideira
RF_DetailText_14,63831077983457285,"Este sistema amplamente povoado abriga mais de 23 bilhões de clientes, sendo que a maioria deles vive no planeta principal, o <b>Grande Tangus</b>."
RF_Name_15,63780286773956621,Espiral da Linguiça
RF_DetailText_15,63831077983457286,"Este sistema planetário pouco povoado já foi muito utilizado pela <b>Carnes Rangus</b> como local de testes e pesquisa.<br><br>Graças ao aumento da eficiência, a maioria das instalações aqui não está mais em operação ativa."
RF_DetailText_16,63831077983457287,"O fundador da <b>Carnes Rangus</b>, uma cadeia de restaurantes que se tornou uma superpotência galáctica, começou como um humilde inventor que buscava recriar o modelo de negócio de elaboração e fornecimento de alimentos.<br><br>As inovações revolucionárias presentes na <b>Ciência da Carne</b> romperam com o paradigma e deram início a uma nova era de clientes satisfeitos e barrigas cheias. Ele é amado por toda a galáxia. "
RF_Subtitle_16,63780286773956622,Fundador Amado
RF_DetailText_17,63831077983457288,"O antigo local do <i>Projeto Leviatã</i>, uma iniciativa da <b>Carnes Rangus</b> focada no aumento da produtividade da aquicultura.<br><br>A ampla experimentação da <b>Ciência da Carne</b> alterou permanentemente a flora e a fauna deste mundo de maneiras imprevisíveis."
RF_Subtitle_17,63782640332148737,Planeta
RF_DetailText_18,63831077983457289,"Designado pela <b>Carnes Rangus</b> como o Centro Carl Rangus de Descoberta Culinária, este local foi responsável por inúmeras inovações na Ciência da Carne sob a orientação do fundador da empresa, <b>Carl Rangus</b>. <br><br>Após sua saída da empresa, o local foi discretamente fechado e eliminado do orçamento. Nenhum financiamento foi alocado para realocação de funcionários."
RF_DetailText_19,63831077983457290,O planeta principal de Encanadoideira é amplamente habitado por uma população majoritariamente urbana de humanoides. Gerações de exposição a uma substância conhecida como Água de Salsicha (marca registrada da Carnes Rangus) alteraram permanentemente o DNA dessa população de maneiras estranhas e inexplicáveis. <br><br> O Grande Tangus escolhe seus governantes por meio de um sistema de combate ritualizado que também serve como principal forma de entretenimento. Isso garante que apenas as celebridades mais poderosas ascendam a posições de autoridade sobre o povo.
RF_DetailText_20,63831077983457291,"O que já foi um refúgio idílico dos centros urbanos decadentes do <b>Grande Tangus</b>, hoje está praticamente abandonada, após ser invadida por Mutantes e criaturas Franken.<br><br>O habitante mais notável da região é um treinador de lutas aposentado chamado <b>Treinador Dan</b>."
RF_Subtitle_20,63782640332148738,Antigo Paraíso
RF_DetailText_21,63831077983457292,"Conforme a sede da galáxia por <b>Água de Salsicha</b> crescia descontroladamente, um executivo visionário da <b>Carnes Rangus</b> planejou a compra desta lua para ser o novo local da fábrica da empresa.<br><br>Com o tempo, a Pequena Tangus se tornou o centro de produção galáctico da Água de Salsicha, fornecendo bilhões de litros de bebida por dia para um público que anseia por mais e mais a cada ano."
RF_Subtitle_21,63782640332148739,Fábrica na Lua
RF_Name_22,63782640332148740,A Vingança
RF_DetailText_22,63868852401180684,Esta gigantesca nave é tripulada por hordas de invasores alienígenas empenhados em descobrir os segredos da <b>Ciência da Carne</b>.
RF_Subtitle_22,63782640332148741,Nave Estelar Alienígena
RF_Name_23,63782640332148742,Os Soco-fundadores
RF_DetailText_23,63868852401180685,"Este trio de lutadores de elite domina <b>Encanadoideira</b> graças a uma série de vitórias nos Sopapos de Segunda à Noite, o combate ritual usado para selecionar líderes.<br><br>Pete do Partido Porcalhão usa o poder da burocracia para se defender, enquanto convoca legiões de Senadores Júniors para dominar os oponentes.<br><br>Aeroperuca sobrevoa o local, devastando seu oponente com bombas e comentários espirituosos.<br><br>O Juiz Lagostim domina o ringue com sua saraivada de martelos em busca da justiça."
RF_Subtitle_23,63831077983457293,Dominadores Planetários
RF_Name_24,63782640332148743,Tutório
RF_DetailText_24,63831077983457294,"Este mundo, que fica longe do núcleo galáctico, já foi um depósito de longo prazo para a <b>Carnes Rangus</b>, guardando itens e materiais sem valor imediato.<br><br>Hoje, <b>Carl Rangus</b> usa o planeta como local de testes para sua mais recente geração de <b>Cientistas da Carne</b>."
RF_Name_25,63831077983457295,Ciência da Carne
RF_DetailText_25,63831077983457297,"Este ramo da bioengenharia industrializada foi um pioneirismo criado por <b>Carl Rangus</b>.<br><br>Ele o usou para alimentar uma galáxia faminta por meio de sua empresa, a <b>Carnes Rangus</b>.<br><br>Inúmeros concorrentes tentaram, sem sucesso, replicar seus segredos comerciais muito bem guardados."
RF_Subtitle_25,63831077983457296,O Legado de Carl
RF_Name_26,63831077983457298,Omnicarne
RF_DetailText_26,63868852401180686,"Quando a Ciência da Carne de Carl Rangus não foi suficiente para alimentar a galáxia faminta, ele explorou abordagens mais heterodoxas.<br><br><br>Um experimento perfurou a barreira entre dimensões e revelou um universo inteiro repleto de uma substância orgânica rica em proteínas que Carl chamou de <b>Omnicarne</b>. Esse suprimento interminável de material comestível (e combustível para naves espaciais) permitiu à Carnes Rangus expandir massivamente suas operações.<br><br><br>A fome foi eliminada. A galáxia prosperou e cresceu."
RF_Subtitle_26,63831077983457299,A maior Descoberta de Carl
RF_Name_27,63831077983457300,CarneInteligente
RF_DetailText_27,63831077983457302,"O resultado mais recente do estudo em andamento da <b>Ciência da Carne</b>, a CarneInteligente (registro de marca pendente), representa uma oportunidade inovadora para a produção em massa de uma força de trabalho orgânica capaz de executar uma ampla gama de tarefas críticas.<br><br>Criados em segundos, cada trabalhador da CarneInteligente custa uma fração do valor tradicional de contratar e treinar um novo funcionário. Além disso, todos os trabalhadores da CarneInteligente são totalmente biodegradáveis!<br><br>Entre em contato hoje mesmo com o seu representante comercial da <b>Carnes Rangus</b> para saber como você pode reduzir drasticamente os custos com mão de obra e os índices de insatisfação dos funcionários da noite para o dia!<br><br><i>--de um folheto de vendas da <b>Carnes Rangus</b>.</i>"
RF_Subtitle_27,63831077983457301,Reinventando o Funcionário
RF_DetailText_28,63868852401180687,"Essa criatura enorme, que já foi cientista da <b>Carnes Rangus</b>, agora se vê como guardiã da vida aquática de <b>Peterium</b> e o maior predador do mundo.<br><br>Também acha que é um pirata. Como as pessoas são estranhas, né?"
RF_Subtitle_28,63831077983457303,Anomalia da Ciência da Carne
RF_DetailText_29,64168635024117760,"A origem deste robô estranho mas amigável é desconhecida. Alguns acreditam que ele chegou em uma nave de uma galáxia distante, muito tempo atrás.<br><br>Recentemente, Reset foi encontrado como prisioneiro da fábrica de robôs sencientes de longo alcance <b>Calipso</b>, aparentemente sendo o resultado de uma relação fracassada entre as duas entidades."
RF_Subtitle_29,64168635003146240,Robô Melancólico
RF_Name_30,64168635024117761,Rangus Menor
RF_DetailText_30,64168635024117763,"<i>Este era meu laboratório secreto, na época em que eu trabalhava na <b>Carnes Rangus</b>. Nem minha amiga <b>Dottie Duncan</b> sabia disso!</i><br><br><i>Eu o usava principalmente para ter um momento de tranquilidade longe de todas as distrações. Mas também era onde a <b>Ciência da Carne</b> fazia os experimentos que eu não estava pronto para mostrar.</i>"
RF_Subtitle_30,64168635024117762,Laboratório Abandonado
RF_Name_31,64168635024117764,Dottie é a Princesa Omni
RF_DetailText_31,64168635024117766,"<i>Ora, quem poderia imaginar que a <b>Princesa da Omnicarne</b> era a minha velha amiga Dottie Duncan? Quer dizer, agora entendo por que ela estava tão brava comigo, me culpando pelo <b>Incidente da Omnicarne</b>, que a deixou toda retorcida e grotesca. Esse tipo de coisa realmente te tira do prumo.</i><br><br><i>Preciso fazer alguma coisa para resolver isso, e só consigo pensar em um lugar onde talvez funcione. De todas as minhas ideias ruins, essa deve ser a pior.</i>"
RF_Subtitle_31,64168635024117765,Ela Quer Devorar a Galáxia
RF_Name_32,64168635024117767,Princesa da Omnicarne (Atualização 2 do Sistema)
RF_DetailText_32,64168635024117769,"<i>Nossa, ela está brava mesmo com o Carl, né?<br><br>Não sei por que ela era tão apegada àquela fábrica de <b>Água de Salsicha</b> que foi destruída. Será que ela gosta tanto assim da bebida?</i>"
RF_Subtitle_32,64168635024117768,Entidade Extradimensional
RF_DetailText_33,64168635024117771,"<i>""Aah, são esses bichos melequentos das estrelas sobre os quais eu te avisei. Estão sempre rastreando a <b>CarneInteligente</b> e devorando tudo.<br><br>Acho que o magrelo se chama Vazio e o grandão é o Nulo.<br><br>Tive umas ideias de como desacelerar eles.""</i>"
RF_Subtitle_33,64168635024117770,Rastreadores Mortais
RF_Name_34,64168635024117772,Princesa da Omnicarne (Atualização 3 do Sistema)
RF_DetailText_34,64168635024117773,"<i>Ora, quem poderia imaginar que a Princesa da Omnicarne era a minha velha amiga <b>Dottie Duncan</>?<br><br>Quer dizer, agora entendo por que ela estava tão brava comigo, me culpando pelo <b>Incidente da Omnicarne</b>, que a deixou toda retorcida e grotesca. Esse tipo de coisa realmente te tira do prumo.</i><br><br><i>Preciso fazer alguma coisa para resolver isso, e só consigo pensar em um lugar onde talvez funcione. De todas as minhas ideias ruins, essa deve ser a pior.</i>"
RF_Name_35,64168635024117774,Grande Marge
RF_DetailText_35,64168635024117775,"Um ser misterioso e poderoso avistado por toda a galáxia.<br><br><i>""Essa moça sinistra me dá arrepios... mas faz tempão que não vejo ela. Tem alguma coisa muito familiar nessa mulher..."" -Carl</i>"
VO_Transcript_142,63089472154472448,"Bora! Pode sair daí, coleguinha!<br><br>Use [InputAction:Gameplay/CharacterMovement] para se mover."
VO_Transcript_143,63090527013539840,Use [InputAction:Gameplay/Jump] para pular.
VO_Transcript_145,63116930585038848,<br><br>Use [InputAction:Gameplay/CharacterMovement] para se mover.
VO_Transcript_148,63120025394188288,Segure [InputAction:Interact/Interact] para interagir com o núcleo de carne.
VO_Transcript_149,63120702820421632,Esse atraso reduz a eficiência. Prossiga.<br><br>Pressione [InputAction:Interact/Interact] perto da Carne Fresca para Trocar
VO_Transcript_150,63121424244903936,"Continue, sem moleza.<br><br>Pule e use [InputAction:Gameplay/LegsAbility] para dar uma Arrancada."
VO_Transcript_151,63122062601195520,Talvez a Carne Inteligente esteja com defeito.<br><br>Pressione [InputAction:Gameplay/RangedFire] para atirar e [InputAction:Gameplay/MeleeFire] para causar dano Corpo a Corpo.
VO_Transcript_156,63126683751124992,Aí a gente desce e acaba logo com isso.
VO_Transcript_157,63126683751124993,Equipar Carne Fresca é o segredo pra concluir a missão!
VO_Transcript_162,63130956027236352,"Ah, olha aí um ótimo lugar pra usar bem essas pernas novas!"
VO_Transcript_163,63130956027236353,"Se esse pulo for muito difícil, suba pelo outro lado."
VO_Transcript_164,63130956027236354,"Chegue bem perto da borda antes de tentar pular, beleza, coleguinha?"
VO_Transcript_165,63132572436500480,"Aah, isso sim é a verdadeira Ciência da Carne!"
VO_Transcript_166,63179948538826752,Estamos preparando um novo funcionário.
VO_Transcript_167,63179948568186880,Talvez o próximo seja melhor.
VO_Transcript_168,63179948568186881,Acho que era inevitável.
VO_Transcript_169,63179948568186882,A Ciência da Carne não é uma ciência exata.
VO_Transcript_170,63179948568186883,Que dor.
VO_Transcript_171,63179948568186884,A Ciência da Carne funciona de maneiras misteriosas.
VO_Transcript_172,63179948568186885,Cada um vive o luto de uma maneira diferente.
VO_Transcript_173,63179948568186886,Pelo menos o fim foi rápido.
VO_Transcript_174,63179948568186887,Eu estava torcendo por você.
VO_Transcript_179,63455509689503744,O núcleo de carne tá totalmente cozido. Colheita em andamento.
00c32fad3a344b378b312571aee6b3ec_118_0,92320026952982533,Abra o portão
01998190f8294995824ace7de2ff5e2f_121_0,66001975141761027,Carregue o Gerador 4
04fabed781d24397a4ed9344c5a3d010_118_0,92320026952982530,Ligue o Caminhão de Recursos
0bcd28e40f684d9db9742eb8901dad37_118_0,92320026952982534,Feixe de Tração Abatido
182e239371ef49dfbec24e0ea023fd6a_121_0,66763169515470853,Pegue um Cabeçote de Máquina e carregue os Geradores
24f5e0820b2a430e8674be90ab68934f_118_0,92320026952982531,Escolte o Caminhão
2c6cfc90551847669db3d4e2ef15d3c6_54_0,79134725535424513,Torretas Destruídas
31498dc4387f4eaea72dde2f0832dce7_121_0,66763169515470851,Cabeçotes de Máquina grátis!
368bf896e1c94240bd2576d0b1a657fa_124_0,88432235181498368,Defenda o santuário!
3f13c16356b846cc9b49d10059081ed9_124_0,88510558536458240,aguarde
45c41fc4a38742fdb704cb4e69bcd9da_124_0,87364860482936834,Ative o santuário
477fc870434d4106b6594bd6e83d5c48_121_0,66763169448361984,Gerador 1
51af503259c74b36bab7aeab459b285a_121_0,66763169515470852,Encontre uma Fábrica de Máquinas
555fc042f5db409abe3caba4559a8797_124_0,89024036670005248,aguardando
59136b9c775e4ec1933c8ed20f9f5d23_40_0,88805460474322944,Proteja a Colhedora!
60b5b41fcef444a284cd8994d540f9c5_124_0,91672564080828416,Defenda o santuário enquanto ele se energiza!
702602d4ffea43a8ad2b8be054e73dc4_127_0,93987121075838976,Interaja com o portal de saída
736627e655094cfa8f25340937a2d4ff_120_0,64640664636219392,Destrua os Picles de Carne
886243dec6dd496386e201a8f85cc295_118_0,92320026952982532,Proteja a Carga
8c5170fa2ce549e1985ebb5d0e01c4e6_120_0,64640664636219393,Picles de Carne Abatidos
90eef0e7dafe4e98b691a8cf3bfae1b5_122_0,66304535373537280,Continue a Expedição
96ce8ec8a31a44ceb57c0a8de5546f5f_121_0,66001975141761024,Carregue o Gerador 1
985ece3c25384d839157c479d8223073_121_0,66001975141761026,Carregue o Gerador 3
9da26d36ea2247ba99b70e7c742973b1_118_0,92320026952982536,Lançando 
a154039495b7470584a0af27d4ed866d_121_0,66763169515470850,Gerador 4
aadf3602081f4015aec9c47bc86000dd_121_0,66763169515470849,Gerador 3
ac2567e652e94e068700c6209c7f36ea_54_0,79134725535424512,Que sorte!
cf9d61014cd1492d8c893491a9645ba0_121_0,66001975141761025,Carregue o Gerador 2
da041d35d4c44d99bda028dd88ff0325_122_0,66304535373537281,Vá até o seu Rebimburguer
e7c43fda99ac4e8e8dd538cf316110cf_122_0,66304535373537282,Inicie uma Expedição
eea91060b83b4496b1aeac1d2d260752_118_0,92320026952982529,Encontre o Caminhão
f9870dbcb1a0442099f6f6c74c7714e3_121_0,66763169515470848,Gerador 2
fcd915f79a4740e2a0a12db6d86a8244_118_0,92320026952982535,Lance a Nave
STG_12_1394fd3152ff42f38ae60f5d57322b88,66435288571154433,"Adivinhe quem ganhou mais um aniversário? Isso mesmo, você!"
STG_12_3448bc63ae1e4206849d19a7840f85fe,66435288571154434,"Parabéns, parabéns, hoje é o seu dia, que dia mais feliz!"
STG_12_b5c16efb19114e3d85197aa361affadc,66435288571154437,Hoje é mais um aniversário feliz.
STG_12_bb9caf614acd49c9a3eec4b85964909a,66435288571154436,Surpresaaa! Feliz aniversário!
STG_12_bcf64c2f553a480b94a284b70604152a,66435288571154435,Quem faz aniversário hoje? É vocêêêê!
STG_12_ca27f0642db742338ba85a318a05e5c5,66435288571154438,"Óóun, muitas felicidades, Molinho!"
STG_12_d1260cdbf83a435d9734fabac23023f9,66435288571154432,É seu aniversário de novo!
STG_86_162f3932e37c49f696ab8699acf964be,66357874696491009,Delícia!
STG_86_834d57a162d14a24a157199a6d8f1c4e,66357874696491008,Agora te peguei!
STG_86_e58baca8b4594c5c8b9ee8eb81f7ecb2,66357874654547968,Muito saboroso.
STG_87_2c8df3d39aa0499daeda8c9d2ec2ae02,66357874696491012,A gente procurou você por todo canto.
STG_87_4c35ded8489b4c258c53d9fcdfb3b698,66357874696491014,Dá licença um minutinho?
STG_87_63f4d4a7bcbf4206ba6d4ac872e047df,66357874696491011,"Senhor Nulo, está vendo o que eu estou vendo?"
STG_87_e58baca8b4594c5c8b9ee8eb81f7ecb2,66357874696491010,Aí está você!
STG_87_fb62256c98f1462a9d3811b89008e54b,66357874696491013,"Achou que ia escapar, é?"
STG_88_016ff15dde534d769d1d1ba438bb5766,66357874696491018,"Onde você está, aperitivo de carne?"
STG_88_116484f3783349e397e4371394922c35,66357874696491019,Onde está meu lanchinho?
STG_88_162f3932e37c49f696ab8699acf964be,66357874696491017,"Senhor Void, sinto cheirinho de almoço!"
STG_88_834d57a162d14a24a157199a6d8f1c4e,66357874696491016,Consigo sentir seu cheiro daqui!
STG_88_e58baca8b4594c5c8b9ee8eb81f7ecb2,66357874696491015,"Ai, que fome!"
STG_89_2c8df3d39aa0499daeda8c9d2ec2ae02,66357874696491022,Estou atrapalhando?
STG_89_4c35ded8489b4c258c53d9fcdfb3b698,66357874696491024,"Toc, toc, tem alguém em casa?"
STG_89_63f4d4a7bcbf4206ba6d4ac872e047df,66357874696491021,"Senhor Null, vamos caçar?"
STG_89_e58baca8b4594c5c8b9ee8eb81f7ecb2,66357874696491020,Receio que seu tempo tenha acabado!
STG_89_fb62256c98f1462a9d3811b89008e54b,66357874696491023,Que a caçada comece!
STG_90_e58baca8b4594c5c8b9ee8eb81f7ecb2,66357874696491025,"Ah, eu preciso experimentar!"
STG_91_e58baca8b4594c5c8b9ee8eb81f7ecb2,66357874696491026,Que tal uma experiência emocionante?
STG_92_162f3932e37c49f696ab8699acf964be,66357874696491029,"Senhor Null, nem me aguento de emoção!"
STG_92_834d57a162d14a24a157199a6d8f1c4e,66357874696491028,"Vou te dizer, essa criaturinha tem o molho!"
STG_92_e58baca8b4594c5c8b9ee8eb81f7ecb2,66357874696491027,Me dá só um momentinho.
STG_93_162f3932e37c49f696ab8699acf964be,66357874696491032,Você conseguiu mesmo me irritar!
STG_93_834d57a162d14a24a157199a6d8f1c4e,66357874696491031,Chega de brincadeiras!
STG_93_e58baca8b4594c5c8b9ee8eb81f7ecb2,66357874696491030,Vamos acabar logo com isso!
STG_94_162f3932e37c49f696ab8699acf964be,66357874696491035,"Hmmm, pra onde você foi?"
STG_94_834d57a162d14a24a157199a6d8f1c4e,66357874696491034,"Ah, estou me sentindo muito melhor agora."
STG_94_e58baca8b4594c5c8b9ee8eb81f7ecb2,66357874696491033,Eu só precisava recuperar o fôlego.
STG_95_2c8df3d39aa0499daeda8c9d2ec2ae02,66361789617901570,Peço mil desculpas pela interrupção.
STG_95_4c35ded8489b4c258c53d9fcdfb3b698,66361789617901572,"Agora sim, carne fresca!"
STG_95_63f4d4a7bcbf4206ba6d4ac872e047df,66361789617901569,"Olha ali, Senhor Void!"
STG_95_e58baca8b4594c5c8b9ee8eb81f7ecb2,66361789617901568,"Uuuh, estou vendo meu almoço!"
STG_95_fb62256c98f1462a9d3811b89008e54b,66361789617901571,Hora do almoço!
STG_96_e58baca8b4594c5c8b9ee8eb81f7ecb2,66361789617901573,Hora de amassar um rango!
STG_97_e58baca8b4594c5c8b9ee8eb81f7ecb2,66361789617901574,Isso vai doer!
STG_98_162f3932e37c49f696ab8699acf964be,66361789617901577,"Desculpe, Senhor Void!"
STG_98_834d57a162d14a24a157199a6d8f1c4e,66361789617901576,Eles são mais resistentes do que parecem!
STG_98_e58baca8b4594c5c8b9ee8eb81f7ecb2,66361789617901575,Isso doeu pra caramba!
STG_99_162f3932e37c49f696ab8699acf964be,66361789617901580,"Chega de ser bonzinho, Senhor Null!"
STG_99_834d57a162d14a24a157199a6d8f1c4e,66361789617901579,"Ah, Senhor Void, isso me irritou muito!"
STG_99_e58baca8b4594c5c8b9ee8eb81f7ecb2,66361789617901578,Hora de acabar com isso!
STG_100_162f3932e37c49f696ab8699acf964be,66361789617901583,Estou me sentindo melhor agora!
STG_100_834d57a162d14a24a157199a6d8f1c4e,66361789617901582,A soneca acabou. É hora de almoçar!
STG_100_e58baca8b4594c5c8b9ee8eb81f7ecb2,66361789617901581,"Muito bem, cadê você?"
STG_101_2d4e9fa2379e4742a83167d33236d447,66435288571154445,Está se hidratando bem e mantendo a suculência?
STG_101_2df9cf960ead43f6b80f1f7726f85aa4,66435288571154439,"E aí, Coxão Mole?"
STG_101_31221ccd7735454f88a5e4297aa88d97,66435288571154447,"Ah, finalmente você está aqui! Que bom te ver!"
STG_101_58e64a80752347118e275397c6d3b9dd,66435288571154443,"Ei, coleguinha!"
STG_101_6164f3ca78a8410cb0222f3dd7f44673,66435288571154442,Como você está?
STG_101_911bb0f5e8c441359220d84e4b7a4d30,66435288571154441,"Opa, tudo bão?"
STG_101_91df6a61d2cd48568c88d4c3a3c3b140,66435288571154448,"E aí, coleguinha, como vai?"
STG_101_9c280bd2c80c4d7d8f4c0bad6519decd,66435288571154444,É o meu Coxão Mole favorito!
STG_101_a0c9d50b7ac04f048660da9c00563355,66435288571154440,"Ora, olha só quem chegou!"
STG_101_ac50e9fabba74e58ba82fb3d612d9ea8,66435288571154446,"Ah, olá, coleguinha!"
STG_101_e2950848758345eca0dda0b4ecf92fd7,66435288571154449,"Oooi, como você tá?"
STG_102_07aeb06757ea4d83a925e9b5912b8550,66778140018839555,Continue assim!
STG_102_1d485d7971fa4dc290b9af09ce568127,66778140018839552,"Cuide-se, hein!"
STG_102_209dba9bb321487487815d056cdff335,66778140018839557,"Mantenha a suculência, coleguinha!"
STG_102_253905826c564fb2a5270da3f6110546,66778140014645248,"Até mais, Coxão Mole!"
STG_102_681ec913f2d546d889972e763313659e,66778140018839558,"Adiós, amigo!"
STG_102_94fe5491de04435b8a95aae0b2c85f9b,66778140018839554,"Até mais, coleguinha!"
STG_102_c6e5299b8dde4a7e8d12267e458db7f5,66778140018839556,"Tchau, tchau!"
STG_102_d562ae583d9648f68dee936e8df37560,66778140018839553,"Calma aí, Coxão Mole!"
STG_103_1e1a08579f154d3390641eae410a9003,66435288571154451,"Eu treinei muitos lutadores, mas nenhum deles parecia tanto um burrito ambulante quanto você."
STG_103_2715b3783d424a1e85b137009a8181fe,66435288571154453,Você me lembra um lutador chamado Billy Biscoito. Só que ele era feito de pão.
STG_103_402bfd769a1b41078a10fdfba74c5f14,66435288571154460,"Antigamente, eu e o Carl fazíamos várias loucuras."
STG_103_5164f569287c4072a63d592f052742f9,66435288571154459,"Eu e o Carl nos conhecemos há muito tempo. E quando digo muito tempo, é muito tempo mesmo."
STG_103_64d638e56c384f24b188ca2819652eef,66435288571154462,"Que bom ver o Carl de volta à ativa, fazendo da galáxia um lugar melhor."
STG_103_836c805e84494fb8a71f9540f4df5318,66435288571154452,Você me lembra o Kid Manganese. Antes dele ficar viciado em Água de Salsicha...
STG_103_95e5e6ddd2a54b07b87fd4671792ab83,66435288571154457,"Já viu uma lutadora chamada Meg Motosserra? Um amor de pessoa, acredite se quiser."
STG_103_9850ab8dd16e4c88acd86a61b4b87604,66435288571154450,"Você me deixou muito orgulhoso lá fora, fraldinha. Mas não conte pra ninguém que eu disse isso."
STG_103_9a1148cfde7f4e8c824c29a0db0d388e,66435288571154454,Uma vez treinei um cara que usava sapato de palhaço. Péssima ideia.
STG_103_a8746e6e66f14163b2ef5206525c620f,66435288571154456,Já viu algum lutador chamado Unha de Ferro? Você se lembraria se tivesse visto.
STG_103_abdb3693c1db4ae1888836e43e8c1120,66435288571154455,"Já lutou contra um polvo, fraldinha? Isso te ensinaria a ficar alerta de verdade."
STG_103_b0160ac90afe4183b15a458ae7621462,66435288571154463,"O Carl Rangus sempre sonhou alto, isso a gente tem que respeitar."
STG_103_dae83de77f1b42ec8113bb8f50a0f558,66435288571154458,"Já viu um lutador chamado Dr. Tijolão? Acredita que, na verdade, ele era dentista?"
STG_103_e0db3007bcb24305b60e39511051847d,66435288571154461,"Sim, o Carl cometeu alguns erros. Mas, pô, que atire a primeira pedra quem nunca cometeu, sabe?"
STG_103_e10f9f4d03544556827565a467ba95e2,66435288571154464,Vou te dizer um negócio: nunca subestime o Carl Rangus.
STG_104_1e1a08579f154d3390641eae410a9003,66435288571154466,"Ei, valentão."
STG_104_2715b3783d424a1e85b137009a8181fe,66435288571154468,Olha só quem tá vindo aí.
STG_104_836c805e84494fb8a71f9540f4df5318,66435288571154467,Que bom te ver.
STG_104_9850ab8dd16e4c88acd86a61b4b87604,66435288571154465,"E aí, campeão."
STG_105_1e1a08579f154d3390641eae410a9003,66435288571154470,Foi um prazer conversar com você.
STG_105_2715b3783d424a1e85b137009a8181fe,66435288571154472,Vejo você por aí.
STG_105_836c805e84494fb8a71f9540f4df5318,66435288571154471,"Calma aí, campeão."
STG_105_9850ab8dd16e4c88acd86a61b4b87604,66435288571154469,"Até mais, fraldinha."
STG_106_1e1a08579f154d3390641eae410a9003,66435288571154474,Fechado.
STG_106_836c805e84494fb8a71f9540f4df5318,66435288571154475,"Por mim, beleza."
STG_106_9850ab8dd16e4c88acd86a61b4b87604,66435288571154473,Justo.
STG_107_1e1a08579f154d3390641eae410a9003,66435288575348737,"Troque por carnes novas, fraldinha!"
STG_107_836c805e84494fb8a71f9540f4df5318,66435288575348738,"Pegue carne nova, fraldinha!"
STG_107_9850ab8dd16e4c88acd86a61b4b87604,66435288575348736,"Ei, fraldinha, você precisa de uma carne nova!"
STG_108_57d595dd68b94b11b2b59fb88b7a5da5,66771219589206016,Como se isso fosse mudar alguma coisa.
STG_109_57d595dd68b94b11b2b59fb88b7a5da5,66771219626954752,"Claro, agora eu sei exatamente aonde você está indo."
STG_110_57d595dd68b94b11b2b59fb88b7a5da5,66771219626954753,Você acha que pode mudar as coisas.
STG_111_57d595dd68b94b11b2b59fb88b7a5da5,66771219626954754,Mas você não está mais no comando. Eu é que estou.
STG_112_57d595dd68b94b11b2b59fb88b7a5da5,66771219626954755,Rumo a Rangus Prime!
STG_113_57d595dd68b94b11b2b59fb88b7a5da5,66771219626954756,"Carl, seu idiota invejoso."
STG_114_e58baca8b4594c5c8b9ee8eb81f7ecb2,66774634386001920,Contemplem o poder da Omnicarne!
STG_115_e58baca8b4594c5c8b9ee8eb81f7ecb2,66774634390196224,"Você pediu, Carl!"
STG_116_e58baca8b4594c5c8b9ee8eb81f7ecb2,66774634390196225,Desta vez você não vai conseguir escapar!
STG_117_e58baca8b4594c5c8b9ee8eb81f7ecb2,66774634390196226,Omnicarne!
STG_118_e58baca8b4594c5c8b9ee8eb81f7ecb2,66774634390196227,"Fique aí, Carl! Já volto para te buscar."
STG_119_e58baca8b4594c5c8b9ee8eb81f7ecb2,66774634390196228,"E agora, um banquete de vitória!"
STG_120_e58baca8b4594c5c8b9ee8eb81f7ecb2,66774634390196229,Por que você continua lutando quando sabe que não pode vencer?
STG_121_e58baca8b4594c5c8b9ee8eb81f7ecb2,66774634390196230,Um pequeno revés! Você ainda não tem como vencer!
STG_122_e58baca8b4594c5c8b9ee8eb81f7ecb2,66774634390196231,Tenho poder mais do que suficiente para te derrotar sozinha!
STG_123_e58baca8b4594c5c8b9ee8eb81f7ecb2,66774634390196232,"Não! Não, não, nãããão!"
STG_124_e58baca8b4594c5c8b9ee8eb81f7ecb2,66774634390196233,Carl Rangus. Você acha que venceu.
STG_125_e58baca8b4594c5c8b9ee8eb81f7ecb2,66774634390196234,Pode ter derrotado esse fantoche.
STG_126_e58baca8b4594c5c8b9ee8eb81f7ecb2,66774634390196235,Mas agora você está no nosso universo.
STG_127_e58baca8b4594c5c8b9ee8eb81f7ecb2,66774634390196236,E chegou a hora de conhecer o verdadeiro poder da Omnicarne.
STG_128_e58baca8b4594c5c8b9ee8eb81f7ecb2,66774634390196237,"Até breve, Carl Rangus."
STG_129_07aeb06757ea4d83a925e9b5912b8550,66778140018839563,"Tô preparando um negocinho especial pra você, coleguinha!"
STG_129_1d485d7971fa4dc290b9af09ce568127,66778140018839560,"Ah, tenho uma novidade pra você!"
STG_129_253905826c564fb2a5270da3f6110546,66778140018839559,"Ei, Coxão Mole, tô preparando uma coisa, dá uma passada aqui."
STG_129_94fe5491de04435b8a95aae0b2c85f9b,66778140018839562,Tenho uma surpresinha pro meu coxãozinho favorito. Vem cá um segundo.
STG_129_d562ae583d9648f68dee936e8df37560,66778140018839561,"Ei, coleguinha, quer ver uma coisa nova?"
STG_130_07aeb06757ea4d83a925e9b5912b8550,66778140018839568,Tem certeza? Beleza!
STG_130_1d485d7971fa4dc290b9af09ce568127,66778140018839565,Eu sei que você consegue dar conta.
STG_130_253905826c564fb2a5270da3f6110546,66778140018839564,"Nossa, essa é difícil, boa sorte!"
STG_130_94fe5491de04435b8a95aae0b2c85f9b,66778140018839567,Não deve ser muito difícil!
STG_130_d562ae583d9648f68dee936e8df37560,66778140018839566,Divirta-se com essa aí.
STG_131_07aeb06757ea4d83a925e9b5912b8550,66778140018839573,Especialmente pra você.
STG_131_1d485d7971fa4dc290b9af09ce568127,66778140018839570,Imagino que você saiba o que fazer com isso.
STG_131_253905826c564fb2a5270da3f6110546,66778140018839569,Isso certamente vai ser útil.
STG_131_8193fb832f8a42499e74ee269e663f45,66778140018839574,"Aaah, isso é só a cereja do bolo."
STG_131_94fe5491de04435b8a95aae0b2c85f9b,66778140018839572,"Cuidado, isso não é brinquedo."
STG_131_d562ae583d9648f68dee936e8df37560,66778140018839571,"Ah, essa é boa."
ABL_Desc_98,79423295005384704,Taca um foguetão que explode no impacto. Causa 3x o dano no impacto direto.
ABL_Desc_202,80823105834967040,"Causa dano de <#FFEB04><link=""Keyword:15"">[Gelo]</link></color> aos inimigos enquanto você corre."
ABL_Desc_203,80824169023922176,"Causa dano de <#FFEB04><link=""Keyword:14"">[Gosma]</link></color> aos inimigos enquanto você corre."
ABL_Desc_204,80824169023922177,"Causa dano <#FFEB04><link=""Keyword:12"">[Elétrico]</link></color> aos inimigos enquanto você corre."
ABL_Desc_205,80824169023922178,"Causa dano de <#FFEB04><link=""Keyword:13"">[Fogo]</link></color> aos inimigos enquanto você corre."
ABL_Name_241,79423295013773312,Rosquinhas Alienígenas
ABL_Desc_241,79423295013773313,Dispara anéis de energia em um arco à sua frente.
ABL_Name_246,84150493377454080,Injeção Estranha
ABL_Desc_246,84150493381648384,"Ninguém sabe o que é, mas você ganha 100 de Vida quando usa."
ABL_Name_247,86035996729139200,Olha a Bomba
ABL_Desc_247,86035996733333504,Lança uma bomba nuclear que destrói praticamente tudo. É melhor ficar longe quando ela explodir...
ABL_Name_248,86035996733333505,Paredão de Fogo
ABL_Desc_248,86035996733333506,Cria um paredão de fogo que queima os inimigos.
ABL_Name_252,94597113462120448,Xerife Carl
ABL_Desc_252,94597113466314752,"Xerife Carl ao resgate!<br>Carl te seguirá em seu traje mecha, derrubando quantos inimigos conseguir. Um grande chefe."
ABL_Name_257,95088709014118400,Sanguessuga de Poder
ABL_Desc_257,95088709022507008,"Receba +3% de Velocidade de Movimento e +5% de Dano de <#FFEB04><link=""Keyword:13"">[Fogo]</link></color>.<br>Inimigos próximos atacam e se movem lentamente."
ART_Name_4,91432940955754496,Campo Gravitacional
ART_Name_13,94597113466314753,Carl Mecânico
CQ_Name_58,51558077172801536,O Senhor do Ringue v2 (Padrão)
CQ_Name_95,65757147558830080,Coleção de Brasões
CQ_Desc_95,65757147583995904,"A apresentação importa, Coxão Mole. Construí esta empresa em cima de carne de primeira E de uma apresentação de primeira. Dez peças de brasão são um começo e tanto. Você já tá começando a parecer alguém por aí."
CQ_Name_96,65757147583995905,Brasão de Montão
CQ_Desc_96,65757147583995906,"Tem um ditado no ramo dos restaurantes: vinte e cinco peças de brasão é o mínimo. Fui eu que inventei esse ditado, mas ele tá certíssimo. Continua colecionando — você tá representando a Rangus Corp por aí!"
CQ_Name_97,65757147583995907,Embrazando
CQ_Desc_97,65757147583995908,"Cinquenta peças de brasão. Fui pesquisar ""debonair"" pra ter certeza de que tava usando direito. Tava. É exatamente pra isso que essa palavra foi inventada. Continua."
CQ_Name_98,65757147583995909,Expressando o Seu Eu Verdadeiro
CQ_Desc_98,65757147583995910,"Olha, eu não vou te mandar juntar cem peças de brasão. Isso é algo que eu jamais mandaria você fazer. Só quero que você pense no que cem peças de brasão diriam sobre você como pessoa. Como funcionário. Enfim. É totalmente por sua conta."
CQ_Name_99,75588200087674880,P&D de Armas
CQ_Desc_99,75588200096063488,"Aqui na Rangus a gente teve que criar uns departamentos ""únicos"" pra uma rede de fast food. Acontece que alimentar a galáxia não é só sobre sanduíches e sorrisos, é mais difícil do que parece! Desce lá no PeD de Armas e começa a subir o ranque do seu arsenal. Quanto mais variedade na cintura, mais fácil vai ser arranjar carne."
CQ_Name_100,82285661372014592,Pesca e Companhia
CQ_Desc_100,75664958191296512,"Coxão Mole, me traga algumas aquelas pedras e tecnologia antiga. Vamos equipar você com o que há de mais moderno no mundo da pesca em fendas dimensionais pra que você possa pegar uns peixões."
CQ_Name_101,75626551931035648,Um ou Outro Vamos Pegar
CQ_Desc_101,75670184147279872,Use seu equipamento de pesca em fenda dimensional e pegue alguns peixões!
CQ_Name_102,75631368929796096,Adequação à Cultura
CQ_Desc_102,75664958195490816,"Por aqui, ""autodesenvolvimento"" não é sugestão, é métrica de desempenho. E também é um benefício oficial da firma! Dá um pulo no Terminal de Benefícios do Funcionário e desbloqueia uma melhoria fresquinha pra você. Me mostra que tá mandando bem no cargo, coleguinha."
CQ_Name_103,86371778174115840,Olha a Faca!
CQ_Desc_103,86371778178310144,Tenho um prêmio incrível guardado no armário de equipamentos e estava procurando por uma desculpa para entregá-lo. Você parece ser capaz de merecê-lo. Vai bater em algumas coisas e volte. Saberei se você for bem.
CQ_Name_104,93905764215676928,Ative 3 Santuários
CQ_Desc_104,93905764219871232,Ative 3 Santuários para ganhar um bônus.
CRT_Name_86,89820889795780608,Pug de Carne
CRT_Name_87,91076799746793472,Pug de Carne Filhote
CTC_Name_3,86277628988743680,Tecnologia Antiga
CTC_Name_5,86277628992937985,Bugigangas e Amostras
CTC_Name_6,86277628992937986,Minerais
INTD_Name_25,92544266662830080,Portal de Saída
INTD_Action_25,92544266667024384,Quarto ao Lado
ITM_Attr_39,17438567620927577,{0:|+|+|+}{0:percent()}% de Vida Adicional a partir de Contêiners.
ITM_Attr_511,91742537604128768,{0:|+|+|+}{0:percent()}% de ganho de EXP
ITM_Name_1097,64524596592762880,Elixir da Sorte
ITM_Name_1099,88480638204633088,Santuário da Mobilidade
ITM_Name_1100,88480638208827392,Santuário da Sorte
ITM_Name_1101,88480638208827393,Santuário do Poder
ITM_Name_1102,91482575502041088,Desafio +20%
ITM_Name_1103,91697156585414656,Santuário do Azar
ITM_Name_1104,91698194650488832,Santuário da Vida
ITM_Name_1105,91742537620905984,Santuário da Má Experiência
ITM_Name_1106,91742537620905985,Santuário da Experiência
ITM_Name_1107,91875735667466240,Desafio +10%
LSB_69,65696160330125312,"Carnes Rangus. Nós sabemos o que você está comendo, para que você não precise saber."
MUT_Type_7,85936796137938944,Fogo
MUT_Type_8,85936796142133248,Gelo
MUT_Type_9,85936796142133249,Gosma
MUT_Type_10,85936796142133250,Elétrico
MUT_Type_18,85936796142133251,Cinético
PE_Desc_118,92320026952982528,Entrega Especial
PE_Desc_120,64640664627830784,Desative o Escudo de Carnetedral
PE_Desc_121,66001975099817984,Carregue as baterias
PE_Desc_122,66304535369342976,Vá até o seu Rebimburguer e comece uma nova expedição!
PE_Desc_124,87364860482936832,Santuário Misterioso Próximo
PE_Desc_125,92791742368047104,Derrote todos os inimigos
PE_Desc_127,93986020658241536,Encontre o portal para a próxima sala!
PE_CompassDesc_124,90954630467411968,Santuário
PE_FailureDesc_124,88905188520222720,<color=#FF3667>Santuário Destruído!</color>
PLN_Name_26,78722713496051712,Sub Zeroni
PLN_Name_27,88549004969762816,Lava Del Rey
PLN_Name_28,92514418636611584,Sala Rangus 01
PLN_Name_29,93545291569946624,Sala Rangus 02
PLN_Name_30,94424828545589248,S'mores
SHE_Name_1,93903394018680832,Santuário do Desafio
SHE_Name_4,93903394018680835,Santuário da Riqueza
SHE_Name_5,93903394018680836,Santuário da Aposta
SS_Name_9,91037073622949888,Buraco de Minhoca
SS_Name_10,92525321763414016,O Que Tem na Caixa?
TPUP_CodexButton_1,64970684173840384,Terminal da Galáxia
TPUP_CodexDesc_1,64970684190617600,Para onde você quer ir hoje?
TPUP_CodexButton_2,64970684190617601,Medidor de Ameaça de Caçador
TPUP_CodexDesc_2,64970684190617602,Caçadores: A ameaça constante
TPUP_CodexDesc_3,64970684190617603,"Não é tecnicamente uma obrigação, mas..."
TPUP_CodexDesc_4,64970684190617604,Quando o Pesadelo já não é assustador o suficiente.
TPUP_CodexDesc_5,64970684194811904,Todas as vantagens de ser um funcionário da Rangus
TPUP_CodexButton_6,64970684194811905,Coletando Minerais
TPUP_CodexDesc_6,64970684194811906,Desenterre as coisas boas.
TPUP_CodexButton_7,64970684194811907,Coletando Tecnologia
TPUP_CodexDesc_7,64970684194811908,Grátis para quem quiser pegar.
TPUP_CodexButton_8,64970684194811909,Coletando Peixes
TPUP_CodexDesc_8,64970684194811910,Pescaria de peixes.
TPUP_CodexButton_9,64970684194811911,Terminal de Supremas
TPUP_CodexDesc_9,64970684194811912,Todo Cientista da Carne precisa de um.
TPUP_CodexButton_10,64970684194811913,Terminal de Armas
TPUP_CodexDesc_10,64970684194811914,Desbloqueie e melhore suas armas!
TPUP_Desc_11_0,66382739308273665,"Preste atenção à <color=#FF3667>Lista de Diretrizes</color> localizada no canto superior direito do seu HUD. Em cada planeta existem:<br><color=#FF3667><sprite name=""PrimeDirective""> Diretrizes Principais</color><br><color=#FF3667><sprite name=""SecondaryDirective"">Diretrizes Secundárias</color><br><br>As Diretrizes concedem uma variedade de <color=#FF3667>recompensas</color>, então faça o máximo que puder!"
TPUP_Title_11_1,66382739308273666,Bússola
TPUP_Desc_11_1,66382739308273667,"A <color=#FF3667>bússola</color> aparece na parte superior do seu HUD e indica os <color=#FF3667>pontos de interesse</color> em cada planeta.<br>Isso ajudará você a localizar a <color=#FF3667>Diretriz Principal</color>, as <color=#FF3667>Diretrizes Secundárias</color>, as <color=#FF3667>Plataformas de Pulo</color> e muito mais!"
TPUP_CodexButton_11,66382739304079360,Diretrizes
TPUP_CodexDesc_11,66382739308273664,Objetivamente importante.
TPUP_Desc_12_0,66382739308273670,"Para concluir uma <color=#FF3667>recarga rápida</color>, atire quando a barra rotatória atingir a seção colorida da janela de recarga.<br><br>Atingir a <color=#00FF00>seção verde</color> recarregará com uma <color=#FF3667>carga bônus</color>. Cada arma tem um <color=#FF3667>bônus exclusivo</color>.<br>Atingir a <color=#FFC700>seção amarela</color> recarregará mais rápido sem bônus."
TPUP_Title_12_1,66382739308273671,Corpo a Corpo
TPUP_Title_12_2,66382739308273673,Corpo a Corpo
TPUP_Desc_12_1,66382739308273672,"Pressione [InputAction:Gameplay/MeleeFire] para fazer um ataque corpo a corpo com sua espátula: uma arma de curta distância poderosa que pode causar <color=#FF3667>cambaleamento</color> em inimigos, desequilibrando-os e imobilizando-os por alguns segundos."
TPUP_Desc_12_2,66382739308273674,"Pressione [InputAction:Gameplay/MeleeFire] para balançar a sua espátula.<br>Ataques corpo a corpo têm grande chance de <color=#FF3667>atordoar</color> inimigos, desequilibrando-os e imobilizando-os por alguns segundos."
TPUP_CodexButton_12,66382739308273668,Armas
TPUP_CodexDesc_12,66382739308273669,Aviso de gatilho
TPUP_Desc_13_0,66382739308273678,"Às vezes, inimigos derrotados deixam cair <color=#FF3667>Partes de Carne</color>.<br>Pressione [InputAction:Interact/Interact] enquanto estiver perto de uma dessas partes para <color=#FF3667>trocar</color> com a parte do corpo que você tem no momento."
TPUP_Title_13_0,66382739308273677,Trocar de Carne
TPUP_Title_13_2,66382739308273680,Escudo de Carne
TPUP_Desc_13_1,66382739308273679,"Cada <color=#FF3667>Parte de Carne</color> também tem uma <color=#FF3667>habilidade única</color>.<br>Trocar partes pode te ajudar a se mover mais rápido, causar dano explosivo ou criar lacaios... as possibilidades são infinitas, então troque essa carne!"
TPUP_Desc_13_2,66382739308273681,"Suas <color=#FF3667>Partes de Carne</color> têm <color=#FF3667>Durabilidade da Carne</color>. Sofrer dano a desgasta, e quando acaba, a parte é <color=#FF3667>destruída</color>, mas você fica <color=#FF3667>invulnerável</color> por um instante. Use uma parte nova para recuperar a <color=#FF3667>habilidade</color>."
TPUP_CodexButton_13,66382739308273675,Trocando de Carne
TPUP_CodexDesc_13,66382739308273676,Justamente o que o nome do jogo significa.
TPUP_Desc_14_0,66382739308273685,"Quando você ganha <color=#FF3667>EXP</color> suficiente durante uma expedição, sua Barra de Nível de Equipe se enche e você <color=#FF3667>Sobe de Nível</color>.<br>Assim que estiver disponível, pressione [InputAction:Gameplay/ItemRewardInit] para selecionar um <color=#FF3667>item ou melhoria</color> poderosos."
TPUP_Title_14_0,66382739308273684,Subir de Nível
TPUP_Desc_14_1,66382739308273686,Preste atenção à <color=#FF3667>Barra de Nível de Equipe</color> na parte inferior esquerda do HUD para ver quanto falta para subir de nível.<br>Você pode ganhar <color=#FF3667>no máximo 30 níveis</color> por expedição.
TPUP_CodexButton_14,66382739308273682,Subindo de Nível
TPUP_CodexDesc_14,66382739308273683,"Vamos subir, subir, subir"
TPUP_Desc_15_0,66382739308273689,"<color=#FF3667>Rebimburgueres</color> permitem que você vá e volte da superfície de um planeta.<br>Após concluir a última <color=#FF3667>Diretriz Principal</color>, os <color=#FF3667>Rebimburgueres</color> chegam para te levar a um lugar seguro.<br>Suba a bordo depressa, antes que os inimigos te cerquem!"
TPUP_CodexButton_15,66382739308273687,Rebimburgueres
TPUP_CodexDesc_15,66382739308273688,Não vejo nenhuma rebimboca...
TPUP_Desc_16_0,66382739308273692,[InputAction:Gameplay/CharacterMovement] para <color=#FF3667>mover</color>.<br>[InputAction:Gameplay/Jump] para <color=#FF3667>pular</color>.<br>[InputAction:Gameplay/Jump] x2 para dar um <color=#FF3667>pulo duplo</color>.
TPUP_Title_16_0,66382739308273691,Controles Básicos
TPUP_Title_16_1,66382739308273693,Vida e Escudos
TPUP_Title_16_2,66382739308273695,Habilidades
TPUP_Desc_16_1,66382739308273694,"<color=#FF3667>Vida</color> e <color=#FF3667>Escudos de Carne</color> estão localizados no canto inferior esquerdo do HUD e também no lado esquerdo da mira.<br>Você possui 3 partes: <color=#FF3667>Cabeça</color> (superior), <color=#FF3667>Torso</color> (meio) e <color=#FF3667>Pernas</color> (inferior).<br>Preste atenção aos seus Escudos de Carne: quando um acabar, você perde aquela parte do corpo até pegar outra!"
TPUP_Desc_16_2,66382739308273696,"As partes de carne têm <color=#FF3667>habilidades</color> que aparecem na sua barra de habilidades na parte inferior da tela.<br>Cada uma tem uma função diferente, então experimente pegar carnes novas!"
TPUP_CodexDesc_16,66382739308273690,Vai ter que rebolar muito.
TPUP_Desc_17_0,91467094054334465,<color=#FF3667>Partes de Carne</color> e <color=#FF3667>Armas</color> podem ter <color=#FF3667>elementos</color> atribuídos.<br>Causar dano elemental a um inimigo acumula esse efeito até aplicar a <color=#FF3667>condição</color> correspondente.
TPUP_Desc_17_1,91467094054334466,"<#FFEB04><link=""Keyword:17"">[Condições]</link></color> podem ser acionadas por qualquer fonte elemental correspondente e os inimigos podem ter <color=#FF3667>mais de uma condição</color> aplicada ao mesmo tempo."
TPUP_CodexButton_17,91467094033362944,Elementos
TPUP_CodexDesc_17,91467094054334464,"Bata, Congele, Eletrocute, Queime todo mundo!"
VO_Transcript_182,64586613632897024,"Uuuh, tem um caminhão cheio de especiarias secretas aqui perto, e a gente pode fazer bom uso delas."
VO_Transcript_183,64586613649674240,"Você precisa continuar consertando esse caminhão velho, senão ele vai te deixar na mão!"
VO_Transcript_184,64586613649674241,"Não pare, coleguinha! Aqueles alienígenas estão prontos pra briga. "
VO_Transcript_185,64587626796388352,"Ora, mas quem resolveu colocar uma porta ali? "
VO_Transcript_186,64920625689165824,Agora aperte esse botão e traga esses temperos pra cá!
VO_Transcript_187,64920625714331648,"Coxão Mole, você precisa abrir essa coisa!"
VO_Transcript_188,64930279190200320,"Leve aquele estoque pra nave. Estamos contando com você, hein?"
VO_Transcript_189,65631231578988544,"Muito bem, pessoal, uma salva de palmas para... Aeroperuca!"
VO_Transcript_190,65631231583182848,Todos de pé para o Honorável... Juiz Lagostim!
VO_Transcript_191,65631231583182849,Primeiro a entrar no ringue... Pete do Partido Porcalhão!
VO_Transcript_192,65631231583182850,"Todos conhecem as regras. E se não as conhecem, azar de vocês!"
VO_Transcript_194,66064315292422144,"Tá vendo uns pedacinhos de corpos espalhados por aí? É melhor pegar, é assim que se sobrevive!"
VO_Transcript_195,66064315330170880,"Ei, Roxie, parece que o neurônio que você adicionou à fórmula realmente resolveu o problema."
VO_Transcript_196,66064315330170881,Falha na colheita. Núcleo de Carne destruído.
VO_Transcript_197,66064315330170882,"Dano detectado. Por favor, proteja os nódulos."
VO_Transcript_198,66064315330170883,Aviso: o Núcleo de Carne ficou vulnerável.
VO_Transcript_199,66064315330170884,Aviso: a destruição do Núcleo de Carne é iminente.
VO_Transcript_200,66064315330170885,"Ah, não! Não deixe que peguem o núcleo!"
VO_Transcript_201,66064315330170886,De fato. Esse Cientista da Carne está superando todos os participantes anteriores.
VO_Transcript_202,66342620914618368,Pode me chamar de Tutulargão!
VO_Transcript_203,66342620927201280,Reset... aonde você pensa que vai?
VO_Transcript_204,66342620927201281,Nada de prisioneiros!
VO_Transcript_205,66342620927201282,Vou te enviar pras profundezas!
VO_Transcript_206,66342620927201283,Hora de jogar a isca!
VO_Transcript_207,66342620927201284,Tô pronto pra atirar!
VO_Transcript_208,66342620927201285,Tutulargão não sente dor!
VO_Transcript_209,66342620927201286,"Pare com isso, seu cão sarnento!"
VO_Transcript_210,66342620927201287,Parece que a maré virou!
VO_Transcript_211,66342620927201288,Os peixes serão vingados!
VO_Transcript_212,66342620927201289,O oceano se lembra dos seus pecados!
VO_Transcript_213,66342620927201290,O mar não tem piedade!
VO_Transcript_214,66342620927201291,O fundo do mar está reservado pra você!
VO_Transcript_215,66342620927201292,Venha já aqui!
VO_Transcript_216,66342620927201293,Este capitão não afunda com o seu navio!
VO_Transcript_217,66342620927201294,"Preparem-se para o pior, mas... não vai adiantar nada, hahaha!"
VO_Transcript_218,66342620927201295,Ha ha ha haaa!
VO_Transcript_219,66342620927201296,Pelas barbas de Netuno!
VO_Transcript_220,66342620927201297,Você não vai me afundar tão fácil assim!
VO_Transcript_221,66342620927201298,Peixinho! Vem cá um minutinho.
VO_Transcript_222,66342620927201299,Olha só o novo tesouro que você descobriu!
VO_Transcript_223,66342620927201300,As minas estão carregadas!
VO_Transcript_224,66342620927201301,Pronto pra ação!
VO_Transcript_225,66342620927201302,É só falar!
VO_Transcript_226,66342620927201303,"Tudo pronto, capitão!"
VO_Transcript_227,66342620927201304,"Preciso de mais tempo, capitão!"
VO_Transcript_228,66342620927201305,Mandem todos pras profundezas!
VO_Transcript_229,66342620927201306,Metendo bala!
VO_Transcript_230,66342620927201307,Lá está ele!
VO_Transcript_231,66342620927201308,"Do fundo do inferno, eu cuspo molho tártaro em ti!"
VO_Transcript_232,66342620927201309,"Ele já fez tudo que podia, capitão!"
VO_Transcript_233,66357874709073920,Selecione seu destino.
VO_Transcript_234,66357874709073921,Rebimburgueres mobilizados.
VO_Transcript_235,66357874709073922,Um novo arquivo está disponível para revisão.
VO_Transcript_236,66357874709073923,Missão cumprida.
VO_Transcript_237,66357874709073924,Reforços a caminho.
VO_Transcript_238,66357874709073925,Os Cientistas da Carne não podem ser mobilizados enquanto os Caçadores estiverem enfurecidos.
VO_Transcript_239,66357874709073926,Cientistas da Carne podem ser mobilizados agora.
VO_Transcript_240,66417837640880128,"Ei, pedaço de chouriço! Vem cá um minuto."
VO_Transcript_241,66417837640880129,"Você tem que manter esse caminhão funcionando, fraldinha!"
VO_Transcript_242,66417837640880130,Abra essa porta antes que eles destruam o caminhão!
VO_Transcript_243,66417837640880131,Descobriremos em breve.
VO_Transcript_244,66417837640880132,"Quando estiver com tudo pronto pra lutar, venha me encontrar no ringue."
VO_Transcript_245,66417837640880133,"Ei, fraldinha, eu não tô ficando mais jovem aqui enquanto te espero!"
VO_Transcript_246,66417837640880134,"Cuidado, fraldinha!"
VO_Transcript_247,66417837640880135,"Faça sua jogada, fraldinha!"
VO_Transcript_248,66435288579543040,"Muito bem, Coxão Mole, chegou a hora de você encontrar o Doutor Brad."
VO_Transcript_249,66435288579543041,Tente guiar o grandalhão pelas minas!
VO_Transcript_250,66435288579543042,"Nossa, parece que as minas não fazem nem cócegas nele!"
VO_Transcript_251,66435288579543043,Você tem que entupir os canhões deles!
VO_Transcript_252,66435288579543044,Você pode se livrar desse Tubarone atirando nele!
VO_Transcript_253,66435288579543045,"Ok, vamos lá!"
VO_Transcript_254,66435288579543046,Pode vir quente que eu tô fervendo!
VO_Transcript_255,66435288579543047,Peraí um minuto!
VO_Transcript_256,66435288579543048,E lá vem a explosão!
VO_Transcript_257,66435288579543049,Olha só isso!
VO_Transcript_258,66435288579543050,O Treinador Dan tá na área!
VO_Transcript_259,66435288579543051,"É o melhor que eu consigo, fraldinha!"
VO_Transcript_260,66435288579543052,"Vem cá, fraldinha. Tenho uma coisa pra você."
VO_Transcript_261,66435288579543053,Não me venha dizer que eu nunca te ajudei com nada.
VO_Transcript_262,66435288579543054,"Ei, árbitro, não zoa!"
VO_Transcript_263,66435288579543055,Pegue uma daquelas cadeiras dobráveis e dê uma surra nele!
VO_Transcript_264,66435288579543056,"Peraí, fraldinha, você tem que eliminar o árbitro antes de prender aquele cara!"
VO_Transcript_265,66435288579543057,Uma cadeira! Vá pegar uma cadeira!
VO_Transcript_266,66435288579543058,"Ótimo trabalho! Um já foi, faltam dois!"
VO_Transcript_267,66435288579543059,Agora você tem dois pra se preocupar. Fique de olho!
VO_Transcript_268,66435288579543060,"Você tem que derrubar esse cara, fraldinha!"
VO_Transcript_269,66435288579543061,Não se esqueça do outro cara!
VO_Transcript_270,66435288579543062,"Isso aí, campeão! Só mais uma leva!"
VO_Transcript_271,66435288579543063,"Bom trabalho, mas você ainda não ganhou nada!"
VO_Transcript_272,66435288579543064,"Só falta mais um, fraldinha!"
VO_Transcript_273,66435288579543065,"Você conseguiu, campeão! Você é mesmo O Escolhido!"
VO_Transcript_274,66435288579543066,"Esse burocrata está te matando, fraldinha!"
VO_Transcript_275,66435288579543067,Você tem que derrubar aquele babaca voador!
VO_Transcript_276,66435288579543068,Pare de levar porrada e revide!
VO_Transcript_277,66435288579543069,Acabe com o árbitro! O árbitro!
VO_Transcript_278,66435288579543070,"Deixa pra lá, fraldinha! A burocracia tá do lado dele!"
VO_Transcript_279,66435288579543071,Acabe com esses otários e pegue as pernas deles!
VO_Transcript_280,66435288579543072,Agora use essas pernas pra dar uma bela surra nele!
VO_Transcript_281,66437093602463744,"Ele tá quase acabado. Rápido, imobilize ele!"
VO_Transcript_282,66437093602463745,Isso vai levar a gente diretamente ao núcleo de carne que precisamos!
VO_Transcript_283,66437093602463746,"Ei, Coxão Mole!"
VO_Transcript_284,66443846721310720,"Você tem que abrir essas portas, colega!"
VO_Transcript_285,66443846721310721,Talvez eu tenha esquecido dessa galera toda por um momento. Foi mal.
VO_Transcript_286,66443846721310722,É isso aí. Continue abrindo essas portas!
VO_Transcript_287,66443846721310723,"Ok, esse é o MegaMacro-Ondas. "
VO_Transcript_288,66443846721310724,"Assim que ligarmos, vai cozinhar aquele núcleo de carne rapidinho."
VO_Transcript_289,66443846721310725,"Você precisa ligar aqueles três Macro-Ondas, Coxão Mole!"
VO_Transcript_290,66443846721310726,Um já foi! Mas precisamos que os três Macro-Ondas estejam funcionando.
VO_Transcript_291,66443846721310727,"Ok, estamos quase prontos pra começar a cozinhar!"
VO_Transcript_292,66443846721310728,"Uau, agora sim! Mantenha essa carne em segurança!"
VO_Transcript_293,66443846721310729,"Uau, Coxão Mole, está ficando bem suculento!"
VO_Transcript_294,66443846721310730,"Peraí, Coxão Mole, acho que conheço essa voz. Vá conferir, tá bem?"
VO_Transcript_295,66443846721310731,"Ei, Coxão Mole, você precisa desativar aqueles geradores primeiro!"
VO_Transcript_296,66443846721310732,Aposto que aquelas cabeças de pedra enormes seriam ótimas pra entupir os geradores!
VO_Transcript_297,66443846721310733,"Isso aí! Continue jogando essas cabeças pro alto, assim mesmo."
VO_Transcript_298,66443846721310734,"Agora vá encontrar aquele coração, Coxão Mole!"
VO_Transcript_299,66443846721310735,Tá vendo aquele coração enorme lá na frente?
VO_Transcript_300,66443846721310736,Vamos remover ele e fazer com que essa moça volte a ficar bem.
VO_Transcript_301,66443846721310737,"Se destruírem o coração antes de conseguirmos retirá-lo, ela vai ficar infectada pra sempre!"
VO_Transcript_302,66443846721310738,"Depois que entrar, não tem como sair até que você termine."
VO_Transcript_303,66443846721310739,Talvez seja uma boa ideia usar aquele Posto de Vida enquanto ainda tem chance.
VO_Transcript_304,66443846721310740,"Ih, lá vem ele. Prepare-se, Coxão Mole!"
VO_Transcript_305,66443846721310741,Você tem que entupir esses cachorros-quentes!
VO_Transcript_306,66443846721310742,"Essas cabeças de pedra são exatamente o que você precisa, Coxão Mole!"
VO_Transcript_307,66443846721310743,Melhor manter distância do grandalhão!
VO_Transcript_308,66443846721310744,"Uau, isso machucou o grandalhão, mas ainda não acabamos com ele!"
VO_Transcript_309,66443846721310745,"Ih, Coxão Mole, acho que você irritou ele!"
VO_Transcript_310,66443846721310746,"Quando ele pisar forte, use as pernas pra pular!"
1fa6b98e3e7b4bbd923bdc1b7b42005c_132_0,107655364063780864,Caçadores mortos
236eced1758f4925917ffd297dec2f47_133_0,107655364063780866,investigar
65a9ac7f76fd46a181993eca4976b215_133_0,107655364072169472,cace os Caçadores!
6738dedaf8d8478a8d74e1a1d2e2c125_131_0,107655364055392258,portais fechados
6738dedaf8d8478a8d74e1a1d2e2c125_133_0,107655364076363776,caçadores derrotados
9fb394aa180a48f7bc480a0d21c14962_131_0,107655364055392257,Entre no ringue!
ABL_Desc_118,102231626447052800,"Concede 150 de <#FFEB04><link=""Keyword:11"">[Barreira]</link></color> aos aliados próximos por 15s.<br>Enquanto a <#FFEB04><link=""Keyword:11"">[Barreira]</link></color> durar, Reflete o dano sofrido."
ABL_Desc_262,96528322085773312,Dispara um gancho e se puxa em direção ao ponto de impacto.
ABL_Desc_263,102563114564706304,"Implanta um Robumbigo. Clique, claque, BUM!"
ABL_Desc_268,108777313687035905,Me jogue no meu Mecha pra a gente destruir tudo!
ABL_Name_262,96528322081579008,Língua de Gancho
ABL_Name_263,102563114560512000,Robumbigo Agroboy
ABL_Name_268,108777313687035904,Ativar o Mecha de Carl
CND_Desc_11,98640502977454081,Explode após 3s.
CND_Name_11,98640502977454080,Bomba
CQ_Desc_105,102259608528084992,"Você passou pela sua experiência, parabéns! Agora podemos entrar no trabalho de verdade e ver se você dá conta do recado."
CQ_Desc_106,102259608528084994,"Você é novo aqui, então precisamos ver como são as suas habilidades e te ajudar a aprimorar todas as áreas que precisamos para que você seja o melhor funcionário possível!"
CQ_Desc_107,102263695273353217,"Você realmente faz mais do que o esperado! Adoramos o seu entusiasmo e, como recompensa, gostaríamos de te dar ainda mais responsabilidades! O trabalho não é uma delícia?"
CQ_Desc_108,102263695277547521,"Agora que você já conhece bem as coisas por aqui, podemos começar a te preparar para mais deveres e responsabilidades! Sempre precisamos de mais funcionários dispostos a fazer mais."
CQ_Desc_109,102272247622787073,"O Mike tá na nave! Mas se ambientar é um baita drama pra ele, e o cara funciona na base da boa vontade e tripa de peixe, mais ou menos nessa ordem. Faz um favor e vende um monte de peixe pra ele, quanto mais fedido melhor. Até o fim da semana ele vira da família, anota o que eu tô te falando."
CQ_Desc_110,102276841048367105,"A gente precisa de muita carne pra alimentar a galáxia, e a gerência adora quem corre atrás! Vai lá e traz uma carga braba de núcleos de carne, do tipo que faz o contador fazer uma dancinha. Empilha bem alto, Coxão Mole. Tem um belo escritório te esperando no futuro."
CQ_Desc_111,102281096752783360,"O que você acha de quem só faz o mínimo? É, eu também não curto. Equipa aquele brasão que você conquistou e chega no trabalho com cara de Funcionário do Mês. Aparência é tudo no fast food."
CQ_Desc_112,102279208766529538,"Estão chegando relatos de umas estruturazinhas estranhas lá fora... O pessoal local chama de ""santuários"". Pelo que entendemos, se conectar num desses dá um gás em quem tá mais perto. Descobre pra gente como eles funcionam, beleza? Se a galáxia tá distribuindo reforços de graça, a Rangus quer o recibo."
CQ_Desc_113,102279208766529540,"Quando topar com aqueles chefões malvadões lá fora, não é só pra matar, pode tirar uma amostra. Tem alguma coisa muito especial cozinhando naquelas carnes, e a rapaziada do laboratório lá embaixo tá me implorando por material fresco. Me traz a boa, garanto que eles lembram de quem era o nome na caixa térmica."
CQ_Desc_114,102281096752783362,"Esses alienígenas tão aprontando alguma... Tô sentindo isso nas minhas tripas, e são as minhas tripas que mandam nessa firma. Eles andam invocando uns Raiozords enormes atrás de escudos, típico de quem quer esconder alguma coisa. Detona os aparelhos de invocação antes que o que eles tão cozinhando passe do ponto."
CQ_Desc_115,102281096752783364,"Fica alerta, a gente tá vendo torretas brotando nos planetas que nem erva-daninha, e uma Colhedora no meio do fogo cruzado é uma Colhedora perdida. Vai lá derrubar essas torretas antes que todas resolvam atirar no mesmo alvo ao mesmo tempo. Mantenha a linha de suprimentos funcionando, Coxão Mole."
CQ_Desc_116,102281096752783366,"Já abriu um daqueles Cubos de Carne Misteriosa que os inimigos derrubam? Tem umas paradas sinistras dentro... E ""sinistras"" significa ""valiosas"", só um pouco mais complexas. Vai lá abrir uns pra gente, beleza? Seja lá o que tiver dentro, agora é da Rangus."
CQ_Desc_117,102281096752783368,"O meu camarada, Treinador Dan, entrou em contato. Uns mutantes tão fazendo ele suar lá na Tangus Anciã, e isso tá deixando ele meio rabugento. Desce lá, faz o corre junto com ele e lembra esses mutantes de quem é essa galáxia. Faz a boa pra um velho amigo."
CQ_Desc_118,102281096752783370,"Faz um tempo que a gente tá tentando rastrear uma transmissão de rádio misteriosa, mas tá tudo embolado. Tem uma rede de torres de rádio velhas espalhadas pelos planetas. Liga uma por uma, vamos ver se a gente consegue um sinal mais limpo. Pode não ser nada... Mas também pode ser muita coisa."
CQ_Name_105,102259608519696384,Associado Júnior
CQ_Name_106,102259608528084993,Período de Experiência
CQ_Name_107,102263695273353216,Associado Sênior da Rangus
CQ_Name_108,102263695277547520,Treinamento de Especialista de Nível Médio
CQ_Name_109,102272247622787072,"Bem-vindo, Mike"
CQ_Name_110,102276841048367104,É um Prazer Carnhecer Você...
CQ_Name_112,102279208766529537,"Ajoelhou, Tem que Rezar"
CQ_Name_113,102279208766529539,Especialista em Amostras
CQ_Name_114,102281096752783361,Investigue a Atividade Alienígena
CQ_Name_115,102281096752783363,Destruição de Torretas
CQ_Name_116,102281096752783365,Indiana Bones
CQ_Name_117,102281096752783367,Dancinha do Treinador Dan
CQ_Name_118,102281096752783369,Transmissão Impossível
CRT_Name_89,102563114573094912,Robumbigo Fiel
GN_Interact_20,96763864320827392,Consumir Mídia: {FileName}
GN_Name_20,96763864312438784,Arquivo Rangus
HE_Desc_169,96139469151789056,"A próxima Habilidade causa +5% de Dano, até +100%."
HE_Desc_171,96857236343611392,"Recebe +10% de Velocidade de Ataque e +30% de Velocidade de Recarga, até 10 acúmulos."
HE_Desc_172,96903789842259968,Perde todos os acúmulos.
HE_Desc_173,96923277228761088,"Solta uma Gosma, pegue-o para ganhar um bônus."
HE_Desc_175,98640503002619904,Aplica uma bomba que explode após 3s.
HE_Desc_177,106215386955898880,"Causa dano de <#FFEB04><link=""Keyword:15"">[Gelo]</link></color> em uma área ao seu redor."
HE_Desc_178,106219433964331008,"Causa 20% de dano adicional de <#FFEB04><link=""Keyword:13"">[Fogo]</link></color>."
HE_Desc_179,101598599379410944,"Receba +15 de <#FFEB04><link=""Keyword:11"">[Barreira]</link></color>."
HE_Desc_180,101598599379410945,"Inimigos com <#FFEB04><link=""Keyword:18"">[Estilhaço]</link></color> causam dano em cadeia a 3 inimigos próximos com <#FFEB04><link=""Keyword:3"">[Geladura]</link></color> ou <#FFEB04><link=""Keyword:4"">[Congelamento]</link></color>, inimigos com <#FFEB04><link=""Keyword:3"">[Geladura]</link></color> recebem metade do dano."
HE_Desc_181,102071207363338240,"Um Relâmpago atinge o inimigo causando 100 de dano <#FFEB04><link=""Keyword:12"">[Elétrico]</link></color>."
HE_Desc_182,102071207371726848,O Relâmpago se espalha para 1 inimigo adicional causando metade do dano.
HE_Desc_183,102475594611023872,Faz surgir 6 Abelhas Pequenas por 10s.
HE_Desc_184,102475594615218176,"+3% de Velocidade de Movimento por 10s, com 10 acúmulos, receba +50% em Todo o Dano por 5s."
HE_Desc_185,104515340883451904,Confere +5% de Chance de Crítico por 30s.
HE_Desc_186,104533437380026368,Dobra o dano das suas habilidades de carne por 3s.
HE_Desc_187,106215386955898881,Receba +1% em Todo o Dano por 10s.
HE_Desc_188,106215386955898882,10% de chance de recarregar rapidamente todas as suas habilidades.
INTD_Name_11,38528188924551174,Comerciante Mike
ITM_1110_HE_0,96127592808046593,Ao Causar Dano Elétrico Crítico
ITM_1112_HE_0,96857236389748736,Ao Ter Sucesso na Recarga Rápida
ITM_1112_HE_1,96859039739142144,Ao Falhar na Recarga Rápida
ITM_1115_HE_0,96923830516178944,"50% de Chance Ao Abater um alvo com <#FFEB04><link=""Keyword:2"">[Gosma]</link></color>."
ITM_1118_HE_0,98641490081734657,"Ao Causar Dano Corpo a Corpo em alvo com <#FFEB04><link=""Keyword:7"">[Cambaleamento]</link></color>."
ITM_1121_HE_0,101570858839957504,"Ao Causar Dano de Fogo em alvo com <#FFEB04><link=""Keyword:3"">[Geladura]</link></color>."
ITM_1121_HE_1,103760276568924160,"Ao Causar Dano de Fogo em alvo com <#FFEB04><link=""Keyword:4"">[Congelamento]</link></color>."
ITM_1122_HE_0,101598599421353985,"15% de Chance ao Causar Dano de Habilidade da Carne em alvo com <#FFEB04><link=""Keyword:4"">[Congelamento]</link></color>."
ITM_1122_HE_1,101598599421353986,"15% de Chance ao Causar Dano de Habilidade da Carne em alvo com <#FFEB04><link=""Keyword:3"">[Geladura]</link></color>."
ITM_1124_HE_0,102071207426252801,"20% de Chance Ao Causar Dano em Ponto Fraco em alvo com <#FFEB04><link=""Keyword:8"">[Eletrocussão]</link></color>."
ITM_1124_HE_1,102071207426252802,"Ao Abater com Ponto Fraco em alvo com <#FFEB04><link=""Keyword:8"">[Eletrocussão]</link></color>."
ITM_1126_HE_0,102475594657161217,"Ao Abater um alvo com <#FFEB04><link=""Keyword:2"">[Gosma]</link></color>."
ITM_1127_HE_0,102475594657161219,Ao Atingir a Quantidade Máxima de Itens
ITM_1140_HE_0,104851685120139265,"10% de Chance ao Causar Dano de Habilidade da Carne em alvo <#FFEB04><link=""Keyword:2"">[Gosma]</link></color>."
ITM_296_HE_0,101221828050018304,Ao Causar Dano de Habilidade da Carne
ITM_307_HE_1,106328262077046784,25% de Chance Ao Abater
ITM_394_HE_0,102071207417864192,"10% de Chance ao Causar Dano em alvo com <#FFEB04><link=""Keyword:1"">[Queimadura]</link></color>"
ITM_601_HE_1,101531253960859648,"15% de Chance ao Abater com Arma um alvo com <#FFEB04><link=""Keyword:4"">[Congelamento]</link></color>"
ITM_Attr_513,102575519529164800,{0:+#.##;-#.##;+0} Cargas Máximas de Habilidade
ITM_Attr_514,106215386981064704,{0:+#.##;-#.##;+0} Alvos em Cadeia
ITM_Attr_515,106242417093500928,{0:+#.##;-#.##;+0} de Duração do Congelamento
ITM_Attr_516,106255518333394944,{0:|+|+|+}{0:percent()}% de Dano de Habilidade de Carne de Cabeça
ITM_Attr_517,106255518337589248,{0:|+|+|+}{0:percent()}% de Dano de Habilidade de Carne de Torso
ITM_Attr_518,106255518333394945,{0:|+|+|+}{0:percent()}% de Dano de Habilidade de Carne de Pernas
ITM_Attr_519,106302737078018048,{0:|+|+|+}{0:percent()}% de Dano de Arma
ITM_Name_1109,96107584912613376,Carga de Bateria
ITM_Name_1110,96127592808046592,Glândula de Volt
ITM_Name_1112,96856720469385216,Dedo no Gatilho
ITM_Name_1113,96856720469385217,Vantagem de Série de Vitórias
ITM_Name_1114,96906830591025152,De Gelar o Sangue
ITM_Name_1115,96923830507790336,Gosmas!
ITM_Name_1116,97130954542276608,Gosmulado
ITM_Name_1118,98641490081734656,Glândula de Presente
ITM_Name_1120,101559114235109376,Núcleo de Gelo
ITM_Name_1121,101570858789625856,Carne com Queimadura de Congelamento
ITM_Name_1122,101598599421353984,Arrepio
ITM_Name_1123,101598599421353987,Hálito Fresco de Menta
ITM_Name_1124,102071207426252800,Meleca Faiscante
ITM_Name_1126,102475594657161216,Aninhado no Peito
ITM_Name_1127,102475594657161218,Fumaça
ITM_Name_1128,102475594657161220,Corpo de Peito Queimado
ITM_Name_1130,102575519558524928,Carga Renal
ITM_Name_1131,104510089782616064,Corpão Sarado
ITM_Name_1132,104510089782616065,Mutação de Corpão Sarado
ITM_Name_1133,104531369521045504,Mutação de Surto de Biomassa
ITM_Name_1134,104531369521045505,Surto de Biomassa
ITM_Name_1135,104712032748560384,Rambtoe
ITM_Name_1136,104791554407784448,Osteopuntura
ITM_Name_1137,104810734590877696,Toque de Queijo Apimentado
ITM_Name_1138,104810734590877697,Mutação do Toque de Queijo Apimentado
ITM_Name_1139,104851685115944960,Estômago Lamacento
ITM_Name_1140,104851685120139264,Mutação do Estômago Lamacento
ITM_Name_1141,106215386997841920,Relâmpago Bifurcado
ITM_Name_1142,106247402053165056,Macarrão Gelado
ITM_Name_1143,106261060711866368,Picaretas de Gelo
ITM_Name_1144,106261402287595520,Sub-Herói
ITM_Name_1145,106296471018528768,Atleta
ITM_Name_1146,106296471018528769,Sabo Muito
ITM_Name_1147,106296471018528770,Óleo de Pimenta
ITM_Name_1148,106296471018528771,Caldo Picante
ITM_Name_1149,106296471018528772,Melhor Custo-benefício
ITM_Name_1150,106300027549245440,Pólvora de Pimenta-do-reino
ITM_Name_1151,106300027549245441,Coisa Grudenta
MEH_Desc_76,108761156712128512,"Me coloca no meu Mecha, Coxão Mole!"
MEH_Name_76,108761156707934208,Cabeça do Carl Rangus
MEL_Name_50,102563114636009472,Pernas do Tommy Tanque
MUT_Name_16,109842573688823808,Coração de Mola
MUT_Name_2,109842573680435200,Explosão de Colmeia
MUT_Name_22,109842573688823809,Crânio Infernal
MUT_Name_25,109842573688823810,Placa Dérmica
MUT_Name_27,109842573688823811,Coxão das Neves
MUT_Name_28,96107584925196288,Glândula de Volt
MUT_Name_29,109842573688823812,Dedo no Gatilho
MUT_Name_3,109842573684629504,Carne Divina
MUT_Name_31,96923277304258560,Gosmas!
MUT_Name_32,98636212292542464,Glândula de Presente
MUT_Name_34,109842573688823813,Entranhas Pegajosas
MUT_Name_35,109842573688823814,Coração Criogênico
MUT_Name_37,109842573688823815,Dedos Desastrados
MUT_Name_38,109842573688823816,Casca de Espinha
MUT_Name_39,109842573688823817,Olhos de Iéti Incrustados
MUT_Name_41,109842573688823818,Crânio de Espinheiro
MUT_Name_42,109842573688823819,Pico de Permafrost
MUT_Name_43,109842573688823820,Dente Doce
MUT_Name_44,109842573688823821,Núcleo de Gelo
MUT_Name_45,109842573688823822,Carne com Queimadura de Congelamento
MUT_Name_46,109842573688823823,Arrepio
MUT_Name_47,109842573688823824,Hálito Fresco de Menta
MUT_Name_48,109842573688823825,Meleca Faiscante
MUT_Name_50,109842573688823826,Aninhado no Peito
MUT_Name_51,102475594665549824,Corpo de Peito Queimado
MUT_Name_52,102575519566913536,Carga Renal
MUT_Name_53,104519924813127680,Corpão Sarado
MUT_Name_54,109842573688823827,Surto de Biomassa
MUT_Name_55,104698776562688000,Rambtoe
MUT_Name_56,109858960654196736,Osteopuntura
MUT_Name_57,104791554420367360,Toque de Queijo Picante
MUT_Name_58,109842573688823828,Estômago Lamacento
MUT_Name_8,19688412549210112,Riboflavina
PE_Desc_128,97509550570070016,Escolha sua carne!
PE_Desc_129,98235809558159360,Escolha sua arma!
PE_Desc_130,100509189787344896,Escolha sua mutação!
PE_Desc_131,107655364055392256,Destrua os portais!
PE_Desc_133,107655364063780865,Derrote os Caçadores!
PF_Name_68,107302781818232832,Desbloqueio de Item: Pele de Jacaré
PF_Name_69,107302781826621440,Desbloqueio de Item: Bacalhau com Milho
PF_Name_70,107302781826621441,Desbloqueio de Item: Frenesi Alimentar
PF_Name_71,107318253833936896,Desbloqueio de Mutação: Armazenamento de Bateria
PF_Name_72,107318253833936897,Desbloqueio de Mutação: Armadura de Gelo
PF_Name_73,107318253833936898,Desbloqueio de Mutação: Corpão Sarado
PF_Name_74,107318253833936899,Desbloqueio de Mutação: Picante
PF_Name_75,107318253833936900,Desbloqueio de Mutação: João Podrão
PF_Name_76,107373590712672256,Desbloqueio de Carne Misteriosa: Olha a Bomba
PF_Name_77,107373590712672257,Desbloqueio de Carne Misteriosa: Carl Mecânico
PLN_Name_31,105178928291766272,Esfera de Carne
RF_Subtitle_35,99311942877831168,Entidade Extradimensional
TPUP_Sub1_Desc_17_0_0,103774446992420864,<color=#FF3667><i>Atordoar</i></color> inimigos
TPUP_Sub1_Desc_17_0_1,103774447009198080,"Inimigos com <#FFEB04><link=""Keyword:1"">[Queimadura]</link></color> sofrem dano ao longo do tempo e têm chance de <#FFEB04><link=""Keyword:19"">[Combustão]</link></color>."
TPUP_Sub1_Desc_17_0_2,103774447009198081,"Inimigos com <#FFEB04><link=""Keyword:8"">[Eletrocussão]</link></color> sofrem dano ao longo do tempo, com chance de <#FFEB04><link=""Keyword:7"">[Cambaleamento]</link></color>."
TPUP_Sub1_Desc_17_1_0,103774447009198082,"Inimigos com <#FFEB04><link=""Keyword:2"">[Gosma]</link></color> <color=#FF3667><i>recebem dano adicional</i></color> de todas as fontes e os efeitos elementais são <color=#FF3667><i>aplicados mais rapidamente</i></color>."
TPUP_Sub1_Desc_17_1_1,103774447009198083,"Inimigos com <#FFEB04><link=""Keyword:3"">[Geladura]</link></color> são <color=#FF3667><i>desacelerados</i></color> e têm chance de <#FFEB04><link=""Keyword:4"">[Congelamento]</link></color>. Inimigos com <#FFEB04><link=""Keyword:4"">[Congelamento]</link></color> podem ser <color=#FF3667><i>estilhaçados</i></color> para causar dano <#FFEB04><link=""Keyword:5"">[Cinético]</link></color> ou Corpo a Corpo bônus."
e902d74f6cf640f296e9a01344279cab_121_0,101942999326384128,Carregada
f59980ba4e384046ab723e5bc9badda9_128_0,97509550570070017,Recompensas de jogador coletadas
53afc69896b94bfba03024778d9e3623_134_0,111688140467462144,Pega o Carl e joga ele dentro do mecha dele!
75a404bead8b4222886ea28d9fafd2a0_136_0,124465651215491072,Faça um ataque corpo a corpo no boboneco [InputAction:Gameplay/MeleeFire]
866e5e3449304da59d2ee38062fafa39_81_0,127793421195603968,!
9697eea8c0a144b39d6932525438c386_136_0,124725136014172160,Campo de Tiro
CRT_Desc_11,114192001456177153,Ex-cliente da <b>Carnes Rangus</b>. Atual ameaça para seus funcionários. O consumo prolongado de <b>Água de Salsicha</b> fez maravilhas pelo seu físico e absolutamente nada pelo seu temperamento.
CRT_Desc_12,114192001460371456,Fabricado pela Divisão de Defesa Automatizada da <b>Carnes Rangus</b> antes dessa divisão ser silenciosamente descontinuada. Ainda operacional. Ainda seguindo as últimas ordens que recebeu. Ninguém lembra quais eram elas.
CRT_Desc_13,114192001460371457,"Oito pernas. Vários olhos. Uma opinião sobre sua presença aqui que não é nada amigável. Encontrado em teias de sua própria autoria, das quais tem muito orgulho."
CRT_Desc_22,114192001464565760,"A maior conquista do <i>Projeto Leviatã</i> e o maior fracasso dos experimentos de aquicultura da <b>Carnes Rangus</b>. O que quer que fosse antes das algas, agora é consideravelmente maior. <br><br> Não está claro se está com raiva. Está muito claro que está com fome."
CRT_Desc_26,114192001464565761,"Uma nave de reconhecimento e combate operada por forças alienígenas cujas motivações continuam mal documentadas. Move-se rápido, atira com precisão e em nenhuma vez respondeu a uma frequência de chamada."
CRT_Desc_28,114192001464565762,Dramaticamente aumentada por gerações de resíduos da <b>Ciência da Carne</b> contaminando os sistemas de água doce de <b>Peterium</b>. Tecnicamente ainda é um sapo. Tecnicamente não é seguro ficar perto.
CRT_Desc_31,114192001464565763,A população nativa de piranhas de <b>Peterium</b> era considerada um incômodo menor antes do <i>Projeto Leviatã</i> começar. Isso foi há muito tempo.
CRT_Desc_34,114192001468760064,Aprimorado pela exposição prolongada a compostos experimentais da <b>Ciência da Carne</b>. Mais rápido. Maior. Mais interessado em você do que qualquer tubarão tem o direito de estar.
CRT_Desc_37,114186022270304256,Um organismo ocular flutuante sem corpo visível e sem explicação aparente. Os xenobiólogos da <b>Carnes Rangus</b> arquivaram numerosos relatórios sobre ele. Nenhum concorda sobre o que é.
CRT_Desc_38,114192001472954368,"Uma construção básica de <b>CarneInteligente</b> que se tornou selvagem ou foi reaproveitada por forças hostis. Simples. Determinada. Surpreendentemente durável para algo que, em sua essência, é apenas carne."
CRT_Desc_39,114192001472954369,Antes empregado em uma instalação de processamento da <b>Carnes Rangus</b>. Manteve as ferramentas do ofício ao longo de várias transições de carreira que não foram totalmente voluntárias.
CRT_Desc_40,114192001472954370,O Grease Monkey é um robô mecânico aposentado que nunca recebeu o aviso de que já foi trocado. Detona ele pra pegar chaves de boca que curam estruturas aliadas melhor do que um dia consertaram qualquer lata-velha.
CRT_Desc_41,114192001481342976,"Essa criatura enorme, que já foi cientista da <b>Carnes Rangus</b>, agora se vê como guardiã da vida aquática de <b>Peterium</b> e o maior predador do mundo. <br><br> Também acha que é um pirata. Como as pessoas são estranhas, né?"
CRT_Desc_42,114192001481342977,Uma criatura definida por seu enorme aparato ocular e sua aparente compulsão em encarar tudo que encontra antes de consumi-lo. O olhar fixo é um aviso. A maioria aprende isso tarde demais.
CRT_Desc_43,114192001481342978,"Uma nave da <b>Carnes Franken</b> que entrega horrores adicionais onde quer que eles sejam necessários. Não exatamente pousa, mas deposita seu conteúdo e parte."
CRT_Desc_44,114192001485537280,"Infelizmente, nem todos os experimentos da <b>Ciência da Carne</b> resultaram em grandes avanços para a civilização. O que começou como um projeto pequeno para aprimorar o sabor de suínos com o Sabor EXXXtremo (TM) logo se descontrolou. Em vez de criar um alimento perfeito, os técnicos da <b>Carnes Rangus</b> criaram uma máquina de comer perfeita.<br><br>Essa criatura irracional, apelidada de Franken Grandalhão por um dos cientistas pouco antes de ser devorado junto com sua equipe, agora viaja pela galáxia em uma busca incessante para saciar sua fome."
CRT_Desc_45,114192001485537281,O resultado de um experimento de <b>Ciência da Carne</b> conduzido com espírito investigativo e concluído com o espírito de profundo arrependimento por esse espírito. <br><br> Metade homem. Metade vespa. Todo um problema.
CRT_Desc_46,114192001489731584,"Uma plataforma de armas estacionária sem agenda, sentimentos ou intenção de deixar você passar. De todos os inimigos que vai enfrentar, este é indiscutivelmente o mais honesto sobre o que quer."
CRT_Desc_47,114192001489731585,Uma criatura de origem incerta cujos membros se estendem muito além do que a biomecânica tipicamente permite. Ela usa isso a seu favor. Você descobrirá em breve.
CRT_Desc_48,114192001489731586,"Menor, mais rápido e não menos faminto que seu criador. O apetite da <b>Carnes Franken</b> é hereditário. O tamanho da porção é a única coisa que diminuiu."
CRT_Desc_50,114192001493925888,Uma construção da <b>CarneInteligente</b> que excedeu seus parâmetros de crescimento recomendados por uma margem significativa. Quem aprovou suas especificações de desenvolvimento tem estado indisponível para comentários.
CRT_Desc_51,114192001493925889,"Um combatente cósmico compacto, mas formidável, que compensa o reduzido alcance de movimento com um comprometimento redobrado em aplicar esse movimento no seu rosto."
CRT_Desc_52,114192001498120192,"Não revida. Não se move. Sobreviveu, contra toda expectativa razoável, por todo esse tempo. Isso diz mais sobre o campo de tiro do que sobre o alvo."
CRT_Desc_53,114192001498120193,Opera em distâncias que sugerem um equipamento muito bom ou razões muito pessoais. Possivelmente ambos. Não apresentou nenhuma declaração sobre isso.
CRT_Desc_54,114192001498120194,"Alcançou domínio aéreo pela aquisição de tecnologia que quase certamente não deveria ter. Rápido, manobrável e extremamente confiante em ambos."
CRT_Desc_55,114192001506508800,Resolveu o problema de locomoção eliminando-o completamente. Paira em uma altitude consistente que coincide exatamente com o nível de ameaça. Isso não é coincidência.
CRT_Desc_56,114192001506508801,"Pequeno. Extremamente sarado. Opera sob a premissa de que tamanho é apenas um número, e esse número não tem relevância para a briga que está prestes a começar."
CRT_Desc_57,114192001506508802,"Uma formação rochosa em forma de pato que, em algum momento de sua história geológica, tornou-se agressivamente animada. A Divisão de Geologia da <b>Carnes Rangus</b> submeteu um artigo sobre isso. Ele foi rejeitado."
CRT_Desc_59,114192001510703104,Um humanoide subterrâneo com excelente instinto para escavar e péssima opinião sobre visitantes. Sobe à superfície apenas quando provocado. É frequentemente provocado.
CRT_Desc_6,114192001397456896,"O ápice da <b>Ciência da Carne</b>. Uma construção colossal de carne densa e reforçada, capaz de um desempenho devastador em combate. <b>Carl Rangus</b> o projetou para situações que exigiam menos sutileza e mais de todo o resto."
CRT_Desc_60,114192001510703105,Um transporte movido a <b>Água de Salsicha</b>operado pela facção Mutante. Chega rápido. Sai mais rápido. O que ele deixa para trás agora é problema seu.
CRT_Desc_61,114192001514897408,Nave de transporte alienígena otimizada para o rápido desdobramento de forças e uma retirada igualmente veloz das consequências desse desdobramento.
CRT_Desc_62,114192001514897409,Continua avançando. Continuam saindo mais dele. A matemática disso não foi explicada e não será. Não pare de atirar.
CRT_Desc_63,114192001514897410,"A origem deste robô estranho mas amigável é desconhecida. Alguns acreditam que ele chegou em uma nave de uma galáxia distante, muito tempo atrás.<br><br>Recentemente, Reset foi encontrado como prisioneiro da fábrica de robôs sencientes de longo alcance chamada <b>Calipso</b>, aparentemente sendo o resultado de uma relação fracassada entre as duas entidades."
CRT_Desc_64,114192001519091712,Uma plataforma de armas automatizada que alguém teve a previdência de retirar do chão. Isso não a tornou mais amigável. A tornou mais difícil de evitar.
CRT_Desc_65,114192001519091713,"Uma concentração menor de dependência da <b>Água de Salsicha</b> do que o modelo em tamanho real, mas não menos comprometida com a missão central de causar problemas."
CRT_Desc_66,114192001523286016,"Uma unidade ocular destacada funcionando independentemente de qualquer hospedeiro. Implantada para vigilância, escalada para confronto direto. A transição não estava nas especificações originais."
CRT_Desc_67,114192001527480320,O primeiro estágio do ciclo de implantação de Beatriz. Pequena. Discreta. Já contando regressivamente.
CRT_Desc_68,114192001527480321,Alto de um jeito que sugere que a gravidade do planeta natal tinha opiniões firmes sobre o crescimento vertical. Usa a vantagem da altura constantemente e sem nenhuma vergonha.
CRT_Desc_69,114192001531674624,Supervisiona o combate com uma autoridade que ninguém votou e ninguém desafiou com sucesso. Chama as coisas como as vê. Vê tudo.
CRT_Desc_70,114192001531674625,Um combatente burocrático implantado por <b>Pete do Partido Porcalhão</b> para enredar os oponentes em atrasos procedimentais e dano físico simultaneamente. A papelada é uma arma. A arma também é uma arma.
CRT_Desc_71,114192001535868928,Saído diretamente da campanha eleitoral e absolutamente convicto de que é isso que o serviço público parece. Chega em grandes números. Vota conforme as diretrizes do partido.
CRT_Desc_72,114192001535868929,Preside a arena com a certeza absoluta de alguém que jamais questionou o próprio julgamento. O martelo é enorme. As sentenças são finais.
CRT_Desc_73,114192001535868930,Uma unidade de aplicação corporativa operando em nome da administração dos <b>Soco-fundadores</b>. Executa decisões. Não as toma. Não precisa.
CRT_Desc_74,114192001540063232,"Beatriz em plena implantação. O que quer que você estivesse fazendo, pare de fazer."
CRT_Desc_75,114192001540063233,"Centro de gravidade baixo. Alta tolerância à dor. As mutações de <b>Água de Salsicha</b> não o tornaram mais alto, mas tornaram a altura dele consideravelmente mais eficaz."
CRT_Desc_76,114192001544257536,"Uma unidade Patapedra que foi, por meios que permanecem secretos, incorporada a algum tipo de função oficial. O distintivo é real. O pato é real. A pedra também é real."
CRT_Desc_77,114192001544257537,"Beatriz, no meio do seu ciclo de crescimento. Maior do que parece. Já fazendo planos."
CRT_Desc_79,114192001548451840,Um veículo terrestre fortemente blindado operado pela facção Máquina. Foi batizado de Tommy por alguém na linha de montagem que queria ser lembrado. Tommy não é uma presença reconfortante.
CRT_Desc_8,114192001456177152,"Um combatente aéreo territorial encontrado nos ambientes menos agradáveis da galáxia. O veneno é ruim. O som é, de alguma forma, pior. A <b>Carnes Rangus</b> tentou, em pelo menos três ocasiões, incorporá-lo a um item do cardápio. As três terminaram da mesma forma."
CRT_Desc_80,114192001548451841,Uma plataforma de armas de energia dirigida com excelente alcance e fortes opiniões sobre tudo dentro dele.
CRT_Desc_81,114192001548451842,"Uma unidade da facção máquina cuja cabeça é, definitivamente, uma caixa. A caixa contém algo. Esse algo se implanta. Você não vai gostar do que esse algo faz."
CRT_Desc_82,114192001552646144,Redondo. Rolante. Entusiasmado com os dois. As mutações de <b>Água de Salsicha</b> pegaram o conceito de mutante e o levaram em uma direção geométrica muito específica.
CRT_Desc_83,114192001552646145,"Fino. Plano. Enganosamente resistente. Um mutante cuja redução dimensional o tornou, de alguma forma, uma ameaça ainda maior."
CRT_Desc_86,114192001556840448,"Uma unidade companheira leal da <b>CarneInteligente</b> que foi implantada contra você, o que ela não compreende totalmente e provavelmente se sentiria mal a respeito se fosse capaz desse nível de reflexão."
CRT_Desc_87,114192001556840449,Uma unidade companheira juvenil da <b>CarneInteligente</b> com todo o entusiasmo e nenhum contexto. Está fazendo o melhor que pode. O melhor que pode ainda é um problema para você.
CRT_Desc_88,114192001561034752,"<b>Carl Rangus</b>, operando na escala que a situação exige. O mecha foi projeto dele, claro — ele já o tinha pronto há um tempo. <br><br> <i>Construí essa coisa anos atrás, Coxão Mole, só por precaução! Que bom que finalmente vamos usá-la!</i>"
CRT_Name_90,112083206843392000,Vomitorbe
CRT_Name_91,118003757014249472,Vul'Ka No
HE_Desc_125,111992418004361216,"Receba <#FFEB04><link=""Item:634"">[Vantagem: Matador II]</link></color> por 15s."
HE_Desc_126,111992418008555520,"Receba <#FFEB04><link=""Item:635"">[Vantagem: Matador III]</link></color> por 15s."
HE_Desc_139,114224192071655424,"O alvo fica com <#FFEB04><link=""Keyword:7"">[Cambaleamento]</link></color>."
HE_Desc_189,118953930455506944,"Causa 20% de dano <#FFEB04><link=""Keyword:12"">[Elétrico]</link></color> bônus"
HE_Desc_190,118953930468089856,"Causa 20% de dano de <#FFEB04><link=""Keyword:13"">[Fogo]</link></color> bônus"
HE_Desc_191,118953930468089857,"Causa 20% de dano de <#FFEB04><link=""Keyword:15"">[Gelo]</link></color> bônus"
HE_Desc_192,118953930468089858,"Causa 20% de dano <#FFEB04><link=""Keyword:5"">[Cinético]</link></color> bônus"
HE_Desc_193,118953930468089859,"Causa 20% de dano de <#FFEB04><link=""Keyword:14"">[Gosma]</link></color> bônus"
HE_Desc_194,118953930468089860,"Causa 50% de dano <#FFEB04><link=""Keyword:12"">[Elétrico]</link></color> bônus"
HE_Desc_195,118953930468089861,"Causa 50% de dano de <#FFEB04><link=""Keyword:13"">[Fogo]</link></color> bônus"
HE_Desc_196,118953930468089862,"Causa 50% de dano de <#FFEB04><link=""Keyword:15"">[Gelo]</link></color> bônus"
HE_Desc_197,118953930468089863,"Causa 50% de dano <#FFEB04><link=""Keyword:5"">[Cinético]</link></color> bônus"
HE_Desc_198,118953930468089864,"Causa 50% de dano de <#FFEB04><link=""Keyword:14"">[Gosma]</link></color> bônus"
HE_Desc_199,119267650700304384,Causa 30 de dano em cadeia em 2 inimigos
IATT_Name_1,113797958992912384,Velocidade de Movimento
IATT_Name_10,113797958997106693,Quantidade de Perfurações
IATT_Name_11,113797958997106694,Precisão de Arma
IATT_Name_110,113797958997106747,Dano de Acerto Imediato
IATT_Name_113,113797958997106748,Dano Corpo a Corpo
IATT_Name_116,113797958997106749,Janela de Recarga
IATT_Name_117,113797958997106750,Dano de Habilidade da Carne
IATT_Name_12,113797958997106695,Recuperação de Dispersão
IATT_Name_124,113797958997106751,Dano de Curto Alcance
IATT_Name_125,113797958997106752,Dano de Longo Alcance
IATT_Name_126,113797958997106753,Acumulação de Fogo
IATT_Name_127,113797958997106754,Acumulação de Gelo
IATT_Name_128,113797958997106755,Acumulação de Gosma
IATT_Name_129,113797958997106756,Acumulação Elétrica
IATT_Name_13,113797958997106696,Velocidade de Recarga
IATT_Name_130,113797958997106757,Duração da Barreira
IATT_Name_133,113797958997106758,Barreira Máxima
IATT_Name_136,113797958997106759,Ganho de Barreira
IATT_Name_139,113797959001300992,Velocidade de Projétil
IATT_Name_14,113797958997106697,Velocidade de Nado
IATT_Name_142,113797959001300993,Nível de Poder do Franken Grandalhão
IATT_Name_143,113797959001300994,Dano Cinético
IATT_Name_146,113797959001300995,Acumulação Cinética
IATT_Name_15,113797958997106698,Quantidade de Pulos
IATT_Name_151,113797959001300996,Dano de Lacaio
IATT_Name_154,113797959001300997,Vida do Lacaio
IATT_Name_157,113797959001300998,Regeneração de Vida do Lacaio
IATT_Name_16,113797958997106699,Chance de Crítico Aumentada
IATT_Name_162,113797959001300999,Quantidade de Rajadas
IATT_Name_164,113797959001301000,Vida da Estrutura do Evento
IATT_Name_165,113797959001301001,Regeneração de Vida da Estrutura do Evento
IATT_Name_166,113797959001301002,Vida do Caçador
IATT_Name_167,113797959001301003,Regeneração de Vida do Caçador
IATT_Name_17,113797958997106700,Dano em Área
IATT_Name_178,113797959001301004,Quantidade de Lacaios Médios
IATT_Name_179,113797959001301005,Quantidade de Lacaios Grandes
IATT_Name_18,113797958997106701,Durabilidade da Carne de Cabeça
IATT_Name_180,113797959001301006,Dano do Lança-granadas
IATT_Name_181,113797959001301007,Dano da Magnum
IATT_Name_182,113797959001301008,Dano da Pistola
IATT_Name_183,113797959001301009,Dano do Canhão de Plasma
IATT_Name_184,113797959001301010,Dano do Canhão Magnético
IATT_Name_185,113797959001301011,Dano do Fuzil
IATT_Name_186,113797959001301012,Dano do Lança-foguete
IATT_Name_187,113797959001301013,Dano da Submetralhadora
IATT_Name_188,113797959001301014,Dano da Espingarda
IATT_Name_2,113797958997106688,Velocidade de Ataque
IATT_Name_20,113797958997106702,Vida Adicional do Jogador ao Ressurgir
IATT_Name_205,113797959001301015,Dano Mínimo do Lança-granadas
IATT_Name_206,113797959001301016,Dano Mínimo da Magnum
IATT_Name_207,113797959001301017,Dano Mínimo da Pistola
IATT_Name_208,113797959001301018,Dano Mínimo do Canhão de Plasma
IATT_Name_209,113797959001301019,Dano Mínimo do Canhão Magnético
IATT_Name_21,113797958997106703,Segundos para a Chegada de Caçador
IATT_Name_210,113797959001301020,Dano Mínimo do Fuzil
IATT_Name_211,113797959001301021,Dano Mínimo do Lança-foguete
IATT_Name_212,113797959001301022,Dano Mínimo da Submetralhadora
IATT_Name_213,113797959001301023,Dano Mínimo da Espingarda
IATT_Name_214,113797959001301024,Chance de Ativação de Efeito Adicional do Fuzil
IATT_Name_215,113797959001301025,Janela de Recarga do Fuzil
IATT_Name_216,113797959001301026,Alcance de Ataque do Fuzil
IATT_Name_217,113797959001301027,Chance de Crítico Adicional da Submetralhadora
IATT_Name_218,113797959001301028,Dano Crítico Adicional da Submetralhadora
IATT_Name_219,113797959001301029,Janela de Recarga da Submetralhadora
IATT_Name_22,113797958997106704,Regeneração de Vida
IATT_Name_220,113797959001301030,Tamanho do Pente da Submetralhadora
IATT_Name_221,113797959001301031,Alcance de Ataque da Submetralhadora
IATT_Name_222,113797959001301032,Precisão de Arma da Submetralhadora
IATT_Name_223,113797959001301033,Velocidade de Ataque da Submetralhadora
IATT_Name_224,113797959001301034,Chance de Ativação de Efeito Adicional da Submetralhadora
IATT_Name_225,113797959001301035,Quantidade de Perfurações da Submetralhadora
IATT_Name_228,113797959001301038,Quantidade de Perfurações da Magnum
IATT_Name_23,113797958997106705,Altura do Pulo Terrestre
IATT_Name_231,113797959001301041,Alcance de Ataque da Magnum
IATT_Name_232,113797959001301042,Dano Máximo do Lança-granadas
IATT_Name_233,113797959001301043,Dano Máximo da Magnum
IATT_Name_234,113797959001301044,Dano Máximo da Pistola
IATT_Name_235,113797959001301045,Dano Máximo do Canhão de Plasma
IATT_Name_236,113797959001301046,Dano Máximo do Canhão Magnético
IATT_Name_237,113797959001301047,Dano Máximo do Fuzil
IATT_Name_238,113797959001301048,Dano Máximo do Lança-foguete
IATT_Name_239,113797959001301049,Dano Máximo da Submetralhadora
IATT_Name_24,113797958997106706,Tamanho do Pente
IATT_Name_240,113797959001301050,Dano Máximo da Espingarda
IATT_Name_242,113797959001301051,Dano da Magnum
IATT_Name_25,113797958997106707,Recarga de Habilidade
IATT_Name_26,113797958997106708,Furtividade
IATT_Name_27,113797958997106709,Ângulo de Escalada
IATT_Name_286,113797959001301053,Tamanho do Pente do Fuzil
IATT_Name_287,113797959001301054,Quantidade de Perfurações do Fuzil
IATT_Name_288,113797959001301055,Velocidade de Ataque do Fuzil
IATT_Name_289,113797959001301056,Dano em Ponto Fraco do Fuzil
IATT_Name_296,113797959001301057,Dano Máximo da Magnum
IATT_Name_3,113797958997106689,Todo o Dano
IATT_Name_30,113797958997106710,Ameaça Inimiga Positiva
IATT_Name_304,113797959001301058,Atraso Primário do Caçador
IATT_Name_306,113797959001301059,Atraso Secundário do Caçador
IATT_Name_309,113797959001301060,Velocidade de Ataque do Caçador
IATT_Name_31,113797958997106711,Imunidade a Teias
IATT_Name_312,113797959001301061,Dano do Caçador
IATT_Name_315,113797959001301062,Velocidade de Movimento do Caçador
IATT_Name_318,113797959001301063,Durabilidade da Carne
IATT_Name_32,113797958997106712,Raio da Área de Efeito de Apoio
IATT_Name_321,113797959001301064,Redução de Dano da Carne
IATT_Name_324,113797959001301065,Altura do Pulo Duplo
IATT_Name_328,113797959001301066,Vulnerabilidade Elétrica
IATT_Name_329,113797959001301067,Vulnerabilidade ao Fogo
IATT_Name_33,113797958997106713,Recarga de Habilidade de Cabeça
IATT_Name_330,113797959001301068,Vulnerabilidade ao Gelo
IATT_Name_331,113797959001301069,Vulnerabilidade Cinética
IATT_Name_332,113797959001301070,Vulnerabilidade à Gosma
IATT_Name_335,113797959001301071,Congela Alvos com Geladura
IATT_Name_336,113797959001301072,Vulnerabilidade a Corpo a Corpo
IATT_Name_338,113797959001301073,Velocidade de Ataque Corpo a Corpo
IATT_Name_34,113797958997106714,Munição Infinita
IATT_Name_340,113797959001301074,Distância de Detecção de Minerais
IATT_Name_341,113797959001301075,Distância de Detecção da Fenda de Pesca
IATT_Name_342,113797959001301076,Distância de Detecção do Gastronauta
IATT_Name_343,113797959001301077,Dano de Estilhaço
IATT_Name_346,113797959001301078,Dano de Queimadura
IATT_Name_349,113797959001301079,Chance de Ativar Combustão
IATT_Name_35,113797958997106715,Quantidade de Lacaios Pequenos
IATT_Name_350,113797959001301080,Dano de Combustão
IATT_Name_353,113797959001301081,Chance de Gatilho Eletrificado
IATT_Name_354,113797959001301082,Dano de Eletrocussão
IATT_Name_357,113797959001301083,Amplificação de Dano Gosmento
IATT_Name_358,113797959001301084,Lentidão por Geladura
IATT_Name_359,113797959001301085,Dano em Ponto Fraco da Magnum
IATT_Name_36,113797958997106716,Altura do Pulo Aquático
IATT_Name_360,113797959001301086,Dano em Ponto Fraco da Pistola
IATT_Name_361,113797959001301087,Dano em Ponto Fraco da Espingarda
IATT_Name_362,113797959001301088,Dano em Ponto Fraco da Submetralhadora
IATT_Name_363,113797959001301089,Dano de Acerto Direto do Lança-granadas
IATT_Name_364,113797959001301090,Dano de Acerto Direto do Canhão de Plasma
IATT_Name_365,113797959001301091,Dano de Acerto Direto do Lança-foguete
IATT_Name_366,113797959001301092,Recuperação de Dispersão do Fuzil
IATT_Name_367,113797959001301093,Precisão de Arma do Fuzil
IATT_Name_369,113797959001301095,Tamanho do Pente do Canhão Magnético
IATT_Name_37,113797958997106717,Dano Crítico Adicional
IATT_Name_370,113797959001301096,Raio de Explosão da Arma de Plasma
IATT_Name_371,113797959001301097,Janela de Recarga da Pistola
IATT_Name_372,113797959001301098,Chance de Crítico Adicional da Pistola
IATT_Name_373,113797959001301099,Tamanho do Pente da Pistola
IATT_Name_374,113797959001301100,Precisão de Arma da Pistola
IATT_Name_375,113797959001301101,Alcance de Ataque da Pistola
IATT_Name_376,113797959001301102,Velocidade de Ataque da Pistola
IATT_Name_377,113797959001301103,Dano Crítico Adicional da Pistola
IATT_Name_378,113797959001301104,Quantidade de Perfurações da Pistola
IATT_Name_38,113797958997106718,Alcance de Ataque
IATT_Name_381,113797959001301107,Chance de Ativação de Efeito Adicional da Pistola
IATT_Name_382,113797959001301108,Dano Crítico Adicional do Fuzil
IATT_Name_383,113797959001301109,Chance de Crítico Adicional do Fuzil
IATT_Name_385,113797959001301111,Velocidade de Ataque da Magnum
IATT_Name_386,113797959001301112,Chance de Crítico Adicional da Magnum
IATT_Name_387,113797959001301113,Dano Crítico Adicional da Magnum
IATT_Name_388,113797959001301114,Precisão de Arma da Magnum
IATT_Name_389,113797959001301115,Janela de Recarga da Magnum
IATT_Name_39,113797958997106719,Vida Adicional de Contêineres
IATT_Name_390,113797959001301116,Tamanho do Pente da Magnum
IATT_Name_391,113797959001301117,Chance de Ativação de Efeito Adicional da Magnum
IATT_Name_392,113797959001301118,Velocidade de Ataque do Canhão de Plasma
IATT_Name_393,113797959001301119,Chance de Crítico Adicional do Canhão de Plasma
IATT_Name_394,113797959001301120,Dano Crítico Adicional do Canhão de Plasma
IATT_Name_395,113797959001301121,Janela de Recarga do Canhão de Plasma
IATT_Name_396,113797959001301122,Tamanho do Pente do Canhão de Plasma
IATT_Name_397,113797959001301123,Chance de Ativação de Efeito Adicional do Canhão de Plasma
IATT_Name_398,113797959001301124,Velocidade de Projétil do Canhão de Plasma
IATT_Name_399,113797959001301125,Dano em Área do Canhão de Plasma
IATT_Name_4,113797958997106690,Vida Máxima
IATT_Name_400,113797959001301126,Quantidade de Perfurações da Espingarda
IATT_Name_401,113797959001301127,Chance de Crítico Adicional da Espingarda
IATT_Name_402,113797959001301128,Dano Crítico Adicional da Espingarda
IATT_Name_403,113797959001301129,Chance de Ativação de Efeito Adicional da Espingarda
IATT_Name_404,113797959001301130,Tamanho do Pente da Espingarda
IATT_Name_406,113797959001301132,Alcance de Ataque da Espingarda
IATT_Name_407,113797959001301133,Velocidade de Ataque da Espingarda
IATT_Name_408,113797959001301134,Janela de Recarga da Espingarda
IATT_Name_409,113797959001301135,Chance de Ativação de Efeito Adicional do Canhão Magnético
IATT_Name_41,113797958997106720,Recarga de Habilidade do Torso
IATT_Name_410,113797959001301136,Chance de Crítico Adicional do Canhão Magnético
IATT_Name_411,113797959001301137,Dano Crítico Adicional do Canhão Magnético
IATT_Name_412,113797959001301138,Janela de Recarga do Canhão Magnético
IATT_Name_413,113797959001301139,Quantidade de Perfurações do Canhão Magnético
IATT_Name_414,113797959001301140,Velocidade de Ataque do Canhão Magnético
IATT_Name_415,113797959001301141,Dano em Ponto Fraco do Canhão Magnético
IATT_Name_416,113797959001301142,Alcance de Ataque do Canhão Magnético
IATT_Name_418,113797959001301144,Chance de Crítico Adicional do Lança-Foguete
IATT_Name_419,113797959001301145,Dano Crítico Adicional do Lança-Foguete
IATT_Name_420,113797959001301146,Tamanho do Pente do Lança-foguete
IATT_Name_421,113797959001301147,Velocidade de Projétil do Lança-Foguete
IATT_Name_422,113797959001301148,Velocidade de Ataque do Lança-Foguete
IATT_Name_423,113797959001301149,Chance de Ativação de Efeito Adicional do Lança-foguete
IATT_Name_424,113797959001301150,Raio de Explosão do Lança-Foguete
IATT_Name_425,113797959001301151,Dano em Área do Lança-Foguete
IATT_Name_426,113797959001301152,Chance de Crítico Adicional do Lança-granadas
IATT_Name_427,113797959001301153,Dano Crítico Adicional do Lança-granadas
IATT_Name_428,113797959001301154,Velocidade de Ataque do Lança-granadas
IATT_Name_429,113797959001301155,Velocidade de Projétil do Lança-granadas
IATT_Name_430,113797959001301156,Janela de Recarga do Lança-granadas
IATT_Name_431,113797959001301157,Tamanho do Pente do Lança-granadas
IATT_Name_432,113797959001301158,Raio de Explosão do Lança-granadas
IATT_Name_433,113797959001301159,Chance de Ativação de Efeito Adicional do Lança-granadas
IATT_Name_434,113797959001301160,Dano em Área do Lança-granadas
IATT_Name_435,113797959001301161,Dano em Área do Canhão Magnético
IATT_Name_436,113797959001301162,Raio de Explosão do Canhão Magnético
IATT_Name_441,113797959001301163,Intervalo de Surgimento
IATT_Name_442,113797959001301164,Chance de Crítico Corpo a Corpo Adicional
IATT_Name_444,113797959001301166,Chance de Crítico Corpo a Corpo
IATT_Name_446,113797959001301167,Dano Crítico Adicional Corpo a Corpo
IATT_Name_447,113797959001301168,Dano Crítico Corpo a Corpo
IATT_Name_448,113797959001301169,Distância de Repulsão
IATT_Name_45,113797958997106721,Chance de Cambaleamento Adicional
IATT_Name_451,113797959001301170,Distância de Repulsão Corpo a Corpo
IATT_Name_454,113797959001301171,Vida do Chefe
IATT_Name_455,113797959001301172,Densidade de Inimigos
IATT_Name_456,113797959001301173,Vida da Estrutura do Evento Aliada
IATT_Name_457,113797959001301174,Regeneração de Vida da Estrutura do Evento Aliada
IATT_Name_458,113797959001301175,Vida da Estrutura do Evento do Jogador
IATT_Name_459,113797959001301176,Colete Créditos de Nó por Cartão
IATT_Name_461,113797959001301177,Regeneração de Vida da Estrutura do Evento do Jogador
IATT_Name_464,113797959001301178,Recompensa de Rangus e Podrito
IATT_Name_466,113797959001301179,Vida da Estrutura do Evento Inimiga
IATT_Name_467,113797959001301180,Regeneração de Vida da Estrutura do Evento Inimiga
IATT_Name_468,113797959001301181,Sinalizador de Movimento Limitado Inimigo
IATT_Name_47,113797958997106722,Recarga de Habilidade de Pernas
IATT_Name_470,113797959001301182,Vida da Estrutura do Chefe
IATT_Name_471,113797959001301183,Dano de Destruição de Tubo do Franken Grandalhão
IATT_Name_472,113797959001301184,Dano em Ponto Fraco do Chefe
IATT_Name_473,113797959001301185,Quantidade de Lacaios do Chefe
IATT_Name_474,113797959001301186,Velocidade de Movimento do Chefe
IATT_Name_475,113797959001301187,Tempo de Surgimento de Carne Estática do Chefe
IATT_Name_476,113797959001301188,Regeneração de Vida do Minichefe
IATT_Name_479,113797959001301189,Velocidade de Ataque do Minichefe
IATT_Name_482,113797959001301190,Dano do Minichefe
IATT_Name_485,113797959001301191,Resistência Cinética
IATT_Name_488,113797959001301192,Resistência ao Fogo
IATT_Name_491,113797959001301193,Resistência ao Gelo
IATT_Name_494,113797959001301194,Resistência Elétrica
IATT_Name_497,113797959001301195,Resistência à Gosma
IATT_Name_506,113797959001301196,Chance de Obtenção de Carne
IATT_Name_509,113797959001301197,Mais Sorte com Recompensas de Nível
IATT_Name_51,113797958997106723,Dano de Acerto Direto
IATT_Name_511,113797959001301198,Ganho de EXP
IATT_Name_513,113797959001301199,Cargas Máximas de Habilidade
IATT_Name_514,113797959001301200,Alvos em Cadeia
IATT_Name_515,113797959001301201,Duração do Congelamento
IATT_Name_516,113797959001301202,Dano de Habilidade da Carne de Cabeça
IATT_Name_517,113797959001301203,Dano de Habilidade da Carne de Torso
IATT_Name_518,113797959001301204,Dano de Habilidade da Carne de Pernas
IATT_Name_519,113797959001301205,Dano de Arma
IATT_Name_52,113797958997106724,Chance de Ativação de Efeito Adicional
IATT_Name_521,118906002034647040,Resistência a Condições
IATT_Name_523,129087451949948928,Quantidade de Projéteis de Granada
IATT_Name_524,129087451949948929,Quantidade de Projéteis da Magnum
IATT_Name_525,129087451949948930,Quantidade de Projéteis da Pistola
IATT_Name_526,129087451949948931,Quantidade de Projéteis do Plasma
IATT_Name_527,129087451949948932,Quantidade de Projéteis da Arma Magnética
IATT_Name_528,129087451949948933,Quantidade de Projéteis do Fuzil
IATT_Name_529,129087451949948934,Quantidade de Projéteis de Foguete
IATT_Name_53,113797958997106725,Dano Recebido
IATT_Name_530,129087451949948935,Quantidade de Projéteis de Espingarda
IATT_Name_531,129087451949948936,Quantidade de Projéteis de Submetralhadora
IATT_Name_54,113797958997106726,Repulsão de Inimigos
IATT_Name_55,113797958997106727,Chance de Crítico Adicional
IATT_Name_56,113797958997106728,Quantidade de Projéteis
IATT_Name_58,113797958997106729,Dano em Ponto Fraco
IATT_Name_59,113797958997106730,Velocidade de Movimento Aéreo
IATT_Name_6,113797958997106691,Raio de Explosão
IATT_Name_60,113797958997106731,Gravidade
IATT_Name_62,113797958997106732,Quantidade de Nanorrobôs de Reparo
IATT_Name_63,113797958997106733,Capacidade dos Nanorrobôs de Reparo
IATT_Name_66,113797958997106734,Batedores Inimigos ao Redor da Sua Localização
IATT_Name_7,113797958997106692,Nível de Desafio
IATT_Name_75,113797958997106735,Você foi avistado!
IATT_Name_76,113797958997106736,Redução de Dano da Carne de Cabeça
IATT_Name_77,113797958997106737,Redução de Dano da Carne de Torso
IATT_Name_78,113797958997106738,Redução de Dano da Carne das Pernas
IATT_Name_79,113797958997106739,Durabilidade da Carne de Torso
IATT_Name_81,113797958997106740,Durabilidade da Carne das Pernas
IATT_Name_83,113797958997106741,Sinalizador de Nave de Desembarque
IATT_Name_86,113797958997106742,Ressurgimentos Iniciais
IATT_Name_87,113797958997106743,Dano de Fogo
IATT_Name_90,113797958997106744,Dano de Gelo
IATT_Name_93,113797958997106745,Dano Elétrico
IATT_Name_96,113797958997106746,Dano de Gosma
ITM_293_HE_0,112852940539027456,Ao Causar Dano Corpo a Corpo
ITM_436_HE_0,126473208478031872,Ao Receber Dano
ITM_Desc_1028,118953930640056320,"Causa +10% de dano a inimigos com <#FFEB04><link=""Keyword:8"">[Eletrocussão]</link></color>"
ITM_Desc_1029,118953930640056321,"Causa +15% de dano a inimigos com <#FFEB04><link=""Keyword:8"">[Eletrocussão]</link></color>"
ITM_Desc_1030,118953930640056322,"Causa +20% de dano a inimigos com <#FFEB04><link=""Keyword:8"">[Eletrocussão]</link></color>"
ITM_Desc_1031,118960669196279808,"Causa +10% de dano a inimigos com <#FFEB04><link=""Keyword:1"">[Queimadura]</link></color>"
ITM_Desc_1032,118960669196279809,"Causa +15% de dano a inimigos com <#FFEB04><link=""Keyword:1"">[Queimadura]</link></color>"
ITM_Desc_1033,118960669196279810,"Causa +20% de dano a inimigos com <#FFEB04><link=""Keyword:1"">[Queimadura]</link></color>"
ITM_Desc_1034,118960669200474112,"Causa +10% de dano a inimigos com <#FFEB04><link=""Keyword:3"">[Geladura]</link></color>"
ITM_Desc_1035,118960669200474113,"Causa +15% de dano a inimigos com <#FFEB04><link=""Keyword:3"">[Geladura]</link></color>"
ITM_Desc_1036,118960669200474114,"Causa +20% de dano a inimigos com <#FFEB04><link=""Keyword:3"">[Geladura]</link></color>"
ITM_Desc_1037,118960669200474115,"Causa +10% de dano a inimigos com <#FFEB04><link=""Keyword:7"">[Cambaleamento]</link></color>"
ITM_Desc_1038,118960669200474116,"Causa +15% de dano a inimigos com <#FFEB04><link=""Keyword:7"">[Cambaleamento]</link></color>"
ITM_Desc_1039,118960669200474117,"Causa +20% de dano a inimigos com <#FFEB04><link=""Keyword:7"">[Cambaleamento]</link></color>"
ITM_Desc_1040,118960669200474118,"Causa +10% de dano a inimigos com <#FFEB04><link=""Keyword:2"">[Gosma]</link></color>"
ITM_Desc_1041,118960669200474119,"Causa +15% de dano a inimigos com <#FFEB04><link=""Keyword:2"">[Gosma]</link></color>"
ITM_Desc_1042,118960669204668416,"Causa +20% de dano a inimigos com <#FFEB04><link=""Keyword:2"">[Gosma]</link></color>"
ITM_Desc_1064,118953930648444928,Causa +30% de dano a Caçadores
ITM_Desc_1065,118953930648444929,Causa +40% de dano a Caçadores
ITM_Desc_1066,118953930648444930,Causa +50% de dano a Caçadores
ITM_Desc_1073,118953930648444931,Causa +10% de dano a Aquáticos
ITM_Desc_1074,118953930652639232,Causa +10% de dano a Máquinas
ITM_Desc_1075,118953930652639233,Causa +10% de dano a Mutantes
ITM_Desc_1076,118953930652639234,Causa +10% de dano a Carnes Franken
ITM_Desc_1077,118953930652639235,Causa +10% de dano a Omnicarnes
ITM_Desc_1078,118953930652639236,Causa +10% de dano a Insetoides
ITM_Desc_1079,118953930652639237,Causa +10% de dano a Alienígenas
ITM_Desc_1080,118953930652639238,Causa +15% de dano a Aquáticos
ITM_Desc_1081,118953930652639239,Causa +15% de dano a Máquinas
ITM_Desc_1082,118953930652639240,Causa +15% de dano a Mutantes
ITM_Desc_1083,118953930656833536,Causa +15% de dano a Carnes Franken
ITM_Desc_1084,118953930656833537,Causa +15% de dano a Omnicarnes
ITM_Desc_1085,118953930656833538,Causa +15% de dano a Insetoides
ITM_Desc_1086,118953930656833539,Causa +15% de dano a Alienígenas
ITM_Desc_1087,118953930656833540,Causa +20% de dano a Aquáticos
ITM_Desc_1088,118953930656833541,Causa +20% de dano a Máquinas
ITM_Desc_1089,118953930656833542,Causa +20% de dano a Mutantes
ITM_Desc_1090,118953930656833543,Causa +20% de dano a Carnes Franken
ITM_Desc_1091,118953930656833544,Causa +20% de dano a Omnicarnes
ITM_Desc_1092,118953930661027840,Causa +20% de dano a Insetoides
ITM_Desc_1093,118953930661027841,Causa +20% de dano a Alienígenas
ITM_Desc_644,117055205214773248,+10% a Todo o Dano por parte de carne faltando
ITM_Desc_645,14970698739998720,+15% a Todo o Dano por parte de carne faltando
ITM_Desc_646,14970698739998721,+20% a Todo o Dano por parte de carne faltando
ITM_Name_1161,120294751171764224,Prancha de Surf
ITM_Name_1187,127273379008864256,Atleta
ITM_Name_1190,127273379013058560,Vale Cada Centavo
ITM_Name_1192,127273379013058561,Scampi de Bife
ITM_Name_1195,127273379013058562,Baita Pente
ITM_Name_1199,127273379017252864,Pólvora de Pimenta Preta
ITM_Name_1203,127273379017252865,Sashimi de Frango
ITM_Name_1206,127273379017252866,Óleo de Pimenta
ITM_Name_1210,127273379017252867,Clareza
ITM_Name_1213,127273379017252868,Café com Leite
ITM_Name_1217,127273379017252869,Ovos de Corvo
ITM_Name_1221,127273379017252870,Coxas de Frango
ITM_Name_1224,127273379017252871,Enguia Elétrica
ITM_Name_1226,127273379017252872,Elixir da Sorte
ITM_Name_1230,127273379017252873,Frenesi Alimentar
ITM_Name_1232,127273379021447168,Cinturão de Estrangeiro
ITM_Name_1235,127273379021447169,Cabo Frontal
ITM_Name_1239,127273379021447170,Vitaminas Frutadas
ITM_Name_1242,127273379021447171,Ostras de Posto de Gasolina
ITM_Name_1246,127273379021447172,Pele de Jacaré
ITM_Name_1248,127273379021447173,Salada de Gelatina
ITM_Name_1251,127273379021447174,Carregador de Carboidratos
ITM_Name_1255,127273379021447175,Trem Baleado
ITM_Name_1258,127273379021447176,Sopa de Presunto
ITM_Name_1261,127273379021447177,Molho Picante
ITM_Name_1265,127273379025641472,Coquetel Quente
ITM_Name_1268,127273379025641473,Podrão com Carne Moída
ITM_Name_1272,127273379025641474,Macarrão Gelado
ITM_Name_1276,127273379025641475,Picaretas de Gelo
ITM_Name_1279,127273379025641476,Serrilhos
ITM_Name_1287,127273379025641477,Mana de Carne
ITM_Name_1290,127273379025641478,Picolé de Carne
ITM_Name_1293,127273379025641479,Isso Que Eu Chamo de Suco
ITM_Name_1296,127273379025641480,Piporco
ITM_Name_1299,127273379025641481,Leite de Rata
ITM_Name_1303,127273379029835776,Presunto ao Rum
ITM_Name_1306,127273379029835777,Pilha de Panquecas
ITM_Name_1308,127273379029835778,Cospe-estilhaços
ITM_Name_1312,127273379029835779,DESACELEROL
ITM_Name_1314,127273379029835780,Casquinha de Lodo
ITM_Name_1317,127273379029835781,Raspadinha
ITM_Name_1320,127273379029835782,Caldo Apimentado
ITM_Name_1324,127273379029835783,Camarão Apimentado
ITM_Name_1328,127273379029835784,Treco Grudento
ITM_Name_1334,127273379029835785,Sushi de Supermercado
ITM_Name_1338,127273379034030080,Faca de Sushi
ITM_Name_1342,127273379034030081,Especiarias Sintéticas
ITM_Name_1346,127273379034030082,Taco
ITM_Name_1349,127273379034030083,Petisco Delicioso de Lacaio
ITM_Name_1352,127273379034030084,O Caldo
ITM_Name_1355,127273379034030085,Mel de Carne de Abelhabutre
ITM_Name_1358,127273379034030086,Peito de Frango Picante
ITM_Name_1362,127273379034030087,Balinhas de Brisa
ITM_Name_331,129034446428954624,Sobrecarga
KW_Desc_1,117104892261163008,"Causa dano de <#FFEB04><link=""Keyword:13"">[Fogo]</link></color> ao longo do tempo. Tem chance de causar <#FFEB04><link=""Keyword:19"">[Combustão]</link></color>."
KW_Desc_10,117128920619278336,Tanta munição que você nunca vai precisar recarregar!
KW_Desc_11,117130058332626945,Vida temporária que desaparece com o tempo.
KW_Desc_12,117130058332626946,"Quando dano <#FFEB04><link=""Keyword:12"">[Elétrico]</link></color> suficiente se acumula em um inimigo, ele ficará com <#FFEB04><link=""Keyword:8"">[Eletrocussão]</link></color>."
KW_Desc_13,117130058336821248,"Quando dano <#FFEB04><link=""Keyword:13"">[Fogo]</link></color> suficiente se acumula em um inimigo, ele ficará com <#FFEB04><link=""Keyword:1"">[Queimadura]</link></color>."
KW_Desc_14,117130058336821249,"Quando dano de <#FFEB04><link=""Keyword:14"">[Gosma]</link></color> suficiente se acumula em um inimigo, ele ficará com a condição <#FFEB04><link=""Keyword:2"">[Gosma]</link></color>."
KW_Desc_15,117130058336821250,"Quando dano <#FFEB04><link=""Keyword:15"">[Gelo]</link></color> suficiente se acumula em um inimigo, ele ficará com <#FFEB04><link=""Keyword:3"">[Geladura]</link></color> e eventualmente com <#FFEB04><link=""Keyword:4"">[Congelamento]</link></color>."
KW_Desc_17,118962454677938176,"Efeitos de estado como Queimadura, Gosma, Eletrocussão, etc."
KW_Desc_18,117191729474428929,"Cause dano Corpo a Corpo ou Cinético a um inimigo com <#FFEB04><link=""Keyword:4"">[Congelamento]</link></color> para <#FFEB04><link=""Keyword:18"">[Estilhaço]</link></color> e causar dano bônus."
KW_Desc_19,117191729474428931,"Um inimigo com <#FFEB04><link=""Keyword:1"">[Queimadura]</link></color> tem chance de <#FFEB04><link=""Keyword:19"">[Combustão]</link></color> ao receber dano de <#FFEB04><link=""Keyword:13"">[Fogo]</link></color>, causando dano bônus."
KW_Desc_2,117104892269551616,"Recebe mais dano e acumula <#FFEB04><link=""Keyword:17"">[Condições]</link></color> mais rápido."
KW_Desc_3,117104892269551617,Mova-se e ataque mais devagar.
KW_Desc_4,117104892269551618,"Não pode agir até o gelo derreter. Dano Corpo a corpo ou Cinético causa <#FFEB04><link=""Keyword:18"">[Estilhaço]</link></color>."
KW_Desc_5,117104892269551619,"Quando dano <#FFEB04><link=""Keyword:5"">[Cinético]</link></color> suficiente se acumula em um inimigo, ele ficará com <#FFEB04><link=""Keyword:7"">[Cambaleamento]</link></color>."
KW_Desc_7,117104892269551622,Brevemente incapaz de agir.
KW_Desc_8,117127071258370048,Causa dano periodicamente a inimigos próximos.
KW_Name_11,117130058332626944,Barreira
KW_Name_17,117164252249186307,Condições
KW_Name_18,117191729474428928,Estilhaço
KW_Name_19,117191729474428930,Combustão
MEH_Desc_79,127668194695438336,Esta cabeça viajou do futuro para estar aqui.
MEH_Desc_80,128037346949980160,Eleita a carne mais desejável
MEH_Name_77,117162002315468800,Cabeça de Raio de Carga
MEH_Name_79,127668194691244032,Cabeça de Funcionário do Futuro
MEH_Name_80,128037346941591552,Cabeça de Pesquisador da Rangus
MUT_Desc_13,127239120638435331,"Acertar inimigos com <#FFEB04><link=""Keyword:1"">[Queimadura]</link></color> tem chance de acumular um bônus de dano temporário."
MUT_Desc_14,127239120642629632,"Acertar inimigos com <#FFEB04><link=""Keyword:2"">[Gosma]</link></color> propaga Vulnerabilidade Elemental a inimigos próximos."
MUT_Desc_15,127239120642629633,"Aumenta muito o dano de <#FFEB04><link=""Keyword:18"">[Estilhaço]</link></color> e adiciona a Acumulação de <#FFEB04><link=""Keyword:15"">[Gelo]</link></color> mais rápido."
MUT_Desc_16,127240818282979328,"Dano <#FFEB04><link=""Keyword:12"">[Elétrico]</link></color> contra inimigos com <#FFEB04><link=""Keyword:8"">[Eletrocussão]</link></color> encadeia em alvos próximos."
MUT_Desc_2,127239120634241024,Aumenta sua capacidade de lacaios e dá às mortes chance de invocar lacaios Vespa.
MUT_Desc_21,127239120642629634,"Aumenta tanto a chance de <#FFEB04><link=""Keyword:19"">[Combustão]</link></color> quanto o dano causado."
MUT_Desc_22,127239120642629635,"Aumenta muito o dano de <#FFEB04><link=""Keyword:1"">[Queimadura]</link></color>. Acertar inimigos com <#FFEB04><link=""Keyword:1"">[Queimadura]</link></color> tem chance de propagá-lo para alvos próximos."
MUT_Desc_23,127239120642629636,"<#FFEB04><link=""Keyword:8"">[Eletrocussão]</link></color> causa mais dano com mais frequência. Acertar inimigos com <#FFEB04><link=""Keyword:8"">[Eletrocussão]</link></color> pode aplicar <#FFEB04><link=""Keyword:7"">[Cambaleamento]</link></color>."
MUT_Desc_24,127240818287173632,"Inimigos com <#FFEB04><link=""Keyword:2"">[Gosma]</link></color> recebem mais dano. Abates propagam suas <#FFEB04><link=""Keyword:17"">[Condições]</link></color> para inimigos próximos."
MUT_Desc_25,127239120642629637,"Suas partes de carne se rompem 25% mais rápido, mas perder uma parte de carne concede <#FFEB04><link=""Keyword:11"">[Barreira]</link></color>."
MUT_Desc_26,127239120642629638,"Acertar inimigos com <#FFEB04><link=""Keyword:7"">[Cambaleamento]</link></color> pode encadear dano e propagar <#FFEB04><link=""Keyword:7"">[Cambaleamento]</link></color> para inimigos próximos."
MUT_Desc_27,127239120642629639,"Aumenta bastante a lentidão de <#FFEB04><link=""Keyword:3"">[Geladura]</link></color>. Abater inimigos com <#FFEB04><link=""Keyword:3"">[Geladura]</link></color> ou <#FFEB04><link=""Keyword:4"">[Congelamento]</link></color> pode gerar Orbes de Gelo que causam dano em inimigos próximos."
MUT_Desc_28,127240818287173633,"Acertos críticos <#FFEB04><link=""Keyword:12"">[Elétricos]</link></color> carregam sua próxima habilidade, acumulando até o dobro de dano."
MUT_Desc_29,127239120642629640,Recargas rápidas bem-sucedidas aumentam a velocidade de ataque e recarga. Falhar uma recarga rápida reinicia todas as acumulações.
MUT_Desc_3,127239120638435328,"Carne mais resistente. Acertar inimigos com <#FFEB04><link=""Keyword:7"">[Cambaleamento]</link></color> propaga Vulnerabilidade a Corpo a Corpo para inimigos próximos."
MUT_Desc_30,127240818287173634,"Inimigos com <#FFEB04><link=""Keyword:3"">[Geladura]</link></color> podem ficar com <#FFEB04><link=""Keyword:4"">[Congelamento]</link></color>."
MUT_Desc_31,127239120642629641,"Abater inimigos com <#FFEB04><link=""Keyword:2"">[Gosma]</link></color> pode soltar uma Gosma que concede um bônus temporário."
MUT_Desc_32,127239120646823936,"Golpes Corpo a Corpo em inimigos com <#FFEB04><link=""Keyword:7"">[Cambaleamento]</link></color> plantam uma bomba que explode após 3s."
MUT_Desc_33,127239120646823937,"Acertar inimigos com <#FFEB04><link=""Keyword:1"">[Queimadura]</link></color> tem chance de aumentar sua probabilidade de acerto crítico."
MUT_Desc_34,127239120646823938,"Acertos críticos têm chance de propagar <#FFEB04><link=""Keyword:2"">[Gosma]</link></color> para inimigos próximos."
MUT_Desc_35,127239120646823939,"Cada troca de carne aumenta o Dano de <#FFEB04><link=""Keyword:15"">[Gelo]</link></color>, a Acumulação de <#FFEB04><link=""Keyword:15"">[Gelo]</link></color> e o Dano de <#FFEB04><link=""Keyword:18"">[Estilhaço]</link></color>."
MUT_Desc_36,127239120646823940,"Trocar de carne causa dano de <#FFEB04><link=""Keyword:13"">[Fogo]</link></color> em inimigos próximos."
MUT_Desc_37,127239120646823941,Acertar no ponto fraco têm chance de encadear dano em inimigos próximos.
MUT_Desc_38,127239120646823942,"Recargas rápidas bem-sucedidas têm chance de conceder <#FFEB04><link=""Keyword:11"">[Barreira]</link></color>."
MUT_Desc_39,127239120646823943,"Golpes corpo a corpo em inimigos com <#FFEB04><link=""Keyword:4"">[Congelamento]</link></color> acumulam cargas de Iéti, aumentando a Acumulação de <#FFEB04><link=""Keyword:15"">[Gelo]</link></color> e o Dano de <#FFEB04><link=""Keyword:18"">[Estilhaço]</link></color>."
MUT_Desc_40,127239120646823944,"Abates têm chance de gerar um Orbe <#FFEB04><link=""Keyword:5"">[Cinético]</link></color> que causa dano em inimigos próximos."
MUT_Desc_41,127239120646823945,"Cada troca de carne adiciona um bônus à Acumulação <#FFEB04><link=""Keyword:5"">[Cinética]</link></color> e ao Dano <#FFEB04><link=""Keyword:5"">[Cinético]</link></color> por 60s."
MUT_Desc_42,127239120646823946,"Acertar inimigos com <#FFEB04><link=""Keyword:3"">[Geladura]</link></color> ou <#FFEB04><link=""Keyword:4"">[Congelamento]</link></color> com habilidades aumenta a velocidade de recarga de habilidades por 30s."
MUT_Desc_43,127239120646823947,Acertos críticos têm chance de desencadear uma explosão de dano em área.
MUT_Desc_44,127239120651018240,"Receber dano de <#FFEB04><link=""Keyword:11"">[Barreira]</link></color> desencadeia uma explosão de dano de <#FFEB04><link=""Keyword:15"">[Gelo]</link></color> ao seu redor."
MUT_Desc_45,127240818295562240,"Causa mais dano de <#FFEB04><link=""Keyword:13"">[Fogo]</link></color> contra inimigos com <#FFEB04><link=""Keyword:3"">[Geladura]</link></color> ou <#FFEB04><link=""Keyword:4"">[Congelamento]</link></color>."
MUT_Desc_46,127239120651018241,"Habilidades de carne que acertam inimigos com <#FFEB04><link=""Keyword:4"">[Geladura]</link></color> ou <#FFEB04><link=""Keyword:3"">[Congelamento]</link></color> têm chance de conceder <#FFEB04><link=""Keyword:11"">[Barreira]</link></color>."
MUT_Desc_47,127239120651018242,"Estilhaçar inimigos com ataques corpo a corpo encadeará dano em alvos com <#FFEB04><link=""Keyword:3"">[Geladura]</link></color> ou <#FFEB04><link=""Keyword:4"">[Congelamento]</link></color> próximos."
MUT_Desc_48,127239120651018243,"Acertar o ponto fraco de inimigos com <#FFEB04><link=""Keyword:8"">[Eletrocussão]</link></color> tem chance de invocar um relâmpago."
MUT_Desc_50,127239120651018244,"Abater inimigos com <#FFEB04><link=""Keyword:2"">[Gosma]</link></color> gera um enxame de abelhas pequenas."
MUT_Desc_51,127239120651018245,"Abates concedem Velocidade de Movimento aumentada. Com 10 acúmulos, causa 50% mais de dano por 5 segundos."
MUT_Desc_52,127239120651018246,Concede uma carga adicional para todas as habilidades.
MUT_Desc_53,127239120651018247,Trocar de carne aumenta sua probabilidade de acerto crítico.
MUT_Desc_54,127239120651018248,Trocar de carne sobrecarrega brevemente suas habilidades de carne.
MUT_Desc_55,127239120651018249,Dobra o dano corpo a corpo e mortes corpo a corpo têm chance de derrubar Carne.
MUT_Desc_56,127239120651018250,"Dobra a velocidade dos Projéteis e aumenta o dano de acertos diretos, mas as explosões são 40% menores."
MUT_Desc_57,127239120651018251,"Abates concedem um bônus de dano acumulável por 10s, até +30%"
MUT_Desc_58,127239120651018252,"Habilidades de Carne que acertam inimigos com <#FFEB04><link=""Keyword:2"">[Gosma]</link></color> têm chance de reiniciar instantaneamente todas as habilidades."
MUT_Desc_59,127239120655212544,Seus efeitos em cadeia pulam para mais inimigos.
MUT_Desc_7,127239120638435329,Abates têm chance de gerar um Orbe Elétrico que causa dano a inimigos próximos.
MUT_Desc_8,127239120638435330,"Aumenta drasticamente todo o dano, mas a velocidade de ataque é reduzida em 25%."
PE_Desc_134,111585918903640064,Ajude Carl a entrar no Mecha dele!
PE_Desc_135,124465651211296768,Orientação de Funcionários: Carne
PE_Desc_136,124465651211296770,Orientação de Funcionários: Armas
PE_Desc_137,124479668990500864,Orientação de Funcionários: Melhorias
PE_SuccessDesc_133,111372950735675392,Caçadores derrotados!
PE_SuccessDesc_137,124479668990500865,Bom selviço
PE_SuccessDesc_40,111372950639206400,Núcleo de carne garantido
PE_SuccessDesc_47,111372950660177920,Franken abatido!
PE_SuccessDesc_81,111372950685343744,Você é o campeão!
PF_Name_78,124391986440429568,Desbloqueio da Mutação Glândula de Presente
PF_Name_79,124391986444623872,Desbloqueio da Mutação Explosão de Colmeia
PF_Name_80,125400502454181888,Desbloqueio da Carne Misteriosa Água de Salsicha
PF_Name_81,127715283328557056,SeenHunterCinematic
PF_Name_82,127715283341139968,LostWithHuntersSpawned
PT_Flavor_1_1,122888703272017920,"Às vezes, a gente só precisa de mais uma chance."
PT_Flavor_1_2,122888703284600832,"Se você não tiver sucesso na primeira vez, melhor sorte na próxima!"
PT_Flavor_1_3,122888703284600833,"Se não conseguir de primeira, é melhor se abaixar na próxima!"
PT_Flavor_1_4,122888703284600834,"Se você não tiver sucesso de primeira, sacuda a poeira e bola pra frente!"
PT_Flavor_1_5,122888703284600835,"Às vezes, a gente só precisa de mais duas chances, na verdade."
PT_Flavor_2_1,122222527525150720,Tem que praticar as habilidades com a espátula de algum jeito!
PT_Flavor_2_2,122222527525150721,Esses hambúrgueres não vão se virar sozinhos.
PT_Flavor_2_3,122222527525150722,"Quente demais pra segurar, gostoso demais pra ignorar"
PT_Flavor_2_4,122222527525150723,Movido a carvão e confiança.
PT_Flavor_3_1,122888703284600836,Não tenha medo do grandalhão só porque ele comeu alguns planetas.
PT_Flavor_3_2,122888703284600837,Esses Frankens têm um sabor especial que os mantém fortões.
PT_Flavor_3_3,122888703284600838,As melhores receitas são as que marinam pra valer no gostinho do Franken.
PT_Flavor_3_4,122222527525150724,Churrasco demais? Isso é ridiculo-sso.
PT_Flavor_4_1,122222527525150725,Apenas animais hipoalergênicos. Consulte o RH para uma lista de animais permitidos.
PT_Flavor_4_2,122222527525150726,"Por favor, limpe após o seu animal de estimação."
PT_Flavor_4_3,122222527525150727,Certifique-se de que todas as vacinas estejam em dia.
PT_Flavor_4_4,122222527525150728,Vacinas antirrábicas disponíveis no kit de primeiros socorros.
PT_Flavor_5_1,122222527525150729,Avaliação de habilidades técnicas.
PT_Flavor_5_2,122222527529345024,Workshops para aprimorar suas habilidades.
PT_Flavor_5_3,122222527529345025,Sessões de coaching entre colegas disponíveis às quintas-feiras.
PT_Flavor_5_4,122222527529345026,Carne perto da impressora para fofoca no trabalho.
PT_Flavor_6_1,122888703288795136,A Rangus oferece as melhores políticas para os funcionários.
PT_Flavor_6_2,122888703288795137,Parte do pacote nível ouro de remuneração de funcionários.
PT_Flavor_6_3,122888703288795138,Parte do pacote nível platina de remuneração de funcionários.
PT_Flavor_6_4,122888703288795139,Parte do pacote nível diamante de remuneração de funcionários.
PT_Name_1,122209350771007488,Programa de Bem-Estar
PT_Name_2,122209350779396096,Churrasco da Empresa
PT_Name_3,122209350779396097,Modelo Híbrido
PT_Name_4,122209350779396098,Escritório Pet-Friendly
PT_Name_5,122209350779396099,Pacote de Desenvolvimento Profissional
PT_Name_6,122209350779396100,Seguro de Vida
STG_133_09458b2c019b46cbb5a64ffb08e23d7f,125495921813217283,Olha você aí se achando especial.
STG_133_14963f30e6a34d3385eeca76f97ce2ce,125495921809022977,"Você conseguiu, parceiro!"
STG_133_185d8e736a184006a1ff9bcdff8691b7,125495921809022988,Eu sabia que você ia conseguir!
STG_133_3cf7b406626d434190ac19a5523ec082,125495921813217280,Olha só você!
STG_133_42c6df9c58194cc09f48ffe4e9c925ab,125495921809022987,"Bom trabalho, pequeno Coxão Mole!"
STG_133_57bf88beeab24440948c4ab921ef5066,125495921809022981,É disso que a gente tá falando!
STG_133_5d938c7d057b44199a41b612d34f441b,125495921809022983,"Você realmente foi lá e fez, hein?"
STG_133_6dcbb50573b746edb57de27ae6b8cc71,125495921813217281,Você foi lá e fez!
STG_133_7f622b7dbf004c82bc7ef929def98e87,125495921809022978,Arre! Essa foi por pouco!
STG_133_8409992d104f45d8902fed5567f73957,125495921809022976,Arre! É assim que se livra desses alienígenas do seu encalço!
STG_133_98f5b59a08644687b24e34eb64b1505b,125495921809022985,É assim que se faz!
STG_133_a1f74035ef6542f6aad7fda4e63e0eb2,125495921809022984,"Puxa, você foi lá e fez, hein!"
STG_133_a909ef42fb274e8b9991afc618cb617e,125495921809022982,"Você conseguiu, parceiro! Eu sabia que você ia conseguir."
STG_133_b1266693b7a44eadbc5d620997db7fd8,125495921813217286,Quem é o meu melhor amiguinho de toda a galáxia?
STG_133_b389254572fa47d08d71f4e5aeeed353,125495921809022986,Isso é Ciência da Carne pra você!
STG_133_b80c30b122bb4b19a8754a9d73cf826b,125495921813217284,"Tô tão orgulhoso de você, Coxão Mole!"
STG_133_db0dc7c77935452ab49184e5bb53ff67,125495921813217282,"Oh! Que ""pipoco"" bonito!"
STG_133_ea6b7c8fc2d34d7ab171e51ecb7cc596,125495921809022980,"Arre, que ótimo! Continue suculento, parceiro."
STG_133_ec0d199d6e3e4dcda48ae93df0a93461,125495921809022979,Tenho tanto orgulho de você!
STG_133_fe64aa3f86a94155945cf6a63af65d9a,125495921813217285,"Você lá fora trabalhando tanto, enchendo a gente de orgulho."
STG_135_33afed45871a42d0b21f458d2b51f224,121770217384697857,Oh. Está aí. De novo. Certo.
STG_135_38b09fb447954020ac8f2c89d92f6790,121770217384697859,Carl diria algo encorajador. Eu não sou Carl.
STG_135_3f51c472e8884ea0a85f97adba9013a2,121770217384697860,Você parece estar completamente ambulatório. Maravilhoso.
STG_135_540e640670a446ff9ca6a7ed66b05fc8,121770217384697856,Não fique parado. Há trabalho a fazer.
STG_135_9c0018d7b313402f962c18b76c0fe9dd,121770217376309248,"Ah, sim. Você voltou. De fato."
STG_135_a0d810c86f784078a2cc2eb664c0d2cd,121770217384697858,Vejo que você foi excretado com sucesso. Que bom.
STG_136_beac8711f8f9491bb0eb64273edc88f3,122546905630629888,"Oh, caramba!"
STG_137_b14bfca3641944ebb7da5fe71c76a723,122546905634824192,Huh. Roxie! A gente esqueceu de colocar a droga do traje de novo!
STG_138_5e9e63afc4ea49bea37db80e5a506f0e,122546905634824193,"A gente não pode te deixar correr por aí assim. É indecente, Coxão Mole."
STG_139_cdbbc8084d0e482b90b44200397225e7,122558333578108928,"Feliz aniversário, pequeni..."
STG_141_aec1e2faa268436f8d3d44a262a56c98,122546905634824195,Vê se você consegue se esgueirar até lá e pegar seu uniforme de funcionário.
STG_142_8a1f7bea249242178bdf5819d90f74c7,122546905634824196,Estava na minha lista de tarefas.
STG_143_d888d7db6a3a40f4b1eba197b6f22ed5,122546905634824197,Acho que tem uns extras ali naquela sala.
STG_171_8a1f7bea249242178bdf5819d90f74c7,122546905639018504,"Por favor, aguarde..."
STG_172_8a1f7bea249242178bdf5819d90f74c7,122546905639018505,"Por favor, aguarde... de novo..."
STG_173_8a1f7bea249242178bdf5819d90f74c7,122546905639018506,Parabéns pelo seu esforço adequado.
STG_174_329a563a2ad04850a143e5c2dee5741a,124751489413406728,Você abaixou o nível das expectativas.
STG_174_33afed45871a42d0b21f458d2b51f224,124751489413406722,Bom... foi alguma coisa... não foi?
STG_174_3985fa70cf5f457bbb833299a3065c93,124751489413406726,Você sobreviveu. Isso é um tipo de sucesso.
STG_174_3f51c472e8884ea0a85f97adba9013a2,124751489413406724,Vamos chamar isso de oportunidade de melhoria.
STG_174_540e640670a446ff9ca6a7ed66b05fc8,124751489413406721,Poderia ter sido um pouco pior.
STG_174_971ea5afaedb40b39bd63e3af0aebdc9,124751489413406725,"Essa pontuação não pode estar certa. Ah, está? Bom..."
STG_174_9c0018d7b313402f962c18b76c0fe9dd,124751489413406720,Absolutamente decepcionante.
STG_174_a0d810c86f784078a2cc2eb664c0d2cd,124751489413406723,Talvez você seja daqueles que demoram a desabrochar.
STG_174_dcb5c60125bd421db8e301d7acdcf358,124751489413406727,Espero de verdade que isso não vire um padrão.
STG_175_329a563a2ad04850a143e5c2dee5741a,124751489413406736,Absolutamente mediano.
STG_175_33afed45871a42d0b21f458d2b51f224,124751489413406731,"Trabalho aceitável, suponho."
STG_175_3985fa70cf5f457bbb833299a3065c93,124751489413406734,Mediocridade alcançada.
STG_175_540e640670a446ff9ca6a7ed66b05fc8,124751489413406730,Adequado. Extremamente adequado.
STG_175_971ea5afaedb40b39bd63e3af0aebdc9,124751489413406733,Você deixou espaço para melhoria com sucesso.
STG_175_9c0018d7b313402f962c18b76c0fe9dd,124751489413406729,Seu desempenho cumpriu as expectativas.
STG_175_a0d810c86f784078a2cc2eb664c0d2cd,124751489413406732,Hm. Que comum.
STG_175_dcb5c60125bd421db8e301d7acdcf358,124751489413406735,"Seu esforço foi mínimo, mas não ausente."
STG_176_329a563a2ad04850a143e5c2dee5741a,124751489417601031,Essa pontuação está correta. Eu verifiquei duas vezes.
STG_176_33afed45871a42d0b21f458d2b51f224,124751489417601025,Carl ficará muito satisfeito.
STG_176_3985fa70cf5f457bbb833299a3065c93,124751489417601029,Aproveite este momento. São tão raros.
STG_176_3f51c472e8884ea0a85f97adba9013a2,124751489417601027,Felicitações são necessárias.
STG_176_540e640670a446ff9ca6a7ed66b05fc8,124751489417601024,Você superou as expectativas. Que incomum.
STG_176_971ea5afaedb40b39bd63e3af0aebdc9,124751489417601028,Parece que Carl tinha razão sobre você.
STG_176_9c0018d7b313402f962c18b76c0fe9dd,124751489413406737,Seu desempenho é exemplar.
STG_176_a0d810c86f784078a2cc2eb664c0d2cd,124751489417601026,É difícil acreditar que não vi isso vindo.
STG_176_dcb5c60125bd421db8e301d7acdcf358,124751489417601030,Eu estou até mais surpresa do que você.
STG_177_33afed45871a42d0b21f458d2b51f224,124944136312709121,Tenho certeza de que você vai melhorar desta vez.
STG_177_540e640670a446ff9ca6a7ed66b05fc8,124944136312709120,"Tudo bem, lá vai você."
STG_177_9c0018d7b313402f962c18b76c0fe9dd,124944136308514816,Tentamos de novo?
STG_178_063370c920554b2a831708de7e8fd418,125167135318073344,Feito e feito.
STG_178_0f01904fbea74c499ebef0f1c784ccb9,125167135322267652,Mais um negócio fechado.
STG_178_34c523cd2d07407987e2c3f6b3f010d9,125167135322267651,Sem voltar atrás!
STG_178_49c385d76731448b9208ef220ccf963f,125167135322267648,Negócio fechado.
STG_178_716eb57913994cc4aa8f6f26ecda898f,125167135322267653,Juro que você está se aproveitando de mim.
STG_178_b34c1118baf34382b6d04625cb154cf5,125167135322267650,Temos um acordo.
STG_178_b874cb3ab6b148b19a1c70d04a367a7e,125167135322267649,Negócio concluído.
STG_179_015894ad30e94ceab71073911b4d4d0a,125167135322267663,"Acho que chegou a hora de novo, né?"
STG_179_05a71ca180974d7c92022e019d4c4202,125167135322267666,"Ah, você de novo."
STG_179_063370c920554b2a831708de7e8fd418,125167135322267654,Sim?
STG_179_0f01904fbea74c499ebef0f1c784ccb9,125167135322267660,"Ah, não, não estou nem um pouco ocupado."
STG_179_2b6c89f9820842d5adcd875c2925401d,125167135322267667,Suponho que não tenho mais nada a fazer.
STG_179_34c523cd2d07407987e2c3f6b3f010d9,125167135322267659,Como posso ajudá-lo?
STG_179_35075b6f0bdc4990a3dc5c6373df2866,125167135322267664,Você não está ocupado como uma formiguinha?
STG_179_49c385d76731448b9208ef220ccf963f,125167135322267656,O que você tem para mim?
STG_179_716eb57913994cc4aa8f6f26ecda898f,125167135322267661,Posso ajudá-lo?
STG_179_77c1ef92c5ec46b3b220b36b18d17cbc,125167135322267662,O que é desta vez?
STG_179_a3cbc47007804cf89ad516120da6a7e7,125167135322267665,Claro que tenho tempo para mais uma interrupção.
STG_179_b34c1118baf34382b6d04625cb154cf5,125167135322267658,O que posso fazer por você?
STG_179_b874cb3ab6b148b19a1c70d04a367a7e,125167135322267657,Pronto para um negócio?
STG_179_d440fed8c4b94e19833c24491343bd1c,125167135322267655,Vamos falar de negócios?
STG_179_eeea974b9ccf41fe867673da00c8316f,125167135322267668,"Sim, estou aqui. Estou sempre aqui."
STG_180_015894ad30e94ceab71073911b4d4d0a,125167135322267678,O que você faria sem mim?
STG_180_063370c920554b2a831708de7e8fd418,125167135322267669,Se cuide.
STG_180_0f01904fbea74c499ebef0f1c784ccb9,125167135322267675,"Te vejo por aí... ou seja, aqui mesmo."
STG_180_34c523cd2d07407987e2c3f6b3f010d9,125167135322267674,Foi um prazer fazer negócios com você.
STG_180_49c385d76731448b9208ef220ccf963f,125167135322267671,Até a próxima.
STG_180_716eb57913994cc4aa8f6f26ecda898f,125167135322267676,Não esqueça de preencher nossa pesquisa de satisfação.
STG_180_77c1ef92c5ec46b3b220b36b18d17cbc,125167135322267677,Volte quando quiser... sério mesmo.
STG_180_b34c1118baf34382b6d04625cb154cf5,125167135322267673,Não suma não.
STG_180_b874cb3ab6b148b19a1c70d04a367a7e,125167135322267672,Obrigado pela preferência.
STG_180_d440fed8c4b94e19833c24491343bd1c,125167135322267670,Foi sempre um prazer.
STG_181_063370c920554b2a831708de7e8fd418,125167135322267679,"Fui programado para bancos intergalácticos, mas... tudo bem."
STG_182_0e3a574572d14beb977a18d3240a66f8,125495921825800198,"Oo oi, oi."
STG_182_262f426a157742d39603b4a62daf2a55,125495921825800193,"Oi, amiguinho!"
STG_182_592dc98f6cee427998095df3b5a3ad2e,125495921825800192,Olá para você.
STG_182_a3bce76a517045aeaf88e3f4ab06c8bf,125495921825800197,"Oi, como vai, amiguinho?"
STG_182_a49662528f6b4e5798029a1ce4ae6fb5,125495921825800194,"Olá, amiguinho!"
STG_182_e91071acb7d24e3db2af86f3ae91b1e5,125495921825800195,Aí está você!
STG_183_263d1d691d0546548cdc2511fee4e9c3,125495921825800200,"Até logo, amiguinho!"
STG_183_59c04fd748ea442f9d7b2a1bd63194d1,125495921825800202,"Tchau, tchau!"
STG_183_ac689551cfe04735a5b0e7c22b04ecdb,125495921825800204,"Adiós, amigo."
STG_183_ec66d8897f184b10988b7fb1f99e1699,125495921825800201,Continue com o bom trabalho.
STG_183_ef35f9ae06814f008e6e855e1be2f7cb,125495921825800199,"Até mais, Coxão Mole."
STG_183_fd1b23e053ef47bd9a634b835689c9a7,125495921825800203,"Siga suculento, amiguinho."
STG_184_cdbb75f6cecf4970b7c2d2cf79b381ad,127793416716087296,Primeiro a entrar no ringue... Pete do Partido Porcalhão!
STG_185_ecdbe961b8ad4d8198c9b7a279f80acc,127793416741253120,Sopapos de Segunda à Noite!
STG_186_6cc920e2b31b4a24a8fef9887480ff68,127793416741253121,Todo mundo pronto para uma surra bipartidária?!
STG_187_b16031cd0bd240ae8a66314a651c8af4,129415329128374272,"Tudo bem, Coxão Mole, parece que você tá pronto pra começar."
STG_188_b16031cd0bd240ae8a66314a651c8af4,129418788422541312,Pula num daqueles Rebimburgueres ali e bora começar teu primeiro turno aqui na Rangus.
STG_189_b16031cd0bd240ae8a66314a651c8af4,129418788422541313,Vai lá e vamos trabalhar. Boa sorte!
TPUP_Title_12_0,129472777327468544,Minijogo de Recarga Rápida
TUT_Announce_1,124465647935545344,Use [InputAction:Gameplay/CharacterMovement] para se mover e [InputAction:Gameplay/Jump] para pular
TUT_Announce_12,124465647939739648,Você pega automaticamente partes de <color=#FF3667>carne faltando</color> quando está por perto
TUT_Announce_20,129141354091503616,Pressione [InputAction:Interact/Interact] perto de carne para trocar partes do corpo manualmente e ganhar novas habilidades.
TUT_Announce_21,126113598604828672,Aperte [InputAction:UIToggle/ToggleInspectionOverlay] para inspecionar suas estatísticas
TUT_Announce_22,126809847683342336,Pressione [InputAction:Gameplay/RangedFire] para atirar com seu fuzil no boboneco
TUT_Announce_23,126809847683342337,Pressione [InputAction:Gameplay/MeleeFire] para atacar o boboneco com sua espátula
TUT_Announce_24,126809847683342338,Pressione [InputAction:Gameplay/WeaponSwitch] para trocar de arma de longo alcance
TUT_Announce_25,126809847683342339,Pressione [InputAction:Gameplay/RangedFire] para atirar com sua pistola no boboneco
TUT_Announce_26,127385081436168192,Pressione [InputAction:Gameplay/ItemRewardInit] para abrir a tela de melhorias
VO_SpeakerName_11,122207091240722433,Insetos
VO_SpeakerName_12,122207091240722434,Aranha Bebê
VO_SpeakerName_14,122207091240722435,Juiz
VO_SpeakerName_16,127793416837722112,Pete do Partido Porcalhão
VO_SpeakerName_8,122207091236528128,Multidão
VO_Transcript_316,124404532190896128,!!!
VO_Transcript_317,124465647985876992,"Se você perder a cabeça de novo, ou, sabe, qualquer outra parte..."
VO_Transcript_318,124465647985876993,"E aquela seta lá em cima? Ooh, é uma Bússola. Aponta pra onde você tem que ir. Bem útil."
VO_Transcript_319,124465647985876994,Agora o lado da sua tela. Isso são as Diretivas. Cumpra-as e receba seu pagamento.
VO_Transcript_320,129141354141835264,"Agora a barra no canto, essa é sua Vida."
VO_Transcript_321,124465647985876995,"Bingo! Ok, Roxie, vamos tentar de novo. Só... só um pouquinho mais suave dessa vez, tá?"
VO_Transcript_322,124465647985876996,"Por favor, aguarde... de novo."
VO_Transcript_323,124465647985876997,Equipado dos pés à cabeça! Vamos te dar uma carga!
VO_Transcript_324,124465647985876998,"Roxie, ativa o Visor de Carne Inteligente pro Coxão Mole ver o que precisa ser feito."
VO_Transcript_326,124465647985877000,Roxie! Energia demais! Por que você fica arrancando essas cabeças?
VO_Transcript_328,124465647985877002,"Não se preocupa, parceirinho. Perder a cabeça não é o fim do mundo."
VO_Transcript_329,124465647985877003,"Viu isso, Coxão Mole? Você completou as Diretrizes Principais e recebe o pagamento."
VO_Transcript_330,124465647985877004,"Você acabou de ganhar uns Podritos, a moeda mais carnuda da galáxia!"
VO_Transcript_332,124480339026370561,"Bom trabalho, Coxão Mole! Parece que você ganhou uma melhoria!"
VO_Transcript_333,124650004637802496,"Tá, aquela porta tá funcionando de novo, ótimo."
VO_Transcript_334,124650931834839040,A gente começa todos os funcionários com a Pistola padrão fornecida pela Rangus e...
VO_Transcript_335,124655240999854080,Tudo o que você tem está no seu Inventário. Se quiser dar uma olhada.
VO_Transcript_336,124655240999854081,"Bom, acho que você foi bem aqui. Agora começa o trabalho de verdade. Vem falar comigo!"
VO_Transcript_337,129141354146029568,... é só pegar outro. Cada um te dá novas habilidades.
VO_Transcript_338,129141354146029569,Você pode ver elas lá embaixo.
VO_Transcript_339,129141354146029570,Tenho certeza que tem umas peças sobressalentes aqui em algum lugar.
VO_Transcript_340,129141354146029571,Claro que a gente não vai te deixar descer lá de mãos vazias!
VO_Transcript_341,129141354146029572,... mais uma Espátula Mestre da Grelha.
VO_Transcript_342,129141354146029573,"A Roxie não vai te deixar sair dessa nave enquanto você não treinar um pouco no estande. Sabe como é, questão de conformidade."
VO_Transcript_343,129141354146029574,Vá até o campo de tiro e mostre aos Bobonecos quem é que manda!
VO_Transcript_344,125495921880326144,Falha na colheita. Núcleo de Carne destruído.
VO_Transcript_345,129141354146029575,Droga! A porta teve uma falha.
VO_Transcript_346,129141354146029576,"Ah, deixa pra lá. Seu corpinho precisa de carne pra se proteger."
VO_Transcript_347,129141354146029577,"Então se tiver faltando algumas partes, ele vai pegar pra você automaticamente. Bem legal, né?"
VO_Transcript_348,129141354146029578,"Caramba, você tem um dom natural, Coxãozinho!"
VO_Transcript_349,129141354146029579,E os Escudos Azuis indicam suas Partes de Carne. Entendido?
a60961b078fe4a96ae268cb577f81e08_136_0,124465651211296771,Atire no boboneco com a Pistola [InputAction:Gameplay/RangedFire]
a64e4221509044f38e63532f945fe173_136_0,124653062583214080,Vá ao campo de tiro
b1b2c3d4e5f64a3a8b3c1d2e3f4a5b6e_81_0,127343731697246208,Mate todos
cc964ef862b643d5a7ef9c7798b976f3_135_0,124465651211296769,Troque a Carne 3 vezes
e70d0d0eef1e471bafb7f0181a151ddc_137_0,124658835887480832,Fale com Carl
CQ_ObjDesc_14_0,131640380611354624,Colha seu primeiro Núcleo de Carne
ABL_Desc_272,130684355859177472,"Solta uma bolha defensiva, perfeita pra reviver colegas de equipe ou proteger os nódulos de colhedoras!"
ABL_Name_272,130598221758062592,Escudo de Bolha
CRT_Desc_92,135279596566208512,"Depois que seu primo S foi brutalmente assassinado durante um passeio tranquilo na floresta, N desenvolveu uma obsessão doentia por explodir formas de vida orgânicas. Também ama tudo que envolve futebol, e nunca pula o dia de perna."
CRT_Name_92,135276356562837504,AT NT
ITM_Name_1161,122300000023601152,Prancha de Surf
ITM_Name_1366,135276356994850816,Encanador
MEH_Desc_81,135227515985715201,"Astro o quê, nauta? Nômico?"
MEH_Name_81,135227515985715200,Cabeça de Astro
MEH_Desc_82,135227515985715203,Esta cabeça está coberta por uma caixa de carne vazia.
MEH_Name_82,135227515985715202,Cabeça de Caixa
MEH_Desc_83,135227515985715205,Sem ligação alguma com uma série de furtos envolvendo carne.
MEH_Name_83,135227515985715204,Cabeça de Ladrão de Carne
PLN_Name_32,131622117248589824,Orientação de Funcionários
RF_Subtitle_14,132265219202211840,Sistema Planetário
RF_DetailText_36,132248343633977345,"BartY Que era o mascote folclórico e pistoleiro da ""Ranguslândia"", da Carnes Rangus, e aparecia na Hora da Rangus. Vestido como um vaqueiro de vários braços, com um sorrisão no rosto e dois pares de revólveres que cuspiam carne fumegante (sem ervilha, por favor!), Barty percorria a fronteira galáctica espalhando a boa-nova dos produtos premium da Rangus.<br><br>Metade vendedor, metade herói, ele sempre tinha uma tirada esperta na ponta da língua e uma solução temática de churrasco para cada problema. Seu charme simpático e caipira fez dele um dos líderes da turma da Ranguslândia."
RF_Name_36,132248343629783040,BartY
RF_Subtitle_36,132248343633977344,BartY Q.
RF_DetailText_37,132248343633977348,"Auaurora, a Cachorrinha JPG, foi uma das estrelas mais queridas da clássica Hora da Rangus, um programa infantil de aventura muito popular que misturava comédia, curiosidades e uma ciência da carne questionável.<br><br>Originalmente descoberta como um antigo arquivo de imagem corrompido flutuando pela Nebulosa Barf, as travessuras de Auaurora encantaram o público por toda a galáxia. O seu famoso bordão-latido, ""Calma aí, tô carregando!"", virou uma das falas mais citadas da história da carne-visão, e sua amizade leal com a turma da Ranguslândia ajudou a transformar a Hora da Rangus num fenômeno cultural de toda uma geração."
RF_Name_37,132248343633977346,Auaurora
RF_Subtitle_37,132248343633977347,A Cachorrinha JPG
RF_DetailText_38,132251457686593537,"O Sr. D. Carne era o bobalhão da Hora da Rangus, um esquisitão caótico feito de cortes de carne, sem braços, magrelo e de duas pernas, que raramente dizia palavras de verdade e, em vez disso, se comunicava por uma desconcertante coleção de assobios, buzinas e gestos exagerados. Apesar de parecer um trapalhão e viver se metendo em encrenca, o Sr. D. Carne sempre dava um jeito de ter a resposta para os maiores problemas da turma.<br><br>Famoso por quebrar a quarta parede e reagir direto ao público, ele virou um dos personagens mais marcantes do programa. Suas travessuras imprevisíveis o tornaram o queridinho dos fãs e uma fonte sem fim de adoração entre os espectadores."
RF_Name_38,132251457682399232,Senhor D. Carne
RF_Subtitle_38,132251457686593536,O Bobalhão
RF_DetailText_39,132251457686593540,"O Professor Frangólio Nuggeteles era o sabe-tudo da casa na Hora da Rangus, um gênio erudito com cara de coruja que alegava ter dezessete doutorados e pelo menos três cupons de nuggets grátis. Sempre com um suprimento aparentemente infinito de tabelas e gráficos, ele passava os dias conduzindo experimentos bizarros e explicando o universo conhecido pelos princípios da empanação, da imersão e da formação correta do nugget.<br><br>Embora suas invenções tendessem a explodir, chocar ou ficar inesperadamente conscientes (ver SR. D. CARNE), de algum jeito funcionavam o suficiente para mantê-lo na turma. Famoso por temperar cada palestra com piadas péssimas de frango e explicações absurdamente complicadas, o Professor Nuggeteles era uma querida fonte tanto de sabedoria científica quanto de risadas avícolas."
RF_Name_39,132251457686593538,Professor Nuggeteles
RF_Subtitle_39,132251457686593539,Inventor Erudito
RF_DetailText_40,132252135783915522,"Nacho Grande era o extravagante mestre do brasões da Hora da Rangus, um dramático lutador de carne de fast-food que tratava cada obstáculo, grande ou pequeno, como uma performance. Vestido com um elaborado traje de toureiro coberto de brasões espalhafatosos, ele se lançava destemidamente ao perigo com estilo, brilho e zero sutileza.<br><br>Fosse rodopiando sua capa, fazendo poses heroicas ou bradando discursos exagerados, Nacho acreditava que, se algo valia a pena ser feito, valia a pena ser feito com um belo toque dramático. Sua personalidade descomunal e seu amor infinito pelo espetáculo o tornaram o queridinho dos fãs."
RF_Name_40,132252135783915520,Nacho Grande
RF_Subtitle_40,132252135783915521,Extravagante Mestre dos Brasões
RF_DetailText_41,132253107394437122,"A Hora da Rangus era um programa de variedades imensamente popular que ia ao ar em horários diferentes ao longo do dia, estrelado pelos coloridos mascotes e pelas personalidades excêntricas da Ranguslândia. Recheado de quadros humorísticos empolgantes, fantoches de carne, músicas chiclete e segmentos sobre natureza maravilhosamente informativos, com queridinhos do público como ""Qual É o Gosto de uma Minhoca-Gancho Galáctica?"", o programa entreteve gerações de clientes ao mesmo tempo em que apresentava os mais novos petiscos, refeições e empolgantes inovações alimentares da Rangus.<br><br>As curiosidades alegres do programa sobre nutrição, progresso e a importância de experimentar novos produtos Rangus eram tão marcantes quanto os próprios personagens."
RF_Name_41,132253107394437120,Hora da Rangus
RF_Subtitle_41,132253107394437121,Diversão em Família!
RF_DetailText_42,132255206396125185,"A Toca do Rato era um lendário boteco galáctico escondido num canto esquecido das rotas comerciais. Embora oficialmente independente, era abastecido com deliciosas refeições pré-embaladas do Grupo Rangus. Famoso por suas estranhas bebidas coloridas, sua estranha clientela intergaláctica e sua comida surpreendentemente boa, virou o esconderijo favorito de Carl e Dottie, que passaram incontáveis noites ali rascunhando novas receitas, sabores, aquisições corporativas e deliciosas ideias de negócios em guardanapos manchados.<br><br>Mais de um dos maiores sucessos da Rangus começou como uma conversa numa mesa encardida da Toca do Rato. Então, sob circunstâncias misteriosas, a Toca do Rato sumiu sem deixar rastros. Sem pedidos de socorro, sem destroços, sem registros... simplesmente desapareceu. Carl passou anos procurando a toca desaparecida, convencido de que, em algum lugar entre as estrelas, ela ainda existe, esperando para servir a saideira."
RF_Name_42,132255206391930880,Toca do Rato
RF_Subtitle_42,132255206396125184,Boteco Galáctico
RF_DetailText_43,132257060458848258,"Nulo e Vazio eram antigos mascotes da Rangus descobertos por Dottie, que nunca explicou onde os achou e mudava de assunto sempre que perguntavam sobre isso. No começo, Carl achou que eles eram ótimos e os incluiu no elenco original da Ranguslândia. Apareceram nos primeiros episódios da Hora da Rangus, retratados como adoráveis seres de desenho animado. Eram ""fofuxos"", faziam travessuras bobinhas e viraram favoritos na hora. Um dia, apareceram em um evento corporativo. Na vida real. E não acabou bem.<br><br>A reação do público foi oficialmente descrita como ""arrependimento coletivo"", e possivelmente um dos presentes foi devorado. Depois disso, Nulo e Vazio foram banidos de todos os programas e promoções ligados à Ranguslândia, com episódios e materiais promocionais destruídos, apagando-os da história da Rangus. Desde então, eles guardam rancor de Carl Rangus. Por algum motivo desconhecido, odeiam especialmente as Carnes Inteligentes, às quais se referem como ""um erro que aprendeu a andar""."
RF_Name_43,132257060458848256,Nulo e Vazio
RF_Subtitle_43,132257060458848257,Pôster Rasgado de Mascote
RF_DetailText_44,134985733934931968,"Por muito tempo considerado o destino preferido de <b>Carl Rangus</b> para a aquisição rápida e abundante de carne, <b>Esfera De Carne</b> devia grande parte de seu apelo ao generoso suprimento de caça fácil de coletar e à proximidade da entrada do <b>Portal de Omnicarne</b>.<br><br><b>Carl Rangus</b> deixou o planeta com muita pressa durante o <b>Incidente da Omnicarne</b>, supostamente deixando para trás seu <b>Traje Mecanizado</b>, que não foi recuperado."
RF_Subtitle_44,134985733930737664,Território de Caça
RF_DetailText_45,134989437736050689,"O frio extremo de <b>Sub Zeroni</b> fez dele o ponto de operações preferido de <b>Carl Rangus</b> em seus esforços para desenvolver um híbrido estável de carne e gelo, um produto pensado para eliminar as perdas por queimadura de freezer que assolavam a rede de distribuição por hiperespaço da <b>Carnes Rangus</b>.<br><br>O programa nunca chegou a uma conclusão bem-sucedida. Instalações de armazenamento, equipamentos de processamento e uma revolucionária rede de trilhos de gelo ficaram espalhados por todo o planeta."
RF_Subtitle_45,134989437736050688,Antiga Área de Testes
RF_DetailText_46,134992150976782337,"Uma cadeia de ilhas interligadas cercando um vulcão ativo, <b>Lava Del Rey</b> é o refúgio preferido de <b>Carl Rangus</b> há muito tempo, valorizado pelo calor, pelo terreno pitoresco e pelos abundantes depósitos naturais de <b>Núcleos de Carne</b>.<br><br>Acredita-se que a extração contínua desses <b>Núcleos de Carne</b> seja responsável por desestabilizar a geologia do planeta e reativar seu vulcão central. <b>Carl Rangus</b> continuou voltando a lazer. A atividade geológica sempre disparava a cada visita."
RF_Subtitle_46,134992150976782336,Retiro Vulcânico
SS_Name_8,63252864443604992,Omnikron
STG_190_a3746697c12b4bdd8fd23bd9b66e62e9,129811004227837952,Novas coordenadas de sistema disponíveis.
STG_191_277fda1114904f958d8c63b2179a0071,130046937187475456,Órbita planetária alcançada.
STG_191_dff60a205b164bd993eab020916c69d8,130046937183281152,Hipervelocidade desativada.
STG_192_69160939b60648a98d8243c7136ffad0,130046937187475457,Hipervelocidade ativada.
STG_194_02bab38122ef4fe0b283750b6b97bc86,131982305419845632,"É o seguinte, Coxão Mole... Não vou tentar aliviar a situação. A gente vai pra uns lugares bem esquisitos agora."
STG_195_7dbff6c42db84a21a0e0c4c7f961f3b0,131982305424039936,"A coisa pode ficar cabulosa por aqui, então pega o traje e cai fora, beleza? Não fica olhando muito pros lados."
STG_196_a563cc6adbdf4520bb2329ce1638e84e,131982305424039937,"Relaxa, Coxão Mole. Vamos lá achar aquele traje."
STG_197_2e3e6eec33464e2098c794a33420ba94,131982305424039938,"Vamos dar o fora daqui, pé na tábua!"
STG_198_a23ff133f772415ebd1b6d999db128ed,131982305424039939,"Tá, agora vamos com calma. O portal tá logo ali na frente."
STG_199_20844039dafe4ed38f6a1ee953631a44,131982305424039940,"Vixe, aquilo é o castelo de carne. Estão nos encurralando, Coxão Mole."
STG_200_eed2b75eaed14cf28e9f21a76e9d4ed4,131982305424039941,"Roxie, estaciona a gente bem perto. Coxão Mole, me encontra lá em cima!"
STG_201_c55cb463c6a545bf88bf62dc1dc5ace2,131982305424039942,Me coloca no meu traje. Vamos botar pra quebrar.
STG_202_104adb4f654443bc912ad7f23cbb969b,131982305424039943,"É isso aí, de volta à ativa, meu bem! Vamos nessa."
STG_203_a8309c5325254bdfbdcdf297adc66ce4,131982305424039944,"Irráá! Conseguimos! Esquece isso de Funcionário do Mês, você é o Funcionário do Século!"
STG_204_e4faec0f4f044c40acbc18a6c8a217dc,131982305424039945,"Iiih, a gente nunca mais volta lá."
STG_205_64b232b1746d4f469c658dfdbfb58bb5,131982305424039946,"Ainda não acredito, Coxão Mole, você é MESMO especial."
STG_206_4c18f008c4f244a59ed00736a8a21186,131982305424039947,"Esquece isso de Funcionário do Mês, vou te oferecer uma sociedade, Coxão Mole!"
STG_207_2bfd3de34ad145ea8161cbc2ad650453,131982305424039948,"Esquece isso de Funcionário do Mês, vou te oferecer uma sociedade, Coxão Mole! Mas não perde o foco. Esses melequentos não vão deixar a gente em paz por muito tempo. E ainda temos uma galáxia pra alimentar..."
STG_208_03d545921c1445dc90aa80cd574e95a0,131982305424039949,A gente vai pra uns lugares bem esquisitos agora.
STG_209_ebf805122be34c4d96192dfa6d5ecd32,131982305424039950,Tomara que a gente tenha nocauteado de vez esses melequentos espaciais.
STG_210_7dbff6c42db84a21a0e0c4c7f961f3b0,131982305424039951,Não fica olhando muito pros lados.
STG_211_7dbff6c42db84a21a0e0c4c7f961f3b0,131982305424039952,"Ah é, esse lugar ainda me dá arrepios."
STG_212_eed2b75eaed14cf28e9f21a76e9d4ed4,131982305424039953,"Vixe, o velho Carl vai ter que te dar uma força nessa."
STG_213_0afe5a4f91da4a818fd80e25fb67dc6b,131982305424039954,"Aah, quer saber...? É bom demais voltar a usar esse traje."
STG_214_a8309c5325254bdfbdcdf297adc66ce4,131982305424039955,"Esquece isso de Funcionário do Mês, você é o Funcionário do Século!"
VO_Transcript_350,131982305470177280,"Ah é, esse lugar ainda me dá arrepios. Relaxa, Coxão Mole. Vamos lá achar aquele traje."
VO_Transcript_351,131982305470177281,"Vixe, o velho Carl vai ter que te dar uma força nessa. Me coloca no meu traje. Vamos botar pra quebrar."
ABL_Desc_273,142612879750717440,Convoca um mecânico de confiança para ajudar a consertar estruturas aliadas.
ABL_Desc_275,142985656894742529,"Dispara um feixe poderoso. Carregar aumenta o Dano. Ao matar, o alvo lança uma granada do próprio corpo."
ABL_Desc_283,147188355911639040,Controla a mente de um inimigo por 30 s. Solte-o para causar dano com base no tempo.
ABL_Desc_284,149675864725905408,"Move-se rápido na direção pra onde você está olhando, com estilo."
ABL_Name_273,142612879742328832,Chave do Mecânico
ABL_Name_275,142985656894742528,PopRocks
ABL_Name_280,143256462988140544,Orbe Giratório
ABL_Name_281,144282876722012160,Orbe Espiritual
ABL_Name_283,146946507561492480,Controle Mental
ABL_Name_284,148256708948385792,Manobras Radicais
ABL_Name_286,149394019488620544,Chuva de Estrelas
CND_Desc_12,146946507611824128,Luta pra você e depois volta a ser hostil.
CND_Name_12,146946507607629824,Enfeitiçado
CRT_Desc_93,135579089438236673,"Uma mãe anciã, com fome e com raiva ao mesmo tempo."
CRT_Name_93,135579089438236672,Mãe Linguiçona
HE_Desc_205,145709960463900672,Cura 25 de vida em si mesmo.
HE_Desc_208,146946507834122240,"Aplica <#FFEB04><link=""Keyword:20"">[Enfeitiçado]</link></color> por 8s."
IATT_Name_535,147965489726873600,EAttributeDisplay.Hidden
ITM_Name_1367,145709960610701312,Se Curar
ITM_Name_1368,145709960610701313,Milho Turbinado
ITM_Name_1373,146946507980922882,Bônus de Dano de Controle Mental
ITM_Name_1374,148256709485256704,Pernas de Skate
ITM_Name_1376,148604628461674496,Cabeça em Conserva
ITM_Name_1377,148604628470063104,Pernas em Conserva
ITM_Name_1378,148604628470063105,Torso em Conserva
KW_Desc_20,117191729474428932,"Um inimigo <#FFEB04><link=""Keyword:20"">[Enfeitiçado]</link></color> vai atacar outras unidades inimigas."
MEH_Desc_84,142041378102173696,Usada por gerações de Curandeiros de Carne
MEH_Name_84,142041378093785088,Cabeça de Médico Rangus
MEH_Name_85,148292145570111488,Cabeça de Lutador Rangus
MEL_Desc_55,148256709527199745,"""Você não parou de andar de skate porque ficou velho. Você ficou velho porque parou de andar de skate."" - Jay Adams"
MEL_Name_52,142041378110562304,Pernas de Médico Rangus
MEL_Name_53,148224917055201280,Pernas de Caçador
MEL_Name_55,148256709527199744,Pernas de Skate
MET_Desc_199,142612880308559873,Arremesse chaves inglesas para reparar estruturas aliadas.
MET_Name_198,142041378114756608,Torso de Médico Rangus
MET_Name_199,142612880308559872,Torso de Grease Monkey
PE_Desc_138,125137471035924480,ATNT
STG_215_404efc0ecbc2474aacad8644a565d8b6,136795163437555717,"Sempre no batente, né, Coxão Mole?"
STG_215_8940d65e1bec4f44b74df21126c165bf,136795163437555714,Hora de botar a mão na massa!
STG_215_b6c6962963d34c72895b0e55ea8a90a2,136795163437555713,"Vê se se cuida lá embaixo, hein!"
STG_215_bd4046858d064a799c6fb2b83bbaf459,136795163437555715,"Oooh, essa vai ser divertida!"
STG_215_d49e7800286545b881c6901d09cd40c9,136795163437555712,"Manda ver, Coxão Mole!"
STG_215_d96b197a697c48159d7febd959a7b538,136795163433361408,"Beleza, falou e disse, parceirinho!"
STG_215_ea7a3298574f446aa0059a8dc4b5141d,136795163437555716,"Isso, você consegue!"
